method,macroF1
baseline,0.3376755048307554
joint_bias,0.44275061053304177
refit_head,0.5256553854787646
