arch,M0_effrank,comp_effrank,M0_dim,rank_retained_frac
cnn,72.61053466796875,55.23686218261719,128,0.761
mlp,84.12681579589844,85.25179290771484,128,1.013
