architecture,method,seed,unit,batch_index,loss,benign_fraction
shallow,fisher,307,1,0,1.0691243410110474,0.056640625
shallow,fisher,307,1,1,1.09168541431427,0.0498046875
shallow,fisher,307,1,2,0.9245643615722656,0.064453125
shallow,fisher,307,1,3,0.8975282311439514,0.052734375
shallow,fisher,307,1,4,0.8172026872634888,0.0625
shallow,fisher,307,1,5,1.0279858112335205,0.0537109375
shallow,fisher,307,1,6,1.0048025846481323,0.0400390625
shallow,fisher,307,1,7,0.8677006959915161,0.068359375
shallow,fisher,307,1,8,0.8204652070999146,0.0478515625
shallow,fisher,307,1,9,0.9330565929412842,0.0595703125
shallow,fisher,307,1,10,0.9475895762443542,0.048828125
shallow,fisher,307,1,11,0.8925217390060425,0.05859375
shallow,fisher,307,1,12,0.8244480490684509,0.0380859375
shallow,fisher,307,1,13,0.8135040402412415,0.05859375
shallow,fisher,307,1,14,0.7879117727279663,0.0615234375
shallow,fisher,307,1,15,0.9405650496482849,0.0439453125
shallow,fisher,307,1,16,0.8417296409606934,0.0546875
shallow,fisher,307,1,17,0.8956510424613953,0.046875
shallow,fisher,307,1,18,0.7494185566902161,0.041015625
shallow,fisher,307,1,19,0.8277044296264648,0.056640625
shallow,fisher,307,1,20,0.8757883310317993,0.0458984375
shallow,fisher,307,1,21,0.7843888998031616,0.052734375
shallow,fisher,307,1,22,0.7710696458816528,0.0693359375
shallow,fisher,307,1,23,0.8215686678886414,0.0537109375
shallow,fisher,307,1,24,0.872564435005188,0.0673828125
shallow,fisher,307,1,25,0.8628962635993958,0.0537109375
shallow,fisher,307,1,26,0.8443254232406616,0.04296875
shallow,fisher,307,1,27,0.7895726561546326,0.0673828125
shallow,fisher,307,1,28,0.8285580277442932,0.0576171875
shallow,fisher,307,1,29,0.8048979043960571,0.0595703125
shallow,fisher,307,1,30,0.8146086931228638,0.048828125
shallow,fisher,307,1,31,0.8202127814292908,0.046875
shallow,fisher,307,1,32,0.8252602219581604,0.0439453125
shallow,fisher,307,1,33,0.8068182468414307,0.052734375
shallow,fisher,307,1,34,0.9015175104141235,0.0537109375
shallow,fisher,307,1,35,0.7329742312431335,0.0537109375
shallow,fisher,307,1,36,0.8104504346847534,0.048828125
shallow,fisher,307,1,37,0.7065626978874207,0.060546875
shallow,fisher,307,1,38,0.9024505019187927,0.0625
shallow,fisher,307,1,39,0.767585277557373,0.0576171875
shallow,fisher,307,1,40,0.7374293804168701,0.0537109375
shallow,fisher,307,1,41,0.7989635467529297,0.05078125
shallow,fisher,307,1,42,0.8164633512496948,0.0498046875
shallow,fisher,307,1,43,0.7169610857963562,0.064453125
shallow,fisher,307,1,44,0.7282519936561584,0.0546875
shallow,fisher,307,1,45,0.7873788475990295,0.0498046875
shallow,fisher,307,1,46,0.7673513293266296,0.05859375
shallow,fisher,307,1,47,0.7195580005645752,0.0537109375
shallow,fisher,307,1,48,0.7177473902702332,0.0439453125
shallow,fisher,307,1,49,0.7739365100860596,0.0556640625
shallow,fisher,307,1,50,0.740739107131958,0.052734375
shallow,fisher,307,1,51,0.7939491271972656,0.0458984375
shallow,fisher,307,1,52,0.7696302533149719,0.0537109375
shallow,fisher,307,1,53,0.8120691776275635,0.046875
shallow,fisher,307,1,54,0.7548916935920715,0.05078125
shallow,fisher,307,1,55,0.7438831925392151,0.060546875
shallow,fisher,307,1,56,0.6940271258354187,0.0439453125
shallow,fisher,307,1,57,0.7179824709892273,0.05078125
shallow,fisher,307,1,58,0.754740297794342,0.052734375
shallow,fisher,307,1,59,0.8532230257987976,0.0576171875
shallow,fisher,307,1,60,0.7720313668251038,0.0546875
shallow,fisher,307,1,61,0.7079930305480957,0.0625
shallow,fisher,307,1,62,0.6648464202880859,0.05859375
shallow,fisher,307,1,63,0.7711538076400757,0.0498046875
shallow,fisher,307,1,64,0.7287557125091553,0.0546875
shallow,fisher,307,1,65,0.8014839291572571,0.0517578125
shallow,fisher,307,1,66,0.750820517539978,0.0517578125
shallow,fisher,307,1,67,0.8111830353736877,0.0478515625
shallow,fisher,307,1,68,0.714215099811554,0.0556640625
shallow,fisher,307,1,69,0.6922382116317749,0.046875
shallow,fisher,307,1,70,0.7575361728668213,0.0576171875
shallow,fisher,307,1,71,0.6558915376663208,0.05078125
shallow,fisher,307,1,72,0.7203669548034668,0.048828125
shallow,fisher,307,1,73,0.7032566070556641,0.0546875
shallow,fisher,307,1,74,0.7375497221946716,0.0595703125
shallow,fisher,307,1,75,0.7102164626121521,0.0576171875
shallow,fisher,307,1,76,0.6604156494140625,0.0693359375
shallow,fisher,307,1,77,0.7643754482269287,0.044921875
shallow,fisher,307,1,78,0.8119511008262634,0.05859375
shallow,fisher,307,1,79,0.6997221112251282,0.0537109375
shallow,fisher,307,1,80,0.6895343661308289,0.0517578125
shallow,fisher,307,1,81,0.7301809787750244,0.0517578125
shallow,fisher,307,1,82,0.7637956738471985,0.04296875
shallow,fisher,307,1,83,0.7708733081817627,0.0576171875
shallow,fisher,307,1,84,0.6969802975654602,0.0712890625
shallow,fisher,307,1,85,0.6720349192619324,0.048828125
shallow,fisher,307,1,86,0.7973241209983826,0.0478515625
shallow,fisher,307,1,87,0.7337757349014282,0.05859375
shallow,fisher,307,1,88,0.6955885887145996,0.05078125
shallow,fisher,307,1,89,0.6894987225532532,0.08203125
shallow,fisher,307,1,90,0.6920884251594543,0.046875
shallow,fisher,307,1,91,0.7080603241920471,0.0595703125
shallow,fisher,307,1,92,0.6545750498771667,0.06640625
shallow,fisher,307,1,93,0.7461050152778625,0.0537109375
shallow,fisher,307,1,94,0.6727046370506287,0.060546875
shallow,fisher,307,1,95,0.7252377271652222,0.056640625
shallow,fisher,307,1,96,0.6964185833930969,0.060546875
shallow,fisher,307,1,97,0.68019038438797,0.0390625
shallow,fisher,307,1,98,0.6733558177947998,0.0546875
shallow,fisher,307,1,99,0.7676567435264587,0.046875
shallow,fisher,307,1,100,0.6745718121528625,0.048828125
shallow,fisher,307,1,101,0.7331370115280151,0.048828125
shallow,fisher,307,1,102,0.6093651056289673,0.037109375
shallow,fisher,307,1,103,0.6497663259506226,0.0546875
shallow,fisher,307,1,104,0.8335675597190857,0.0615234375
shallow,fisher,307,1,105,0.6815632581710815,0.0498046875
shallow,fisher,307,1,106,0.6524502038955688,0.0498046875
shallow,fisher,307,1,107,0.7040084600448608,0.05859375
shallow,fisher,307,1,108,0.6963667869567871,0.0390625
shallow,fisher,307,1,109,0.6389821171760559,0.05859375
shallow,fisher,307,1,110,0.6598842740058899,0.0546875
shallow,fisher,307,1,111,0.6731526255607605,0.0439453125
shallow,fisher,307,1,112,0.5970967411994934,0.052734375
shallow,fisher,307,1,113,0.7561869025230408,0.0478515625
shallow,fisher,307,1,114,0.6974447965621948,0.0595703125
shallow,fisher,307,1,115,0.6796645522117615,0.0380859375
shallow,fisher,307,1,116,0.6437370181083679,0.046875
shallow,fisher,307,1,117,0.6395390033721924,0.0478515625
shallow,fisher,307,1,118,0.6372400522232056,0.0634765625
shallow,fisher,307,1,119,0.5923342108726501,0.056640625
shallow,fisher,307,1,120,0.6840793490409851,0.0634765625
shallow,fisher,307,1,121,0.7227769494056702,0.041015625
shallow,fisher,307,1,122,0.6490200161933899,0.0478515625
shallow,fisher,307,1,123,0.718527615070343,0.0439453125
shallow,fisher,307,1,124,0.6917091608047485,0.048828125
shallow,fisher,307,1,125,0.6915934085845947,0.0634765625
shallow,fisher,307,1,126,0.7724235653877258,0.044921875
shallow,fisher,307,1,127,0.7196034789085388,0.0498046875
shallow,fisher,307,1,128,0.7574726343154907,0.0634765625
shallow,fisher,307,1,129,0.7051464915275574,0.0458984375
shallow,fisher,307,1,130,0.6769266128540039,0.052734375
shallow,fisher,307,1,131,0.6202614903450012,0.05078125
shallow,fisher,307,1,132,0.6872354745864868,0.048828125
shallow,fisher,307,1,133,0.6213153004646301,0.06640625
shallow,fisher,307,1,134,0.7344000935554504,0.056640625
shallow,fisher,307,1,135,0.6616498827934265,0.046875
shallow,fisher,307,1,136,0.6150999069213867,0.05078125
shallow,fisher,307,1,137,0.7439423203468323,0.0595703125
shallow,fisher,307,1,138,0.6469638347625732,0.0556640625
shallow,fisher,307,1,139,0.6689192056655884,0.052734375
shallow,fisher,307,1,140,0.64702308177948,0.05078125
shallow,fisher,307,1,141,0.6681798696517944,0.0458984375
shallow,fisher,307,1,142,0.6391501426696777,0.05859375
shallow,fisher,307,1,143,0.5707451701164246,0.0537109375
shallow,fisher,307,1,144,0.70030277967453,0.0498046875
shallow,fisher,307,1,145,0.632056713104248,0.0537109375
shallow,fisher,307,1,146,0.6769043803215027,0.0634765625
shallow,fisher,307,1,147,0.6520533561706543,0.056640625
shallow,fisher,307,1,148,0.6542280912399292,0.0625
shallow,fisher,307,1,149,0.656022310256958,0.0400390625
shallow,fisher,307,1,150,0.7203949689865112,0.0537109375
shallow,fisher,307,1,151,0.6618833541870117,0.0654296875
shallow,fisher,307,1,152,0.6816740036010742,0.052734375
shallow,fisher,307,1,153,0.689938485622406,0.060546875
shallow,fisher,307,1,154,0.6778969168663025,0.0458984375
shallow,fisher,307,1,155,0.6027946472167969,0.0546875
shallow,fisher,307,1,156,0.6619469523429871,0.0615234375
shallow,fisher,307,1,157,0.6648291349411011,0.052734375
shallow,fisher,307,1,158,0.6730964183807373,0.0615234375
shallow,fisher,307,1,159,0.7001069188117981,0.0576171875
shallow,fisher,307,1,160,0.7470325827598572,0.052734375
shallow,fisher,307,1,161,0.7945411801338196,0.0517578125
shallow,fisher,307,1,162,0.5834652781486511,0.0693359375
shallow,fisher,307,1,163,0.6307647228240967,0.0458984375
shallow,fisher,307,1,164,0.639136552810669,0.0517578125
shallow,fisher,307,1,165,2.157991886138916,0.0576171875
shallow,fisher,307,1,166,0.6036247611045837,0.060546875
shallow,fisher,307,1,167,0.6640604138374329,0.0517578125
shallow,fisher,307,1,168,0.6471390724182129,0.0400390625
shallow,fisher,307,1,169,0.6950191259384155,0.05859375
shallow,fisher,307,1,170,0.7008015513420105,0.0546875
shallow,fisher,307,1,171,0.6620543003082275,0.048828125
shallow,fisher,307,1,172,0.6634661555290222,0.048828125
shallow,fisher,307,1,173,0.6792470216751099,0.046875
shallow,fisher,307,1,174,0.7069891095161438,0.064453125
shallow,fisher,307,1,175,0.6288956999778748,0.0419921875
shallow,fisher,307,1,176,0.7119733691215515,0.07421875
shallow,fisher,307,1,177,0.6762346029281616,0.0654296875
shallow,fisher,307,1,178,0.6494373679161072,0.052734375
shallow,fisher,307,1,179,0.6479506492614746,0.05859375
shallow,fisher,307,1,180,0.6812999844551086,0.0419921875
shallow,fisher,307,1,181,0.6693305969238281,0.0478515625
shallow,fisher,307,1,182,0.6437342762947083,0.0625
shallow,fisher,307,1,183,0.7360027432441711,0.060546875
shallow,fisher,307,1,184,0.612462043762207,0.05078125
shallow,fisher,307,1,185,0.6097468733787537,0.046875
shallow,fisher,307,1,186,0.6448292136192322,0.0478515625
shallow,fisher,307,1,187,0.6692313551902771,0.060546875
shallow,fisher,307,1,188,0.6620583534240723,0.060546875
shallow,fisher,307,1,189,0.6905498504638672,0.060546875
shallow,fisher,307,1,190,0.6396248936653137,0.056640625
shallow,fisher,307,1,191,0.5580745339393616,0.0478515625
shallow,fisher,307,1,192,0.6158580183982849,0.0615234375
shallow,fisher,307,1,193,0.6500546336174011,0.0576171875
shallow,fisher,307,1,194,0.6381126642227173,0.0439453125
shallow,fisher,307,1,195,0.6932846307754517,0.05078125
shallow,fisher,307,1,196,0.6247811317443848,0.0673828125
shallow,fisher,307,1,197,0.6646379828453064,0.05859375
shallow,fisher,307,1,198,0.604748547077179,0.0537109375
shallow,fisher,307,1,199,0.7098811864852905,0.0625
shallow,fisher,307,1,200,0.6267427206039429,0.0546875
shallow,fisher,307,1,201,0.5896376371383667,0.056640625
shallow,fisher,307,1,202,0.671259343624115,0.068359375
shallow,fisher,307,1,203,0.6282607316970825,0.0517578125
shallow,fisher,307,1,204,0.6993830800056458,0.072265625
shallow,fisher,307,1,205,0.7225906848907471,0.0498046875
shallow,fisher,307,1,206,0.6222109198570251,0.0673828125
shallow,fisher,307,1,207,0.6686117649078369,0.064453125
shallow,fisher,307,1,208,0.6407071352005005,0.064453125
shallow,fisher,307,1,209,0.6096563339233398,0.056640625
shallow,fisher,307,1,210,0.5711562633514404,0.0546875
shallow,fisher,307,1,211,0.635033905506134,0.044921875
shallow,fisher,307,1,212,0.6100643873214722,0.0556640625
shallow,fisher,307,1,213,0.6143545508384705,0.0517578125
shallow,fisher,307,1,214,0.6406699419021606,0.0498046875
shallow,fisher,307,1,215,0.626775324344635,0.0419921875
shallow,fisher,307,1,216,0.5958564877510071,0.052734375
shallow,fisher,307,1,217,0.650400698184967,0.0439453125
shallow,fisher,307,1,218,0.6855328679084778,0.056640625
shallow,fisher,307,1,219,0.6706775426864624,0.0546875
shallow,fisher,307,1,220,0.7014470100402832,0.0546875
shallow,fisher,307,1,221,0.6535826921463013,0.0556640625
shallow,fisher,307,1,222,0.6013606190681458,0.048828125
shallow,fisher,307,1,223,0.7195889949798584,0.041015625
shallow,fisher,307,1,224,0.5978187322616577,0.0673828125
shallow,fisher,307,1,225,0.6482478380203247,0.056640625
shallow,fisher,307,1,226,0.6378219723701477,0.0498046875
shallow,fisher,307,1,227,0.6702640056610107,0.056640625
shallow,fisher,307,1,228,0.6601652503013611,0.0615234375
shallow,fisher,307,1,229,0.6124690771102905,0.0419921875
shallow,fisher,307,1,230,0.6503186225891113,0.060546875
shallow,fisher,307,1,231,0.6852828860282898,0.0546875
shallow,fisher,307,1,232,0.6363144516944885,0.0615234375
shallow,fisher,307,1,233,0.5765658020973206,0.0615234375
shallow,fisher,307,1,234,0.5868623852729797,0.0595703125
shallow,fisher,307,1,235,0.5944916605949402,0.04296875
shallow,fisher,307,1,236,0.7200331091880798,0.046875
shallow,fisher,307,1,237,0.6883402466773987,0.052734375
shallow,fisher,307,1,238,0.6953056454658508,0.0439453125
shallow,fisher,307,1,239,0.5776886940002441,0.0595703125
shallow,fisher,307,1,240,0.6083944439888,0.0625
shallow,fisher,307,1,241,0.72614985704422,0.0556640625
shallow,fisher,307,1,242,0.6690512895584106,0.052734375
shallow,fisher,307,1,243,0.6626031994819641,0.0556640625
shallow,fisher,307,1,244,0.5814996361732483,0.0546875
shallow,fisher,307,1,245,0.6026116013526917,0.048828125
shallow,fisher,307,1,246,0.6522679328918457,0.0478515625
shallow,fisher,307,1,247,0.6899356245994568,0.0478515625
shallow,fisher,307,1,248,0.5729449987411499,0.0546875
shallow,fisher,307,1,249,0.6497141718864441,0.0546875
shallow,fisher,307,1,250,0.6549665331840515,0.05678233504295349
shallow,fisher,307,2,0,0.6767820715904236,0.0537109375
shallow,fisher,307,2,1,0.5718991756439209,0.0439453125
shallow,fisher,307,2,2,0.7115603685379028,0.0498046875
shallow,fisher,307,2,3,0.6102060675621033,0.05078125
shallow,fisher,307,2,4,0.5648754835128784,0.048828125
shallow,fisher,307,2,5,0.563644289970398,0.06640625
shallow,fisher,307,2,6,0.6755291223526001,0.048828125
shallow,fisher,307,2,7,0.5756622552871704,0.052734375
shallow,fisher,307,2,8,0.5555476546287537,0.048828125
shallow,fisher,307,2,9,0.7067572474479675,0.046875
shallow,fisher,307,2,10,0.5763348340988159,0.0546875
shallow,fisher,307,2,11,0.5455046892166138,0.0595703125
shallow,fisher,307,2,12,0.5865286588668823,0.052734375
shallow,fisher,307,2,13,0.5667771697044373,0.0498046875
shallow,fisher,307,2,14,0.7333707213401794,0.0576171875
shallow,fisher,307,2,15,0.7161352634429932,0.048828125
shallow,fisher,307,2,16,0.6228245496749878,0.05078125
shallow,fisher,307,2,17,0.648685872554779,0.0537109375
shallow,fisher,307,2,18,0.6097052693367004,0.0458984375
shallow,fisher,307,2,19,0.7297621369361877,0.0458984375
shallow,fisher,307,2,20,0.6076986789703369,0.0498046875
shallow,fisher,307,2,21,0.6075024604797363,0.05078125
shallow,fisher,307,2,22,0.6113405823707581,0.05859375
shallow,fisher,307,2,23,0.6283934712409973,0.0634765625
shallow,fisher,307,2,24,0.5992765426635742,0.060546875
shallow,fisher,307,2,25,0.6099348664283752,0.044921875
shallow,fisher,307,2,26,0.8252811431884766,0.056640625
shallow,fisher,307,2,27,0.5903936624526978,0.0546875
shallow,fisher,307,2,28,0.6254065632820129,0.0546875
shallow,fisher,307,2,29,0.6206128001213074,0.0615234375
shallow,fisher,307,2,30,0.561007559299469,0.0498046875
shallow,fisher,307,2,31,0.6651503443717957,0.05859375
shallow,fisher,307,2,32,0.6087897419929504,0.0517578125
shallow,fisher,307,2,33,0.6230580806732178,0.064453125
shallow,fisher,307,2,34,0.6034573316574097,0.0478515625
shallow,fisher,307,2,35,0.6515290141105652,0.056640625
shallow,fisher,307,2,36,0.5772356390953064,0.044921875
shallow,fisher,307,2,37,0.6576496362686157,0.0654296875
shallow,fisher,307,2,38,0.651623547077179,0.052734375
shallow,fisher,307,2,39,0.6695854663848877,0.0556640625
shallow,fisher,307,2,40,0.7020373344421387,0.0595703125
shallow,fisher,307,2,41,0.5815024971961975,0.046875
shallow,fisher,307,2,42,0.6251109838485718,0.0537109375
shallow,fisher,307,2,43,0.6078590750694275,0.048828125
shallow,fisher,307,2,44,0.6973956823348999,0.0625
shallow,fisher,307,2,45,0.6374480128288269,0.0576171875
shallow,fisher,307,2,46,0.6722055077552795,0.05859375
shallow,fisher,307,2,47,0.6107725501060486,0.060546875
shallow,fisher,307,2,48,0.5584276914596558,0.0537109375
shallow,fisher,307,2,49,0.6179510354995728,0.06640625
shallow,fisher,307,2,50,0.6477510929107666,0.0556640625
shallow,fisher,307,2,51,0.5377382040023804,0.0595703125
shallow,fisher,307,2,52,0.6549541354179382,0.0419921875
shallow,fisher,307,2,53,0.6723756790161133,0.068359375
shallow,fisher,307,2,54,0.578593909740448,0.0546875
shallow,fisher,307,2,55,0.6212305426597595,0.0498046875
shallow,fisher,307,2,56,0.720212459564209,0.0380859375
shallow,fisher,307,2,57,0.6268367767333984,0.0546875
shallow,fisher,307,2,58,0.6712571382522583,0.0654296875
shallow,fisher,307,2,59,0.6670668721199036,0.0576171875
shallow,fisher,307,2,60,0.541386604309082,0.0595703125
shallow,fisher,307,2,61,0.6060560941696167,0.0576171875
shallow,fisher,307,2,62,0.5998387336730957,0.076171875
shallow,fisher,307,2,63,0.6254832148551941,0.044921875
shallow,fisher,307,2,64,0.6517170667648315,0.0498046875
shallow,fisher,307,2,65,0.5910744667053223,0.072265625
shallow,fisher,307,2,66,0.6284276843070984,0.056640625
shallow,fisher,307,2,67,0.5866184234619141,0.04296875
shallow,fisher,307,2,68,0.5962380766868591,0.048828125
shallow,fisher,307,2,69,0.61866295337677,0.0498046875
shallow,fisher,307,2,70,0.6066686511039734,0.0556640625
shallow,fisher,307,2,71,0.617434024810791,0.046875
shallow,fisher,307,2,72,0.6234073638916016,0.0615234375
shallow,fisher,307,2,73,0.5971800684928894,0.064453125
shallow,fisher,307,2,74,0.6841761469841003,0.060546875
shallow,fisher,307,2,75,0.6596235632896423,0.0546875
shallow,fisher,307,2,76,0.6415497660636902,0.0498046875
shallow,fisher,307,2,77,0.6257638931274414,0.060546875
shallow,fisher,307,2,78,0.5667113661766052,0.064453125
shallow,fisher,307,2,79,0.6500630378723145,0.0732421875
shallow,fisher,307,2,80,0.5660595893859863,0.052734375
shallow,fisher,307,2,81,0.6391550898551941,0.0478515625
shallow,fisher,307,2,82,0.6125671863555908,0.0478515625
shallow,fisher,307,2,83,0.5117953419685364,0.05859375
shallow,fisher,307,2,84,0.5514895915985107,0.0478515625
shallow,fisher,307,2,85,0.6355668902397156,0.046875
shallow,fisher,307,2,86,0.6285312175750732,0.0556640625
shallow,fisher,307,2,87,0.6599246263504028,0.044921875
shallow,fisher,307,2,88,0.6218364834785461,0.0439453125
shallow,fisher,307,2,89,0.5807926654815674,0.0654296875
shallow,fisher,307,2,90,0.5762966275215149,0.044921875
shallow,fisher,307,2,91,0.5933194160461426,0.0576171875
shallow,fisher,307,2,92,0.63959801197052,0.0615234375
shallow,fisher,307,2,93,0.6874955296516418,0.041015625
shallow,fisher,307,2,94,0.6491698622703552,0.0615234375
shallow,fisher,307,2,95,0.5584803819656372,0.0380859375
shallow,fisher,307,2,96,0.5428773164749146,0.0576171875
shallow,fisher,307,2,97,0.5823303461074829,0.044921875
shallow,fisher,307,2,98,0.6946954131126404,0.056640625
shallow,fisher,307,2,99,0.599126935005188,0.0537109375
shallow,fisher,307,2,100,0.6357406377792358,0.0625
shallow,fisher,307,2,101,0.5624934434890747,0.0546875
shallow,fisher,307,2,102,0.6818354725837708,0.0615234375
shallow,fisher,307,2,103,0.6238507032394409,0.056640625
shallow,fisher,307,2,104,0.6087819337844849,0.064453125
shallow,fisher,307,2,105,0.5713978409767151,0.046875
shallow,fisher,307,2,106,0.536797285079956,0.044921875
shallow,fisher,307,2,107,0.6300714015960693,0.0517578125
shallow,fisher,307,2,108,0.637414276599884,0.0576171875
shallow,fisher,307,2,109,0.6636146903038025,0.060546875
shallow,fisher,307,2,110,0.5255628228187561,0.068359375
shallow,fisher,307,2,111,0.6065444946289062,0.04296875
shallow,fisher,307,2,112,0.721080482006073,0.0556640625
shallow,fisher,307,2,113,0.6968763470649719,0.0498046875
shallow,fisher,307,2,114,0.5661992430686951,0.0498046875
shallow,fisher,307,2,115,0.6001929044723511,0.0556640625
shallow,fisher,307,2,116,0.6081289052963257,0.0498046875
shallow,fisher,307,2,117,0.576327919960022,0.0458984375
shallow,fisher,307,2,118,0.6197639107704163,0.052734375
shallow,fisher,307,2,119,0.5537155866622925,0.0615234375
shallow,fisher,307,2,120,0.6315774321556091,0.0498046875
shallow,fisher,307,2,121,0.5759373307228088,0.05859375
shallow,fisher,307,2,122,0.5836374163627625,0.0634765625
shallow,fisher,307,2,123,0.6134147644042969,0.060546875
shallow,fisher,307,2,124,0.6386758089065552,0.0556640625
shallow,fisher,307,2,125,0.5606906414031982,0.0615234375
shallow,fisher,307,2,126,0.6757052540779114,0.056640625
shallow,fisher,307,2,127,0.6047769784927368,0.0576171875
shallow,fisher,307,2,128,0.6176996827125549,0.0556640625
shallow,fisher,307,2,129,0.5505780577659607,0.056640625
shallow,fisher,307,2,130,0.6093223690986633,0.0595703125
shallow,fisher,307,2,131,0.5658580660820007,0.0546875
shallow,fisher,307,2,132,0.5893577337265015,0.046875
shallow,fisher,307,2,133,0.693760871887207,0.0517578125
shallow,fisher,307,2,134,0.6230226755142212,0.0634765625
shallow,fisher,307,2,135,0.6095453500747681,0.05078125
shallow,fisher,307,2,136,0.5700166821479797,0.052734375
shallow,fisher,307,2,137,0.6399213671684265,0.046875
shallow,fisher,307,2,138,0.5433689951896667,0.05078125
shallow,fisher,307,2,139,0.6188172698020935,0.0517578125
shallow,fisher,307,2,140,0.6421239376068115,0.056640625
shallow,fisher,307,2,141,0.6127909421920776,0.0380859375
shallow,fisher,307,2,142,0.5449464917182922,0.0537109375
shallow,fisher,307,2,143,0.558481752872467,0.0498046875
shallow,fisher,307,2,144,0.5572344064712524,0.0478515625
shallow,fisher,307,2,145,0.5960461497306824,0.0546875
shallow,fisher,307,2,146,0.5319943428039551,0.0556640625
shallow,fisher,307,2,147,0.6558325886726379,0.0458984375
shallow,fisher,307,2,148,0.5728887915611267,0.06640625
shallow,fisher,307,2,149,0.5974592566490173,0.0537109375
shallow,fisher,307,2,150,0.607799768447876,0.060546875
shallow,fisher,307,2,151,0.5988479852676392,0.0576171875
shallow,fisher,307,2,152,0.5712802410125732,0.033203125
shallow,fisher,307,2,153,0.5525230765342712,0.0595703125
shallow,fisher,307,2,154,0.5822250843048096,0.0576171875
shallow,fisher,307,2,155,0.5633637309074402,0.048828125
shallow,fisher,307,2,156,0.5849490761756897,0.044921875
shallow,fisher,307,2,157,0.5682054758071899,0.0556640625
shallow,fisher,307,2,158,0.5920263528823853,0.048828125
shallow,fisher,307,2,159,0.6170114278793335,0.0595703125
shallow,fisher,307,2,160,0.5812850594520569,0.0546875
shallow,fisher,307,2,161,0.549921452999115,0.05859375
shallow,fisher,307,2,162,0.5830588340759277,0.04296875
shallow,fisher,307,2,163,0.5963740348815918,0.05859375
shallow,fisher,307,2,164,0.6105939149856567,0.044921875
shallow,fisher,307,2,165,0.5874422192573547,0.03515625
shallow,fisher,307,2,166,0.5498977303504944,0.064453125
shallow,fisher,307,2,167,0.6368691325187683,0.0654296875
shallow,fisher,307,2,168,0.6764087080955505,0.056640625
shallow,fisher,307,2,169,0.5330011248588562,0.048828125
shallow,fisher,307,2,170,0.640051543712616,0.056640625
shallow,fisher,307,2,171,0.6071109771728516,0.052734375
shallow,fisher,307,2,172,1.773277997970581,0.046875
shallow,fisher,307,2,173,0.6376180052757263,0.0556640625
shallow,fisher,307,2,174,0.5932781100273132,0.064453125
shallow,fisher,307,2,175,0.6521943807601929,0.0693359375
shallow,fisher,307,2,176,0.5564992427825928,0.0546875
shallow,fisher,307,2,177,0.6471049785614014,0.060546875
shallow,fisher,307,2,178,0.6133860349655151,0.0595703125
shallow,fisher,307,2,179,0.6815817952156067,0.0517578125
shallow,fisher,307,2,180,0.6807644963264465,0.0517578125
shallow,fisher,307,2,181,0.5772507190704346,0.0634765625
shallow,fisher,307,2,182,0.5403697490692139,0.0634765625
shallow,fisher,307,2,183,0.6054074764251709,0.048828125
shallow,fisher,307,2,184,0.6240513324737549,0.044921875
shallow,fisher,307,2,185,0.598048985004425,0.0634765625
shallow,fisher,307,2,186,0.6456906795501709,0.0537109375
shallow,fisher,307,2,187,0.5545133352279663,0.0498046875
shallow,fisher,307,2,188,0.5499768853187561,0.0517578125
shallow,fisher,307,2,189,0.5621363520622253,0.0517578125
shallow,fisher,307,2,190,0.5656359195709229,0.0439453125
shallow,fisher,307,2,191,0.6597606539726257,0.0673828125
shallow,fisher,307,2,192,0.5988028049468994,0.05859375
shallow,fisher,307,2,193,0.5838524103164673,0.0654296875
shallow,fisher,307,2,194,0.6198201775550842,0.044921875
shallow,fisher,307,2,195,0.5613884329795837,0.0517578125
shallow,fisher,307,2,196,0.5734387040138245,0.0546875
shallow,fisher,307,2,197,0.5707638263702393,0.046875
shallow,fisher,307,2,198,0.6253798007965088,0.064453125
shallow,fisher,307,2,199,0.6845735907554626,0.0478515625
shallow,fisher,307,2,200,0.5778690576553345,0.0458984375
shallow,fisher,307,2,201,0.5860461592674255,0.0556640625
shallow,fisher,307,2,202,0.5352798700332642,0.048828125
shallow,fisher,307,2,203,0.5822861790657043,0.0498046875
shallow,fisher,307,2,204,0.5734360814094543,0.0498046875
shallow,fisher,307,2,205,0.6314767003059387,0.05859375
shallow,fisher,307,2,206,0.5706135630607605,0.056640625
shallow,fisher,307,2,207,0.5497614741325378,0.0498046875
shallow,fisher,307,2,208,0.5709701180458069,0.0419921875
shallow,fisher,307,2,209,0.5908983945846558,0.0546875
shallow,fisher,307,2,210,0.5739477872848511,0.0458984375
shallow,fisher,307,2,211,0.5837713479995728,0.052734375
shallow,fisher,307,2,212,0.6311343312263489,0.05078125
shallow,fisher,307,2,213,0.575823187828064,0.0537109375
shallow,fisher,307,2,214,0.6319624185562134,0.04296875
shallow,fisher,307,2,215,0.7136550545692444,0.0478515625
shallow,fisher,307,2,216,0.6265079975128174,0.0712890625
shallow,fisher,307,2,217,0.5586287379264832,0.04296875
shallow,fisher,307,2,218,0.5940956473350525,0.0537109375
shallow,fisher,307,2,219,0.5476069450378418,0.056640625
shallow,fisher,307,2,220,0.6187708973884583,0.0703125
shallow,fisher,307,2,221,0.5646034479141235,0.048828125
shallow,fisher,307,2,222,0.5587825775146484,0.0458984375
shallow,fisher,307,2,223,0.5848119258880615,0.0615234375
shallow,fisher,307,2,224,0.5556479692459106,0.05859375
shallow,fisher,307,2,225,0.6210730075836182,0.0517578125
shallow,fisher,307,2,226,0.6086978316307068,0.0625
shallow,fisher,307,2,227,0.6138570308685303,0.056640625
shallow,fisher,307,2,228,0.5608780980110168,0.048828125
shallow,fisher,307,2,229,0.5961512327194214,0.052734375
shallow,fisher,307,2,230,0.6053541898727417,0.0419921875
shallow,fisher,307,2,231,0.5215817093849182,0.060546875
shallow,fisher,307,2,232,0.6137650609016418,0.044921875
shallow,fisher,307,2,233,0.5656751394271851,0.0517578125
shallow,fisher,307,2,234,0.5403945446014404,0.048828125
shallow,fisher,307,2,235,0.559738278388977,0.0537109375
shallow,fisher,307,2,236,0.5882975459098816,0.0517578125
shallow,fisher,307,2,237,0.5637925863265991,0.0703125
shallow,fisher,307,2,238,0.6395394802093506,0.0546875
shallow,fisher,307,2,239,0.5522867441177368,0.052734375
shallow,fisher,307,2,240,0.5796328186988831,0.056640625
shallow,fisher,307,2,241,0.5768680572509766,0.052734375
shallow,fisher,307,2,242,0.6048306822776794,0.0576171875
shallow,fisher,307,2,243,0.5260902643203735,0.0556640625
shallow,fisher,307,2,244,0.5820868015289307,0.0498046875
shallow,fisher,307,2,245,0.5528956055641174,0.0556640625
shallow,fisher,307,2,246,0.5592347383499146,0.0458984375
shallow,fisher,307,2,247,0.6098778247833252,0.0517578125
shallow,fisher,307,2,248,0.6010496616363525,0.056640625
shallow,fisher,307,2,249,0.543877899646759,0.044921875
shallow,fisher,307,2,250,0.741786539554596,0.04731861129403114
shallow,fisher,307,3,0,0.5928245186805725,0.0576171875
shallow,fisher,307,3,1,0.579626739025116,0.048828125
shallow,fisher,307,3,2,0.540280282497406,0.046875
shallow,fisher,307,3,3,0.6631102561950684,0.0634765625
shallow,fisher,307,3,4,0.6012650728225708,0.064453125
shallow,fisher,307,3,5,0.5668656826019287,0.060546875
shallow,fisher,307,3,6,0.5880424976348877,0.0419921875
shallow,fisher,307,3,7,0.5966439843177795,0.05078125
shallow,fisher,307,3,8,0.6120774745941162,0.0673828125
shallow,fisher,307,3,9,0.6404233574867249,0.0478515625
shallow,fisher,307,3,10,0.5501788258552551,0.0498046875
shallow,fisher,307,3,11,0.6656622290611267,0.044921875
shallow,fisher,307,3,12,0.5594419836997986,0.064453125
shallow,fisher,307,3,13,0.5375989675521851,0.0458984375
shallow,fisher,307,3,14,0.6261279582977295,0.0673828125
shallow,fisher,307,3,15,0.61210697889328,0.0615234375
shallow,fisher,307,3,16,0.584624171257019,0.0517578125
shallow,fisher,307,3,17,0.5911582112312317,0.05078125
shallow,fisher,307,3,18,0.584400475025177,0.05859375
shallow,fisher,307,3,19,0.5581692457199097,0.0458984375
shallow,fisher,307,3,20,0.5994423031806946,0.041015625
shallow,fisher,307,3,21,0.5130174160003662,0.046875
shallow,fisher,307,3,22,0.594142735004425,0.0546875
shallow,fisher,307,3,23,0.6011415123939514,0.052734375
shallow,fisher,307,3,24,0.5423351526260376,0.060546875
shallow,fisher,307,3,25,0.5993574261665344,0.05078125
shallow,fisher,307,3,26,0.6436466574668884,0.0361328125
shallow,fisher,307,3,27,0.5639408230781555,0.0576171875
shallow,fisher,307,3,28,0.5597687363624573,0.0576171875
shallow,fisher,307,3,29,0.5994675755500793,0.0654296875
shallow,fisher,307,3,30,0.5509941577911377,0.0419921875
shallow,fisher,307,3,31,0.576565682888031,0.0673828125
shallow,fisher,307,3,32,0.551297664642334,0.05078125
shallow,fisher,307,3,33,0.5883509516716003,0.0537109375
shallow,fisher,307,3,34,0.5968016386032104,0.0546875
shallow,fisher,307,3,35,0.5960373282432556,0.056640625
shallow,fisher,307,3,36,0.5394917726516724,0.0498046875
shallow,fisher,307,3,37,0.651689350605011,0.05078125
shallow,fisher,307,3,38,0.6718838810920715,0.0478515625
shallow,fisher,307,3,39,0.5525386929512024,0.0517578125
shallow,fisher,307,3,40,0.5693620443344116,0.068359375
shallow,fisher,307,3,41,0.5938929915428162,0.0419921875
shallow,fisher,307,3,42,0.5715866684913635,0.052734375
shallow,fisher,307,3,43,0.5653358697891235,0.0537109375
shallow,fisher,307,3,44,0.5744305849075317,0.04296875
shallow,fisher,307,3,45,0.5671717524528503,0.056640625
shallow,fisher,307,3,46,0.51484614610672,0.060546875
shallow,fisher,307,3,47,0.5658197999000549,0.064453125
shallow,fisher,307,3,48,0.58783358335495,0.0703125
shallow,fisher,307,3,49,0.6590130925178528,0.044921875
shallow,fisher,307,3,50,0.580452561378479,0.0576171875
shallow,fisher,307,3,51,0.5995404124259949,0.0537109375
shallow,fisher,307,3,52,0.607679009437561,0.0498046875
shallow,fisher,307,3,53,0.5438678860664368,0.044921875
shallow,fisher,307,3,54,0.6251475811004639,0.0546875
shallow,fisher,307,3,55,0.6193974018096924,0.056640625
shallow,fisher,307,3,56,0.5336911678314209,0.06640625
shallow,fisher,307,3,57,0.6139851808547974,0.056640625
shallow,fisher,307,3,58,0.5607242584228516,0.05859375
shallow,fisher,307,3,59,0.5137953162193298,0.052734375
shallow,fisher,307,3,60,0.5245798230171204,0.064453125
shallow,fisher,307,3,61,0.5614663362503052,0.056640625
shallow,fisher,307,3,62,0.5380973219871521,0.056640625
shallow,fisher,307,3,63,0.6393229365348816,0.060546875
shallow,fisher,307,3,64,0.543389618396759,0.052734375
shallow,fisher,307,3,65,0.5763618350028992,0.0517578125
shallow,fisher,307,3,66,0.5525481104850769,0.0400390625
shallow,fisher,307,3,67,0.5598647594451904,0.037109375
shallow,fisher,307,3,68,0.5740309357643127,0.0517578125
shallow,fisher,307,3,69,0.5227108001708984,0.064453125
shallow,fisher,307,3,70,0.5483148694038391,0.0361328125
shallow,fisher,307,3,71,0.5605019330978394,0.0458984375
shallow,fisher,307,3,72,0.6026017069816589,0.056640625
shallow,fisher,307,3,73,0.5323693752288818,0.05859375
shallow,fisher,307,3,74,0.6229874491691589,0.0576171875
shallow,fisher,307,3,75,0.5471207499504089,0.0458984375
shallow,fisher,307,3,76,0.5592074394226074,0.0595703125
shallow,fisher,307,3,77,0.554711103439331,0.0537109375
shallow,fisher,307,3,78,0.6009219288825989,0.0478515625
shallow,fisher,307,3,79,0.5565877556800842,0.0439453125
shallow,fisher,307,3,80,0.5989751815795898,0.046875
shallow,fisher,307,3,81,0.5582557916641235,0.0517578125
shallow,fisher,307,3,82,0.5872008204460144,0.0439453125
shallow,fisher,307,3,83,0.5194310545921326,0.056640625
shallow,fisher,307,3,84,0.5646597146987915,0.0595703125
shallow,fisher,307,3,85,0.5647458434104919,0.046875
shallow,fisher,307,3,86,0.5293969511985779,0.060546875
shallow,fisher,307,3,87,0.6247754096984863,0.0537109375
shallow,fisher,307,3,88,0.5676440000534058,0.0537109375
shallow,fisher,307,3,89,0.6332185864448547,0.05859375
shallow,fisher,307,3,90,0.5639903545379639,0.0546875
shallow,fisher,307,3,91,0.6128796339035034,0.0615234375
shallow,fisher,307,3,92,0.5756936073303223,0.0537109375
shallow,fisher,307,3,93,0.5469938516616821,0.0439453125
shallow,fisher,307,3,94,0.6069057583808899,0.05859375
shallow,fisher,307,3,95,0.5377588868141174,0.056640625
shallow,fisher,307,3,96,0.6164518594741821,0.06640625
shallow,fisher,307,3,97,0.6155729293823242,0.072265625
shallow,fisher,307,3,98,0.5942603349685669,0.0537109375
shallow,fisher,307,3,99,0.5841660499572754,0.0498046875
shallow,fisher,307,3,100,0.5667850971221924,0.05859375
shallow,fisher,307,3,101,0.651796817779541,0.0517578125
shallow,fisher,307,3,102,0.5893124938011169,0.0439453125
shallow,fisher,307,3,103,0.6121058464050293,0.056640625
shallow,fisher,307,3,104,0.5947197079658508,0.0673828125
shallow,fisher,307,3,105,0.6425856351852417,0.060546875
shallow,fisher,307,3,106,0.609050452709198,0.0537109375
shallow,fisher,307,3,107,0.5695663094520569,0.0498046875
shallow,fisher,307,3,108,0.5840041637420654,0.05078125
shallow,fisher,307,3,109,0.5355663895606995,0.0625
shallow,fisher,307,3,110,0.5578539967536926,0.0576171875
shallow,fisher,307,3,111,0.5981513261795044,0.04296875
shallow,fisher,307,3,112,0.5803050398826599,0.0517578125
shallow,fisher,307,3,113,0.5751255750656128,0.056640625
shallow,fisher,307,3,114,0.571478009223938,0.0625
shallow,fisher,307,3,115,0.6318789124488831,0.0576171875
shallow,fisher,307,3,116,0.5303254127502441,0.044921875
shallow,fisher,307,3,117,0.5615909099578857,0.0576171875
shallow,fisher,307,3,118,0.5672271847724915,0.0546875
shallow,fisher,307,3,119,0.5667790174484253,0.052734375
shallow,fisher,307,3,120,0.5778538584709167,0.0546875
shallow,fisher,307,3,121,0.5678128004074097,0.0458984375
shallow,fisher,307,3,122,0.583583652973175,0.0595703125
shallow,fisher,307,3,123,0.4738852381706238,0.044921875
shallow,fisher,307,3,124,0.5843005776405334,0.0615234375
shallow,fisher,307,3,125,0.5842296481132507,0.0595703125
shallow,fisher,307,3,126,0.5485244989395142,0.0556640625
shallow,fisher,307,3,127,0.5850092172622681,0.0517578125
shallow,fisher,307,3,128,0.5257948637008667,0.0390625
shallow,fisher,307,3,129,0.6545315980911255,0.0654296875
shallow,fisher,307,3,130,0.5915614366531372,0.048828125
shallow,fisher,307,3,131,0.5300465822219849,0.0498046875
shallow,fisher,307,3,132,0.5917851328849792,0.0546875
shallow,fisher,307,3,133,0.5265250205993652,0.0576171875
shallow,fisher,307,3,134,0.5726971626281738,0.0546875
shallow,fisher,307,3,135,0.47591421008110046,0.0546875
shallow,fisher,307,3,136,0.5920440554618835,0.0458984375
shallow,fisher,307,3,137,0.6076467037200928,0.0390625
shallow,fisher,307,3,138,0.5945136547088623,0.0556640625
shallow,fisher,307,3,139,0.5480549335479736,0.06640625
shallow,fisher,307,3,140,0.5183926224708557,0.0546875
shallow,fisher,307,3,141,0.5555819869041443,0.041015625
shallow,fisher,307,3,142,0.5960245728492737,0.0546875
shallow,fisher,307,3,143,0.5834537148475647,0.0546875
shallow,fisher,307,3,144,0.5336802005767822,0.064453125
shallow,fisher,307,3,145,0.5446353554725647,0.0546875
shallow,fisher,307,3,146,0.5539599061012268,0.064453125
shallow,fisher,307,3,147,0.6015428304672241,0.0546875
shallow,fisher,307,3,148,0.5449979305267334,0.05078125
shallow,fisher,307,3,149,0.5784039497375488,0.072265625
shallow,fisher,307,3,150,0.5700876116752625,0.052734375
shallow,fisher,307,3,151,0.5039035677909851,0.044921875
shallow,fisher,307,3,152,0.569459080696106,0.0546875
shallow,fisher,307,3,153,0.5736901760101318,0.0654296875
shallow,fisher,307,3,154,0.7380406260490417,0.072265625
shallow,fisher,307,3,155,0.5403464436531067,0.0576171875
shallow,fisher,307,3,156,0.6117135286331177,0.0556640625
shallow,fisher,307,3,157,0.5775992274284363,0.0498046875
shallow,fisher,307,3,158,0.5291742086410522,0.056640625
shallow,fisher,307,3,159,0.5635166764259338,0.0498046875
shallow,fisher,307,3,160,0.5720149874687195,0.0537109375
shallow,fisher,307,3,161,0.6188927292823792,0.0498046875
shallow,fisher,307,3,162,0.5545651912689209,0.0556640625
shallow,fisher,307,3,163,0.5291376709938049,0.0439453125
shallow,fisher,307,3,164,0.5933432579040527,0.0439453125
shallow,fisher,307,3,165,0.5683742761611938,0.0537109375
shallow,fisher,307,3,166,0.5820190906524658,0.0595703125
shallow,fisher,307,3,167,0.5611907243728638,0.046875
shallow,fisher,307,3,168,0.5267638564109802,0.0517578125
shallow,fisher,307,3,169,0.5732525587081909,0.0537109375
shallow,fisher,307,3,170,0.5368099212646484,0.048828125
shallow,fisher,307,3,171,0.5777989029884338,0.0576171875
shallow,fisher,307,3,172,0.5488905310630798,0.0537109375
shallow,fisher,307,3,173,0.6013278961181641,0.0439453125
shallow,fisher,307,3,174,0.5570765733718872,0.0478515625
shallow,fisher,307,3,175,0.5437774062156677,0.0673828125
shallow,fisher,307,3,176,0.555357038974762,0.0546875
shallow,fisher,307,3,177,0.5695664882659912,0.0498046875
shallow,fisher,307,3,178,0.5741741061210632,0.0634765625
shallow,fisher,307,3,179,0.5891619324684143,0.052734375
shallow,fisher,307,3,180,0.6400012373924255,0.0615234375
shallow,fisher,307,3,181,0.5454387068748474,0.05859375
shallow,fisher,307,3,182,0.5612262487411499,0.05078125
shallow,fisher,307,3,183,0.5561943650245667,0.046875
shallow,fisher,307,3,184,0.6279199123382568,0.0517578125
shallow,fisher,307,3,185,0.5373807549476624,0.0615234375
shallow,fisher,307,3,186,0.5479780435562134,0.052734375
shallow,fisher,307,3,187,0.5713816285133362,0.046875
shallow,fisher,307,3,188,0.538590133190155,0.0439453125
shallow,fisher,307,3,189,0.5870616436004639,0.0634765625
shallow,fisher,307,3,190,0.6402041912078857,0.0517578125
shallow,fisher,307,3,191,0.5959441661834717,0.0458984375
shallow,fisher,307,3,192,0.5621649026870728,0.0615234375
shallow,fisher,307,3,193,0.5861320495605469,0.0634765625
shallow,fisher,307,3,194,0.5695168972015381,0.0546875
shallow,fisher,307,3,195,0.5571538805961609,0.0419921875
shallow,fisher,307,3,196,0.5855998992919922,0.0478515625
shallow,fisher,307,3,197,0.5558985471725464,0.0458984375
shallow,fisher,307,3,198,0.5919791460037231,0.0654296875
shallow,fisher,307,3,199,0.5730445981025696,0.0439453125
shallow,fisher,307,3,200,0.6079514622688293,0.0517578125
shallow,fisher,307,3,201,0.5288657546043396,0.0517578125
shallow,fisher,307,3,202,0.5806154608726501,0.0556640625
shallow,fisher,307,3,203,0.5607022047042847,0.0712890625
shallow,fisher,307,3,204,0.5338189005851746,0.041015625
shallow,fisher,307,3,205,0.4899780750274658,0.0615234375
shallow,fisher,307,3,206,0.6101099848747253,0.0517578125
shallow,fisher,307,3,207,0.6018930077552795,0.05078125
shallow,fisher,307,3,208,0.5797705054283142,0.0625
shallow,fisher,307,3,209,0.533271074295044,0.05859375
shallow,fisher,307,3,210,0.5528172850608826,0.0498046875
shallow,fisher,307,3,211,0.5519847273826599,0.05859375
shallow,fisher,307,3,212,0.5458623170852661,0.048828125
shallow,fisher,307,3,213,0.6301646828651428,0.048828125
shallow,fisher,307,3,214,0.6020556688308716,0.0517578125
shallow,fisher,307,3,215,0.5563504099845886,0.0810546875
shallow,fisher,307,3,216,0.586449146270752,0.0517578125
shallow,fisher,307,3,217,0.489970326423645,0.0615234375
shallow,fisher,307,3,218,0.5643349885940552,0.0556640625
shallow,fisher,307,3,219,0.5634119510650635,0.05859375
shallow,fisher,307,3,220,0.5514547228813171,0.0556640625
shallow,fisher,307,3,221,1.5421385765075684,0.0634765625
shallow,fisher,307,3,222,0.5590219497680664,0.0498046875
shallow,fisher,307,3,223,0.5665903687477112,0.044921875
shallow,fisher,307,3,224,0.6016501188278198,0.064453125
shallow,fisher,307,3,225,0.5387819409370422,0.0595703125
shallow,fisher,307,3,226,0.48650890588760376,0.0478515625
shallow,fisher,307,3,227,0.5138441920280457,0.0498046875
shallow,fisher,307,3,228,0.5537896752357483,0.0673828125
shallow,fisher,307,3,229,0.5980901718139648,0.0556640625
shallow,fisher,307,3,230,0.5677090287208557,0.0556640625
shallow,fisher,307,3,231,0.5933327078819275,0.0595703125
shallow,fisher,307,3,232,0.6087613701820374,0.056640625
shallow,fisher,307,3,233,0.5533250570297241,0.052734375
shallow,fisher,307,3,234,0.5372599959373474,0.04296875
shallow,fisher,307,3,235,0.6199794411659241,0.0517578125
shallow,fisher,307,3,236,0.577176034450531,0.0419921875
shallow,fisher,307,3,237,0.7009208798408508,0.05859375
shallow,fisher,307,3,238,0.5771859884262085,0.046875
shallow,fisher,307,3,239,0.5258069038391113,0.0400390625
shallow,fisher,307,3,240,0.5717918276786804,0.046875
shallow,fisher,307,3,241,0.5595257878303528,0.0439453125
shallow,fisher,307,3,242,0.5952885746955872,0.0546875
shallow,fisher,307,3,243,0.5978689193725586,0.0498046875
shallow,fisher,307,3,244,0.6265398263931274,0.05859375
shallow,fisher,307,3,245,0.5501462817192078,0.0390625
shallow,fisher,307,3,246,0.57398921251297,0.068359375
shallow,fisher,307,3,247,0.5617713332176208,0.0537109375
shallow,fisher,307,3,248,0.5131193995475769,0.0595703125
shallow,fisher,307,3,249,0.540907621383667,0.0546875
shallow,fisher,307,3,250,0.6093612909317017,0.05678233504295349
shallow,fisher,307,4,0,0.5935255289077759,0.06640625
shallow,fisher,307,4,1,0.5373559594154358,0.05078125
shallow,fisher,307,4,2,0.5996497869491577,0.05859375
shallow,fisher,307,4,3,0.5659968256950378,0.05859375
shallow,fisher,307,4,4,0.5655975341796875,0.0517578125
shallow,fisher,307,4,5,0.6017611622810364,0.0576171875
shallow,fisher,307,4,6,0.5269073843955994,0.0615234375
shallow,fisher,307,4,7,0.5829671621322632,0.0595703125
shallow,fisher,307,4,8,0.571972668170929,0.05078125
shallow,fisher,307,4,9,0.5332762598991394,0.0537109375
shallow,fisher,307,4,10,0.5519126057624817,0.0615234375
shallow,fisher,307,4,11,0.5752770900726318,0.06640625
shallow,fisher,307,4,12,0.6044274568557739,0.060546875
shallow,fisher,307,4,13,0.6380569338798523,0.0673828125
shallow,fisher,307,4,14,0.6076362133026123,0.0439453125
shallow,fisher,307,4,15,0.5604543685913086,0.060546875
shallow,fisher,307,4,16,0.5756797790527344,0.0615234375
shallow,fisher,307,4,17,0.6260682344436646,0.046875
shallow,fisher,307,4,18,0.5866113901138306,0.0498046875
shallow,fisher,307,4,19,0.6120593547821045,0.0458984375
shallow,fisher,307,4,20,0.6148115396499634,0.056640625
shallow,fisher,307,4,21,0.5418681502342224,0.0556640625
shallow,fisher,307,4,22,0.6273910403251648,0.048828125
shallow,fisher,307,4,23,0.5420625805854797,0.0537109375
shallow,fisher,307,4,24,0.6208291053771973,0.0546875
shallow,fisher,307,4,25,0.5863768458366394,0.0537109375
shallow,fisher,307,4,26,0.6417961716651917,0.0625
shallow,fisher,307,4,27,0.5561283230781555,0.046875
shallow,fisher,307,4,28,0.5875978469848633,0.048828125
shallow,fisher,307,4,29,0.543280303478241,0.044921875
shallow,fisher,307,4,30,0.5549880266189575,0.0595703125
shallow,fisher,307,4,31,0.5887784957885742,0.0615234375
shallow,fisher,307,4,32,0.5929917097091675,0.0576171875
shallow,fisher,307,4,33,0.5621985793113708,0.0654296875
shallow,fisher,307,4,34,0.5074775218963623,0.0595703125
shallow,fisher,307,4,35,0.5972186326980591,0.0517578125
shallow,fisher,307,4,36,0.5711060762405396,0.0615234375
shallow,fisher,307,4,37,0.5814529061317444,0.048828125
shallow,fisher,307,4,38,0.558344304561615,0.046875
shallow,fisher,307,4,39,0.6027287840843201,0.037109375
shallow,fisher,307,4,40,0.5072923302650452,0.0595703125
shallow,fisher,307,4,41,0.5862341523170471,0.0634765625
shallow,fisher,307,4,42,0.5308833718299866,0.0546875
shallow,fisher,307,4,43,0.6260179281234741,0.0498046875
shallow,fisher,307,4,44,0.6049644947052002,0.0458984375
shallow,fisher,307,4,45,0.6163870692253113,0.044921875
shallow,fisher,307,4,46,0.5546937584877014,0.048828125
shallow,fisher,307,4,47,0.4950565695762634,0.05859375
shallow,fisher,307,4,48,0.6074663400650024,0.04296875
shallow,fisher,307,4,49,0.6157474517822266,0.0322265625
shallow,fisher,307,4,50,0.5441405773162842,0.0595703125
shallow,fisher,307,4,51,0.5876964926719666,0.0439453125
shallow,fisher,307,4,52,0.5963061451911926,0.0439453125
shallow,fisher,307,4,53,0.6037003397941589,0.0576171875
shallow,fisher,307,4,54,0.5931572914123535,0.0537109375
shallow,fisher,307,4,55,0.5747535824775696,0.0458984375
shallow,fisher,307,4,56,0.5850009918212891,0.052734375
shallow,fisher,307,4,57,0.540655255317688,0.041015625
shallow,fisher,307,4,58,0.5483155846595764,0.044921875
shallow,fisher,307,4,59,0.578702986240387,0.048828125
shallow,fisher,307,4,60,0.6461356282234192,0.0546875
shallow,fisher,307,4,61,0.5556674599647522,0.0576171875
shallow,fisher,307,4,62,0.5364817976951599,0.0439453125
shallow,fisher,307,4,63,0.5628014802932739,0.0439453125
shallow,fisher,307,4,64,0.5519802570343018,0.048828125
shallow,fisher,307,4,65,0.5816103219985962,0.0576171875
shallow,fisher,307,4,66,0.5533509850502014,0.056640625
shallow,fisher,307,4,67,0.5283148288726807,0.04296875
shallow,fisher,307,4,68,0.5161080360412598,0.0625
shallow,fisher,307,4,69,0.5766922235488892,0.0517578125
shallow,fisher,307,4,70,0.5276352167129517,0.0595703125
shallow,fisher,307,4,71,0.6149174571037292,0.0546875
shallow,fisher,307,4,72,0.5438505411148071,0.0517578125
shallow,fisher,307,4,73,0.6321422457695007,0.072265625
shallow,fisher,307,4,74,0.6127025485038757,0.0556640625
shallow,fisher,307,4,75,0.5560354590415955,0.0390625
shallow,fisher,307,4,76,0.5149160623550415,0.044921875
shallow,fisher,307,4,77,0.5834648013114929,0.0625
shallow,fisher,307,4,78,0.5588228702545166,0.064453125
shallow,fisher,307,4,79,0.5108981728553772,0.05859375
shallow,fisher,307,4,80,0.5368511080741882,0.0576171875
shallow,fisher,307,4,81,0.5723479986190796,0.064453125
shallow,fisher,307,4,82,0.5071790814399719,0.056640625
shallow,fisher,307,4,83,0.5665527582168579,0.0517578125
shallow,fisher,307,4,84,0.5166022181510925,0.046875
shallow,fisher,307,4,85,0.5794931054115295,0.060546875
shallow,fisher,307,4,86,0.5886538028717041,0.0556640625
shallow,fisher,307,4,87,0.5360756516456604,0.052734375
shallow,fisher,307,4,88,0.564650297164917,0.0576171875
shallow,fisher,307,4,89,0.6135298609733582,0.0458984375
shallow,fisher,307,4,90,0.5596170425415039,0.0478515625
shallow,fisher,307,4,91,0.5198764801025391,0.0625
shallow,fisher,307,4,92,0.5678932070732117,0.05859375
shallow,fisher,307,4,93,0.6488541960716248,0.05078125
shallow,fisher,307,4,94,0.5214889645576477,0.0595703125
shallow,fisher,307,4,95,0.5420839786529541,0.056640625
shallow,fisher,307,4,96,0.5892660021781921,0.0703125
shallow,fisher,307,4,97,0.5401592254638672,0.0517578125
shallow,fisher,307,4,98,0.5705439448356628,0.0537109375
shallow,fisher,307,4,99,0.5383419394493103,0.064453125
shallow,fisher,307,4,100,0.6227091550827026,0.0537109375
shallow,fisher,307,4,101,0.5832023024559021,0.0546875
shallow,fisher,307,4,102,0.5308550596237183,0.0517578125
shallow,fisher,307,4,103,0.5619915723800659,0.0537109375
shallow,fisher,307,4,104,0.5829089879989624,0.0546875
shallow,fisher,307,4,105,0.5589789748191833,0.0537109375
shallow,fisher,307,4,106,0.5486384630203247,0.052734375
shallow,fisher,307,4,107,0.6219996213912964,0.060546875
shallow,fisher,307,4,108,0.6005181074142456,0.060546875
shallow,fisher,307,4,109,0.5951879024505615,0.0576171875
shallow,fisher,307,4,110,0.5274345278739929,0.0576171875
shallow,fisher,307,4,111,0.5351418852806091,0.064453125
shallow,fisher,307,4,112,0.5579994916915894,0.0625
shallow,fisher,307,4,113,0.5220882296562195,0.048828125
shallow,fisher,307,4,114,0.5517328977584839,0.0556640625
shallow,fisher,307,4,115,0.5197216868400574,0.0478515625
shallow,fisher,307,4,116,0.49993470311164856,0.0517578125
shallow,fisher,307,4,117,0.6161259412765503,0.044921875
shallow,fisher,307,4,118,0.6084188222885132,0.0458984375
shallow,fisher,307,4,119,0.600622832775116,0.044921875
shallow,fisher,307,4,120,0.5421900153160095,0.0517578125
shallow,fisher,307,4,121,0.5898399949073792,0.0400390625
shallow,fisher,307,4,122,0.5600395202636719,0.05078125
shallow,fisher,307,4,123,0.5640259981155396,0.0498046875
shallow,fisher,307,4,124,0.5073705911636353,0.0546875
shallow,fisher,307,4,125,0.6017933487892151,0.0517578125
shallow,fisher,307,4,126,0.5447927713394165,0.04296875
shallow,fisher,307,4,127,0.5455940961837769,0.0546875
shallow,fisher,307,4,128,0.5602051019668579,0.0537109375
shallow,fisher,307,4,129,0.5043657422065735,0.046875
shallow,fisher,307,4,130,0.49998557567596436,0.060546875
shallow,fisher,307,4,131,0.5596493482589722,0.06640625
shallow,fisher,307,4,132,0.5837885737419128,0.0556640625
shallow,fisher,307,4,133,0.5717954635620117,0.064453125
shallow,fisher,307,4,134,0.651622474193573,0.0478515625
shallow,fisher,307,4,135,0.4927150011062622,0.0517578125
shallow,fisher,307,4,136,0.5592671036720276,0.056640625
shallow,fisher,307,4,137,0.6188446879386902,0.0673828125
shallow,fisher,307,4,138,0.5486477613449097,0.0576171875
shallow,fisher,307,4,139,0.5817736387252808,0.0556640625
shallow,fisher,307,4,140,0.5615255832672119,0.060546875
shallow,fisher,307,4,141,0.5556966662406921,0.0654296875
shallow,fisher,307,4,142,0.5035223364830017,0.05859375
shallow,fisher,307,4,143,0.5751552581787109,0.052734375
shallow,fisher,307,4,144,0.5790776014328003,0.046875
shallow,fisher,307,4,145,0.6057121753692627,0.0556640625
shallow,fisher,307,4,146,0.49982526898384094,0.0576171875
shallow,fisher,307,4,147,0.5685891509056091,0.0517578125
shallow,fisher,307,4,148,0.5252578258514404,0.05078125
shallow,fisher,307,4,149,0.5717052221298218,0.048828125
shallow,fisher,307,4,150,0.5440236926078796,0.0546875
shallow,fisher,307,4,151,0.5528176426887512,0.060546875
shallow,fisher,307,4,152,0.5470365285873413,0.0537109375
shallow,fisher,307,4,153,0.5341236591339111,0.0478515625
shallow,fisher,307,4,154,0.5506658554077148,0.0703125
shallow,fisher,307,4,155,0.5105572938919067,0.0478515625
shallow,fisher,307,4,156,0.5149103403091431,0.0615234375
shallow,fisher,307,4,157,0.5609387755393982,0.0439453125
shallow,fisher,307,4,158,0.5669111609458923,0.0498046875
shallow,fisher,307,4,159,0.5902431011199951,0.0673828125
shallow,fisher,307,4,160,0.584689736366272,0.056640625
shallow,fisher,307,4,161,0.5872830152511597,0.04296875
shallow,fisher,307,4,162,0.45892956852912903,0.046875
shallow,fisher,307,4,163,0.5281566977500916,0.05078125
shallow,fisher,307,4,164,0.5296480655670166,0.05078125
shallow,fisher,307,4,165,0.4969334006309509,0.05859375
shallow,fisher,307,4,166,0.5668047666549683,0.048828125
shallow,fisher,307,4,167,0.5207422971725464,0.0361328125
shallow,fisher,307,4,168,0.5608407258987427,0.0322265625
shallow,fisher,307,4,169,0.6116416454315186,0.046875
shallow,fisher,307,4,170,0.5604135990142822,0.052734375
shallow,fisher,307,4,171,0.5808489918708801,0.0576171875
shallow,fisher,307,4,172,0.5515030026435852,0.046875
shallow,fisher,307,4,173,0.6244197487831116,0.044921875
shallow,fisher,307,4,174,0.5249791741371155,0.0517578125
shallow,fisher,307,4,175,0.5399727821350098,0.0615234375
shallow,fisher,307,4,176,0.5922797918319702,0.068359375
shallow,fisher,307,4,177,0.5776380300521851,0.0546875
shallow,fisher,307,4,178,0.6122146844863892,0.04296875
shallow,fisher,307,4,179,0.5788958072662354,0.046875
shallow,fisher,307,4,180,0.5310251116752625,0.0458984375
shallow,fisher,307,4,181,0.552463173866272,0.0556640625
shallow,fisher,307,4,182,0.5114588737487793,0.05078125
shallow,fisher,307,4,183,0.5571630597114563,0.0673828125
shallow,fisher,307,4,184,0.570388913154602,0.0556640625
shallow,fisher,307,4,185,0.5879301428794861,0.0478515625
shallow,fisher,307,4,186,0.5961618423461914,0.0693359375
shallow,fisher,307,4,187,0.5326020121574402,0.04296875
shallow,fisher,307,4,188,0.6252525448799133,0.0517578125
shallow,fisher,307,4,189,0.567319929599762,0.0576171875
shallow,fisher,307,4,190,0.5622667074203491,0.052734375
shallow,fisher,307,4,191,0.5912200212478638,0.0556640625
shallow,fisher,307,4,192,0.522946298122406,0.0556640625
shallow,fisher,307,4,193,0.5825125575065613,0.0517578125
shallow,fisher,307,4,194,0.5283761024475098,0.0595703125
shallow,fisher,307,4,195,0.5923315286636353,0.046875
shallow,fisher,307,4,196,0.5821182727813721,0.0634765625
shallow,fisher,307,4,197,0.7328268885612488,0.052734375
shallow,fisher,307,4,198,0.5472077131271362,0.0556640625
shallow,fisher,307,4,199,0.5309988856315613,0.0546875
shallow,fisher,307,4,200,0.5037904977798462,0.0693359375
shallow,fisher,307,4,201,0.47834643721580505,0.0458984375
shallow,fisher,307,4,202,0.5690650343894958,0.068359375
shallow,fisher,307,4,203,0.5463330745697021,0.0546875
shallow,fisher,307,4,204,0.5114859342575073,0.0556640625
shallow,fisher,307,4,205,0.5978478193283081,0.0546875
shallow,fisher,307,4,206,0.47197967767715454,0.0419921875
shallow,fisher,307,4,207,0.5227507948875427,0.0478515625
shallow,fisher,307,4,208,0.5889589786529541,0.068359375
shallow,fisher,307,4,209,0.6140062212944031,0.0517578125
shallow,fisher,307,4,210,0.5212059020996094,0.0634765625
shallow,fisher,307,4,211,0.5567994713783264,0.060546875
shallow,fisher,307,4,212,0.5511334538459778,0.048828125
shallow,fisher,307,4,213,0.5955466628074646,0.0556640625
shallow,fisher,307,4,214,0.49057337641716003,0.048828125
shallow,fisher,307,4,215,0.5419126152992249,0.0595703125
shallow,fisher,307,4,216,0.5436522364616394,0.0380859375
shallow,fisher,307,4,217,0.6520634889602661,0.046875
shallow,fisher,307,4,218,0.6291723251342773,0.04296875
shallow,fisher,307,4,219,0.482560396194458,0.048828125
shallow,fisher,307,4,220,0.552682638168335,0.05859375
shallow,fisher,307,4,221,0.49235647916793823,0.0478515625
shallow,fisher,307,4,222,0.53719562292099,0.05859375
shallow,fisher,307,4,223,0.5529603958129883,0.0400390625
shallow,fisher,307,4,224,0.5080246925354004,0.0419921875
shallow,fisher,307,4,225,0.5742236971855164,0.0712890625
shallow,fisher,307,4,226,0.5239701271057129,0.05078125
shallow,fisher,307,4,227,0.5864079594612122,0.060546875
shallow,fisher,307,4,228,0.5349515676498413,0.0400390625
shallow,fisher,307,4,229,0.5508547425270081,0.0458984375
shallow,fisher,307,4,230,0.5130951404571533,0.0654296875
shallow,fisher,307,4,231,0.5598822832107544,0.06640625
shallow,fisher,307,4,232,0.5251315236091614,0.0498046875
shallow,fisher,307,4,233,0.5666083693504333,0.0625
shallow,fisher,307,4,234,0.6530355215072632,0.05859375
shallow,fisher,307,4,235,0.5191150307655334,0.0546875
shallow,fisher,307,4,236,0.5595001578330994,0.0517578125
shallow,fisher,307,4,237,0.5334683656692505,0.0537109375
shallow,fisher,307,4,238,0.548220157623291,0.056640625
shallow,fisher,307,4,239,0.5501946806907654,0.0654296875
shallow,fisher,307,4,240,0.522626519203186,0.048828125
shallow,fisher,307,4,241,0.5382974743843079,0.05078125
shallow,fisher,307,4,242,1.6565667390823364,0.0625
shallow,fisher,307,4,243,0.5699004530906677,0.0419921875
shallow,fisher,307,4,244,0.5996497869491577,0.064453125
shallow,fisher,307,4,245,0.643460750579834,0.0537109375
shallow,fisher,307,4,246,0.5417155623435974,0.0498046875
shallow,fisher,307,4,247,0.539198637008667,0.060546875
shallow,fisher,307,4,248,0.5827326774597168,0.064453125
shallow,fisher,307,4,249,0.5548844933509827,0.0634765625
shallow,fisher,307,4,250,0.5186036825180054,0.07570978254079819
shallow,fisher,307,5,0,0.4880880117416382,0.0556640625
shallow,fisher,307,5,1,0.6006151437759399,0.0498046875
shallow,fisher,307,5,2,0.6226291060447693,0.05859375
shallow,fisher,307,5,3,0.5083848834037781,0.052734375
shallow,fisher,307,5,4,0.5944925546646118,0.0595703125
shallow,fisher,307,5,5,0.6074329614639282,0.0517578125
shallow,fisher,307,5,6,0.6052048802375793,0.0478515625
shallow,fisher,307,5,7,0.5224806666374207,0.0615234375
shallow,fisher,307,5,8,0.57532799243927,0.0615234375
shallow,fisher,307,5,9,0.5306538343429565,0.0615234375
shallow,fisher,307,5,10,0.6430461406707764,0.0498046875
shallow,fisher,307,5,11,0.5468797087669373,0.0556640625
shallow,fisher,307,5,12,0.5481377243995667,0.0615234375
shallow,fisher,307,5,13,0.6110949516296387,0.0673828125
shallow,fisher,307,5,14,0.5214568972587585,0.05859375
shallow,fisher,307,5,15,0.530785858631134,0.05859375
shallow,fisher,307,5,16,0.5635175108909607,0.0556640625
shallow,fisher,307,5,17,0.5122517943382263,0.0478515625
shallow,fisher,307,5,18,0.5878922939300537,0.0556640625
shallow,fisher,307,5,19,0.5353919863700867,0.044921875
shallow,fisher,307,5,20,0.5915346741676331,0.05859375
shallow,fisher,307,5,21,0.5288443565368652,0.0634765625
shallow,fisher,307,5,22,0.6410481333732605,0.0556640625
shallow,fisher,307,5,23,0.5942375063896179,0.05859375
shallow,fisher,307,5,24,0.5293098092079163,0.052734375
shallow,fisher,307,5,25,0.5583248138427734,0.048828125
shallow,fisher,307,5,26,0.5362624526023865,0.0546875
shallow,fisher,307,5,27,0.5284976959228516,0.044921875
shallow,fisher,307,5,28,0.5289533138275146,0.0537109375
shallow,fisher,307,5,29,0.5324808955192566,0.0419921875
shallow,fisher,307,5,30,0.47301405668258667,0.0458984375
shallow,fisher,307,5,31,0.5741403698921204,0.0517578125
shallow,fisher,307,5,32,0.6026790142059326,0.037109375
shallow,fisher,307,5,33,0.5106512904167175,0.0361328125
shallow,fisher,307,5,34,0.5106306076049805,0.0634765625
shallow,fisher,307,5,35,0.6035851836204529,0.0595703125
shallow,fisher,307,5,36,0.5821611285209656,0.0712890625
shallow,fisher,307,5,37,0.5446515679359436,0.0673828125
shallow,fisher,307,5,38,0.5055256485939026,0.060546875
shallow,fisher,307,5,39,0.5577009320259094,0.0458984375
shallow,fisher,307,5,40,0.5457367897033691,0.0498046875
shallow,fisher,307,5,41,0.5163623094558716,0.052734375
shallow,fisher,307,5,42,0.5217277407646179,0.0576171875
shallow,fisher,307,5,43,0.5481722354888916,0.0478515625
shallow,fisher,307,5,44,0.5346498489379883,0.0595703125
shallow,fisher,307,5,45,0.6150211095809937,0.0478515625
shallow,fisher,307,5,46,0.5907658934593201,0.064453125
shallow,fisher,307,5,47,0.5635615587234497,0.0439453125
shallow,fisher,307,5,48,0.5703305602073669,0.037109375
shallow,fisher,307,5,49,0.5919645428657532,0.056640625
shallow,fisher,307,5,50,0.5706079602241516,0.0615234375
shallow,fisher,307,5,51,0.5684167146682739,0.0556640625
shallow,fisher,307,5,52,0.5728715658187866,0.0517578125
shallow,fisher,307,5,53,0.5664908289909363,0.05859375
shallow,fisher,307,5,54,0.5754783153533936,0.0576171875
shallow,fisher,307,5,55,0.6336072087287903,0.041015625
shallow,fisher,307,5,56,0.59856116771698,0.04296875
shallow,fisher,307,5,57,0.5698024034500122,0.048828125
shallow,fisher,307,5,58,0.5840944647789001,0.060546875
shallow,fisher,307,5,59,0.5677731037139893,0.0615234375
shallow,fisher,307,5,60,0.5681436061859131,0.0341796875
shallow,fisher,307,5,61,0.5439061522483826,0.0439453125
shallow,fisher,307,5,62,0.583392858505249,0.056640625
shallow,fisher,307,5,63,0.608126163482666,0.05078125
shallow,fisher,307,5,64,0.5599917769432068,0.05859375
shallow,fisher,307,5,65,0.5433036088943481,0.046875
shallow,fisher,307,5,66,0.5711156129837036,0.0537109375
shallow,fisher,307,5,67,0.6262871026992798,0.0498046875
shallow,fisher,307,5,68,0.5585975050926208,0.0576171875
shallow,fisher,307,5,69,0.5421903133392334,0.0390625
shallow,fisher,307,5,70,0.5714578032493591,0.0595703125
shallow,fisher,307,5,71,0.5513197183609009,0.056640625
shallow,fisher,307,5,72,0.554127037525177,0.0498046875
shallow,fisher,307,5,73,0.5544689297676086,0.05859375
shallow,fisher,307,5,74,0.5264068245887756,0.046875
shallow,fisher,307,5,75,0.5901174545288086,0.0537109375
shallow,fisher,307,5,76,0.5794697403907776,0.0458984375
shallow,fisher,307,5,77,0.5524991750717163,0.04296875
shallow,fisher,307,5,78,0.6387158036231995,0.044921875
shallow,fisher,307,5,79,0.5121390223503113,0.0458984375
shallow,fisher,307,5,80,0.563661515712738,0.041015625
shallow,fisher,307,5,81,0.49742141366004944,0.064453125
shallow,fisher,307,5,82,0.5022786259651184,0.0546875
shallow,fisher,307,5,83,0.53787761926651,0.05078125
shallow,fisher,307,5,84,0.5953953862190247,0.056640625
shallow,fisher,307,5,85,0.5555649995803833,0.0439453125
shallow,fisher,307,5,86,0.5258191823959351,0.048828125
shallow,fisher,307,5,87,0.6207106709480286,0.0654296875
shallow,fisher,307,5,88,0.556845486164093,0.0546875
shallow,fisher,307,5,89,0.5089276432991028,0.04296875
shallow,fisher,307,5,90,0.5810191631317139,0.0625
shallow,fisher,307,5,91,0.5793954730033875,0.0478515625
shallow,fisher,307,5,92,0.4846297800540924,0.0595703125
shallow,fisher,307,5,93,0.5242589116096497,0.0537109375
shallow,fisher,307,5,94,0.568045973777771,0.0732421875
shallow,fisher,307,5,95,0.5344076752662659,0.0625
shallow,fisher,307,5,96,0.6505885720252991,0.048828125
shallow,fisher,307,5,97,0.5862637758255005,0.0517578125
shallow,fisher,307,5,98,0.5573918223381042,0.0517578125
shallow,fisher,307,5,99,0.602010190486908,0.05078125
shallow,fisher,307,5,100,0.502130389213562,0.0634765625
shallow,fisher,307,5,101,0.5165298581123352,0.0458984375
shallow,fisher,307,5,102,0.5823826789855957,0.0673828125
shallow,fisher,307,5,103,0.5234323740005493,0.0556640625
shallow,fisher,307,5,104,0.5843334794044495,0.0556640625
shallow,fisher,307,5,105,0.5388261675834656,0.05859375
shallow,fisher,307,5,106,0.5613218545913696,0.056640625
shallow,fisher,307,5,107,0.5514249205589294,0.044921875
shallow,fisher,307,5,108,0.6010116338729858,0.0537109375
shallow,fisher,307,5,109,0.45700564980506897,0.0625
shallow,fisher,307,5,110,0.5067727565765381,0.048828125
shallow,fisher,307,5,111,0.5277196168899536,0.0439453125
shallow,fisher,307,5,112,0.6982325315475464,0.04296875
shallow,fisher,307,5,113,0.6569992303848267,0.0517578125
shallow,fisher,307,5,114,0.6206589341163635,0.05859375
shallow,fisher,307,5,115,0.5721628665924072,0.04296875
shallow,fisher,307,5,116,0.5598679184913635,0.056640625
shallow,fisher,307,5,117,0.5969767570495605,0.04296875
shallow,fisher,307,5,118,0.5598797798156738,0.056640625
shallow,fisher,307,5,119,0.5096640586853027,0.056640625
shallow,fisher,307,5,120,0.549931526184082,0.05078125
shallow,fisher,307,5,121,0.5679788589477539,0.048828125
shallow,fisher,307,5,122,0.62324458360672,0.0625
shallow,fisher,307,5,123,0.5694064497947693,0.056640625
shallow,fisher,307,5,124,0.527413547039032,0.0419921875
shallow,fisher,307,5,125,0.5479894876480103,0.046875
shallow,fisher,307,5,126,0.5592426061630249,0.0595703125
shallow,fisher,307,5,127,0.5605299472808838,0.05078125
shallow,fisher,307,5,128,0.587099552154541,0.044921875
shallow,fisher,307,5,129,0.5248002409934998,0.0517578125
shallow,fisher,307,5,130,0.5140934586524963,0.05859375
shallow,fisher,307,5,131,0.6131939888000488,0.0615234375
shallow,fisher,307,5,132,0.5748581886291504,0.064453125
shallow,fisher,307,5,133,0.5369688272476196,0.046875
shallow,fisher,307,5,134,0.6799184679985046,0.0439453125
shallow,fisher,307,5,135,0.6213839650154114,0.0537109375
shallow,fisher,307,5,136,0.6135674118995667,0.05078125
shallow,fisher,307,5,137,0.5372864007949829,0.0537109375
shallow,fisher,307,5,138,0.6185540556907654,0.04296875
shallow,fisher,307,5,139,0.5094756484031677,0.0595703125
shallow,fisher,307,5,140,0.538020670413971,0.0537109375
shallow,fisher,307,5,141,0.6134746670722961,0.0458984375
shallow,fisher,307,5,142,0.5812049508094788,0.0615234375
shallow,fisher,307,5,143,0.7601178884506226,0.0654296875
shallow,fisher,307,5,144,0.47653424739837646,0.0478515625
shallow,fisher,307,5,145,0.4738607704639435,0.0625
shallow,fisher,307,5,146,0.6058783531188965,0.04296875
shallow,fisher,307,5,147,0.5350306034088135,0.05078125
shallow,fisher,307,5,148,0.6131169199943542,0.04296875
shallow,fisher,307,5,149,0.5574833750724792,0.048828125
shallow,fisher,307,5,150,0.5669591426849365,0.0556640625
shallow,fisher,307,5,151,0.5315667986869812,0.0537109375
shallow,fisher,307,5,152,0.5625159740447998,0.0576171875
shallow,fisher,307,5,153,0.5186625719070435,0.044921875
shallow,fisher,307,5,154,0.5330109596252441,0.0517578125
shallow,fisher,307,5,155,0.6323878169059753,0.056640625
shallow,fisher,307,5,156,0.5292876362800598,0.0673828125
shallow,fisher,307,5,157,0.5768645405769348,0.0458984375
shallow,fisher,307,5,158,0.5551326274871826,0.0546875
shallow,fisher,307,5,159,0.5187287330627441,0.0498046875
shallow,fisher,307,5,160,0.5966975688934326,0.0595703125
shallow,fisher,307,5,161,0.5931991338729858,0.0390625
shallow,fisher,307,5,162,0.49507853388786316,0.0634765625
shallow,fisher,307,5,163,0.5603773593902588,0.060546875
shallow,fisher,307,5,164,0.5229130387306213,0.0546875
shallow,fisher,307,5,165,0.508872926235199,0.0439453125
shallow,fisher,307,5,166,0.5909913778305054,0.0576171875
shallow,fisher,307,5,167,0.5724092721939087,0.0556640625
shallow,fisher,307,5,168,0.4860597252845764,0.064453125
shallow,fisher,307,5,169,0.587769091129303,0.0673828125
shallow,fisher,307,5,170,0.5274087190628052,0.0546875
shallow,fisher,307,5,171,0.6126055121421814,0.0712890625
shallow,fisher,307,5,172,0.5219224691390991,0.052734375
shallow,fisher,307,5,173,0.5766255259513855,0.048828125
shallow,fisher,307,5,174,0.5150548219680786,0.0546875
shallow,fisher,307,5,175,0.5449308753013611,0.0517578125
shallow,fisher,307,5,176,0.5694494247436523,0.0546875
shallow,fisher,307,5,177,0.5106012225151062,0.0556640625
shallow,fisher,307,5,178,0.5703429579734802,0.0478515625
shallow,fisher,307,5,179,0.5398242473602295,0.0390625
shallow,fisher,307,5,180,0.5619425773620605,0.0537109375
shallow,fisher,307,5,181,0.5717890858650208,0.05078125
shallow,fisher,307,5,182,0.5374119877815247,0.0498046875
shallow,fisher,307,5,183,0.5375751852989197,0.056640625
shallow,fisher,307,5,184,1.4618735313415527,0.046875
shallow,fisher,307,5,185,0.5064651966094971,0.0478515625
shallow,fisher,307,5,186,0.5255111455917358,0.0615234375
shallow,fisher,307,5,187,0.5870088338851929,0.05859375
shallow,fisher,307,5,188,0.510603666305542,0.0712890625
shallow,fisher,307,5,189,0.5403947234153748,0.0439453125
shallow,fisher,307,5,190,0.6043122410774231,0.03515625
shallow,fisher,307,5,191,0.5505951642990112,0.0517578125
shallow,fisher,307,5,192,0.553615152835846,0.0703125
shallow,fisher,307,5,193,0.5003106594085693,0.0556640625
shallow,fisher,307,5,194,0.5478207468986511,0.060546875
shallow,fisher,307,5,195,0.4704948961734772,0.046875
shallow,fisher,307,5,196,0.5570865273475647,0.068359375
shallow,fisher,307,5,197,0.5713928937911987,0.0634765625
shallow,fisher,307,5,198,0.5255798697471619,0.060546875
shallow,fisher,307,5,199,0.5843173861503601,0.0537109375
shallow,fisher,307,5,200,0.5471225380897522,0.0625
shallow,fisher,307,5,201,0.5330690145492554,0.0576171875
shallow,fisher,307,5,202,0.5219225287437439,0.0478515625
shallow,fisher,307,5,203,0.5072003602981567,0.0537109375
shallow,fisher,307,5,204,0.5722970366477966,0.0673828125
shallow,fisher,307,5,205,0.6366394758224487,0.0478515625
shallow,fisher,307,5,206,0.5738468170166016,0.060546875
shallow,fisher,307,5,207,0.5366656184196472,0.056640625
shallow,fisher,307,5,208,0.6392263770103455,0.0556640625
shallow,fisher,307,5,209,0.5754435658454895,0.052734375
shallow,fisher,307,5,210,0.5882347226142883,0.060546875
shallow,fisher,307,5,211,0.5213298797607422,0.05078125
shallow,fisher,307,5,212,0.559576153755188,0.060546875
shallow,fisher,307,5,213,0.5153986811637878,0.0634765625
shallow,fisher,307,5,214,0.5660058856010437,0.0546875
shallow,fisher,307,5,215,0.595352053642273,0.0517578125
shallow,fisher,307,5,216,0.5281277894973755,0.05078125
shallow,fisher,307,5,217,0.5642937421798706,0.05859375
shallow,fisher,307,5,218,0.5157068371772766,0.0595703125
shallow,fisher,307,5,219,0.5952592492103577,0.0693359375
shallow,fisher,307,5,220,0.7012341022491455,0.048828125
shallow,fisher,307,5,221,0.5174381136894226,0.0439453125
shallow,fisher,307,5,222,0.5907952785491943,0.052734375
shallow,fisher,307,5,223,0.5611890554428101,0.0537109375
shallow,fisher,307,5,224,0.5664608478546143,0.0546875
shallow,fisher,307,5,225,0.6079199910163879,0.0458984375
shallow,fisher,307,5,226,0.5873330235481262,0.0712890625
shallow,fisher,307,5,227,0.5285818576812744,0.0703125
shallow,fisher,307,5,228,0.5984836220741272,0.052734375
shallow,fisher,307,5,229,0.5379436016082764,0.0634765625
shallow,fisher,307,5,230,0.6020821928977966,0.0458984375
shallow,fisher,307,5,231,0.5317752957344055,0.056640625
shallow,fisher,307,5,232,0.5624622702598572,0.05859375
shallow,fisher,307,5,233,0.536942720413208,0.046875
shallow,fisher,307,5,234,0.5877740979194641,0.052734375
shallow,fisher,307,5,235,0.5138680934906006,0.060546875
shallow,fisher,307,5,236,0.573797345161438,0.048828125
shallow,fisher,307,5,237,0.5538649559020996,0.060546875
shallow,fisher,307,5,238,0.5543178915977478,0.0634765625
shallow,fisher,307,5,239,0.6106681227684021,0.0654296875
shallow,fisher,307,5,240,0.5168691873550415,0.052734375
shallow,fisher,307,5,241,0.57295823097229,0.052734375
shallow,fisher,307,5,242,0.5521003007888794,0.0615234375
shallow,fisher,307,5,243,0.5057440400123596,0.046875
shallow,fisher,307,5,244,0.5318140983581543,0.0537109375
shallow,fisher,307,5,245,0.5774295330047607,0.0517578125
shallow,fisher,307,5,246,0.5409555435180664,0.05859375
shallow,fisher,307,5,247,0.6216939687728882,0.056640625
shallow,fisher,307,5,248,0.5414360761642456,0.0576171875
shallow,fisher,307,5,249,0.44654056429862976,0.0517578125
shallow,fisher,307,5,250,0.42832204699516296,0.04416403919458389
shallow,fisher,307,6,0,0.5202513933181763,0.0556640625
shallow,fisher,307,6,1,0.5933840274810791,0.0576171875
shallow,fisher,307,6,2,0.46002256870269775,0.0537109375
shallow,fisher,307,6,3,0.5371338129043579,0.0380859375
shallow,fisher,307,6,4,0.5030816793441772,0.0625
shallow,fisher,307,6,5,0.534390389919281,0.0439453125
shallow,fisher,307,6,6,0.5316407084465027,0.05078125
shallow,fisher,307,6,7,0.5360628962516785,0.0595703125
shallow,fisher,307,6,8,0.5677056312561035,0.05859375
shallow,fisher,307,6,9,0.5747861862182617,0.041015625
shallow,fisher,307,6,10,0.5220924615859985,0.0498046875
shallow,fisher,307,6,11,0.5188902616500854,0.044921875
shallow,fisher,307,6,12,0.5172852277755737,0.0458984375
shallow,fisher,307,6,13,0.5772659182548523,0.05078125
shallow,fisher,307,6,14,0.5143840909004211,0.0517578125
shallow,fisher,307,6,15,0.5986770987510681,0.0537109375
shallow,fisher,307,6,16,0.4802068769931793,0.0546875
shallow,fisher,307,6,17,0.5327284932136536,0.0576171875
shallow,fisher,307,6,18,0.5324293375015259,0.05859375
shallow,fisher,307,6,19,0.5214148759841919,0.0673828125
shallow,fisher,307,6,20,0.554860532283783,0.0537109375
shallow,fisher,307,6,21,0.500982940196991,0.0595703125
shallow,fisher,307,6,22,0.4797457158565521,0.0498046875
shallow,fisher,307,6,23,0.5394337773323059,0.056640625
shallow,fisher,307,6,24,0.512247622013092,0.0537109375
shallow,fisher,307,6,25,0.5165777802467346,0.072265625
shallow,fisher,307,6,26,0.5386684536933899,0.0439453125
shallow,fisher,307,6,27,0.4595695436000824,0.0537109375
shallow,fisher,307,6,28,0.5088913440704346,0.0595703125
shallow,fisher,307,6,29,0.5408124923706055,0.0478515625
shallow,fisher,307,6,30,0.5686963200569153,0.05078125
shallow,fisher,307,6,31,0.5312013626098633,0.0419921875
shallow,fisher,307,6,32,0.5833946466445923,0.05078125
shallow,fisher,307,6,33,0.5524038672447205,0.0537109375
shallow,fisher,307,6,34,0.624411940574646,0.048828125
shallow,fisher,307,6,35,0.5313040614128113,0.052734375
shallow,fisher,307,6,36,0.5365448594093323,0.05859375
shallow,fisher,307,6,37,0.5249809622764587,0.068359375
shallow,fisher,307,6,38,0.5288365483283997,0.056640625
shallow,fisher,307,6,39,0.5759234428405762,0.06640625
shallow,fisher,307,6,40,0.5961198806762695,0.0595703125
shallow,fisher,307,6,41,0.5443345904350281,0.05859375
shallow,fisher,307,6,42,0.5380958914756775,0.052734375
shallow,fisher,307,6,43,0.5692114233970642,0.044921875
shallow,fisher,307,6,44,0.5538493990898132,0.0556640625
shallow,fisher,307,6,45,0.5702316164970398,0.0537109375
shallow,fisher,307,6,46,0.5962690114974976,0.0625
shallow,fisher,307,6,47,0.5257646441459656,0.0517578125
shallow,fisher,307,6,48,0.49682852625846863,0.05078125
shallow,fisher,307,6,49,0.555838406085968,0.0517578125
shallow,fisher,307,6,50,0.5659116506576538,0.0634765625
shallow,fisher,307,6,51,0.5333149433135986,0.04296875
shallow,fisher,307,6,52,0.6313757300376892,0.0498046875
shallow,fisher,307,6,53,0.5024361610412598,0.0498046875
shallow,fisher,307,6,54,0.523884117603302,0.0458984375
shallow,fisher,307,6,55,0.5252002477645874,0.048828125
shallow,fisher,307,6,56,0.59768146276474,0.0546875
shallow,fisher,307,6,57,0.6241247057914734,0.0498046875
shallow,fisher,307,6,58,0.514988899230957,0.0654296875
shallow,fisher,307,6,59,0.5128694176673889,0.0546875
shallow,fisher,307,6,60,0.6057752370834351,0.0556640625
shallow,fisher,307,6,61,0.49664777517318726,0.0498046875
shallow,fisher,307,6,62,0.6016038656234741,0.0556640625
shallow,fisher,307,6,63,0.5043646693229675,0.052734375
shallow,fisher,307,6,64,0.588837742805481,0.0498046875
shallow,fisher,307,6,65,0.5015886425971985,0.0537109375
shallow,fisher,307,6,66,0.5758974552154541,0.0517578125
shallow,fisher,307,6,67,0.5173795223236084,0.052734375
shallow,fisher,307,6,68,0.5944542288780212,0.052734375
shallow,fisher,307,6,69,0.541746199131012,0.0458984375
shallow,fisher,307,6,70,0.5505085587501526,0.0478515625
shallow,fisher,307,6,71,0.5456844568252563,0.0498046875
shallow,fisher,307,6,72,0.570166289806366,0.05078125
shallow,fisher,307,6,73,0.513140857219696,0.0498046875
shallow,fisher,307,6,74,0.5024719834327698,0.046875
shallow,fisher,307,6,75,0.5937421321868896,0.0703125
shallow,fisher,307,6,76,0.5019976496696472,0.0439453125
shallow,fisher,307,6,77,0.5402331948280334,0.046875
shallow,fisher,307,6,78,0.5211778283119202,0.0546875
shallow,fisher,307,6,79,0.5472233891487122,0.0517578125
shallow,fisher,307,6,80,0.5229411125183105,0.037109375
shallow,fisher,307,6,81,0.5546767711639404,0.048828125
shallow,fisher,307,6,82,0.5412419438362122,0.0673828125
shallow,fisher,307,6,83,0.5118592381477356,0.0498046875
shallow,fisher,307,6,84,0.500516951084137,0.0537109375
shallow,fisher,307,6,85,0.5815891623497009,0.07421875
shallow,fisher,307,6,86,0.5612835884094238,0.052734375
shallow,fisher,307,6,87,0.5056860446929932,0.0537109375
shallow,fisher,307,6,88,0.5391038060188293,0.0576171875
shallow,fisher,307,6,89,0.5452410578727722,0.0595703125
shallow,fisher,307,6,90,0.5858524441719055,0.05859375
shallow,fisher,307,6,91,0.5613357424736023,0.0478515625
shallow,fisher,307,6,92,0.5717724561691284,0.0546875
shallow,fisher,307,6,93,0.4955749809741974,0.060546875
shallow,fisher,307,6,94,0.5508657097816467,0.0517578125
shallow,fisher,307,6,95,0.5434587001800537,0.0615234375
shallow,fisher,307,6,96,0.5294148921966553,0.044921875
shallow,fisher,307,6,97,0.5672270655632019,0.0537109375
shallow,fisher,307,6,98,0.5362184047698975,0.0458984375
shallow,fisher,307,6,99,0.5748119354248047,0.052734375
shallow,fisher,307,6,100,0.5618001222610474,0.0537109375
shallow,fisher,307,6,101,0.4610759913921356,0.046875
shallow,fisher,307,6,102,0.4968301057815552,0.0615234375
shallow,fisher,307,6,103,0.5324744582176208,0.0546875
shallow,fisher,307,6,104,0.5034664869308472,0.0439453125
shallow,fisher,307,6,105,0.5371408462524414,0.048828125
shallow,fisher,307,6,106,0.5059311985969543,0.0478515625
shallow,fisher,307,6,107,0.5136212110519409,0.0537109375
shallow,fisher,307,6,108,0.5374616384506226,0.0498046875
shallow,fisher,307,6,109,0.5198184251785278,0.0546875
shallow,fisher,307,6,110,0.5962813496589661,0.046875
shallow,fisher,307,6,111,0.5735461115837097,0.06640625
shallow,fisher,307,6,112,0.5862099528312683,0.0537109375
shallow,fisher,307,6,113,0.43713903427124023,0.0576171875
shallow,fisher,307,6,114,0.4680735170841217,0.0498046875
shallow,fisher,307,6,115,0.53657466173172,0.05859375
shallow,fisher,307,6,116,0.4783191680908203,0.060546875
shallow,fisher,307,6,117,0.48038777709007263,0.0517578125
shallow,fisher,307,6,118,0.6354993581771851,0.052734375
shallow,fisher,307,6,119,1.3692182302474976,0.05859375
shallow,fisher,307,6,120,0.5210981965065002,0.0458984375
shallow,fisher,307,6,121,0.48757606744766235,0.0556640625
shallow,fisher,307,6,122,0.5398593544960022,0.04296875
shallow,fisher,307,6,123,0.5363922715187073,0.0517578125
shallow,fisher,307,6,124,0.5624642968177795,0.0556640625
shallow,fisher,307,6,125,0.5548939108848572,0.041015625
shallow,fisher,307,6,126,0.645918071269989,0.0595703125
shallow,fisher,307,6,127,0.5257968902587891,0.044921875
shallow,fisher,307,6,128,0.4783734083175659,0.05078125
shallow,fisher,307,6,129,0.623295247554779,0.04296875
shallow,fisher,307,6,130,0.49126502871513367,0.0546875
shallow,fisher,307,6,131,0.5718040466308594,0.052734375
shallow,fisher,307,6,132,0.5707342624664307,0.052734375
shallow,fisher,307,6,133,0.5146868824958801,0.0517578125
shallow,fisher,307,6,134,0.5445120334625244,0.072265625
shallow,fisher,307,6,135,0.5755624771118164,0.046875
shallow,fisher,307,6,136,0.5965474247932434,0.052734375
shallow,fisher,307,6,137,0.5644100308418274,0.068359375
shallow,fisher,307,6,138,0.5752904415130615,0.0576171875
shallow,fisher,307,6,139,0.5879126191139221,0.0615234375
shallow,fisher,307,6,140,0.5369572639465332,0.0419921875
shallow,fisher,307,6,141,0.5822223424911499,0.05078125
shallow,fisher,307,6,142,0.53342604637146,0.0537109375
shallow,fisher,307,6,143,0.5551202297210693,0.064453125
shallow,fisher,307,6,144,0.5837952494621277,0.0546875
shallow,fisher,307,6,145,0.6549451947212219,0.0615234375
shallow,fisher,307,6,146,0.5353598594665527,0.0537109375
shallow,fisher,307,6,147,0.4886479377746582,0.0595703125
shallow,fisher,307,6,148,0.5925979614257812,0.046875
shallow,fisher,307,6,149,0.5456230044364929,0.0595703125
shallow,fisher,307,6,150,0.5605465769767761,0.0625
shallow,fisher,307,6,151,0.5842685699462891,0.048828125
shallow,fisher,307,6,152,0.5474625825881958,0.06640625
shallow,fisher,307,6,153,0.5618504285812378,0.0546875
shallow,fisher,307,6,154,0.5841257572174072,0.0693359375
shallow,fisher,307,6,155,0.5848523378372192,0.0517578125
shallow,fisher,307,6,156,0.5052744746208191,0.037109375
shallow,fisher,307,6,157,0.5861783623695374,0.052734375
shallow,fisher,307,6,158,0.5082566142082214,0.0556640625
shallow,fisher,307,6,159,0.6236250996589661,0.0537109375
shallow,fisher,307,6,160,0.4831908047199249,0.05078125
shallow,fisher,307,6,161,0.5380566120147705,0.0595703125
shallow,fisher,307,6,162,0.5777207016944885,0.0556640625
shallow,fisher,307,6,163,0.5211785435676575,0.05078125
shallow,fisher,307,6,164,0.5111923813819885,0.0517578125
shallow,fisher,307,6,165,0.5333948731422424,0.0478515625
shallow,fisher,307,6,166,0.5015084743499756,0.0703125
shallow,fisher,307,6,167,0.5069267749786377,0.041015625
shallow,fisher,307,6,168,0.49535253643989563,0.0625
shallow,fisher,307,6,169,0.561410129070282,0.05859375
shallow,fisher,307,6,170,0.6008368730545044,0.0556640625
shallow,fisher,307,6,171,0.5489009022712708,0.0615234375
shallow,fisher,307,6,172,0.5793219804763794,0.0537109375
shallow,fisher,307,6,173,0.5315079092979431,0.04296875
shallow,fisher,307,6,174,0.5309658050537109,0.0498046875
shallow,fisher,307,6,175,0.5680778622627258,0.0517578125
shallow,fisher,307,6,176,0.5406683683395386,0.0517578125
shallow,fisher,307,6,177,0.5808952450752258,0.0634765625
shallow,fisher,307,6,178,0.6401630640029907,0.060546875
shallow,fisher,307,6,179,0.5969216227531433,0.06640625
shallow,fisher,307,6,180,0.5353704690933228,0.0498046875
shallow,fisher,307,6,181,0.5971871018409729,0.0595703125
shallow,fisher,307,6,182,0.5292148590087891,0.0634765625
shallow,fisher,307,6,183,0.4980812966823578,0.0595703125
shallow,fisher,307,6,184,0.5373511910438538,0.0556640625
shallow,fisher,307,6,185,0.5420874953269958,0.06640625
shallow,fisher,307,6,186,0.5839676260948181,0.06640625
shallow,fisher,307,6,187,0.5766320824623108,0.0673828125
shallow,fisher,307,6,188,0.5238267779350281,0.0595703125
shallow,fisher,307,6,189,0.5282101631164551,0.0478515625
shallow,fisher,307,6,190,0.5438093543052673,0.0517578125
shallow,fisher,307,6,191,0.5667499899864197,0.0595703125
shallow,fisher,307,6,192,0.5021709203720093,0.0390625
shallow,fisher,307,6,193,0.5137493014335632,0.0439453125
shallow,fisher,307,6,194,0.5452438592910767,0.0478515625
shallow,fisher,307,6,195,0.5368293523788452,0.0556640625
shallow,fisher,307,6,196,0.5292577147483826,0.048828125
shallow,fisher,307,6,197,0.4765995144844055,0.0625
shallow,fisher,307,6,198,0.6104218363761902,0.0576171875
shallow,fisher,307,6,199,0.48735693097114563,0.0537109375
shallow,fisher,307,6,200,0.5294709205627441,0.052734375
shallow,fisher,307,6,201,0.5280265808105469,0.0400390625
shallow,fisher,307,6,202,0.5907414555549622,0.0625
shallow,fisher,307,6,203,0.5313351154327393,0.0546875
shallow,fisher,307,6,204,0.485504686832428,0.0732421875
shallow,fisher,307,6,205,0.5189379453659058,0.046875
shallow,fisher,307,6,206,0.5561574697494507,0.0517578125
shallow,fisher,307,6,207,0.6054115295410156,0.0546875
shallow,fisher,307,6,208,0.5452173948287964,0.0634765625
shallow,fisher,307,6,209,0.5247824788093567,0.048828125
shallow,fisher,307,6,210,0.540351390838623,0.0625
shallow,fisher,307,6,211,0.6290892362594604,0.0576171875
shallow,fisher,307,6,212,0.5592444539070129,0.0595703125
shallow,fisher,307,6,213,0.590796947479248,0.04296875
shallow,fisher,307,6,214,0.5985334515571594,0.05859375
shallow,fisher,307,6,215,0.6069473624229431,0.0478515625
shallow,fisher,307,6,216,0.5811234712600708,0.04296875
shallow,fisher,307,6,217,0.5774148106575012,0.0673828125
shallow,fisher,307,6,218,0.5863705277442932,0.0625
shallow,fisher,307,6,219,0.5206116437911987,0.0576171875
shallow,fisher,307,6,220,0.5646495819091797,0.044921875
shallow,fisher,307,6,221,0.5376135110855103,0.0537109375
shallow,fisher,307,6,222,0.5900256037712097,0.06640625
shallow,fisher,307,6,223,0.5559380054473877,0.0439453125
shallow,fisher,307,6,224,0.5681930184364319,0.0625
shallow,fisher,307,6,225,0.5739709734916687,0.05078125
shallow,fisher,307,6,226,0.5205805897712708,0.0439453125
shallow,fisher,307,6,227,0.5264368653297424,0.046875
shallow,fisher,307,6,228,0.5635868310928345,0.046875
shallow,fisher,307,6,229,0.5406890511512756,0.0625
shallow,fisher,307,6,230,0.5806821584701538,0.04296875
shallow,fisher,307,6,231,0.5851303935050964,0.0556640625
shallow,fisher,307,6,232,0.5291385054588318,0.056640625
shallow,fisher,307,6,233,0.5123721361160278,0.0458984375
shallow,fisher,307,6,234,0.5176932215690613,0.0654296875
shallow,fisher,307,6,235,0.5641269087791443,0.056640625
shallow,fisher,307,6,236,0.5064675211906433,0.05859375
shallow,fisher,307,6,237,0.5027573704719543,0.0634765625
shallow,fisher,307,6,238,0.5468251705169678,0.0517578125
shallow,fisher,307,6,239,0.5182023048400879,0.05859375
shallow,fisher,307,6,240,0.544378936290741,0.05078125
shallow,fisher,307,6,241,0.48981550335884094,0.0546875
shallow,fisher,307,6,242,0.49603989720344543,0.0537109375
shallow,fisher,307,6,243,0.5608493685722351,0.060546875
shallow,fisher,307,6,244,0.5777328014373779,0.0478515625
shallow,fisher,307,6,245,0.5834081768989563,0.0537109375
shallow,fisher,307,6,246,0.5144986510276794,0.0419921875
shallow,fisher,307,6,247,0.5443218350410461,0.0615234375
shallow,fisher,307,6,248,0.5573333501815796,0.056640625
shallow,fisher,307,6,249,0.5915080308914185,0.04296875
shallow,fisher,307,6,250,0.5441670417785645,0.05362776294350624
shallow,fisher,307,7,0,0.5329068303108215,0.0537109375
shallow,fisher,307,7,1,0.5652037262916565,0.06640625
shallow,fisher,307,7,2,0.5662257671356201,0.056640625
shallow,fisher,307,7,3,0.5309702754020691,0.064453125
shallow,fisher,307,7,4,0.5599987506866455,0.044921875
shallow,fisher,307,7,5,0.47063174843788147,0.0458984375
shallow,fisher,307,7,6,0.5362160801887512,0.0498046875
shallow,fisher,307,7,7,0.5500921607017517,0.056640625
shallow,fisher,307,7,8,0.5458798408508301,0.0625
shallow,fisher,307,7,9,0.5886289477348328,0.0595703125
shallow,fisher,307,7,10,0.5379379391670227,0.0537109375
shallow,fisher,307,7,11,0.5399863123893738,0.0546875
shallow,fisher,307,7,12,0.5229410529136658,0.0625
shallow,fisher,307,7,13,0.5114531517028809,0.0478515625
shallow,fisher,307,7,14,0.6094388365745544,0.06640625
shallow,fisher,307,7,15,0.5581706166267395,0.0556640625
shallow,fisher,307,7,16,0.517461895942688,0.048828125
shallow,fisher,307,7,17,0.5584797859191895,0.05078125
shallow,fisher,307,7,18,0.5720006227493286,0.0556640625
shallow,fisher,307,7,19,0.5137468576431274,0.048828125
shallow,fisher,307,7,20,0.5269144773483276,0.0498046875
shallow,fisher,307,7,21,0.5738116502761841,0.0546875
shallow,fisher,307,7,22,0.6185059547424316,0.0478515625
shallow,fisher,307,7,23,0.5944883823394775,0.0478515625
shallow,fisher,307,7,24,0.5304741859436035,0.0546875
shallow,fisher,307,7,25,0.5960559844970703,0.0478515625
shallow,fisher,307,7,26,0.5508015155792236,0.0654296875
shallow,fisher,307,7,27,0.47686898708343506,0.052734375
shallow,fisher,307,7,28,0.509914755821228,0.0595703125
shallow,fisher,307,7,29,0.49894899129867554,0.0615234375
shallow,fisher,307,7,30,0.5429936051368713,0.060546875
shallow,fisher,307,7,31,0.5173467993736267,0.0546875
shallow,fisher,307,7,32,0.5632230639457703,0.056640625
shallow,fisher,307,7,33,0.5130043029785156,0.056640625
shallow,fisher,307,7,34,0.5421929955482483,0.0546875
shallow,fisher,307,7,35,0.5029203295707703,0.0625
shallow,fisher,307,7,36,0.5312893390655518,0.05078125
shallow,fisher,307,7,37,0.52021324634552,0.068359375
shallow,fisher,307,7,38,0.5419110655784607,0.056640625
shallow,fisher,307,7,39,0.5378326773643494,0.046875
shallow,fisher,307,7,40,1.2529116868972778,0.0703125
shallow,fisher,307,7,41,0.5187354683876038,0.0478515625
shallow,fisher,307,7,42,0.5764945149421692,0.0546875
shallow,fisher,307,7,43,0.5776724815368652,0.0556640625
shallow,fisher,307,7,44,0.5221740007400513,0.05078125
shallow,fisher,307,7,45,0.5698398351669312,0.0654296875
shallow,fisher,307,7,46,0.596150279045105,0.048828125
shallow,fisher,307,7,47,0.4582102298736572,0.0458984375
shallow,fisher,307,7,48,0.5314632654190063,0.0556640625
shallow,fisher,307,7,49,0.5252731442451477,0.0478515625
shallow,fisher,307,7,50,0.5435538291931152,0.0556640625
shallow,fisher,307,7,51,0.5400165915489197,0.060546875
shallow,fisher,307,7,52,0.5559446811676025,0.0439453125
shallow,fisher,307,7,53,0.5490193963050842,0.060546875
shallow,fisher,307,7,54,0.5646185278892517,0.0537109375
shallow,fisher,307,7,55,0.5153236985206604,0.052734375
shallow,fisher,307,7,56,0.4984765648841858,0.0537109375
shallow,fisher,307,7,57,0.5299131274223328,0.052734375
shallow,fisher,307,7,58,0.5441364645957947,0.0546875
shallow,fisher,307,7,59,0.6031626462936401,0.0537109375
shallow,fisher,307,7,60,0.5292834043502808,0.0537109375
shallow,fisher,307,7,61,0.49185293912887573,0.05078125
shallow,fisher,307,7,62,0.5317887663841248,0.0537109375
shallow,fisher,307,7,63,0.5311315059661865,0.06640625
shallow,fisher,307,7,64,0.6502215266227722,0.0595703125
shallow,fisher,307,7,65,0.5270129442214966,0.0458984375
shallow,fisher,307,7,66,0.522661566734314,0.0556640625
shallow,fisher,307,7,67,0.5721560120582581,0.048828125
shallow,fisher,307,7,68,0.5628209710121155,0.060546875
shallow,fisher,307,7,69,0.5640565156936646,0.0556640625
shallow,fisher,307,7,70,0.4906170666217804,0.0498046875
shallow,fisher,307,7,71,0.5145910382270813,0.0517578125
shallow,fisher,307,7,72,0.6026230454444885,0.056640625
shallow,fisher,307,7,73,0.5955755114555359,0.064453125
shallow,fisher,307,7,74,0.5579445958137512,0.0439453125
shallow,fisher,307,7,75,0.4892728924751282,0.046875
shallow,fisher,307,7,76,0.5438080430030823,0.060546875
shallow,fisher,307,7,77,0.5247583389282227,0.0556640625
shallow,fisher,307,7,78,0.6119383573532104,0.0439453125
shallow,fisher,307,7,79,0.505238950252533,0.046875
shallow,fisher,307,7,80,0.5035734176635742,0.044921875
shallow,fisher,307,7,81,0.5119066834449768,0.0537109375
shallow,fisher,307,7,82,0.5414031744003296,0.0517578125
shallow,fisher,307,7,83,0.568837583065033,0.0546875
shallow,fisher,307,7,84,0.5508632063865662,0.0546875
shallow,fisher,307,7,85,0.5323876738548279,0.0537109375
shallow,fisher,307,7,86,0.5452325940132141,0.0537109375
shallow,fisher,307,7,87,0.5188865661621094,0.048828125
shallow,fisher,307,7,88,0.5378232002258301,0.05859375
shallow,fisher,307,7,89,0.4869793951511383,0.0517578125
shallow,fisher,307,7,90,0.5636659860610962,0.048828125
shallow,fisher,307,7,91,0.5405546426773071,0.0595703125
shallow,fisher,307,7,92,0.4855993688106537,0.0537109375
shallow,fisher,307,7,93,0.5853027701377869,0.0537109375
shallow,fisher,307,7,94,0.5890705585479736,0.0546875
shallow,fisher,307,7,95,0.5665920376777649,0.0576171875
shallow,fisher,307,7,96,0.5662686824798584,0.046875
shallow,fisher,307,7,97,0.583429217338562,0.0546875
shallow,fisher,307,7,98,0.5601598024368286,0.048828125
shallow,fisher,307,7,99,0.5915987491607666,0.0546875
shallow,fisher,307,7,100,0.5424829125404358,0.056640625
shallow,fisher,307,7,101,0.5243180990219116,0.064453125
shallow,fisher,307,7,102,0.5447413325309753,0.064453125
shallow,fisher,307,7,103,0.5518612861633301,0.0517578125
shallow,fisher,307,7,104,0.5543830394744873,0.0439453125
shallow,fisher,307,7,105,0.5803734660148621,0.0576171875
shallow,fisher,307,7,106,0.5418643355369568,0.06640625
shallow,fisher,307,7,107,0.5533723831176758,0.060546875
shallow,fisher,307,7,108,0.5579776167869568,0.0458984375
shallow,fisher,307,7,109,0.5030680298805237,0.0517578125
shallow,fisher,307,7,110,0.5297678112983704,0.0537109375
shallow,fisher,307,7,111,0.5187462568283081,0.0546875
shallow,fisher,307,7,112,0.5564334988594055,0.048828125
shallow,fisher,307,7,113,0.5821231007575989,0.0517578125
shallow,fisher,307,7,114,0.5736421346664429,0.0361328125
shallow,fisher,307,7,115,0.5260148048400879,0.0615234375
shallow,fisher,307,7,116,0.6075912714004517,0.0595703125
shallow,fisher,307,7,117,0.4627736210823059,0.0732421875
shallow,fisher,307,7,118,0.5720037221908569,0.048828125
shallow,fisher,307,7,119,0.4930632412433624,0.044921875
shallow,fisher,307,7,120,0.5362461805343628,0.0595703125
shallow,fisher,307,7,121,0.4720211625099182,0.044921875
shallow,fisher,307,7,122,0.5406477451324463,0.0634765625
shallow,fisher,307,7,123,0.5572080016136169,0.056640625
shallow,fisher,307,7,124,0.5153549909591675,0.0458984375
shallow,fisher,307,7,125,0.5426276922225952,0.046875
shallow,fisher,307,7,126,0.5243799686431885,0.056640625
shallow,fisher,307,7,127,0.5451542139053345,0.0546875
shallow,fisher,307,7,128,0.5381885170936584,0.0654296875
shallow,fisher,307,7,129,0.5200769305229187,0.0595703125
shallow,fisher,307,7,130,0.6294717192649841,0.044921875
shallow,fisher,307,7,131,0.5589393973350525,0.0439453125
shallow,fisher,307,7,132,0.5112609267234802,0.0439453125
shallow,fisher,307,7,133,0.5660372376441956,0.05078125
shallow,fisher,307,7,134,0.5877793431282043,0.04296875
shallow,fisher,307,7,135,0.5380057692527771,0.0537109375
shallow,fisher,307,7,136,0.5335551500320435,0.068359375
shallow,fisher,307,7,137,0.5771373510360718,0.0458984375
shallow,fisher,307,7,138,0.5807005167007446,0.048828125
shallow,fisher,307,7,139,0.5544267892837524,0.0615234375
shallow,fisher,307,7,140,0.5802227854728699,0.064453125
shallow,fisher,307,7,141,0.4869251847267151,0.048828125
shallow,fisher,307,7,142,0.5016534328460693,0.0478515625
shallow,fisher,307,7,143,0.46490171551704407,0.0400390625
shallow,fisher,307,7,144,0.61419677734375,0.056640625
shallow,fisher,307,7,145,0.5286415219306946,0.048828125
shallow,fisher,307,7,146,0.49949294328689575,0.0673828125
shallow,fisher,307,7,147,0.5485464334487915,0.0458984375
shallow,fisher,307,7,148,0.5441174507141113,0.0556640625
shallow,fisher,307,7,149,0.5233247876167297,0.056640625
shallow,fisher,307,7,150,0.43561893701553345,0.0556640625
shallow,fisher,307,7,151,0.5323761105537415,0.0546875
shallow,fisher,307,7,152,0.5245828032493591,0.068359375
shallow,fisher,307,7,153,0.5489064455032349,0.0498046875
shallow,fisher,307,7,154,0.5300711393356323,0.05078125
shallow,fisher,307,7,155,0.4966483414173126,0.0478515625
shallow,fisher,307,7,156,0.5342020988464355,0.044921875
shallow,fisher,307,7,157,0.5341753363609314,0.05078125
shallow,fisher,307,7,158,0.5202686786651611,0.0498046875
shallow,fisher,307,7,159,0.5531668066978455,0.0458984375
shallow,fisher,307,7,160,0.5514878034591675,0.05078125
shallow,fisher,307,7,161,0.5151599049568176,0.0556640625
shallow,fisher,307,7,162,0.5723587274551392,0.0517578125
shallow,fisher,307,7,163,0.5532231330871582,0.0419921875
shallow,fisher,307,7,164,0.4995992183685303,0.044921875
shallow,fisher,307,7,165,0.5462949275970459,0.0556640625
shallow,fisher,307,7,166,0.5333251953125,0.068359375
shallow,fisher,307,7,167,0.5218929648399353,0.0615234375
shallow,fisher,307,7,168,0.5554953217506409,0.0537109375
shallow,fisher,307,7,169,0.5980567336082458,0.052734375
shallow,fisher,307,7,170,0.5631818771362305,0.0556640625
shallow,fisher,307,7,171,0.5350044965744019,0.05859375
shallow,fisher,307,7,172,0.5022745728492737,0.05859375
shallow,fisher,307,7,173,0.5360158085823059,0.0380859375
shallow,fisher,307,7,174,0.5779311060905457,0.056640625
shallow,fisher,307,7,175,0.5500202775001526,0.0439453125
shallow,fisher,307,7,176,0.5263913869857788,0.0595703125
shallow,fisher,307,7,177,0.5885112285614014,0.0458984375
shallow,fisher,307,7,178,0.5199623703956604,0.0439453125
shallow,fisher,307,7,179,0.5860235095024109,0.048828125
shallow,fisher,307,7,180,0.430422306060791,0.0556640625
shallow,fisher,307,7,181,0.5019715428352356,0.0703125
shallow,fisher,307,7,182,0.4797215759754181,0.064453125
shallow,fisher,307,7,183,0.5225819945335388,0.0419921875
shallow,fisher,307,7,184,0.556972861289978,0.0546875
shallow,fisher,307,7,185,0.5148980617523193,0.0458984375
shallow,fisher,307,7,186,0.48344606161117554,0.05078125
shallow,fisher,307,7,187,0.533990740776062,0.0498046875
shallow,fisher,307,7,188,0.5040644407272339,0.0615234375
shallow,fisher,307,7,189,0.5032751560211182,0.0576171875
shallow,fisher,307,7,190,0.5861108899116516,0.0556640625
shallow,fisher,307,7,191,0.5663332343101501,0.05078125
shallow,fisher,307,7,192,0.6319034695625305,0.0615234375
shallow,fisher,307,7,193,0.4846050441265106,0.0625
shallow,fisher,307,7,194,0.5010066628456116,0.046875
shallow,fisher,307,7,195,0.5654866099357605,0.048828125
shallow,fisher,307,7,196,0.5540399551391602,0.0546875
shallow,fisher,307,7,197,0.5518178939819336,0.0537109375
shallow,fisher,307,7,198,0.5420785546302795,0.046875
shallow,fisher,307,7,199,0.5754852890968323,0.0595703125
shallow,fisher,307,7,200,0.47503578662872314,0.05859375
shallow,fisher,307,7,201,0.5112214088439941,0.05859375
shallow,fisher,307,7,202,0.5753222703933716,0.0615234375
shallow,fisher,307,7,203,0.5477070212364197,0.0556640625
shallow,fisher,307,7,204,0.6020575165748596,0.0458984375
shallow,fisher,307,7,205,0.48298269510269165,0.064453125
shallow,fisher,307,7,206,0.5868814587593079,0.0419921875
shallow,fisher,307,7,207,0.5206004977226257,0.0478515625
shallow,fisher,307,7,208,0.5299503803253174,0.0498046875
shallow,fisher,307,7,209,0.5284441709518433,0.044921875
shallow,fisher,307,7,210,0.5204976797103882,0.056640625
shallow,fisher,307,7,211,0.5467849969863892,0.05859375
shallow,fisher,307,7,212,0.5153724551200867,0.0556640625
shallow,fisher,307,7,213,0.5167924761772156,0.0478515625
shallow,fisher,307,7,214,0.5074869394302368,0.07421875
shallow,fisher,307,7,215,0.5601292252540588,0.0517578125
shallow,fisher,307,7,216,0.541449248790741,0.0556640625
shallow,fisher,307,7,217,0.5176626443862915,0.0458984375
shallow,fisher,307,7,218,0.556631326675415,0.0625
shallow,fisher,307,7,219,0.5057718753814697,0.0546875
shallow,fisher,307,7,220,0.5636471509933472,0.0615234375
shallow,fisher,307,7,221,0.5934658646583557,0.04296875
shallow,fisher,307,7,222,0.5273687839508057,0.0546875
shallow,fisher,307,7,223,0.5791656374931335,0.0576171875
shallow,fisher,307,7,224,0.6002408266067505,0.044921875
shallow,fisher,307,7,225,0.4762561023235321,0.06640625
shallow,fisher,307,7,226,0.47758936882019043,0.0537109375
shallow,fisher,307,7,227,0.5059542059898376,0.0537109375
shallow,fisher,307,7,228,0.5651060938835144,0.0546875
shallow,fisher,307,7,229,0.562034547328949,0.056640625
shallow,fisher,307,7,230,0.5290657877922058,0.0625
shallow,fisher,307,7,231,0.5131067633628845,0.0517578125
shallow,fisher,307,7,232,0.5946873426437378,0.0478515625
shallow,fisher,307,7,233,0.5123405456542969,0.0625
shallow,fisher,307,7,234,0.49827077984809875,0.0634765625
shallow,fisher,307,7,235,0.5470610857009888,0.056640625
shallow,fisher,307,7,236,0.5564447045326233,0.0478515625
shallow,fisher,307,7,237,0.5350020527839661,0.05859375
shallow,fisher,307,7,238,0.6104826331138611,0.05078125
shallow,fisher,307,7,239,0.472511351108551,0.0478515625
shallow,fisher,307,7,240,0.582869827747345,0.0390625
shallow,fisher,307,7,241,0.5426335334777832,0.0576171875
shallow,fisher,307,7,242,0.5334234237670898,0.0556640625
shallow,fisher,307,7,243,0.5506369471549988,0.0498046875
shallow,fisher,307,7,244,0.5074815154075623,0.04296875
shallow,fisher,307,7,245,0.5247057676315308,0.05078125
shallow,fisher,307,7,246,0.5070286393165588,0.0546875
shallow,fisher,307,7,247,0.5497050285339355,0.05859375
shallow,fisher,307,7,248,0.5425783395767212,0.0537109375
shallow,fisher,307,7,249,0.5047752261161804,0.076171875
shallow,fisher,307,7,250,0.5583856701850891,0.06940063089132309
shallow,fisher,307,8,0,0.5216840505599976,0.0546875
shallow,fisher,307,8,1,0.4932703971862793,0.044921875
shallow,fisher,307,8,2,0.4748064875602722,0.05859375
shallow,fisher,307,8,3,0.5546804666519165,0.0625
shallow,fisher,307,8,4,0.5152576565742493,0.052734375
shallow,fisher,307,8,5,0.49789097905158997,0.05859375
shallow,fisher,307,8,6,0.5158681273460388,0.0615234375
shallow,fisher,307,8,7,0.5446375608444214,0.0498046875
shallow,fisher,307,8,8,0.5442897081375122,0.041015625
shallow,fisher,307,8,9,0.5484071373939514,0.05078125
shallow,fisher,307,8,10,0.5896422266960144,0.0458984375
shallow,fisher,307,8,11,0.5242902636528015,0.046875
shallow,fisher,307,8,12,0.5278769135475159,0.0458984375
shallow,fisher,307,8,13,0.5092586874961853,0.0595703125
shallow,fisher,307,8,14,0.5202577710151672,0.0439453125
shallow,fisher,307,8,15,0.4777725040912628,0.048828125
shallow,fisher,307,8,16,0.5088402628898621,0.048828125
shallow,fisher,307,8,17,0.5242602825164795,0.052734375
shallow,fisher,307,8,18,0.5196154117584229,0.0546875
shallow,fisher,307,8,19,0.5599989891052246,0.0576171875
shallow,fisher,307,8,20,0.5003344416618347,0.05078125
shallow,fisher,307,8,21,0.49815496802330017,0.0556640625
shallow,fisher,307,8,22,0.5007571578025818,0.05078125
shallow,fisher,307,8,23,0.47481465339660645,0.04296875
shallow,fisher,307,8,24,0.4533481299877167,0.0380859375
shallow,fisher,307,8,25,0.4751528799533844,0.0556640625
shallow,fisher,307,8,26,0.5598671436309814,0.046875
shallow,fisher,307,8,27,0.5072637796401978,0.0517578125
shallow,fisher,307,8,28,0.5092807412147522,0.05859375
shallow,fisher,307,8,29,0.5466552972793579,0.0556640625
shallow,fisher,307,8,30,0.5828625559806824,0.0517578125
shallow,fisher,307,8,31,0.5042004585266113,0.0576171875
shallow,fisher,307,8,32,0.49770471453666687,0.05859375
shallow,fisher,307,8,33,0.5412417650222778,0.046875
shallow,fisher,307,8,34,0.5025539398193359,0.0517578125
shallow,fisher,307,8,35,0.5501932501792908,0.0537109375
shallow,fisher,307,8,36,0.5857969522476196,0.046875
shallow,fisher,307,8,37,0.5618587732315063,0.0517578125
shallow,fisher,307,8,38,0.5802066326141357,0.052734375
shallow,fisher,307,8,39,0.5402677655220032,0.052734375
shallow,fisher,307,8,40,0.5757710337638855,0.05859375
shallow,fisher,307,8,41,0.5249753594398499,0.0654296875
shallow,fisher,307,8,42,0.5224809050559998,0.0625
shallow,fisher,307,8,43,0.48776158690452576,0.0517578125
shallow,fisher,307,8,44,0.5628039240837097,0.048828125
shallow,fisher,307,8,45,0.4927092492580414,0.0615234375
shallow,fisher,307,8,46,0.48167577385902405,0.0576171875
shallow,fisher,307,8,47,0.4886769950389862,0.05078125
shallow,fisher,307,8,48,0.4761602282524109,0.060546875
shallow,fisher,307,8,49,0.6319324970245361,0.0576171875
shallow,fisher,307,8,50,0.5976715683937073,0.0537109375
shallow,fisher,307,8,51,0.49726513028144836,0.0478515625
shallow,fisher,307,8,52,0.4809302091598511,0.0595703125
shallow,fisher,307,8,53,0.5630615949630737,0.052734375
shallow,fisher,307,8,54,0.4985714852809906,0.0478515625
shallow,fisher,307,8,55,0.555176854133606,0.060546875
shallow,fisher,307,8,56,0.5299677848815918,0.0458984375
shallow,fisher,307,8,57,0.5119698643684387,0.0419921875
shallow,fisher,307,8,58,0.5404409766197205,0.0556640625
shallow,fisher,307,8,59,0.5283849835395813,0.060546875
shallow,fisher,307,8,60,0.5156354308128357,0.0556640625
shallow,fisher,307,8,61,0.5934945940971375,0.0458984375
shallow,fisher,307,8,62,0.505483865737915,0.0625
shallow,fisher,307,8,63,0.6195946931838989,0.0517578125
shallow,fisher,307,8,64,0.5030847191810608,0.0634765625
shallow,fisher,307,8,65,0.583380401134491,0.048828125
shallow,fisher,307,8,66,0.4764367640018463,0.0478515625
shallow,fisher,307,8,67,0.5567939877510071,0.0478515625
shallow,fisher,307,8,68,0.5272149443626404,0.05078125
shallow,fisher,307,8,69,0.5340466499328613,0.0595703125
shallow,fisher,307,8,70,0.5452594757080078,0.0595703125
shallow,fisher,307,8,71,0.6251567006111145,0.048828125
shallow,fisher,307,8,72,0.5705544352531433,0.064453125
shallow,fisher,307,8,73,0.508731484413147,0.0517578125
shallow,fisher,307,8,74,0.6186269521713257,0.0380859375
shallow,fisher,307,8,75,0.5142050981521606,0.064453125
shallow,fisher,307,8,76,0.5488811731338501,0.0517578125
shallow,fisher,307,8,77,0.560247540473938,0.0537109375
shallow,fisher,307,8,78,0.595835268497467,0.0673828125
shallow,fisher,307,8,79,0.6091533899307251,0.056640625
shallow,fisher,307,8,80,0.6121145486831665,0.048828125
shallow,fisher,307,8,81,0.6007886528968811,0.056640625
shallow,fisher,307,8,82,0.4885197877883911,0.07421875
shallow,fisher,307,8,83,0.5193130373954773,0.0556640625
shallow,fisher,307,8,84,0.5302565097808838,0.0625
shallow,fisher,307,8,85,0.534825325012207,0.0380859375
shallow,fisher,307,8,86,0.5783079266548157,0.0537109375
shallow,fisher,307,8,87,0.5740432739257812,0.0517578125
shallow,fisher,307,8,88,0.5938999652862549,0.064453125
shallow,fisher,307,8,89,0.5072101950645447,0.0615234375
shallow,fisher,307,8,90,0.56833416223526,0.0498046875
shallow,fisher,307,8,91,0.6087605953216553,0.05078125
shallow,fisher,307,8,92,0.49736374616622925,0.05859375
shallow,fisher,307,8,93,0.49454599618911743,0.044921875
shallow,fisher,307,8,94,0.5540884137153625,0.052734375
shallow,fisher,307,8,95,0.4464462101459503,0.0478515625
shallow,fisher,307,8,96,0.5802948474884033,0.05859375
shallow,fisher,307,8,97,0.5953763723373413,0.056640625
shallow,fisher,307,8,98,0.5489382743835449,0.06640625
shallow,fisher,307,8,99,0.5615336298942566,0.05859375
shallow,fisher,307,8,100,0.5226974487304688,0.048828125
shallow,fisher,307,8,101,0.6250839829444885,0.0576171875
shallow,fisher,307,8,102,0.5528944134712219,0.03125
shallow,fisher,307,8,103,0.5345479846000671,0.0576171875
shallow,fisher,307,8,104,0.5298323035240173,0.0498046875
shallow,fisher,307,8,105,0.49704837799072266,0.0439453125
shallow,fisher,307,8,106,0.5022882223129272,0.0595703125
shallow,fisher,307,8,107,0.5732818841934204,0.0546875
shallow,fisher,307,8,108,0.5113393068313599,0.048828125
shallow,fisher,307,8,109,0.5608536005020142,0.060546875
shallow,fisher,307,8,110,0.5736544132232666,0.0498046875
shallow,fisher,307,8,111,0.5294359922409058,0.0400390625
shallow,fisher,307,8,112,0.47216492891311646,0.064453125
shallow,fisher,307,8,113,0.5364298820495605,0.0556640625
shallow,fisher,307,8,114,0.6063635349273682,0.0478515625
shallow,fisher,307,8,115,0.5105081796646118,0.033203125
shallow,fisher,307,8,116,0.4837398827075958,0.052734375
shallow,fisher,307,8,117,0.538946270942688,0.0556640625
shallow,fisher,307,8,118,0.5014373660087585,0.0517578125
shallow,fisher,307,8,119,0.5187026858329773,0.05078125
shallow,fisher,307,8,120,0.5598681569099426,0.0576171875
shallow,fisher,307,8,121,0.48990851640701294,0.0458984375
shallow,fisher,307,8,122,0.5630722641944885,0.0556640625
shallow,fisher,307,8,123,0.5982282757759094,0.0439453125
shallow,fisher,307,8,124,0.5003243088722229,0.0576171875
shallow,fisher,307,8,125,0.5462115406990051,0.05078125
shallow,fisher,307,8,126,0.5548076033592224,0.0546875
shallow,fisher,307,8,127,0.5380875468254089,0.0458984375
shallow,fisher,307,8,128,0.5026979446411133,0.0546875
shallow,fisher,307,8,129,0.4851786494255066,0.05078125
shallow,fisher,307,8,130,0.5793173909187317,0.0595703125
shallow,fisher,307,8,131,0.6271650791168213,0.0576171875
shallow,fisher,307,8,132,0.4886946678161621,0.046875
shallow,fisher,307,8,133,0.5696680545806885,0.0595703125
shallow,fisher,307,8,134,0.5872255563735962,0.0751953125
shallow,fisher,307,8,135,0.5437979102134705,0.0546875
shallow,fisher,307,8,136,0.5688143372535706,0.0654296875
shallow,fisher,307,8,137,0.5657046437263489,0.0576171875
shallow,fisher,307,8,138,0.5319586396217346,0.0419921875
shallow,fisher,307,8,139,0.5307995676994324,0.044921875
shallow,fisher,307,8,140,0.5435646176338196,0.046875
shallow,fisher,307,8,141,0.5035509467124939,0.056640625
shallow,fisher,307,8,142,0.4813787341117859,0.0546875
shallow,fisher,307,8,143,0.5336992740631104,0.0615234375
shallow,fisher,307,8,144,0.5240964293479919,0.0556640625
shallow,fisher,307,8,145,0.5655661821365356,0.0615234375
shallow,fisher,307,8,146,0.577521800994873,0.046875
shallow,fisher,307,8,147,0.4836673438549042,0.0546875
shallow,fisher,307,8,148,0.49060583114624023,0.0625
shallow,fisher,307,8,149,0.48130983114242554,0.05078125
shallow,fisher,307,8,150,0.49924740195274353,0.064453125
shallow,fisher,307,8,151,0.5229006409645081,0.060546875
shallow,fisher,307,8,152,0.5225814580917358,0.052734375
shallow,fisher,307,8,153,0.5436694025993347,0.052734375
shallow,fisher,307,8,154,0.5214653611183167,0.052734375
shallow,fisher,307,8,155,0.52347332239151,0.0625
shallow,fisher,307,8,156,0.5664050579071045,0.0654296875
shallow,fisher,307,8,157,0.46613648533821106,0.0537109375
shallow,fisher,307,8,158,0.5257739424705505,0.060546875
shallow,fisher,307,8,159,0.5568317770957947,0.0546875
shallow,fisher,307,8,160,0.5243836641311646,0.056640625
shallow,fisher,307,8,161,0.5277929306030273,0.044921875
shallow,fisher,307,8,162,0.5909053683280945,0.0517578125
shallow,fisher,307,8,163,0.49269309639930725,0.056640625
shallow,fisher,307,8,164,0.5217751264572144,0.0556640625
shallow,fisher,307,8,165,0.5425188541412354,0.05078125
shallow,fisher,307,8,166,0.5700526833534241,0.0634765625
shallow,fisher,307,8,167,0.5592345595359802,0.0546875
shallow,fisher,307,8,168,0.5412582159042358,0.0625
shallow,fisher,307,8,169,0.5282842516899109,0.046875
shallow,fisher,307,8,170,0.589020848274231,0.0625
shallow,fisher,307,8,171,0.5119826793670654,0.048828125
shallow,fisher,307,8,172,0.555060625076294,0.05078125
shallow,fisher,307,8,173,0.5552056431770325,0.0537109375
shallow,fisher,307,8,174,0.5173316597938538,0.060546875
shallow,fisher,307,8,175,0.519463062286377,0.05078125
shallow,fisher,307,8,176,0.5304152965545654,0.0576171875
shallow,fisher,307,8,177,0.5090305209159851,0.048828125
shallow,fisher,307,8,178,0.46108725666999817,0.05078125
shallow,fisher,307,8,179,0.5536302328109741,0.052734375
shallow,fisher,307,8,180,0.47501423954963684,0.0615234375
shallow,fisher,307,8,181,0.549885094165802,0.0703125
shallow,fisher,307,8,182,0.5029738545417786,0.046875
shallow,fisher,307,8,183,0.4611729681491852,0.05859375
shallow,fisher,307,8,184,0.5608483552932739,0.060546875
shallow,fisher,307,8,185,0.5067471861839294,0.0576171875
shallow,fisher,307,8,186,0.5088886618614197,0.05078125
shallow,fisher,307,8,187,0.5152970552444458,0.0673828125
shallow,fisher,307,8,188,0.4788641035556793,0.052734375
shallow,fisher,307,8,189,0.5328370332717896,0.048828125
shallow,fisher,307,8,190,0.500293493270874,0.0517578125
shallow,fisher,307,8,191,0.50309818983078,0.04296875
shallow,fisher,307,8,192,0.6276077032089233,0.0419921875
shallow,fisher,307,8,193,0.4978086054325104,0.0703125
shallow,fisher,307,8,194,0.535939633846283,0.05078125
shallow,fisher,307,8,195,0.5554689168930054,0.0546875
shallow,fisher,307,8,196,0.5519322752952576,0.0595703125
shallow,fisher,307,8,197,0.5296003818511963,0.0478515625
shallow,fisher,307,8,198,0.5011881589889526,0.0595703125
shallow,fisher,307,8,199,0.5272967219352722,0.064453125
shallow,fisher,307,8,200,0.49275803565979004,0.0595703125
shallow,fisher,307,8,201,0.49956122040748596,0.0546875
shallow,fisher,307,8,202,0.5718703269958496,0.0556640625
shallow,fisher,307,8,203,0.5772340297698975,0.0546875
shallow,fisher,307,8,204,0.5958956480026245,0.05859375
shallow,fisher,307,8,205,0.4826631546020508,0.0546875
shallow,fisher,307,8,206,0.546656608581543,0.046875
shallow,fisher,307,8,207,0.5313819050788879,0.0556640625
shallow,fisher,307,8,208,0.529902458190918,0.05859375
shallow,fisher,307,8,209,0.5872306823730469,0.052734375
shallow,fisher,307,8,210,0.6037419438362122,0.0673828125
shallow,fisher,307,8,211,0.4943203330039978,0.05078125
shallow,fisher,307,8,212,0.5230339765548706,0.060546875
shallow,fisher,307,8,213,0.5613997578620911,0.056640625
shallow,fisher,307,8,214,0.4988686740398407,0.0537109375
shallow,fisher,307,8,215,0.5458734631538391,0.0654296875
shallow,fisher,307,8,216,0.5055993795394897,0.044921875
shallow,fisher,307,8,217,0.5276702046394348,0.0654296875
shallow,fisher,307,8,218,0.5611875057220459,0.0517578125
shallow,fisher,307,8,219,0.5220764875411987,0.048828125
shallow,fisher,307,8,220,0.5353572964668274,0.0546875
shallow,fisher,307,8,221,0.5485211610794067,0.044921875
shallow,fisher,307,8,222,0.46815598011016846,0.0615234375
shallow,fisher,307,8,223,0.5251055359840393,0.05078125
shallow,fisher,307,8,224,0.5385875105857849,0.0625
shallow,fisher,307,8,225,0.4944288730621338,0.0625
shallow,fisher,307,8,226,0.5515991449356079,0.046875
shallow,fisher,307,8,227,0.5339758396148682,0.041015625
shallow,fisher,307,8,228,0.4516419470310211,0.060546875
shallow,fisher,307,8,229,0.47671443223953247,0.0498046875
shallow,fisher,307,8,230,0.5078525543212891,0.0576171875
shallow,fisher,307,8,231,0.5254212617874146,0.041015625
shallow,fisher,307,8,232,0.5509509444236755,0.0517578125
shallow,fisher,307,8,233,0.5304532051086426,0.056640625
shallow,fisher,307,8,234,0.5012694597244263,0.05078125
shallow,fisher,307,8,235,0.4929998517036438,0.0419921875
shallow,fisher,307,8,236,0.536948025226593,0.0595703125
shallow,fisher,307,8,237,0.46553835272789,0.0546875
shallow,fisher,307,8,238,0.4511938989162445,0.056640625
shallow,fisher,307,8,239,0.5239511132240295,0.0498046875
shallow,fisher,307,8,240,0.5301708579063416,0.0556640625
shallow,fisher,307,8,241,0.46311402320861816,0.0341796875
shallow,fisher,307,8,242,0.5347368717193604,0.060546875
shallow,fisher,307,8,243,1.3191759586334229,0.048828125
shallow,fisher,307,8,244,0.5885098576545715,0.0625
shallow,fisher,307,8,245,0.5924537181854248,0.05859375
shallow,fisher,307,8,246,0.5914161801338196,0.0517578125
shallow,fisher,307,8,247,0.5238027572631836,0.0576171875
shallow,fisher,307,8,248,0.5559655427932739,0.0546875
shallow,fisher,307,8,249,0.5761467814445496,0.052734375
shallow,fisher,307,8,250,0.49489080905914307,0.04731861129403114
shallow,saber_v2,307,1,0,1.1323859691619873,0.056640625
shallow,saber_v2,307,1,1,1.069596529006958,0.0498046875
shallow,saber_v2,307,1,2,0.9187029600143433,0.064453125
shallow,saber_v2,307,1,3,0.8753419518470764,0.052734375
shallow,saber_v2,307,1,4,0.7985759973526001,0.0625
shallow,saber_v2,307,1,5,0.9868585467338562,0.0537109375
shallow,saber_v2,307,1,6,0.9610142707824707,0.0400390625
shallow,saber_v2,307,1,7,0.8387007713317871,0.068359375
shallow,saber_v2,307,1,8,0.8002177476882935,0.0478515625
shallow,saber_v2,307,1,9,0.9181951284408569,0.0595703125
shallow,saber_v2,307,1,10,0.9310433864593506,0.048828125
shallow,saber_v2,307,1,11,0.8844221830368042,0.05859375
shallow,saber_v2,307,1,12,0.7744755744934082,0.0380859375
shallow,saber_v2,307,1,13,0.791019856929779,0.05859375
shallow,saber_v2,307,1,14,0.7734745740890503,0.0615234375
shallow,saber_v2,307,1,15,0.9127954244613647,0.0439453125
shallow,saber_v2,307,1,16,0.8113043904304504,0.0546875
shallow,saber_v2,307,1,17,0.854914665222168,0.046875
shallow,saber_v2,307,1,18,0.7359651327133179,0.041015625
shallow,saber_v2,307,1,19,0.7855314016342163,0.056640625
shallow,saber_v2,307,1,20,0.8335869908332825,0.0458984375
shallow,saber_v2,307,1,21,0.7648963332176208,0.052734375
shallow,saber_v2,307,1,22,0.755681574344635,0.0693359375
shallow,saber_v2,307,1,23,0.8053164482116699,0.0537109375
shallow,saber_v2,307,1,24,0.8241851329803467,0.0673828125
shallow,saber_v2,307,1,25,0.8299591541290283,0.0537109375
shallow,saber_v2,307,1,26,0.8048162460327148,0.04296875
shallow,saber_v2,307,1,27,0.7578363418579102,0.0673828125
shallow,saber_v2,307,1,28,0.8004841208457947,0.0576171875
shallow,saber_v2,307,1,29,0.7793983817100525,0.0595703125
shallow,saber_v2,307,1,30,0.7800102233886719,0.048828125
shallow,saber_v2,307,1,31,0.7991189360618591,0.046875
shallow,saber_v2,307,1,32,0.8142989277839661,0.0439453125
shallow,saber_v2,307,1,33,0.7705157399177551,0.052734375
shallow,saber_v2,307,1,34,0.8646672368049622,0.0537109375
shallow,saber_v2,307,1,35,0.7038481831550598,0.0537109375
shallow,saber_v2,307,1,36,0.7843763828277588,0.048828125
shallow,saber_v2,307,1,37,0.6673505902290344,0.060546875
shallow,saber_v2,307,1,38,0.8594008088111877,0.0625
shallow,saber_v2,307,1,39,0.7476937770843506,0.0576171875
shallow,saber_v2,307,1,40,0.7174816131591797,0.0537109375
shallow,saber_v2,307,1,41,0.7973235249519348,0.05078125
shallow,saber_v2,307,1,42,0.7915164828300476,0.0498046875
shallow,saber_v2,307,1,43,0.7016589045524597,0.064453125
shallow,saber_v2,307,1,44,0.7060911059379578,0.0546875
shallow,saber_v2,307,1,45,0.7571156024932861,0.0498046875
shallow,saber_v2,307,1,46,0.7295202612876892,0.05859375
shallow,saber_v2,307,1,47,0.695322573184967,0.0537109375
shallow,saber_v2,307,1,48,0.6896204948425293,0.0439453125
shallow,saber_v2,307,1,49,0.7462312579154968,0.0556640625
shallow,saber_v2,307,1,50,0.7103578448295593,0.052734375
shallow,saber_v2,307,1,51,0.7756018042564392,0.0458984375
shallow,saber_v2,307,1,52,0.742497980594635,0.0537109375
shallow,saber_v2,307,1,53,0.7726665139198303,0.046875
shallow,saber_v2,307,1,54,0.7288860082626343,0.05078125
shallow,saber_v2,307,1,55,0.7442318797111511,0.060546875
shallow,saber_v2,307,1,56,0.6608451008796692,0.0439453125
shallow,saber_v2,307,1,57,0.671348512172699,0.05078125
shallow,saber_v2,307,1,58,0.7312510013580322,0.052734375
shallow,saber_v2,307,1,59,0.8057932257652283,0.0576171875
shallow,saber_v2,307,1,60,0.7345644235610962,0.0546875
shallow,saber_v2,307,1,61,0.6716639995574951,0.0625
shallow,saber_v2,307,1,62,0.6341139674186707,0.05859375
shallow,saber_v2,307,1,63,0.7419778108596802,0.0498046875
shallow,saber_v2,307,1,64,0.7054218649864197,0.0546875
shallow,saber_v2,307,1,65,0.7606836557388306,0.0517578125
shallow,saber_v2,307,1,66,0.728391706943512,0.0517578125
shallow,saber_v2,307,1,67,0.7504286766052246,0.0478515625
shallow,saber_v2,307,1,68,0.676137387752533,0.0556640625
shallow,saber_v2,307,1,69,0.6659048199653625,0.046875
shallow,saber_v2,307,1,70,0.7269029021263123,0.0576171875
shallow,saber_v2,307,1,71,0.6344103217124939,0.05078125
shallow,saber_v2,307,1,72,0.687451183795929,0.048828125
shallow,saber_v2,307,1,73,0.6779764294624329,0.0546875
shallow,saber_v2,307,1,74,0.7272822260856628,0.0595703125
shallow,saber_v2,307,1,75,0.6972723007202148,0.0576171875
shallow,saber_v2,307,1,76,0.6219449043273926,0.0693359375
shallow,saber_v2,307,1,77,0.7392618060112,0.044921875
shallow,saber_v2,307,1,78,0.767863392829895,0.05859375
shallow,saber_v2,307,1,79,0.6653872728347778,0.0537109375
shallow,saber_v2,307,1,80,0.6813018321990967,0.0517578125
shallow,saber_v2,307,1,81,0.7092085480690002,0.0517578125
shallow,saber_v2,307,1,82,0.7297890782356262,0.04296875
shallow,saber_v2,307,1,83,0.7450277209281921,0.0576171875
shallow,saber_v2,307,1,84,0.6848679184913635,0.0712890625
shallow,saber_v2,307,1,85,0.6403763294219971,0.048828125
shallow,saber_v2,307,1,86,0.7649250030517578,0.0478515625
shallow,saber_v2,307,1,87,0.6940335631370544,0.05859375
shallow,saber_v2,307,1,88,0.6683557629585266,0.05078125
shallow,saber_v2,307,1,89,0.6728278994560242,0.08203125
shallow,saber_v2,307,1,90,0.6753180623054504,0.046875
shallow,saber_v2,307,1,91,0.6899445652961731,0.0595703125
shallow,saber_v2,307,1,92,0.6205371618270874,0.06640625
shallow,saber_v2,307,1,93,0.7226459383964539,0.0537109375
shallow,saber_v2,307,1,94,0.6613230109214783,0.060546875
shallow,saber_v2,307,1,95,0.6899192929267883,0.056640625
shallow,saber_v2,307,1,96,0.6589617133140564,0.060546875
shallow,saber_v2,307,1,97,0.6513879299163818,0.0390625
shallow,saber_v2,307,1,98,0.6403402090072632,0.0546875
shallow,saber_v2,307,1,99,0.7699299454689026,0.046875
shallow,saber_v2,307,1,100,0.655041515827179,0.048828125
shallow,saber_v2,307,1,101,0.7132149338722229,0.048828125
shallow,saber_v2,307,1,102,0.5919566750526428,0.037109375
shallow,saber_v2,307,1,103,0.6065241098403931,0.0546875
shallow,saber_v2,307,1,104,0.8000200390815735,0.0615234375
shallow,saber_v2,307,1,105,0.6547573208808899,0.0498046875
shallow,saber_v2,307,1,106,0.6219983696937561,0.0498046875
shallow,saber_v2,307,1,107,0.675691545009613,0.05859375
shallow,saber_v2,307,1,108,0.6705771684646606,0.0390625
shallow,saber_v2,307,1,109,0.6155186891555786,0.05859375
shallow,saber_v2,307,1,110,0.649090051651001,0.0546875
shallow,saber_v2,307,1,111,0.6097148656845093,0.0439453125
shallow,saber_v2,307,1,112,0.5827513933181763,0.052734375
shallow,saber_v2,307,1,113,0.729591429233551,0.0478515625
shallow,saber_v2,307,1,114,0.6793088316917419,0.0595703125
shallow,saber_v2,307,1,115,0.6468007564544678,0.0380859375
shallow,saber_v2,307,1,116,0.6136613488197327,0.046875
shallow,saber_v2,307,1,117,0.627014696598053,0.0478515625
shallow,saber_v2,307,1,118,0.616797924041748,0.0634765625
shallow,saber_v2,307,1,119,0.5578501224517822,0.056640625
shallow,saber_v2,307,1,120,0.6532195806503296,0.0634765625
shallow,saber_v2,307,1,121,0.6875895857810974,0.041015625
shallow,saber_v2,307,1,122,0.6169586777687073,0.0478515625
shallow,saber_v2,307,1,123,0.6809992790222168,0.0439453125
shallow,saber_v2,307,1,124,0.6533202528953552,0.048828125
shallow,saber_v2,307,1,125,0.651597797870636,0.0634765625
shallow,saber_v2,307,1,126,0.733941912651062,0.044921875
shallow,saber_v2,307,1,127,0.6879615187644958,0.0498046875
shallow,saber_v2,307,1,128,0.7366759181022644,0.0634765625
shallow,saber_v2,307,1,129,0.6559211015701294,0.0458984375
shallow,saber_v2,307,1,130,0.6490439176559448,0.052734375
shallow,saber_v2,307,1,131,0.6009647250175476,0.05078125
shallow,saber_v2,307,1,132,0.6676869988441467,0.048828125
shallow,saber_v2,307,1,133,0.5822951197624207,0.06640625
shallow,saber_v2,307,1,134,0.6958044767379761,0.056640625
shallow,saber_v2,307,1,135,0.631366491317749,0.046875
shallow,saber_v2,307,1,136,0.5674731731414795,0.05078125
shallow,saber_v2,307,1,137,0.7097808718681335,0.0595703125
shallow,saber_v2,307,1,138,0.6022666096687317,0.0556640625
shallow,saber_v2,307,1,139,0.6338158845901489,0.052734375
shallow,saber_v2,307,1,140,0.6184340715408325,0.05078125
shallow,saber_v2,307,1,141,0.6420993208885193,0.0458984375
shallow,saber_v2,307,1,142,0.6041690707206726,0.05859375
shallow,saber_v2,307,1,143,0.537260115146637,0.0537109375
shallow,saber_v2,307,1,144,0.6761672496795654,0.0498046875
shallow,saber_v2,307,1,145,0.6105916500091553,0.0537109375
shallow,saber_v2,307,1,146,0.6534780859947205,0.0634765625
shallow,saber_v2,307,1,147,0.6502437591552734,0.056640625
shallow,saber_v2,307,1,148,0.6407594680786133,0.0625
shallow,saber_v2,307,1,149,0.6250340938568115,0.0400390625
shallow,saber_v2,307,1,150,0.6910765171051025,0.0537109375
shallow,saber_v2,307,1,151,0.6469510197639465,0.0654296875
shallow,saber_v2,307,1,152,0.6504297256469727,0.052734375
shallow,saber_v2,307,1,153,0.6807176470756531,0.060546875
shallow,saber_v2,307,1,154,0.6701963543891907,0.0458984375
shallow,saber_v2,307,1,155,0.5857544541358948,0.0546875
shallow,saber_v2,307,1,156,0.643025279045105,0.0615234375
shallow,saber_v2,307,1,157,0.62962406873703,0.052734375
shallow,saber_v2,307,1,158,0.6463432312011719,0.0615234375
shallow,saber_v2,307,1,159,0.6544453501701355,0.0576171875
shallow,saber_v2,307,1,160,0.7199816703796387,0.052734375
shallow,saber_v2,307,1,161,0.7878151535987854,0.0517578125
shallow,saber_v2,307,1,162,0.5476236939430237,0.0693359375
shallow,saber_v2,307,1,163,0.6065635681152344,0.0458984375
shallow,saber_v2,307,1,164,0.602864146232605,0.0517578125
shallow,saber_v2,307,1,165,2.33413028717041,0.0576171875
shallow,saber_v2,307,1,166,0.5977369546890259,0.060546875
shallow,saber_v2,307,1,167,0.6388124227523804,0.0517578125
shallow,saber_v2,307,1,168,0.6141584515571594,0.0400390625
shallow,saber_v2,307,1,169,0.6488839387893677,0.05859375
shallow,saber_v2,307,1,170,0.683037281036377,0.0546875
shallow,saber_v2,307,1,171,0.6359676122665405,0.048828125
shallow,saber_v2,307,1,172,0.607120931148529,0.048828125
shallow,saber_v2,307,1,173,0.6476055979728699,0.046875
shallow,saber_v2,307,1,174,0.7037964463233948,0.064453125
shallow,saber_v2,307,1,175,0.6229480504989624,0.0419921875
shallow,saber_v2,307,1,176,0.68962162733078,0.07421875
shallow,saber_v2,307,1,177,0.6332365870475769,0.0654296875
shallow,saber_v2,307,1,178,0.649297297000885,0.052734375
shallow,saber_v2,307,1,179,0.6103162169456482,0.05859375
shallow,saber_v2,307,1,180,0.6569925546646118,0.0419921875
shallow,saber_v2,307,1,181,0.644227147102356,0.0478515625
shallow,saber_v2,307,1,182,0.5970299243927002,0.0625
shallow,saber_v2,307,1,183,0.6829891800880432,0.060546875
shallow,saber_v2,307,1,184,0.5894695520401001,0.05078125
shallow,saber_v2,307,1,185,0.5775785446166992,0.046875
shallow,saber_v2,307,1,186,0.6335509419441223,0.0478515625
shallow,saber_v2,307,1,187,0.6500803828239441,0.060546875
shallow,saber_v2,307,1,188,0.6284756064414978,0.060546875
shallow,saber_v2,307,1,189,0.6723760366439819,0.060546875
shallow,saber_v2,307,1,190,0.6130342483520508,0.056640625
shallow,saber_v2,307,1,191,0.5453230142593384,0.0478515625
shallow,saber_v2,307,1,192,0.5888285040855408,0.0615234375
shallow,saber_v2,307,1,193,0.6150258183479309,0.0576171875
shallow,saber_v2,307,1,194,0.621983528137207,0.0439453125
shallow,saber_v2,307,1,195,0.6574519276618958,0.05078125
shallow,saber_v2,307,1,196,0.6181663870811462,0.0673828125
shallow,saber_v2,307,1,197,0.6446173787117004,0.05859375
shallow,saber_v2,307,1,198,0.5896368026733398,0.0537109375
shallow,saber_v2,307,1,199,0.6719944477081299,0.0625
shallow,saber_v2,307,1,200,0.6015931367874146,0.0546875
shallow,saber_v2,307,1,201,0.5582588911056519,0.056640625
shallow,saber_v2,307,1,202,0.6598080992698669,0.068359375
shallow,saber_v2,307,1,203,0.5908219814300537,0.0517578125
shallow,saber_v2,307,1,204,0.6865994334220886,0.072265625
shallow,saber_v2,307,1,205,0.7034716010093689,0.0498046875
shallow,saber_v2,307,1,206,0.5865745544433594,0.0673828125
shallow,saber_v2,307,1,207,0.6339643001556396,0.064453125
shallow,saber_v2,307,1,208,0.6009700298309326,0.064453125
shallow,saber_v2,307,1,209,0.589668333530426,0.056640625
shallow,saber_v2,307,1,210,0.5364109873771667,0.0546875
shallow,saber_v2,307,1,211,0.6041005849838257,0.044921875
shallow,saber_v2,307,1,212,0.5874823331832886,0.0556640625
shallow,saber_v2,307,1,213,0.5940118432044983,0.0517578125
shallow,saber_v2,307,1,214,0.6030643582344055,0.0498046875
shallow,saber_v2,307,1,215,0.6083023548126221,0.0419921875
shallow,saber_v2,307,1,216,0.5616310238838196,0.052734375
shallow,saber_v2,307,1,217,0.6304899454116821,0.0439453125
shallow,saber_v2,307,1,218,0.6234416365623474,0.056640625
shallow,saber_v2,307,1,219,0.6479453444480896,0.0546875
shallow,saber_v2,307,1,220,0.6768664121627808,0.0546875
shallow,saber_v2,307,1,221,0.6220269799232483,0.0556640625
shallow,saber_v2,307,1,222,0.581117570400238,0.048828125
shallow,saber_v2,307,1,223,0.7432446479797363,0.041015625
shallow,saber_v2,307,1,224,0.5602045059204102,0.0673828125
shallow,saber_v2,307,1,225,0.626249372959137,0.056640625
shallow,saber_v2,307,1,226,0.6365058422088623,0.0498046875
shallow,saber_v2,307,1,227,0.6598837971687317,0.056640625
shallow,saber_v2,307,1,228,0.6377391219139099,0.0615234375
shallow,saber_v2,307,1,229,0.571777880191803,0.0419921875
shallow,saber_v2,307,1,230,0.633904218673706,0.060546875
shallow,saber_v2,307,1,231,0.6416577696800232,0.0546875
shallow,saber_v2,307,1,232,0.6174803972244263,0.0615234375
shallow,saber_v2,307,1,233,0.5603811740875244,0.0615234375
shallow,saber_v2,307,1,234,0.571709156036377,0.0595703125
shallow,saber_v2,307,1,235,0.5806556940078735,0.04296875
shallow,saber_v2,307,1,236,0.6884159445762634,0.046875
shallow,saber_v2,307,1,237,0.6815544366836548,0.052734375
shallow,saber_v2,307,1,238,0.6789618134498596,0.0439453125
shallow,saber_v2,307,1,239,0.5680455565452576,0.0595703125
shallow,saber_v2,307,1,240,0.5980114340782166,0.0625
shallow,saber_v2,307,1,241,0.701206386089325,0.0556640625
shallow,saber_v2,307,1,242,0.666914701461792,0.052734375
shallow,saber_v2,307,1,243,0.6536504626274109,0.0556640625
shallow,saber_v2,307,1,244,0.5741939544677734,0.0546875
shallow,saber_v2,307,1,245,0.5716694593429565,0.048828125
shallow,saber_v2,307,1,246,0.6303818225860596,0.0478515625
shallow,saber_v2,307,1,247,0.6618756055831909,0.0478515625
shallow,saber_v2,307,1,248,0.5646190047264099,0.0546875
shallow,saber_v2,307,1,249,0.6182423830032349,0.0546875
shallow,saber_v2,307,1,250,0.631196916103363,0.05678233504295349
shallow,saber_v2,307,2,0,0.6545827388763428,0.0537109375
shallow,saber_v2,307,2,1,0.5708652138710022,0.0439453125
shallow,saber_v2,307,2,2,0.7049860954284668,0.0498046875
shallow,saber_v2,307,2,3,0.5850128531455994,0.05078125
shallow,saber_v2,307,2,4,0.5547871589660645,0.048828125
shallow,saber_v2,307,2,5,0.5489682555198669,0.06640625
shallow,saber_v2,307,2,6,0.6531539559364319,0.048828125
shallow,saber_v2,307,2,7,0.5652979016304016,0.052734375
shallow,saber_v2,307,2,8,0.5472678542137146,0.048828125
shallow,saber_v2,307,2,9,0.6847201585769653,0.046875
shallow,saber_v2,307,2,10,0.5736845135688782,0.0546875
shallow,saber_v2,307,2,11,0.5386311411857605,0.0595703125
shallow,saber_v2,307,2,12,0.5804206132888794,0.052734375
shallow,saber_v2,307,2,13,0.5515353083610535,0.0498046875
shallow,saber_v2,307,2,14,0.7107962965965271,0.0576171875
shallow,saber_v2,307,2,15,0.6926019191741943,0.048828125
shallow,saber_v2,307,2,16,0.6023555397987366,0.05078125
shallow,saber_v2,307,2,17,0.6365731358528137,0.0537109375
shallow,saber_v2,307,2,18,0.6064104437828064,0.0458984375
shallow,saber_v2,307,2,19,0.8212040066719055,0.0458984375
shallow,saber_v2,307,2,20,0.5746907591819763,0.0498046875
shallow,saber_v2,307,2,21,0.5906908512115479,0.05078125
shallow,saber_v2,307,2,22,0.5974963903427124,0.05859375
shallow,saber_v2,307,2,23,0.617608904838562,0.0634765625
shallow,saber_v2,307,2,24,0.5788106918334961,0.060546875
shallow,saber_v2,307,2,25,0.5982328057289124,0.044921875
shallow,saber_v2,307,2,26,0.8173836469650269,0.056640625
shallow,saber_v2,307,2,27,0.5726882815361023,0.0546875
shallow,saber_v2,307,2,28,0.6109092831611633,0.0546875
shallow,saber_v2,307,2,29,0.6051132082939148,0.0615234375
shallow,saber_v2,307,2,30,0.5611425042152405,0.0498046875
shallow,saber_v2,307,2,31,0.6480943560600281,0.05859375
shallow,saber_v2,307,2,32,0.5871901512145996,0.0517578125
shallow,saber_v2,307,2,33,0.6055563688278198,0.064453125
shallow,saber_v2,307,2,34,0.5764636397361755,0.0478515625
shallow,saber_v2,307,2,35,0.6269987225532532,0.056640625
shallow,saber_v2,307,2,36,0.5593027472496033,0.044921875
shallow,saber_v2,307,2,37,0.6419492959976196,0.0654296875
shallow,saber_v2,307,2,38,0.6538088917732239,0.052734375
shallow,saber_v2,307,2,39,0.6543328762054443,0.0556640625
shallow,saber_v2,307,2,40,0.6737515926361084,0.0595703125
shallow,saber_v2,307,2,41,0.5706583857536316,0.046875
shallow,saber_v2,307,2,42,0.6002467274665833,0.0537109375
shallow,saber_v2,307,2,43,0.5848274827003479,0.048828125
shallow,saber_v2,307,2,44,0.680527925491333,0.0625
shallow,saber_v2,307,2,45,0.6335553526878357,0.0576171875
shallow,saber_v2,307,2,46,0.6454651951789856,0.05859375
shallow,saber_v2,307,2,47,0.5873852968215942,0.060546875
shallow,saber_v2,307,2,48,0.5568684339523315,0.0537109375
shallow,saber_v2,307,2,49,0.62424635887146,0.06640625
shallow,saber_v2,307,2,50,0.6344336867332458,0.0556640625
shallow,saber_v2,307,2,51,0.521735429763794,0.0595703125
shallow,saber_v2,307,2,52,0.6330413222312927,0.0419921875
shallow,saber_v2,307,2,53,0.6442219614982605,0.068359375
shallow,saber_v2,307,2,54,0.5668138265609741,0.0546875
shallow,saber_v2,307,2,55,0.5613333582878113,0.0498046875
shallow,saber_v2,307,2,56,0.7038170099258423,0.0380859375
shallow,saber_v2,307,2,57,0.601803183555603,0.0546875
shallow,saber_v2,307,2,58,0.6341432332992554,0.0654296875
shallow,saber_v2,307,2,59,0.6357717514038086,0.0576171875
shallow,saber_v2,307,2,60,0.5200552344322205,0.0595703125
shallow,saber_v2,307,2,61,0.5651803016662598,0.0576171875
shallow,saber_v2,307,2,62,0.5909997820854187,0.076171875
shallow,saber_v2,307,2,63,0.6022118330001831,0.044921875
shallow,saber_v2,307,2,64,0.6311911940574646,0.0498046875
shallow,saber_v2,307,2,65,0.5735305547714233,0.072265625
shallow,saber_v2,307,2,66,0.612851083278656,0.056640625
shallow,saber_v2,307,2,67,0.5671085715293884,0.04296875
shallow,saber_v2,307,2,68,0.5977743268013,0.048828125
shallow,saber_v2,307,2,69,0.613845944404602,0.0498046875
shallow,saber_v2,307,2,70,0.5869619846343994,0.0556640625
shallow,saber_v2,307,2,71,0.6169450283050537,0.046875
shallow,saber_v2,307,2,72,0.5904894471168518,0.0615234375
shallow,saber_v2,307,2,73,0.591812789440155,0.064453125
shallow,saber_v2,307,2,74,0.67562335729599,0.060546875
shallow,saber_v2,307,2,75,0.6466296911239624,0.0546875
shallow,saber_v2,307,2,76,0.6057952642440796,0.0498046875
shallow,saber_v2,307,2,77,0.6103473901748657,0.060546875
shallow,saber_v2,307,2,78,0.5473170876502991,0.064453125
shallow,saber_v2,307,2,79,0.6351077556610107,0.0732421875
shallow,saber_v2,307,2,80,0.5532217025756836,0.052734375
shallow,saber_v2,307,2,81,0.6149608492851257,0.0478515625
shallow,saber_v2,307,2,82,0.611534833908081,0.0478515625
shallow,saber_v2,307,2,83,0.4917777180671692,0.05859375
shallow,saber_v2,307,2,84,0.555406928062439,0.0478515625
shallow,saber_v2,307,2,85,0.6192701458930969,0.046875
shallow,saber_v2,307,2,86,0.6034837961196899,0.0556640625
shallow,saber_v2,307,2,87,0.6398950815200806,0.044921875
shallow,saber_v2,307,2,88,0.5986209511756897,0.0439453125
shallow,saber_v2,307,2,89,0.5617815256118774,0.0654296875
shallow,saber_v2,307,2,90,0.5616610050201416,0.044921875
shallow,saber_v2,307,2,91,0.5735958814620972,0.0576171875
shallow,saber_v2,307,2,92,0.6100843548774719,0.0615234375
shallow,saber_v2,307,2,93,0.6614564061164856,0.041015625
shallow,saber_v2,307,2,94,0.632328987121582,0.0615234375
shallow,saber_v2,307,2,95,0.5362060070037842,0.0380859375
shallow,saber_v2,307,2,96,0.5245826840400696,0.0576171875
shallow,saber_v2,307,2,97,0.5700631737709045,0.044921875
shallow,saber_v2,307,2,98,0.6644868850708008,0.056640625
shallow,saber_v2,307,2,99,0.5803822875022888,0.0537109375
shallow,saber_v2,307,2,100,0.6068128943443298,0.0625
shallow,saber_v2,307,2,101,0.5510932803153992,0.0546875
shallow,saber_v2,307,2,102,0.6665699481964111,0.0615234375
shallow,saber_v2,307,2,103,0.607400119304657,0.056640625
shallow,saber_v2,307,2,104,0.6060519218444824,0.064453125
shallow,saber_v2,307,2,105,0.5461380481719971,0.046875
shallow,saber_v2,307,2,106,0.5119253993034363,0.044921875
shallow,saber_v2,307,2,107,0.6185675263404846,0.0517578125
shallow,saber_v2,307,2,108,0.5867938995361328,0.0576171875
shallow,saber_v2,307,2,109,0.6358712315559387,0.060546875
shallow,saber_v2,307,2,110,0.5085899233818054,0.068359375
shallow,saber_v2,307,2,111,0.5385298728942871,0.04296875
shallow,saber_v2,307,2,112,0.7589783072471619,0.0556640625
shallow,saber_v2,307,2,113,0.6669377088546753,0.0498046875
shallow,saber_v2,307,2,114,0.5420811772346497,0.0498046875
shallow,saber_v2,307,2,115,0.6094024777412415,0.0556640625
shallow,saber_v2,307,2,116,0.5842523574829102,0.0498046875
shallow,saber_v2,307,2,117,0.5421883463859558,0.0458984375
shallow,saber_v2,307,2,118,0.5872928500175476,0.052734375
shallow,saber_v2,307,2,119,0.5168556571006775,0.0615234375
shallow,saber_v2,307,2,120,0.5964205265045166,0.0498046875
shallow,saber_v2,307,2,121,0.564957857131958,0.05859375
shallow,saber_v2,307,2,122,0.5788068771362305,0.0634765625
shallow,saber_v2,307,2,123,0.588871955871582,0.060546875
shallow,saber_v2,307,2,124,0.6147503852844238,0.0556640625
shallow,saber_v2,307,2,125,0.5441089868545532,0.0615234375
shallow,saber_v2,307,2,126,0.6484360098838806,0.056640625
shallow,saber_v2,307,2,127,0.5904281139373779,0.0576171875
shallow,saber_v2,307,2,128,0.6020097732543945,0.0556640625
shallow,saber_v2,307,2,129,0.5355595946311951,0.056640625
shallow,saber_v2,307,2,130,0.6100054383277893,0.0595703125
shallow,saber_v2,307,2,131,0.5532664656639099,0.0546875
shallow,saber_v2,307,2,132,0.5922232270240784,0.046875
shallow,saber_v2,307,2,133,0.6925151944160461,0.0517578125
shallow,saber_v2,307,2,134,0.6090605854988098,0.0634765625
shallow,saber_v2,307,2,135,0.5904113054275513,0.05078125
shallow,saber_v2,307,2,136,0.5571836829185486,0.052734375
shallow,saber_v2,307,2,137,0.6340941190719604,0.046875
shallow,saber_v2,307,2,138,0.5108876824378967,0.05078125
shallow,saber_v2,307,2,139,0.6015669107437134,0.0517578125
shallow,saber_v2,307,2,140,0.6210471987724304,0.056640625
shallow,saber_v2,307,2,141,0.5898618698120117,0.0380859375
shallow,saber_v2,307,2,142,0.5411891937255859,0.0537109375
shallow,saber_v2,307,2,143,0.5429149866104126,0.0498046875
shallow,saber_v2,307,2,144,0.5566946864128113,0.0478515625
shallow,saber_v2,307,2,145,0.5745235085487366,0.0546875
shallow,saber_v2,307,2,146,0.5212295651435852,0.0556640625
shallow,saber_v2,307,2,147,0.644728422164917,0.0458984375
shallow,saber_v2,307,2,148,0.5518832206726074,0.06640625
shallow,saber_v2,307,2,149,0.5756847262382507,0.0537109375
shallow,saber_v2,307,2,150,0.594149112701416,0.060546875
shallow,saber_v2,307,2,151,0.5783976316452026,0.0576171875
shallow,saber_v2,307,2,152,0.5648465156555176,0.033203125
shallow,saber_v2,307,2,153,0.5519430637359619,0.0595703125
shallow,saber_v2,307,2,154,0.574635922908783,0.0576171875
shallow,saber_v2,307,2,155,0.5539841651916504,0.048828125
shallow,saber_v2,307,2,156,0.5653814673423767,0.044921875
shallow,saber_v2,307,2,157,0.5366464257240295,0.0556640625
shallow,saber_v2,307,2,158,0.5571815967559814,0.048828125
shallow,saber_v2,307,2,159,0.603628396987915,0.0595703125
shallow,saber_v2,307,2,160,0.5666584372520447,0.0546875
shallow,saber_v2,307,2,161,0.5387988686561584,0.05859375
shallow,saber_v2,307,2,162,0.569566547870636,0.04296875
shallow,saber_v2,307,2,163,0.5747849941253662,0.05859375
shallow,saber_v2,307,2,164,0.594322144985199,0.044921875
shallow,saber_v2,307,2,165,0.5605358481407166,0.03515625
shallow,saber_v2,307,2,166,0.5246273875236511,0.064453125
shallow,saber_v2,307,2,167,0.6174913644790649,0.0654296875
shallow,saber_v2,307,2,168,0.6409996747970581,0.056640625
shallow,saber_v2,307,2,169,0.5300795435905457,0.048828125
shallow,saber_v2,307,2,170,0.6147089004516602,0.056640625
shallow,saber_v2,307,2,171,0.5756042003631592,0.052734375
shallow,saber_v2,307,2,172,1.774075984954834,0.046875
shallow,saber_v2,307,2,173,0.6281524300575256,0.0556640625
shallow,saber_v2,307,2,174,0.5807140469551086,0.064453125
shallow,saber_v2,307,2,175,0.6311742663383484,0.0693359375
shallow,saber_v2,307,2,176,0.5400007367134094,0.0546875
shallow,saber_v2,307,2,177,0.646571934223175,0.060546875
shallow,saber_v2,307,2,178,0.6110073328018188,0.0595703125
shallow,saber_v2,307,2,179,0.6742693185806274,0.0517578125
shallow,saber_v2,307,2,180,0.660362958908081,0.0517578125
shallow,saber_v2,307,2,181,0.5677952766418457,0.0634765625
shallow,saber_v2,307,2,182,0.5051825046539307,0.0634765625
shallow,saber_v2,307,2,183,0.5904296040534973,0.048828125
shallow,saber_v2,307,2,184,0.579448938369751,0.044921875
shallow,saber_v2,307,2,185,0.5708914995193481,0.0634765625
shallow,saber_v2,307,2,186,0.6402907967567444,0.0537109375
shallow,saber_v2,307,2,187,0.5586178302764893,0.0498046875
shallow,saber_v2,307,2,188,0.5410788059234619,0.0517578125
shallow,saber_v2,307,2,189,0.5524836182594299,0.0517578125
shallow,saber_v2,307,2,190,0.5467884540557861,0.0439453125
shallow,saber_v2,307,2,191,0.6086077094078064,0.0673828125
shallow,saber_v2,307,2,192,0.599266529083252,0.05859375
shallow,saber_v2,307,2,193,0.5591088533401489,0.0654296875
shallow,saber_v2,307,2,194,0.5925421714782715,0.044921875
shallow,saber_v2,307,2,195,0.546742856502533,0.0517578125
shallow,saber_v2,307,2,196,0.5585452914237976,0.0546875
shallow,saber_v2,307,2,197,0.5434385538101196,0.046875
shallow,saber_v2,307,2,198,0.6227819323539734,0.064453125
shallow,saber_v2,307,2,199,0.6742023229598999,0.0478515625
shallow,saber_v2,307,2,200,0.5751379728317261,0.0458984375
shallow,saber_v2,307,2,201,0.565496027469635,0.0556640625
shallow,saber_v2,307,2,202,0.5247054696083069,0.048828125
shallow,saber_v2,307,2,203,0.5573809146881104,0.0498046875
shallow,saber_v2,307,2,204,0.5512011647224426,0.0498046875
shallow,saber_v2,307,2,205,0.6075621843338013,0.05859375
shallow,saber_v2,307,2,206,0.5674985647201538,0.056640625
shallow,saber_v2,307,2,207,0.5366288423538208,0.0498046875
shallow,saber_v2,307,2,208,0.549572229385376,0.0419921875
shallow,saber_v2,307,2,209,0.5742008090019226,0.0546875
shallow,saber_v2,307,2,210,0.5618616938591003,0.0458984375
shallow,saber_v2,307,2,211,0.5596089363098145,0.052734375
shallow,saber_v2,307,2,212,0.5931974053382874,0.05078125
shallow,saber_v2,307,2,213,0.5719082951545715,0.0537109375
shallow,saber_v2,307,2,214,0.6052570343017578,0.04296875
shallow,saber_v2,307,2,215,0.6765257120132446,0.0478515625
shallow,saber_v2,307,2,216,0.6167488098144531,0.0712890625
shallow,saber_v2,307,2,217,0.5431802868843079,0.04296875
shallow,saber_v2,307,2,218,0.5674543976783752,0.0537109375
shallow,saber_v2,307,2,219,0.5165516138076782,0.056640625
shallow,saber_v2,307,2,220,0.5941352844238281,0.0703125
shallow,saber_v2,307,2,221,0.5448564291000366,0.048828125
shallow,saber_v2,307,2,222,0.53911954164505,0.0458984375
shallow,saber_v2,307,2,223,0.5699549317359924,0.0615234375
shallow,saber_v2,307,2,224,0.5342406630516052,0.05859375
shallow,saber_v2,307,2,225,0.5999606847763062,0.0517578125
shallow,saber_v2,307,2,226,0.5800285935401917,0.0625
shallow,saber_v2,307,2,227,0.5867761373519897,0.056640625
shallow,saber_v2,307,2,228,0.5379404425621033,0.048828125
shallow,saber_v2,307,2,229,0.5688707828521729,0.052734375
shallow,saber_v2,307,2,230,0.5969805717468262,0.0419921875
shallow,saber_v2,307,2,231,0.507051408290863,0.060546875
shallow,saber_v2,307,2,232,0.5864603519439697,0.044921875
shallow,saber_v2,307,2,233,0.566209077835083,0.0517578125
shallow,saber_v2,307,2,234,0.5175567269325256,0.048828125
shallow,saber_v2,307,2,235,0.5537708401679993,0.0537109375
shallow,saber_v2,307,2,236,0.5834551453590393,0.0517578125
shallow,saber_v2,307,2,237,0.5246177911758423,0.0703125
shallow,saber_v2,307,2,238,0.6192811727523804,0.0546875
shallow,saber_v2,307,2,239,0.5350216031074524,0.052734375
shallow,saber_v2,307,2,240,0.5572720170021057,0.056640625
shallow,saber_v2,307,2,241,0.5590125918388367,0.052734375
shallow,saber_v2,307,2,242,0.590358555316925,0.0576171875
shallow,saber_v2,307,2,243,0.5186110138893127,0.0556640625
shallow,saber_v2,307,2,244,0.566001296043396,0.0498046875
shallow,saber_v2,307,2,245,0.5613150000572205,0.0556640625
shallow,saber_v2,307,2,246,0.5463548302650452,0.0458984375
shallow,saber_v2,307,2,247,0.605377733707428,0.0517578125
shallow,saber_v2,307,2,248,0.5933639407157898,0.056640625
shallow,saber_v2,307,2,249,0.5397825837135315,0.044921875
shallow,saber_v2,307,2,250,0.7458067536354065,0.04731861129403114
shallow,saber_v2,307,3,0,0.5826897025108337,0.0576171875
shallow,saber_v2,307,3,1,0.559592068195343,0.048828125
shallow,saber_v2,307,3,2,0.5301666259765625,0.046875
shallow,saber_v2,307,3,3,0.6476258039474487,0.0634765625
shallow,saber_v2,307,3,4,0.5863675475120544,0.064453125
shallow,saber_v2,307,3,5,0.5492308139801025,0.060546875
shallow,saber_v2,307,3,6,0.5636175274848938,0.0419921875
shallow,saber_v2,307,3,7,0.5921592116355896,0.05078125
shallow,saber_v2,307,3,8,0.6007426977157593,0.0673828125
shallow,saber_v2,307,3,9,0.6381540894508362,0.0478515625
shallow,saber_v2,307,3,10,0.5241287350654602,0.0498046875
shallow,saber_v2,307,3,11,0.6482688188552856,0.044921875
shallow,saber_v2,307,3,12,0.5317057371139526,0.064453125
shallow,saber_v2,307,3,13,0.5381417274475098,0.0458984375
shallow,saber_v2,307,3,14,0.6240742206573486,0.0673828125
shallow,saber_v2,307,3,15,0.6044508814811707,0.0615234375
shallow,saber_v2,307,3,16,0.5586507320404053,0.0517578125
shallow,saber_v2,307,3,17,0.5828529596328735,0.05078125
shallow,saber_v2,307,3,18,0.5754148960113525,0.05859375
shallow,saber_v2,307,3,19,0.5449872612953186,0.0458984375
shallow,saber_v2,307,3,20,0.5790422558784485,0.041015625
shallow,saber_v2,307,3,21,0.491412490606308,0.046875
shallow,saber_v2,307,3,22,0.5757389068603516,0.0546875
shallow,saber_v2,307,3,23,0.5950602889060974,0.052734375
shallow,saber_v2,307,3,24,0.5274947285652161,0.060546875
shallow,saber_v2,307,3,25,0.5982550382614136,0.05078125
shallow,saber_v2,307,3,26,0.6123561859130859,0.0361328125
shallow,saber_v2,307,3,27,0.5648866295814514,0.0576171875
shallow,saber_v2,307,3,28,0.5396267771720886,0.0576171875
shallow,saber_v2,307,3,29,0.561885416507721,0.0654296875
shallow,saber_v2,307,3,30,0.5273569822311401,0.0419921875
shallow,saber_v2,307,3,31,0.5596121549606323,0.0673828125
shallow,saber_v2,307,3,32,0.528725802898407,0.05078125
shallow,saber_v2,307,3,33,0.5689698457717896,0.0537109375
shallow,saber_v2,307,3,34,0.5955502390861511,0.0546875
shallow,saber_v2,307,3,35,0.5859436988830566,0.056640625
shallow,saber_v2,307,3,36,0.5354040861129761,0.0498046875
shallow,saber_v2,307,3,37,0.6346703171730042,0.05078125
shallow,saber_v2,307,3,38,0.6348267197608948,0.0478515625
shallow,saber_v2,307,3,39,0.547610342502594,0.0517578125
shallow,saber_v2,307,3,40,0.5504353046417236,0.068359375
shallow,saber_v2,307,3,41,0.5881083011627197,0.0419921875
shallow,saber_v2,307,3,42,0.5646582245826721,0.052734375
shallow,saber_v2,307,3,43,0.555222749710083,0.0537109375
shallow,saber_v2,307,3,44,0.5554879903793335,0.04296875
shallow,saber_v2,307,3,45,0.5536838173866272,0.056640625
shallow,saber_v2,307,3,46,0.503385066986084,0.060546875
shallow,saber_v2,307,3,47,0.5705657601356506,0.064453125
shallow,saber_v2,307,3,48,0.5726432800292969,0.0703125
shallow,saber_v2,307,3,49,0.636996328830719,0.044921875
shallow,saber_v2,307,3,50,0.5732766389846802,0.0576171875
shallow,saber_v2,307,3,51,0.5816652774810791,0.0537109375
shallow,saber_v2,307,3,52,0.6028342247009277,0.0498046875
shallow,saber_v2,307,3,53,0.5346130132675171,0.044921875
shallow,saber_v2,307,3,54,0.6153251528739929,0.0546875
shallow,saber_v2,307,3,55,0.607223391532898,0.056640625
shallow,saber_v2,307,3,56,0.5181217789649963,0.06640625
shallow,saber_v2,307,3,57,0.6066488027572632,0.056640625
shallow,saber_v2,307,3,58,0.5281229615211487,0.05859375
shallow,saber_v2,307,3,59,0.5034618377685547,0.052734375
shallow,saber_v2,307,3,60,0.49972206354141235,0.064453125
shallow,saber_v2,307,3,61,0.5399047136306763,0.056640625
shallow,saber_v2,307,3,62,0.5221162438392639,0.056640625
shallow,saber_v2,307,3,63,0.6067776679992676,0.060546875
shallow,saber_v2,307,3,64,0.5297426581382751,0.052734375
shallow,saber_v2,307,3,65,0.5585182309150696,0.0517578125
shallow,saber_v2,307,3,66,0.5502318143844604,0.0400390625
shallow,saber_v2,307,3,67,0.5233660936355591,0.037109375
shallow,saber_v2,307,3,68,0.568971574306488,0.0517578125
shallow,saber_v2,307,3,69,0.5222247242927551,0.064453125
shallow,saber_v2,307,3,70,0.5385539531707764,0.0361328125
shallow,saber_v2,307,3,71,0.5641205310821533,0.0458984375
shallow,saber_v2,307,3,72,0.5948088765144348,0.056640625
shallow,saber_v2,307,3,73,0.5134323239326477,0.05859375
shallow,saber_v2,307,3,74,0.6499453186988831,0.0576171875
shallow,saber_v2,307,3,75,0.5535616874694824,0.0458984375
shallow,saber_v2,307,3,76,0.5586956739425659,0.0595703125
shallow,saber_v2,307,3,77,0.5572546720504761,0.0537109375
shallow,saber_v2,307,3,78,0.6055809259414673,0.0478515625
shallow,saber_v2,307,3,79,0.5836932063102722,0.0439453125
shallow,saber_v2,307,3,80,0.6048903465270996,0.046875
shallow,saber_v2,307,3,81,0.5529599189758301,0.0517578125
shallow,saber_v2,307,3,82,0.5878509283065796,0.0439453125
shallow,saber_v2,307,3,83,0.5190614461898804,0.056640625
shallow,saber_v2,307,3,84,0.5742549300193787,0.0595703125
shallow,saber_v2,307,3,85,0.5865910649299622,0.046875
shallow,saber_v2,307,3,86,0.5216705203056335,0.060546875
shallow,saber_v2,307,3,87,0.6423892378807068,0.0537109375
shallow,saber_v2,307,3,88,0.587174654006958,0.0537109375
shallow,saber_v2,307,3,89,0.647087037563324,0.05859375
shallow,saber_v2,307,3,90,0.5817537307739258,0.0546875
shallow,saber_v2,307,3,91,0.6122964024543762,0.0615234375
shallow,saber_v2,307,3,92,0.5851475596427917,0.0537109375
shallow,saber_v2,307,3,93,0.5325555801391602,0.0439453125
shallow,saber_v2,307,3,94,0.6170275807380676,0.05859375
shallow,saber_v2,307,3,95,0.5362046360969543,0.056640625
shallow,saber_v2,307,3,96,0.5977832078933716,0.06640625
shallow,saber_v2,307,3,97,0.6106442809104919,0.072265625
shallow,saber_v2,307,3,98,0.5897167921066284,0.0537109375
shallow,saber_v2,307,3,99,0.601224422454834,0.0498046875
shallow,saber_v2,307,3,100,0.5606157183647156,0.05859375
shallow,saber_v2,307,3,101,0.6633057594299316,0.0517578125
shallow,saber_v2,307,3,102,0.6015453338623047,0.0439453125
shallow,saber_v2,307,3,103,0.6150274872779846,0.056640625
shallow,saber_v2,307,3,104,0.5863142609596252,0.0673828125
shallow,saber_v2,307,3,105,0.6363281011581421,0.060546875
shallow,saber_v2,307,3,106,0.5989723205566406,0.0537109375
shallow,saber_v2,307,3,107,0.5814903378486633,0.0498046875
shallow,saber_v2,307,3,108,0.5856819748878479,0.05078125
shallow,saber_v2,307,3,109,0.5323005318641663,0.0625
shallow,saber_v2,307,3,110,0.542959988117218,0.0576171875
shallow,saber_v2,307,3,111,0.5916601419448853,0.04296875
shallow,saber_v2,307,3,112,0.5830796957015991,0.0517578125
shallow,saber_v2,307,3,113,0.5642010569572449,0.056640625
shallow,saber_v2,307,3,114,0.5597276091575623,0.0625
shallow,saber_v2,307,3,115,0.6060517430305481,0.0576171875
shallow,saber_v2,307,3,116,0.5033361911773682,0.044921875
shallow,saber_v2,307,3,117,0.5323541760444641,0.0576171875
shallow,saber_v2,307,3,118,0.5665588974952698,0.0546875
shallow,saber_v2,307,3,119,0.548446774482727,0.052734375
shallow,saber_v2,307,3,120,0.5627990961074829,0.0546875
shallow,saber_v2,307,3,121,0.5692158341407776,0.0458984375
shallow,saber_v2,307,3,122,0.5781028866767883,0.0595703125
shallow,saber_v2,307,3,123,0.4742743968963623,0.044921875
shallow,saber_v2,307,3,124,0.5983795523643494,0.0615234375
shallow,saber_v2,307,3,125,0.5752668976783752,0.0595703125
shallow,saber_v2,307,3,126,0.5393028259277344,0.0556640625
shallow,saber_v2,307,3,127,0.5715819001197815,0.0517578125
shallow,saber_v2,307,3,128,0.5318074822425842,0.0390625
shallow,saber_v2,307,3,129,0.6627745032310486,0.0654296875
shallow,saber_v2,307,3,130,0.5859940648078918,0.048828125
shallow,saber_v2,307,3,131,0.530572772026062,0.0498046875
shallow,saber_v2,307,3,132,0.5978561043739319,0.0546875
shallow,saber_v2,307,3,133,0.5345392227172852,0.0576171875
shallow,saber_v2,307,3,134,0.5561515688896179,0.0546875
shallow,saber_v2,307,3,135,0.48828983306884766,0.0546875
shallow,saber_v2,307,3,136,0.6010523438453674,0.0458984375
shallow,saber_v2,307,3,137,0.6110150814056396,0.0390625
shallow,saber_v2,307,3,138,0.5852028727531433,0.0556640625
shallow,saber_v2,307,3,139,0.5573844313621521,0.06640625
shallow,saber_v2,307,3,140,0.5298634767532349,0.0546875
shallow,saber_v2,307,3,141,0.5711607933044434,0.041015625
shallow,saber_v2,307,3,142,0.6027058362960815,0.0546875
shallow,saber_v2,307,3,143,0.5776955485343933,0.0546875
shallow,saber_v2,307,3,144,0.5298903584480286,0.064453125
shallow,saber_v2,307,3,145,0.5435367822647095,0.0546875
shallow,saber_v2,307,3,146,0.560849130153656,0.064453125
shallow,saber_v2,307,3,147,0.5690396428108215,0.0546875
shallow,saber_v2,307,3,148,0.5319731831550598,0.05078125
shallow,saber_v2,307,3,149,0.5727607607841492,0.072265625
shallow,saber_v2,307,3,150,0.5668880343437195,0.052734375
shallow,saber_v2,307,3,151,0.5037621855735779,0.044921875
shallow,saber_v2,307,3,152,0.5480024814605713,0.0546875
shallow,saber_v2,307,3,153,0.5670044422149658,0.0654296875
shallow,saber_v2,307,3,154,0.7108811140060425,0.072265625
shallow,saber_v2,307,3,155,0.5337629914283752,0.0576171875
shallow,saber_v2,307,3,156,0.5947241187095642,0.0556640625
shallow,saber_v2,307,3,157,0.5802950263023376,0.0498046875
shallow,saber_v2,307,3,158,0.5323241353034973,0.056640625
shallow,saber_v2,307,3,159,0.5664179921150208,0.0498046875
shallow,saber_v2,307,3,160,0.5675665736198425,0.0537109375
shallow,saber_v2,307,3,161,0.6063657999038696,0.0498046875
shallow,saber_v2,307,3,162,0.5380826592445374,0.0556640625
shallow,saber_v2,307,3,163,0.5167874097824097,0.0439453125
shallow,saber_v2,307,3,164,0.5776631236076355,0.0439453125
shallow,saber_v2,307,3,165,0.5706776976585388,0.0537109375
shallow,saber_v2,307,3,166,0.5780607461929321,0.0595703125
shallow,saber_v2,307,3,167,0.5630884170532227,0.046875
shallow,saber_v2,307,3,168,0.5274782180786133,0.0517578125
shallow,saber_v2,307,3,169,0.5571509003639221,0.0537109375
shallow,saber_v2,307,3,170,0.5295204520225525,0.048828125
shallow,saber_v2,307,3,171,0.5785970091819763,0.0576171875
shallow,saber_v2,307,3,172,0.5501958131790161,0.0537109375
shallow,saber_v2,307,3,173,0.6120696663856506,0.0439453125
shallow,saber_v2,307,3,174,0.5466672778129578,0.0478515625
shallow,saber_v2,307,3,175,0.5391765832901001,0.0673828125
shallow,saber_v2,307,3,176,0.551613986492157,0.0546875
shallow,saber_v2,307,3,177,0.5640929937362671,0.0498046875
shallow,saber_v2,307,3,178,0.5799452066421509,0.0634765625
shallow,saber_v2,307,3,179,0.5813374519348145,0.052734375
shallow,saber_v2,307,3,180,0.6009140014648438,0.0615234375
shallow,saber_v2,307,3,181,0.54447340965271,0.05859375
shallow,saber_v2,307,3,182,0.5645491480827332,0.05078125
shallow,saber_v2,307,3,183,0.5554175972938538,0.046875
shallow,saber_v2,307,3,184,0.6210236549377441,0.0517578125
shallow,saber_v2,307,3,185,0.540805995464325,0.0615234375
shallow,saber_v2,307,3,186,0.5533605813980103,0.052734375
shallow,saber_v2,307,3,187,0.5576055645942688,0.046875
shallow,saber_v2,307,3,188,0.5297353863716125,0.0439453125
shallow,saber_v2,307,3,189,0.5764768123626709,0.0634765625
shallow,saber_v2,307,3,190,0.6192861795425415,0.0517578125
shallow,saber_v2,307,3,191,0.5720919966697693,0.0458984375
shallow,saber_v2,307,3,192,0.556845486164093,0.0615234375
shallow,saber_v2,307,3,193,0.5736173391342163,0.0634765625
shallow,saber_v2,307,3,194,0.5680650472640991,0.0546875
shallow,saber_v2,307,3,195,0.5329096913337708,0.0419921875
shallow,saber_v2,307,3,196,0.5528526306152344,0.0478515625
shallow,saber_v2,307,3,197,0.5539689660072327,0.0458984375
shallow,saber_v2,307,3,198,0.5810811519622803,0.0654296875
shallow,saber_v2,307,3,199,0.5348278284072876,0.0439453125
shallow,saber_v2,307,3,200,0.5923551321029663,0.0517578125
shallow,saber_v2,307,3,201,0.523511528968811,0.0517578125
shallow,saber_v2,307,3,202,0.5536683797836304,0.0556640625
shallow,saber_v2,307,3,203,0.5446174740791321,0.0712890625
shallow,saber_v2,307,3,204,0.5200284123420715,0.041015625
shallow,saber_v2,307,3,205,0.4925159215927124,0.0615234375
shallow,saber_v2,307,3,206,0.6065889596939087,0.0517578125
shallow,saber_v2,307,3,207,0.5991246104240417,0.05078125
shallow,saber_v2,307,3,208,0.5648857951164246,0.0625
shallow,saber_v2,307,3,209,0.5474772453308105,0.05859375
shallow,saber_v2,307,3,210,0.5480698347091675,0.0498046875
shallow,saber_v2,307,3,211,0.5459879040718079,0.05859375
shallow,saber_v2,307,3,212,0.5229803919792175,0.048828125
shallow,saber_v2,307,3,213,0.6355493068695068,0.048828125
shallow,saber_v2,307,3,214,0.5865322351455688,0.0517578125
shallow,saber_v2,307,3,215,0.5467832684516907,0.0810546875
shallow,saber_v2,307,3,216,0.58808833360672,0.0517578125
shallow,saber_v2,307,3,217,0.495082825422287,0.0615234375
shallow,saber_v2,307,3,218,0.5663951635360718,0.0556640625
shallow,saber_v2,307,3,219,0.5673270225524902,0.05859375
shallow,saber_v2,307,3,220,0.5509840846061707,0.0556640625
shallow,saber_v2,307,3,221,1.6184782981872559,0.0634765625
shallow,saber_v2,307,3,222,0.5575902462005615,0.0498046875
shallow,saber_v2,307,3,223,0.5242345333099365,0.044921875
shallow,saber_v2,307,3,224,0.6051959991455078,0.064453125
shallow,saber_v2,307,3,225,0.5339581966400146,0.0595703125
shallow,saber_v2,307,3,226,0.4909696877002716,0.0478515625
shallow,saber_v2,307,3,227,0.5185988545417786,0.0498046875
shallow,saber_v2,307,3,228,0.5422672033309937,0.0673828125
shallow,saber_v2,307,3,229,0.5798881649971008,0.0556640625
shallow,saber_v2,307,3,230,0.5202111601829529,0.0556640625
shallow,saber_v2,307,3,231,0.5815593600273132,0.0595703125
shallow,saber_v2,307,3,232,0.6073790192604065,0.056640625
shallow,saber_v2,307,3,233,0.5444725751876831,0.052734375
shallow,saber_v2,307,3,234,0.543268084526062,0.04296875
shallow,saber_v2,307,3,235,0.6326280832290649,0.0517578125
shallow,saber_v2,307,3,236,0.5545355677604675,0.0419921875
shallow,saber_v2,307,3,237,0.6434454321861267,0.05859375
shallow,saber_v2,307,3,238,0.5574900507926941,0.046875
shallow,saber_v2,307,3,239,0.5052921772003174,0.0400390625
shallow,saber_v2,307,3,240,0.5579450130462646,0.046875
shallow,saber_v2,307,3,241,0.5547074675559998,0.0439453125
shallow,saber_v2,307,3,242,0.6020394563674927,0.0546875
shallow,saber_v2,307,3,243,0.5925562381744385,0.0498046875
shallow,saber_v2,307,3,244,0.6123161315917969,0.05859375
shallow,saber_v2,307,3,245,0.5512188673019409,0.0390625
shallow,saber_v2,307,3,246,0.5548917055130005,0.068359375
shallow,saber_v2,307,3,247,0.558781623840332,0.0537109375
shallow,saber_v2,307,3,248,0.5003308057785034,0.0595703125
shallow,saber_v2,307,3,249,0.5431232452392578,0.0546875
shallow,saber_v2,307,3,250,0.5779980421066284,0.05678233504295349
shallow,saber_v2,307,4,0,0.5821675062179565,0.06640625
shallow,saber_v2,307,4,1,0.5373019576072693,0.05078125
shallow,saber_v2,307,4,2,0.594457745552063,0.05859375
shallow,saber_v2,307,4,3,0.5465085506439209,0.05859375
shallow,saber_v2,307,4,4,0.5487378835678101,0.0517578125
shallow,saber_v2,307,4,5,0.6033824682235718,0.0576171875
shallow,saber_v2,307,4,6,0.52188640832901,0.0615234375
shallow,saber_v2,307,4,7,0.5607497692108154,0.0595703125
shallow,saber_v2,307,4,8,0.5514876246452332,0.05078125
shallow,saber_v2,307,4,9,0.5214023590087891,0.0537109375
shallow,saber_v2,307,4,10,0.5445149540901184,0.0615234375
shallow,saber_v2,307,4,11,0.5641502141952515,0.06640625
shallow,saber_v2,307,4,12,0.5882761478424072,0.060546875
shallow,saber_v2,307,4,13,0.5745711922645569,0.0673828125
shallow,saber_v2,307,4,14,0.5922644734382629,0.0439453125
shallow,saber_v2,307,4,15,0.5535632371902466,0.060546875
shallow,saber_v2,307,4,16,0.5633359551429749,0.0615234375
shallow,saber_v2,307,4,17,0.6158735156059265,0.046875
shallow,saber_v2,307,4,18,0.5670711994171143,0.0498046875
shallow,saber_v2,307,4,19,0.5846691131591797,0.0458984375
shallow,saber_v2,307,4,20,0.5834048986434937,0.056640625
shallow,saber_v2,307,4,21,0.5118621587753296,0.0556640625
shallow,saber_v2,307,4,22,0.5727106332778931,0.048828125
shallow,saber_v2,307,4,23,0.5054818391799927,0.0537109375
shallow,saber_v2,307,4,24,0.5835527777671814,0.0546875
shallow,saber_v2,307,4,25,0.5372446179389954,0.0537109375
shallow,saber_v2,307,4,26,0.5729671716690063,0.0625
shallow,saber_v2,307,4,27,0.5297247171401978,0.046875
shallow,saber_v2,307,4,28,0.5670806765556335,0.048828125
shallow,saber_v2,307,4,29,0.5120710730552673,0.044921875
shallow,saber_v2,307,4,30,0.5244705677032471,0.0595703125
shallow,saber_v2,307,4,31,0.5393080115318298,0.0615234375
shallow,saber_v2,307,4,32,0.5562626719474792,0.0576171875
shallow,saber_v2,307,4,33,0.5280815362930298,0.0654296875
shallow,saber_v2,307,4,34,0.48898953199386597,0.0595703125
shallow,saber_v2,307,4,35,0.5871610045433044,0.0517578125
shallow,saber_v2,307,4,36,0.5611004829406738,0.0615234375
shallow,saber_v2,307,4,37,0.5530093312263489,0.048828125
shallow,saber_v2,307,4,38,0.5216203331947327,0.046875
shallow,saber_v2,307,4,39,0.5955623388290405,0.037109375
shallow,saber_v2,307,4,40,0.4797201156616211,0.0595703125
shallow,saber_v2,307,4,41,0.5692266225814819,0.0634765625
shallow,saber_v2,307,4,42,0.5082114338874817,0.0546875
shallow,saber_v2,307,4,43,0.6100619435310364,0.0498046875
shallow,saber_v2,307,4,44,0.596213698387146,0.0458984375
shallow,saber_v2,307,4,45,0.6009125113487244,0.044921875
shallow,saber_v2,307,4,46,0.5552700161933899,0.048828125
shallow,saber_v2,307,4,47,0.4931574761867523,0.05859375
shallow,saber_v2,307,4,48,0.5788846611976624,0.04296875
shallow,saber_v2,307,4,49,0.5904666185379028,0.0322265625
shallow,saber_v2,307,4,50,0.5394489169120789,0.0595703125
shallow,saber_v2,307,4,51,0.6004254817962646,0.0439453125
shallow,saber_v2,307,4,52,0.5803462266921997,0.0439453125
shallow,saber_v2,307,4,53,0.5868675708770752,0.0576171875
shallow,saber_v2,307,4,54,0.5754274129867554,0.0537109375
shallow,saber_v2,307,4,55,0.576079785823822,0.0458984375
shallow,saber_v2,307,4,56,0.5845082402229309,0.052734375
shallow,saber_v2,307,4,57,0.5345277190208435,0.041015625
shallow,saber_v2,307,4,58,0.5484736561775208,0.044921875
shallow,saber_v2,307,4,59,0.5831557512283325,0.048828125
shallow,saber_v2,307,4,60,0.6343514919281006,0.0546875
shallow,saber_v2,307,4,61,0.5372898578643799,0.0576171875
shallow,saber_v2,307,4,62,0.5110635757446289,0.0439453125
shallow,saber_v2,307,4,63,0.5472590923309326,0.0439453125
shallow,saber_v2,307,4,64,0.5552576184272766,0.048828125
shallow,saber_v2,307,4,65,0.567598283290863,0.0576171875
shallow,saber_v2,307,4,66,0.5546581745147705,0.056640625
shallow,saber_v2,307,4,67,0.5269007682800293,0.04296875
shallow,saber_v2,307,4,68,0.5156171917915344,0.0625
shallow,saber_v2,307,4,69,0.5552230477333069,0.0517578125
shallow,saber_v2,307,4,70,0.5331640243530273,0.0595703125
shallow,saber_v2,307,4,71,0.5835890173912048,0.0546875
shallow,saber_v2,307,4,72,0.5491963624954224,0.0517578125
shallow,saber_v2,307,4,73,0.6305086016654968,0.072265625
shallow,saber_v2,307,4,74,0.5982654094696045,0.0556640625
shallow,saber_v2,307,4,75,0.5514313578605652,0.0390625
shallow,saber_v2,307,4,76,0.5034843683242798,0.044921875
shallow,saber_v2,307,4,77,0.5705665349960327,0.0625
shallow,saber_v2,307,4,78,0.5486560463905334,0.064453125
shallow,saber_v2,307,4,79,0.4975830614566803,0.05859375
shallow,saber_v2,307,4,80,0.5313892960548401,0.0576171875
shallow,saber_v2,307,4,81,0.5743790864944458,0.064453125
shallow,saber_v2,307,4,82,0.5099228620529175,0.056640625
shallow,saber_v2,307,4,83,0.5340149998664856,0.0517578125
shallow,saber_v2,307,4,84,0.5034477114677429,0.046875
shallow,saber_v2,307,4,85,0.5495067834854126,0.060546875
shallow,saber_v2,307,4,86,0.566689670085907,0.0556640625
shallow,saber_v2,307,4,87,0.5114484429359436,0.052734375
shallow,saber_v2,307,4,88,0.5480003952980042,0.0576171875
shallow,saber_v2,307,4,89,0.5979822278022766,0.0458984375
shallow,saber_v2,307,4,90,0.5460205078125,0.0478515625
shallow,saber_v2,307,4,91,0.4897982180118561,0.0625
shallow,saber_v2,307,4,92,0.5399665832519531,0.05859375
shallow,saber_v2,307,4,93,0.6254340410232544,0.05078125
shallow,saber_v2,307,4,94,0.5126606225967407,0.0595703125
shallow,saber_v2,307,4,95,0.5356480479240417,0.056640625
shallow,saber_v2,307,4,96,0.5822102427482605,0.0703125
shallow,saber_v2,307,4,97,0.5218671560287476,0.0517578125
shallow,saber_v2,307,4,98,0.5626392960548401,0.0537109375
shallow,saber_v2,307,4,99,0.5286926627159119,0.064453125
shallow,saber_v2,307,4,100,0.6075668931007385,0.0537109375
shallow,saber_v2,307,4,101,0.5703588724136353,0.0546875
shallow,saber_v2,307,4,102,0.5257135033607483,0.0517578125
shallow,saber_v2,307,4,103,0.5486711263656616,0.0537109375
shallow,saber_v2,307,4,104,0.568572461605072,0.0546875
shallow,saber_v2,307,4,105,0.573083758354187,0.0537109375
shallow,saber_v2,307,4,106,0.5427282452583313,0.052734375
shallow,saber_v2,307,4,107,0.5840843915939331,0.060546875
shallow,saber_v2,307,4,108,0.5870258808135986,0.060546875
shallow,saber_v2,307,4,109,0.589750349521637,0.0576171875
shallow,saber_v2,307,4,110,0.5340316295623779,0.0576171875
shallow,saber_v2,307,4,111,0.5307180285453796,0.064453125
shallow,saber_v2,307,4,112,0.5288276076316833,0.0625
shallow,saber_v2,307,4,113,0.5151172280311584,0.048828125
shallow,saber_v2,307,4,114,0.5293640494346619,0.0556640625
shallow,saber_v2,307,4,115,0.5253997445106506,0.0478515625
shallow,saber_v2,307,4,116,0.5026728510856628,0.0517578125
shallow,saber_v2,307,4,117,0.6069753170013428,0.044921875
shallow,saber_v2,307,4,118,0.6074298620223999,0.0458984375
shallow,saber_v2,307,4,119,0.5903781652450562,0.044921875
shallow,saber_v2,307,4,120,0.5416275858879089,0.0517578125
shallow,saber_v2,307,4,121,0.5771094560623169,0.0400390625
shallow,saber_v2,307,4,122,0.5479493737220764,0.05078125
shallow,saber_v2,307,4,123,0.5405723452568054,0.0498046875
shallow,saber_v2,307,4,124,0.5007342100143433,0.0546875
shallow,saber_v2,307,4,125,0.5982539653778076,0.0517578125
shallow,saber_v2,307,4,126,0.5322632789611816,0.04296875
shallow,saber_v2,307,4,127,0.543301522731781,0.0546875
shallow,saber_v2,307,4,128,0.5517018437385559,0.0537109375
shallow,saber_v2,307,4,129,0.48813971877098083,0.046875
shallow,saber_v2,307,4,130,0.4974660873413086,0.060546875
shallow,saber_v2,307,4,131,0.5229637026786804,0.06640625
shallow,saber_v2,307,4,132,0.5700269937515259,0.0556640625
shallow,saber_v2,307,4,133,0.5709207653999329,0.064453125
shallow,saber_v2,307,4,134,0.6157040596008301,0.0478515625
shallow,saber_v2,307,4,135,0.4831748306751251,0.0517578125
shallow,saber_v2,307,4,136,0.5624034404754639,0.056640625
shallow,saber_v2,307,4,137,0.6035518050193787,0.0673828125
shallow,saber_v2,307,4,138,0.534085214138031,0.0576171875
shallow,saber_v2,307,4,139,0.5811861753463745,0.0556640625
shallow,saber_v2,307,4,140,0.5660867094993591,0.060546875
shallow,saber_v2,307,4,141,0.5280833840370178,0.0654296875
shallow,saber_v2,307,4,142,0.4981333613395691,0.05859375
shallow,saber_v2,307,4,143,0.571208655834198,0.052734375
shallow,saber_v2,307,4,144,0.5693685412406921,0.046875
shallow,saber_v2,307,4,145,0.5964692831039429,0.0556640625
shallow,saber_v2,307,4,146,0.49753567576408386,0.0576171875
shallow,saber_v2,307,4,147,0.5476746559143066,0.0517578125
shallow,saber_v2,307,4,148,0.5210415720939636,0.05078125
shallow,saber_v2,307,4,149,0.5627442002296448,0.048828125
shallow,saber_v2,307,4,150,0.5250555872917175,0.0546875
shallow,saber_v2,307,4,151,0.5304816365242004,0.060546875
shallow,saber_v2,307,4,152,0.5269507169723511,0.0537109375
shallow,saber_v2,307,4,153,0.5421537756919861,0.0478515625
shallow,saber_v2,307,4,154,0.5451053977012634,0.0703125
shallow,saber_v2,307,4,155,0.5160703063011169,0.0478515625
shallow,saber_v2,307,4,156,0.5136050581932068,0.0615234375
shallow,saber_v2,307,4,157,0.5453568696975708,0.0439453125
shallow,saber_v2,307,4,158,0.5534441471099854,0.0498046875
shallow,saber_v2,307,4,159,0.5577470660209656,0.0673828125
shallow,saber_v2,307,4,160,0.5537420511245728,0.056640625
shallow,saber_v2,307,4,161,0.5771247148513794,0.04296875
shallow,saber_v2,307,4,162,0.4563466012477875,0.046875
shallow,saber_v2,307,4,163,0.5144778490066528,0.05078125
shallow,saber_v2,307,4,164,0.5133694410324097,0.05078125
shallow,saber_v2,307,4,165,0.4933411478996277,0.05859375
shallow,saber_v2,307,4,166,0.5541654825210571,0.048828125
shallow,saber_v2,307,4,167,0.5335102677345276,0.0361328125
shallow,saber_v2,307,4,168,0.5648279786109924,0.0322265625
shallow,saber_v2,307,4,169,0.5911219716072083,0.046875
shallow,saber_v2,307,4,170,0.5489667057991028,0.052734375
shallow,saber_v2,307,4,171,0.553327202796936,0.0576171875
shallow,saber_v2,307,4,172,0.5363771915435791,0.046875
shallow,saber_v2,307,4,173,0.6228265762329102,0.044921875
shallow,saber_v2,307,4,174,0.5305283665657043,0.0517578125
shallow,saber_v2,307,4,175,0.5506540536880493,0.0615234375
shallow,saber_v2,307,4,176,0.595504105091095,0.068359375
shallow,saber_v2,307,4,177,0.5801917910575867,0.0546875
shallow,saber_v2,307,4,178,0.5957478284835815,0.04296875
shallow,saber_v2,307,4,179,0.5664747357368469,0.046875
shallow,saber_v2,307,4,180,0.5142132639884949,0.0458984375
shallow,saber_v2,307,4,181,0.5374846458435059,0.0556640625
shallow,saber_v2,307,4,182,0.4898582100868225,0.05078125
shallow,saber_v2,307,4,183,0.5543795824050903,0.0673828125
shallow,saber_v2,307,4,184,0.5529862642288208,0.0556640625
shallow,saber_v2,307,4,185,0.5710153579711914,0.0478515625
shallow,saber_v2,307,4,186,0.5707072019577026,0.0693359375
shallow,saber_v2,307,4,187,0.53446364402771,0.04296875
shallow,saber_v2,307,4,188,0.6170053482055664,0.0517578125
shallow,saber_v2,307,4,189,0.5727396011352539,0.0576171875
shallow,saber_v2,307,4,190,0.5379154682159424,0.052734375
shallow,saber_v2,307,4,191,0.5585209131240845,0.0556640625
shallow,saber_v2,307,4,192,0.5128532648086548,0.0556640625
shallow,saber_v2,307,4,193,0.5674572587013245,0.0517578125
shallow,saber_v2,307,4,194,0.5126792788505554,0.0595703125
shallow,saber_v2,307,4,195,0.5588998794555664,0.046875
shallow,saber_v2,307,4,196,0.5772266387939453,0.0634765625
shallow,saber_v2,307,4,197,0.6978542804718018,0.052734375
shallow,saber_v2,307,4,198,0.5619129538536072,0.0556640625
shallow,saber_v2,307,4,199,0.504666268825531,0.0546875
shallow,saber_v2,307,4,200,0.5051484704017639,0.0693359375
shallow,saber_v2,307,4,201,0.4673599898815155,0.0458984375
shallow,saber_v2,307,4,202,0.5715007185935974,0.068359375
shallow,saber_v2,307,4,203,0.5375171303749084,0.0546875
shallow,saber_v2,307,4,204,0.5146668553352356,0.0556640625
shallow,saber_v2,307,4,205,0.5751206278800964,0.0546875
shallow,saber_v2,307,4,206,0.4797288477420807,0.0419921875
shallow,saber_v2,307,4,207,0.5206037163734436,0.0478515625
shallow,saber_v2,307,4,208,0.5889264941215515,0.068359375
shallow,saber_v2,307,4,209,0.5976544618606567,0.0517578125
shallow,saber_v2,307,4,210,0.5104706883430481,0.0634765625
shallow,saber_v2,307,4,211,0.5340127348899841,0.060546875
shallow,saber_v2,307,4,212,0.5546283721923828,0.048828125
shallow,saber_v2,307,4,213,0.595284640789032,0.0556640625
shallow,saber_v2,307,4,214,0.4843463897705078,0.048828125
shallow,saber_v2,307,4,215,0.5233080387115479,0.0595703125
shallow,saber_v2,307,4,216,0.550239086151123,0.0380859375
shallow,saber_v2,307,4,217,0.6263607740402222,0.046875
shallow,saber_v2,307,4,218,0.6114528179168701,0.04296875
shallow,saber_v2,307,4,219,0.4764854311943054,0.048828125
shallow,saber_v2,307,4,220,0.5551142692565918,0.05859375
shallow,saber_v2,307,4,221,0.49234700202941895,0.0478515625
shallow,saber_v2,307,4,222,0.5206684470176697,0.05859375
shallow,saber_v2,307,4,223,0.5413636565208435,0.0400390625
shallow,saber_v2,307,4,224,0.5058653354644775,0.0419921875
shallow,saber_v2,307,4,225,0.5717772841453552,0.0712890625
shallow,saber_v2,307,4,226,0.49035945534706116,0.05078125
shallow,saber_v2,307,4,227,0.5870407819747925,0.060546875
shallow,saber_v2,307,4,228,0.5349037647247314,0.0400390625
shallow,saber_v2,307,4,229,0.5382875204086304,0.0458984375
shallow,saber_v2,307,4,230,0.5088998079299927,0.0654296875
shallow,saber_v2,307,4,231,0.5524669289588928,0.06640625
shallow,saber_v2,307,4,232,0.5152100324630737,0.0498046875
shallow,saber_v2,307,4,233,0.5538222789764404,0.0625
shallow,saber_v2,307,4,234,0.6453402638435364,0.05859375
shallow,saber_v2,307,4,235,0.5253652930259705,0.0546875
shallow,saber_v2,307,4,236,0.5502559542655945,0.0517578125
shallow,saber_v2,307,4,237,0.5415771007537842,0.0537109375
shallow,saber_v2,307,4,238,0.5405744910240173,0.056640625
shallow,saber_v2,307,4,239,0.5311973690986633,0.0654296875
shallow,saber_v2,307,4,240,0.5195086598396301,0.048828125
shallow,saber_v2,307,4,241,0.510864794254303,0.05078125
shallow,saber_v2,307,4,242,1.5051287412643433,0.0625
shallow,saber_v2,307,4,243,0.5666566491127014,0.0419921875
shallow,saber_v2,307,4,244,0.5753943920135498,0.064453125
shallow,saber_v2,307,4,245,0.6844643354415894,0.0537109375
shallow,saber_v2,307,4,246,0.5380557179450989,0.0498046875
shallow,saber_v2,307,4,247,0.5397379994392395,0.060546875
shallow,saber_v2,307,4,248,0.5548277497291565,0.064453125
shallow,saber_v2,307,4,249,0.5589631199836731,0.0634765625
shallow,saber_v2,307,4,250,0.5032508373260498,0.07570978254079819
shallow,saber_v2,307,5,0,0.4741261899471283,0.0556640625
shallow,saber_v2,307,5,1,0.5949628353118896,0.0498046875
shallow,saber_v2,307,5,2,0.5813207030296326,0.05859375
shallow,saber_v2,307,5,3,0.49455633759498596,0.052734375
shallow,saber_v2,307,5,4,0.5805216431617737,0.0595703125
shallow,saber_v2,307,5,5,0.5778728723526001,0.0517578125
shallow,saber_v2,307,5,6,0.5853853821754456,0.0478515625
shallow,saber_v2,307,5,7,0.5260635614395142,0.0615234375
shallow,saber_v2,307,5,8,0.5565232634544373,0.0615234375
shallow,saber_v2,307,5,9,0.5253725051879883,0.0615234375
shallow,saber_v2,307,5,10,0.6316380500793457,0.0498046875
shallow,saber_v2,307,5,11,0.5157926082611084,0.0556640625
shallow,saber_v2,307,5,12,0.5189605355262756,0.0615234375
shallow,saber_v2,307,5,13,0.5954452753067017,0.0673828125
shallow,saber_v2,307,5,14,0.49967843294143677,0.05859375
shallow,saber_v2,307,5,15,0.5140394568443298,0.05859375
shallow,saber_v2,307,5,16,0.5360788702964783,0.0556640625
shallow,saber_v2,307,5,17,0.4979638159275055,0.0478515625
shallow,saber_v2,307,5,18,0.5514987111091614,0.0556640625
shallow,saber_v2,307,5,19,0.5253764986991882,0.044921875
shallow,saber_v2,307,5,20,0.584826648235321,0.05859375
shallow,saber_v2,307,5,21,0.5232656002044678,0.0634765625
shallow,saber_v2,307,5,22,0.6236321330070496,0.0556640625
shallow,saber_v2,307,5,23,0.5637810826301575,0.05859375
shallow,saber_v2,307,5,24,0.5118201375007629,0.052734375
shallow,saber_v2,307,5,25,0.5419129133224487,0.048828125
shallow,saber_v2,307,5,26,0.5237604975700378,0.0546875
shallow,saber_v2,307,5,27,0.5126879215240479,0.044921875
shallow,saber_v2,307,5,28,0.5178295969963074,0.0537109375
shallow,saber_v2,307,5,29,0.5138539671897888,0.0419921875
shallow,saber_v2,307,5,30,0.4599940776824951,0.0458984375
shallow,saber_v2,307,5,31,0.5598395466804504,0.0517578125
shallow,saber_v2,307,5,32,0.5814219117164612,0.037109375
shallow,saber_v2,307,5,33,0.5096830725669861,0.0361328125
shallow,saber_v2,307,5,34,0.4918866455554962,0.0634765625
shallow,saber_v2,307,5,35,0.5919808745384216,0.0595703125
shallow,saber_v2,307,5,36,0.5801567435264587,0.0712890625
shallow,saber_v2,307,5,37,0.5362502336502075,0.0673828125
shallow,saber_v2,307,5,38,0.49919986724853516,0.060546875
shallow,saber_v2,307,5,39,0.5400904417037964,0.0458984375
shallow,saber_v2,307,5,40,0.527114748954773,0.0498046875
shallow,saber_v2,307,5,41,0.5134255290031433,0.052734375
shallow,saber_v2,307,5,42,0.5050498247146606,0.0576171875
shallow,saber_v2,307,5,43,0.5362628698348999,0.0478515625
shallow,saber_v2,307,5,44,0.5205826759338379,0.0595703125
shallow,saber_v2,307,5,45,0.5631173849105835,0.0478515625
shallow,saber_v2,307,5,46,0.5574197173118591,0.064453125
shallow,saber_v2,307,5,47,0.5187256932258606,0.0439453125
shallow,saber_v2,307,5,48,0.5357393622398376,0.037109375
shallow,saber_v2,307,5,49,0.5550306439399719,0.056640625
shallow,saber_v2,307,5,50,0.5596620440483093,0.0615234375
shallow,saber_v2,307,5,51,0.5505117177963257,0.0556640625
shallow,saber_v2,307,5,52,0.5221937298774719,0.0517578125
shallow,saber_v2,307,5,53,0.5305185317993164,0.05859375
shallow,saber_v2,307,5,54,0.5354673862457275,0.0576171875
shallow,saber_v2,307,5,55,0.5869003534317017,0.041015625
shallow,saber_v2,307,5,56,0.5699262022972107,0.04296875
shallow,saber_v2,307,5,57,0.5429112911224365,0.048828125
shallow,saber_v2,307,5,58,0.5756794810295105,0.060546875
shallow,saber_v2,307,5,59,0.535464346408844,0.0615234375
shallow,saber_v2,307,5,60,0.5376213788986206,0.0341796875
shallow,saber_v2,307,5,61,0.5319558382034302,0.0439453125
shallow,saber_v2,307,5,62,0.53709876537323,0.056640625
shallow,saber_v2,307,5,63,0.5849338173866272,0.05078125
shallow,saber_v2,307,5,64,0.5167343020439148,0.05859375
shallow,saber_v2,307,5,65,0.5149386525154114,0.046875
shallow,saber_v2,307,5,66,0.541101336479187,0.0537109375
shallow,saber_v2,307,5,67,0.5884777307510376,0.0498046875
shallow,saber_v2,307,5,68,0.5253163576126099,0.0576171875
shallow,saber_v2,307,5,69,0.5191857814788818,0.0390625
shallow,saber_v2,307,5,70,0.5478291511535645,0.0595703125
shallow,saber_v2,307,5,71,0.5073174834251404,0.056640625
shallow,saber_v2,307,5,72,0.5114694833755493,0.0498046875
shallow,saber_v2,307,5,73,0.5187749862670898,0.05859375
shallow,saber_v2,307,5,74,0.4995269775390625,0.046875
shallow,saber_v2,307,5,75,0.5599024891853333,0.0537109375
shallow,saber_v2,307,5,76,0.5974076986312866,0.0458984375
shallow,saber_v2,307,5,77,0.5428916811943054,0.04296875
shallow,saber_v2,307,5,78,0.6079431176185608,0.044921875
shallow,saber_v2,307,5,79,0.508044958114624,0.0458984375
shallow,saber_v2,307,5,80,0.5609782934188843,0.041015625
shallow,saber_v2,307,5,81,0.4698641896247864,0.064453125
shallow,saber_v2,307,5,82,0.48827123641967773,0.0546875
shallow,saber_v2,307,5,83,0.519050121307373,0.05078125
shallow,saber_v2,307,5,84,0.5807037353515625,0.056640625
shallow,saber_v2,307,5,85,0.5517076849937439,0.0439453125
shallow,saber_v2,307,5,86,0.5161954164505005,0.048828125
shallow,saber_v2,307,5,87,0.6103845834732056,0.0654296875
shallow,saber_v2,307,5,88,0.5299170017242432,0.0546875
shallow,saber_v2,307,5,89,0.5197980999946594,0.04296875
shallow,saber_v2,307,5,90,0.5833435654640198,0.0625
shallow,saber_v2,307,5,91,0.5761185884475708,0.0478515625
shallow,saber_v2,307,5,92,0.4852403402328491,0.0595703125
shallow,saber_v2,307,5,93,0.5044838786125183,0.0537109375
shallow,saber_v2,307,5,94,0.5617605447769165,0.0732421875
shallow,saber_v2,307,5,95,0.523104727268219,0.0625
shallow,saber_v2,307,5,96,0.6379510760307312,0.048828125
shallow,saber_v2,307,5,97,0.5610923767089844,0.0517578125
shallow,saber_v2,307,5,98,0.5211595296859741,0.0517578125
shallow,saber_v2,307,5,99,0.5935830473899841,0.05078125
shallow,saber_v2,307,5,100,0.4921718239784241,0.0634765625
shallow,saber_v2,307,5,101,0.5178992748260498,0.0458984375
shallow,saber_v2,307,5,102,0.5873337984085083,0.0673828125
shallow,saber_v2,307,5,103,0.5178309679031372,0.0556640625
shallow,saber_v2,307,5,104,0.5581657886505127,0.0556640625
shallow,saber_v2,307,5,105,0.5248399376869202,0.05859375
shallow,saber_v2,307,5,106,0.5508169531822205,0.056640625
shallow,saber_v2,307,5,107,0.5732919573783875,0.044921875
shallow,saber_v2,307,5,108,0.5895211100578308,0.0537109375
shallow,saber_v2,307,5,109,0.45822903513908386,0.0625
shallow,saber_v2,307,5,110,0.5116004347801208,0.048828125
shallow,saber_v2,307,5,111,0.5235158801078796,0.0439453125
shallow,saber_v2,307,5,112,0.7418407201766968,0.04296875
shallow,saber_v2,307,5,113,0.6318159699440002,0.0517578125
shallow,saber_v2,307,5,114,0.6274120807647705,0.05859375
shallow,saber_v2,307,5,115,0.5860583782196045,0.04296875
shallow,saber_v2,307,5,116,0.5419651865959167,0.056640625
shallow,saber_v2,307,5,117,0.614388108253479,0.04296875
shallow,saber_v2,307,5,118,0.5745387673377991,0.056640625
shallow,saber_v2,307,5,119,0.5258370041847229,0.056640625
shallow,saber_v2,307,5,120,0.5676635503768921,0.05078125
shallow,saber_v2,307,5,121,0.5617075562477112,0.048828125
shallow,saber_v2,307,5,122,0.6431359052658081,0.0625
shallow,saber_v2,307,5,123,0.5830758810043335,0.056640625
shallow,saber_v2,307,5,124,0.5210869908332825,0.0419921875
shallow,saber_v2,307,5,125,0.5585721135139465,0.046875
shallow,saber_v2,307,5,126,0.5634285807609558,0.0595703125
shallow,saber_v2,307,5,127,0.5619068741798401,0.05078125
shallow,saber_v2,307,5,128,0.5760520696640015,0.044921875
shallow,saber_v2,307,5,129,0.5320116877555847,0.0517578125
shallow,saber_v2,307,5,130,0.5272097587585449,0.05859375
shallow,saber_v2,307,5,131,0.6200314164161682,0.0615234375
shallow,saber_v2,307,5,132,0.5694567561149597,0.064453125
shallow,saber_v2,307,5,133,0.5334909558296204,0.046875
shallow,saber_v2,307,5,134,0.663871705532074,0.0439453125
shallow,saber_v2,307,5,135,0.5967855453491211,0.0537109375
shallow,saber_v2,307,5,136,0.613588273525238,0.05078125
shallow,saber_v2,307,5,137,0.5174140334129333,0.0537109375
shallow,saber_v2,307,5,138,0.5991729497909546,0.04296875
shallow,saber_v2,307,5,139,0.5000723600387573,0.0595703125
shallow,saber_v2,307,5,140,0.5525364875793457,0.0537109375
shallow,saber_v2,307,5,141,0.6215490698814392,0.0458984375
shallow,saber_v2,307,5,142,0.5825185775756836,0.0615234375
shallow,saber_v2,307,5,143,0.6516730189323425,0.0654296875
shallow,saber_v2,307,5,144,0.474135160446167,0.0478515625
shallow,saber_v2,307,5,145,0.48243314027786255,0.0625
shallow,saber_v2,307,5,146,0.5797116160392761,0.04296875
shallow,saber_v2,307,5,147,0.5154559016227722,0.05078125
shallow,saber_v2,307,5,148,0.5818603038787842,0.04296875
shallow,saber_v2,307,5,149,0.560263991355896,0.048828125
shallow,saber_v2,307,5,150,0.5613378882408142,0.0556640625
shallow,saber_v2,307,5,151,0.5098504424095154,0.0537109375
shallow,saber_v2,307,5,152,0.5417100191116333,0.0576171875
shallow,saber_v2,307,5,153,0.5064689517021179,0.044921875
shallow,saber_v2,307,5,154,0.5224228501319885,0.0517578125
shallow,saber_v2,307,5,155,0.6269274353981018,0.056640625
shallow,saber_v2,307,5,156,0.5020630359649658,0.0673828125
shallow,saber_v2,307,5,157,0.5654963254928589,0.0458984375
shallow,saber_v2,307,5,158,0.5332847237586975,0.0546875
shallow,saber_v2,307,5,159,0.5460622906684875,0.0498046875
shallow,saber_v2,307,5,160,0.5825238227844238,0.0595703125
shallow,saber_v2,307,5,161,0.5589085817337036,0.0390625
shallow,saber_v2,307,5,162,0.49899905920028687,0.0634765625
shallow,saber_v2,307,5,163,0.5299069285392761,0.060546875
shallow,saber_v2,307,5,164,0.5041452646255493,0.0546875
shallow,saber_v2,307,5,165,0.5011851787567139,0.0439453125
shallow,saber_v2,307,5,166,0.5756309032440186,0.0576171875
shallow,saber_v2,307,5,167,0.5519880056381226,0.0556640625
shallow,saber_v2,307,5,168,0.47945693135261536,0.064453125
shallow,saber_v2,307,5,169,0.5892121195793152,0.0673828125
shallow,saber_v2,307,5,170,0.5165103673934937,0.0546875
shallow,saber_v2,307,5,171,0.584909975528717,0.0712890625
shallow,saber_v2,307,5,172,0.5137268900871277,0.052734375
shallow,saber_v2,307,5,173,0.567322313785553,0.048828125
shallow,saber_v2,307,5,174,0.5111375451087952,0.0546875
shallow,saber_v2,307,5,175,0.5260355472564697,0.0517578125
shallow,saber_v2,307,5,176,0.5519505143165588,0.0546875
shallow,saber_v2,307,5,177,0.5090059041976929,0.0556640625
shallow,saber_v2,307,5,178,0.568016767501831,0.0478515625
shallow,saber_v2,307,5,179,0.5251699686050415,0.0390625
shallow,saber_v2,307,5,180,0.5525256991386414,0.0537109375
shallow,saber_v2,307,5,181,0.5502469539642334,0.05078125
shallow,saber_v2,307,5,182,0.5250567197799683,0.0498046875
shallow,saber_v2,307,5,183,0.5323541760444641,0.056640625
shallow,saber_v2,307,5,184,1.375257968902588,0.046875
shallow,saber_v2,307,5,185,0.49998366832733154,0.0478515625
shallow,saber_v2,307,5,186,0.5177931785583496,0.0615234375
shallow,saber_v2,307,5,187,0.5828868746757507,0.05859375
shallow,saber_v2,307,5,188,0.4897640645503998,0.0712890625
shallow,saber_v2,307,5,189,0.5448194146156311,0.0439453125
shallow,saber_v2,307,5,190,0.6057488322257996,0.03515625
shallow,saber_v2,307,5,191,0.5324221849441528,0.0517578125
shallow,saber_v2,307,5,192,0.5392947196960449,0.0703125
shallow,saber_v2,307,5,193,0.4871043562889099,0.0556640625
shallow,saber_v2,307,5,194,0.5433772802352905,0.060546875
shallow,saber_v2,307,5,195,0.46863245964050293,0.046875
shallow,saber_v2,307,5,196,0.5610382556915283,0.068359375
shallow,saber_v2,307,5,197,0.5670586228370667,0.0634765625
shallow,saber_v2,307,5,198,0.5105697512626648,0.060546875
shallow,saber_v2,307,5,199,0.5442426800727844,0.0537109375
shallow,saber_v2,307,5,200,0.5175836086273193,0.0625
shallow,saber_v2,307,5,201,0.5276092290878296,0.0576171875
shallow,saber_v2,307,5,202,0.5130712985992432,0.0478515625
shallow,saber_v2,307,5,203,0.5076227188110352,0.0537109375
shallow,saber_v2,307,5,204,0.5799184441566467,0.0673828125
shallow,saber_v2,307,5,205,0.6157544851303101,0.0478515625
shallow,saber_v2,307,5,206,0.5525482296943665,0.060546875
shallow,saber_v2,307,5,207,0.5258293151855469,0.056640625
shallow,saber_v2,307,5,208,0.6301569938659668,0.0556640625
shallow,saber_v2,307,5,209,0.5595558881759644,0.052734375
shallow,saber_v2,307,5,210,0.5784553289413452,0.060546875
shallow,saber_v2,307,5,211,0.5196689963340759,0.05078125
shallow,saber_v2,307,5,212,0.5455288887023926,0.060546875
shallow,saber_v2,307,5,213,0.5110225081443787,0.0634765625
shallow,saber_v2,307,5,214,0.5628871321678162,0.0546875
shallow,saber_v2,307,5,215,0.5928732752799988,0.0517578125
shallow,saber_v2,307,5,216,0.5272029638290405,0.05078125
shallow,saber_v2,307,5,217,0.5616881251335144,0.05859375
shallow,saber_v2,307,5,218,0.5142938494682312,0.0595703125
shallow,saber_v2,307,5,219,0.5790075659751892,0.0693359375
shallow,saber_v2,307,5,220,0.6713736653327942,0.048828125
shallow,saber_v2,307,5,221,0.5107611417770386,0.0439453125
shallow,saber_v2,307,5,222,0.60685133934021,0.052734375
shallow,saber_v2,307,5,223,0.5485905408859253,0.0537109375
shallow,saber_v2,307,5,224,0.5556512475013733,0.0546875
shallow,saber_v2,307,5,225,0.6059348583221436,0.0458984375
shallow,saber_v2,307,5,226,0.6186594367027283,0.0712890625
shallow,saber_v2,307,5,227,0.4856964945793152,0.0703125
shallow,saber_v2,307,5,228,0.5774908661842346,0.052734375
shallow,saber_v2,307,5,229,0.5265820622444153,0.0634765625
shallow,saber_v2,307,5,230,0.5774961113929749,0.0458984375
shallow,saber_v2,307,5,231,0.5153056979179382,0.056640625
shallow,saber_v2,307,5,232,0.552708625793457,0.05859375
shallow,saber_v2,307,5,233,0.5173917412757874,0.046875
shallow,saber_v2,307,5,234,0.5451194047927856,0.052734375
shallow,saber_v2,307,5,235,0.49783313274383545,0.060546875
shallow,saber_v2,307,5,236,0.5704218149185181,0.048828125
shallow,saber_v2,307,5,237,0.5491653680801392,0.060546875
shallow,saber_v2,307,5,238,0.551490843296051,0.0634765625
shallow,saber_v2,307,5,239,0.5928182005882263,0.0654296875
shallow,saber_v2,307,5,240,0.5005641579627991,0.052734375
shallow,saber_v2,307,5,241,0.547703206539154,0.052734375
shallow,saber_v2,307,5,242,0.5441948175430298,0.0615234375
shallow,saber_v2,307,5,243,0.49421218037605286,0.046875
shallow,saber_v2,307,5,244,0.5163938999176025,0.0537109375
shallow,saber_v2,307,5,245,0.5927143096923828,0.0517578125
shallow,saber_v2,307,5,246,0.531283438205719,0.05859375
shallow,saber_v2,307,5,247,0.6188746094703674,0.056640625
shallow,saber_v2,307,5,248,0.5370959043502808,0.0576171875
shallow,saber_v2,307,5,249,0.4608934223651886,0.0517578125
shallow,saber_v2,307,5,250,0.4039572477340698,0.04416403919458389
shallow,saber_v2,307,6,0,0.5281954407691956,0.0556640625
shallow,saber_v2,307,6,1,0.5469215512275696,0.0576171875
shallow,saber_v2,307,6,2,0.46318119764328003,0.0537109375
shallow,saber_v2,307,6,3,0.5247620344161987,0.0380859375
shallow,saber_v2,307,6,4,0.4929659068584442,0.0625
shallow,saber_v2,307,6,5,0.5294729471206665,0.0439453125
shallow,saber_v2,307,6,6,0.5328868627548218,0.05078125
shallow,saber_v2,307,6,7,0.5429548025131226,0.0595703125
shallow,saber_v2,307,6,8,0.5780385136604309,0.05859375
shallow,saber_v2,307,6,9,0.5856897830963135,0.041015625
shallow,saber_v2,307,6,10,0.5147889852523804,0.0498046875
shallow,saber_v2,307,6,11,0.5086613297462463,0.044921875
shallow,saber_v2,307,6,12,0.509822428226471,0.0458984375
shallow,saber_v2,307,6,13,0.5606183409690857,0.05078125
shallow,saber_v2,307,6,14,0.51791912317276,0.0517578125
shallow,saber_v2,307,6,15,0.5926275253295898,0.0537109375
shallow,saber_v2,307,6,16,0.48208269476890564,0.0546875
shallow,saber_v2,307,6,17,0.5361313819885254,0.0576171875
shallow,saber_v2,307,6,18,0.530657172203064,0.05859375
shallow,saber_v2,307,6,19,0.5314876437187195,0.0673828125
shallow,saber_v2,307,6,20,0.5418127179145813,0.0537109375
shallow,saber_v2,307,6,21,0.48328471183776855,0.0595703125
shallow,saber_v2,307,6,22,0.4641116261482239,0.0498046875
shallow,saber_v2,307,6,23,0.5314884185791016,0.056640625
shallow,saber_v2,307,6,24,0.5071083903312683,0.0537109375
shallow,saber_v2,307,6,25,0.5065230131149292,0.072265625
shallow,saber_v2,307,6,26,0.5441845059394836,0.0439453125
shallow,saber_v2,307,6,27,0.44762957096099854,0.0537109375
shallow,saber_v2,307,6,28,0.5116857290267944,0.0595703125
shallow,saber_v2,307,6,29,0.5363292694091797,0.0478515625
shallow,saber_v2,307,6,30,0.547298789024353,0.05078125
shallow,saber_v2,307,6,31,0.5170556902885437,0.0419921875
shallow,saber_v2,307,6,32,0.5735821723937988,0.05078125
shallow,saber_v2,307,6,33,0.5517213344573975,0.0537109375
shallow,saber_v2,307,6,34,0.6251911520957947,0.048828125
shallow,saber_v2,307,6,35,0.5230820178985596,0.052734375
shallow,saber_v2,307,6,36,0.5454427599906921,0.05859375
shallow,saber_v2,307,6,37,0.5165714025497437,0.068359375
shallow,saber_v2,307,6,38,0.5320308208465576,0.056640625
shallow,saber_v2,307,6,39,0.5674527883529663,0.06640625
shallow,saber_v2,307,6,40,0.5659739375114441,0.0595703125
shallow,saber_v2,307,6,41,0.5333027243614197,0.05859375
shallow,saber_v2,307,6,42,0.5337510704994202,0.052734375
shallow,saber_v2,307,6,43,0.5695425868034363,0.044921875
shallow,saber_v2,307,6,44,0.5483239889144897,0.0556640625
shallow,saber_v2,307,6,45,0.5710033178329468,0.0537109375
shallow,saber_v2,307,6,46,0.5916648507118225,0.0625
shallow,saber_v2,307,6,47,0.5272082686424255,0.0517578125
shallow,saber_v2,307,6,48,0.49103260040283203,0.05078125
shallow,saber_v2,307,6,49,0.5491056442260742,0.0517578125
shallow,saber_v2,307,6,50,0.5595341324806213,0.0634765625
shallow,saber_v2,307,6,51,0.548848032951355,0.04296875
shallow,saber_v2,307,6,52,0.6395082473754883,0.0498046875
shallow,saber_v2,307,6,53,0.5058759450912476,0.0498046875
shallow,saber_v2,307,6,54,0.5156075954437256,0.0458984375
shallow,saber_v2,307,6,55,0.5242493748664856,0.048828125
shallow,saber_v2,307,6,56,0.5970794558525085,0.0546875
shallow,saber_v2,307,6,57,0.6200665831565857,0.0498046875
shallow,saber_v2,307,6,58,0.5110902190208435,0.0654296875
shallow,saber_v2,307,6,59,0.5105481147766113,0.0546875
shallow,saber_v2,307,6,60,0.6224402189254761,0.0556640625
shallow,saber_v2,307,6,61,0.5027971267700195,0.0498046875
shallow,saber_v2,307,6,62,0.585084855556488,0.0556640625
shallow,saber_v2,307,6,63,0.49036911129951477,0.052734375
shallow,saber_v2,307,6,64,0.5733188390731812,0.0498046875
shallow,saber_v2,307,6,65,0.49225229024887085,0.0537109375
shallow,saber_v2,307,6,66,0.5850273370742798,0.0517578125
shallow,saber_v2,307,6,67,0.5260151624679565,0.052734375
shallow,saber_v2,307,6,68,0.6065822243690491,0.052734375
shallow,saber_v2,307,6,69,0.5302127003669739,0.0458984375
shallow,saber_v2,307,6,70,0.5281174182891846,0.0478515625
shallow,saber_v2,307,6,71,0.5447368025779724,0.0498046875
shallow,saber_v2,307,6,72,0.555980384349823,0.05078125
shallow,saber_v2,307,6,73,0.5073491334915161,0.0498046875
shallow,saber_v2,307,6,74,0.4987501800060272,0.046875
shallow,saber_v2,307,6,75,0.5932754278182983,0.0703125
shallow,saber_v2,307,6,76,0.5081648230552673,0.0439453125
shallow,saber_v2,307,6,77,0.5433205962181091,0.046875
shallow,saber_v2,307,6,78,0.5082991719245911,0.0546875
shallow,saber_v2,307,6,79,0.5286260843276978,0.0517578125
shallow,saber_v2,307,6,80,0.5156769752502441,0.037109375
shallow,saber_v2,307,6,81,0.5583798289299011,0.048828125
shallow,saber_v2,307,6,82,0.5258902311325073,0.0673828125
shallow,saber_v2,307,6,83,0.49591293931007385,0.0498046875
shallow,saber_v2,307,6,84,0.48481738567352295,0.0537109375
shallow,saber_v2,307,6,85,0.5784115791320801,0.07421875
shallow,saber_v2,307,6,86,0.5557339191436768,0.052734375
shallow,saber_v2,307,6,87,0.49749502539634705,0.0537109375
shallow,saber_v2,307,6,88,0.52951580286026,0.0576171875
shallow,saber_v2,307,6,89,0.5427828431129456,0.0595703125
shallow,saber_v2,307,6,90,0.561011552810669,0.05859375
shallow,saber_v2,307,6,91,0.5520857572555542,0.0478515625
shallow,saber_v2,307,6,92,0.534763514995575,0.0546875
shallow,saber_v2,307,6,93,0.4916234016418457,0.060546875
shallow,saber_v2,307,6,94,0.5424303412437439,0.0517578125
shallow,saber_v2,307,6,95,0.5323106050491333,0.0615234375
shallow,saber_v2,307,6,96,0.5221412181854248,0.044921875
shallow,saber_v2,307,6,97,0.556334912776947,0.0537109375
shallow,saber_v2,307,6,98,0.5129044055938721,0.0458984375
shallow,saber_v2,307,6,99,0.5676628351211548,0.052734375
shallow,saber_v2,307,6,100,0.5603585839271545,0.0537109375
shallow,saber_v2,307,6,101,0.453436017036438,0.046875
shallow,saber_v2,307,6,102,0.5015504360198975,0.0615234375
shallow,saber_v2,307,6,103,0.5143691301345825,0.0546875
shallow,saber_v2,307,6,104,0.5116298794746399,0.0439453125
shallow,saber_v2,307,6,105,0.5316964387893677,0.048828125
shallow,saber_v2,307,6,106,0.4932332932949066,0.0478515625
shallow,saber_v2,307,6,107,0.5130982995033264,0.0537109375
shallow,saber_v2,307,6,108,0.527122974395752,0.0498046875
shallow,saber_v2,307,6,109,0.5135305523872375,0.0546875
shallow,saber_v2,307,6,110,0.5823498368263245,0.046875
shallow,saber_v2,307,6,111,0.5774368643760681,0.06640625
shallow,saber_v2,307,6,112,0.5782514810562134,0.0537109375
shallow,saber_v2,307,6,113,0.4267525374889374,0.0576171875
shallow,saber_v2,307,6,114,0.4671347141265869,0.0498046875
shallow,saber_v2,307,6,115,0.5398749113082886,0.05859375
shallow,saber_v2,307,6,116,0.4731939136981964,0.060546875
shallow,saber_v2,307,6,117,0.47040489315986633,0.0517578125
shallow,saber_v2,307,6,118,0.6336842775344849,0.052734375
shallow,saber_v2,307,6,119,1.3579864501953125,0.05859375
shallow,saber_v2,307,6,120,0.5250488519668579,0.0458984375
shallow,saber_v2,307,6,121,0.494267076253891,0.0556640625
shallow,saber_v2,307,6,122,0.5375644564628601,0.04296875
shallow,saber_v2,307,6,123,0.5307983160018921,0.0517578125
shallow,saber_v2,307,6,124,0.5521431565284729,0.0556640625
shallow,saber_v2,307,6,125,0.5443885326385498,0.041015625
shallow,saber_v2,307,6,126,0.6296299695968628,0.0595703125
shallow,saber_v2,307,6,127,0.53753662109375,0.044921875
shallow,saber_v2,307,6,128,0.4783719480037689,0.05078125
shallow,saber_v2,307,6,129,0.6332564353942871,0.04296875
shallow,saber_v2,307,6,130,0.4971676766872406,0.0546875
shallow,saber_v2,307,6,131,0.5618793368339539,0.052734375
shallow,saber_v2,307,6,132,0.5451265573501587,0.052734375
shallow,saber_v2,307,6,133,0.5303475856781006,0.0517578125
shallow,saber_v2,307,6,134,0.5492010116577148,0.072265625
shallow,saber_v2,307,6,135,0.5705981850624084,0.046875
shallow,saber_v2,307,6,136,0.586860179901123,0.052734375
shallow,saber_v2,307,6,137,0.5858065485954285,0.068359375
shallow,saber_v2,307,6,138,0.5701384544372559,0.0576171875
shallow,saber_v2,307,6,139,0.5550712943077087,0.0615234375
shallow,saber_v2,307,6,140,0.5227025151252747,0.0419921875
shallow,saber_v2,307,6,141,0.5916134119033813,0.05078125
shallow,saber_v2,307,6,142,0.5245216488838196,0.0537109375
shallow,saber_v2,307,6,143,0.5252482295036316,0.064453125
shallow,saber_v2,307,6,144,0.5699456334114075,0.0546875
shallow,saber_v2,307,6,145,0.6451014876365662,0.0615234375
shallow,saber_v2,307,6,146,0.5411723256111145,0.0537109375
shallow,saber_v2,307,6,147,0.4815399944782257,0.0595703125
shallow,saber_v2,307,6,148,0.5869951248168945,0.046875
shallow,saber_v2,307,6,149,0.5308655500411987,0.0595703125
shallow,saber_v2,307,6,150,0.5287377834320068,0.0625
shallow,saber_v2,307,6,151,0.546302080154419,0.048828125
shallow,saber_v2,307,6,152,0.5500849485397339,0.06640625
shallow,saber_v2,307,6,153,0.5483155846595764,0.0546875
shallow,saber_v2,307,6,154,0.5436672568321228,0.0693359375
shallow,saber_v2,307,6,155,0.5591697096824646,0.0517578125
shallow,saber_v2,307,6,156,0.49552908539772034,0.037109375
shallow,saber_v2,307,6,157,0.5729350447654724,0.052734375
shallow,saber_v2,307,6,158,0.4914821982383728,0.0556640625
shallow,saber_v2,307,6,159,0.6140905618667603,0.0537109375
shallow,saber_v2,307,6,160,0.46312448382377625,0.05078125
shallow,saber_v2,307,6,161,0.5285224318504333,0.0595703125
shallow,saber_v2,307,6,162,0.5627598166465759,0.0556640625
shallow,saber_v2,307,6,163,0.5099331736564636,0.05078125
shallow,saber_v2,307,6,164,0.5194461345672607,0.0517578125
shallow,saber_v2,307,6,165,0.5191786289215088,0.0478515625
shallow,saber_v2,307,6,166,0.4917867183685303,0.0703125
shallow,saber_v2,307,6,167,0.5063188672065735,0.041015625
shallow,saber_v2,307,6,168,0.49078989028930664,0.0625
shallow,saber_v2,307,6,169,0.5484740734100342,0.05859375
shallow,saber_v2,307,6,170,0.5890098214149475,0.0556640625
shallow,saber_v2,307,6,171,0.5544643402099609,0.0615234375
shallow,saber_v2,307,6,172,0.5726144909858704,0.0537109375
shallow,saber_v2,307,6,173,0.560368537902832,0.04296875
shallow,saber_v2,307,6,174,0.5458890199661255,0.0498046875
shallow,saber_v2,307,6,175,0.5817841291427612,0.0517578125
shallow,saber_v2,307,6,176,0.5338505506515503,0.0517578125
shallow,saber_v2,307,6,177,0.5656636357307434,0.0634765625
shallow,saber_v2,307,6,178,0.6214271783828735,0.060546875
shallow,saber_v2,307,6,179,0.5916071534156799,0.06640625
shallow,saber_v2,307,6,180,0.5655673146247864,0.0498046875
shallow,saber_v2,307,6,181,0.6075225472450256,0.0595703125
shallow,saber_v2,307,6,182,0.5454206466674805,0.0634765625
shallow,saber_v2,307,6,183,0.5053579211235046,0.0595703125
shallow,saber_v2,307,6,184,0.5238786339759827,0.0556640625
shallow,saber_v2,307,6,185,0.554692268371582,0.06640625
shallow,saber_v2,307,6,186,0.5910987257957458,0.06640625
shallow,saber_v2,307,6,187,0.5932797789573669,0.0673828125
shallow,saber_v2,307,6,188,0.5167182087898254,0.0595703125
shallow,saber_v2,307,6,189,0.5379015207290649,0.0478515625
shallow,saber_v2,307,6,190,0.5283863544464111,0.0517578125
shallow,saber_v2,307,6,191,0.564809262752533,0.0595703125
shallow,saber_v2,307,6,192,0.5037887096405029,0.0390625
shallow,saber_v2,307,6,193,0.5137754678726196,0.0439453125
shallow,saber_v2,307,6,194,0.5428994297981262,0.0478515625
shallow,saber_v2,307,6,195,0.5331952571868896,0.0556640625
shallow,saber_v2,307,6,196,0.5324323177337646,0.048828125
shallow,saber_v2,307,6,197,0.4872141182422638,0.0625
shallow,saber_v2,307,6,198,0.5991852879524231,0.0576171875
shallow,saber_v2,307,6,199,0.4765711724758148,0.0537109375
shallow,saber_v2,307,6,200,0.536643922328949,0.052734375
shallow,saber_v2,307,6,201,0.52534019947052,0.0400390625
shallow,saber_v2,307,6,202,0.583263099193573,0.0625
shallow,saber_v2,307,6,203,0.5287291407585144,0.0546875
shallow,saber_v2,307,6,204,0.4891596734523773,0.0732421875
shallow,saber_v2,307,6,205,0.5103814601898193,0.046875
shallow,saber_v2,307,6,206,0.5633752942085266,0.0517578125
shallow,saber_v2,307,6,207,0.5863252282142639,0.0546875
shallow,saber_v2,307,6,208,0.5399835109710693,0.0634765625
shallow,saber_v2,307,6,209,0.5046373605728149,0.048828125
shallow,saber_v2,307,6,210,0.5160765051841736,0.0625
shallow,saber_v2,307,6,211,0.5587091445922852,0.0576171875
shallow,saber_v2,307,6,212,0.5235105752944946,0.0595703125
shallow,saber_v2,307,6,213,0.5367056131362915,0.04296875
shallow,saber_v2,307,6,214,0.5544964671134949,0.05859375
shallow,saber_v2,307,6,215,0.5631843209266663,0.0478515625
shallow,saber_v2,307,6,216,0.563707709312439,0.04296875
shallow,saber_v2,307,6,217,0.5380375385284424,0.0673828125
shallow,saber_v2,307,6,218,0.5353977680206299,0.0625
shallow,saber_v2,307,6,219,0.49836984276771545,0.0576171875
shallow,saber_v2,307,6,220,0.5364047884941101,0.044921875
shallow,saber_v2,307,6,221,0.5123775005340576,0.0537109375
shallow,saber_v2,307,6,222,0.5653141736984253,0.06640625
shallow,saber_v2,307,6,223,0.5297589898109436,0.0439453125
shallow,saber_v2,307,6,224,0.5475538969039917,0.0625
shallow,saber_v2,307,6,225,0.5388415455818176,0.05078125
shallow,saber_v2,307,6,226,0.5004364252090454,0.0439453125
shallow,saber_v2,307,6,227,0.5035813450813293,0.046875
shallow,saber_v2,307,6,228,0.5335277318954468,0.046875
shallow,saber_v2,307,6,229,0.5325032472610474,0.0625
shallow,saber_v2,307,6,230,0.5675849914550781,0.04296875
shallow,saber_v2,307,6,231,0.57755446434021,0.0556640625
shallow,saber_v2,307,6,232,0.5236559510231018,0.056640625
shallow,saber_v2,307,6,233,0.49422499537467957,0.0458984375
shallow,saber_v2,307,6,234,0.5135756134986877,0.0654296875
shallow,saber_v2,307,6,235,0.5682033896446228,0.056640625
shallow,saber_v2,307,6,236,0.49194854497909546,0.05859375
shallow,saber_v2,307,6,237,0.5090070366859436,0.0634765625
shallow,saber_v2,307,6,238,0.546806812286377,0.0517578125
shallow,saber_v2,307,6,239,0.49938687682151794,0.05859375
shallow,saber_v2,307,6,240,0.5250365734100342,0.05078125
shallow,saber_v2,307,6,241,0.48043301701545715,0.0546875
shallow,saber_v2,307,6,242,0.4848892390727997,0.0537109375
shallow,saber_v2,307,6,243,0.547028124332428,0.060546875
shallow,saber_v2,307,6,244,0.5725200772285461,0.0478515625
shallow,saber_v2,307,6,245,0.5838854908943176,0.0537109375
shallow,saber_v2,307,6,246,0.5182562470436096,0.0419921875
shallow,saber_v2,307,6,247,0.5400263071060181,0.0615234375
shallow,saber_v2,307,6,248,0.5422482490539551,0.056640625
shallow,saber_v2,307,6,249,0.5851304531097412,0.04296875
shallow,saber_v2,307,6,250,0.5390993356704712,0.05362776294350624
shallow,saber_v2,307,7,0,0.5402721762657166,0.0537109375
shallow,saber_v2,307,7,1,0.5571804642677307,0.06640625
shallow,saber_v2,307,7,2,0.5516592264175415,0.056640625
shallow,saber_v2,307,7,3,0.5223063230514526,0.064453125
shallow,saber_v2,307,7,4,0.56673663854599,0.044921875
shallow,saber_v2,307,7,5,0.4530891180038452,0.0458984375
shallow,saber_v2,307,7,6,0.5178284645080566,0.0498046875
shallow,saber_v2,307,7,7,0.5408696532249451,0.056640625
shallow,saber_v2,307,7,8,0.5384224057197571,0.0625
shallow,saber_v2,307,7,9,0.6011664867401123,0.0595703125
shallow,saber_v2,307,7,10,0.5198187828063965,0.0537109375
shallow,saber_v2,307,7,11,0.5253599882125854,0.0546875
shallow,saber_v2,307,7,12,0.5162240862846375,0.0625
shallow,saber_v2,307,7,13,0.5031539797782898,0.0478515625
shallow,saber_v2,307,7,14,0.5874506235122681,0.06640625
shallow,saber_v2,307,7,15,0.5589444637298584,0.0556640625
shallow,saber_v2,307,7,16,0.518552839756012,0.048828125
shallow,saber_v2,307,7,17,0.5440260767936707,0.05078125
shallow,saber_v2,307,7,18,0.5454145073890686,0.0556640625
shallow,saber_v2,307,7,19,0.5045955777168274,0.048828125
shallow,saber_v2,307,7,20,0.5149049162864685,0.0498046875
shallow,saber_v2,307,7,21,0.5486311316490173,0.0546875
shallow,saber_v2,307,7,22,0.5956458449363708,0.0478515625
shallow,saber_v2,307,7,23,0.5692311525344849,0.0478515625
shallow,saber_v2,307,7,24,0.5019985437393188,0.0546875
shallow,saber_v2,307,7,25,0.5839612483978271,0.0478515625
shallow,saber_v2,307,7,26,0.5407986640930176,0.0654296875
shallow,saber_v2,307,7,27,0.43855971097946167,0.052734375
shallow,saber_v2,307,7,28,0.49678942561149597,0.0595703125
shallow,saber_v2,307,7,29,0.484019011259079,0.0615234375
shallow,saber_v2,307,7,30,0.5268687605857849,0.060546875
shallow,saber_v2,307,7,31,0.5015469789505005,0.0546875
shallow,saber_v2,307,7,32,0.5569347739219666,0.056640625
shallow,saber_v2,307,7,33,0.4951472580432892,0.056640625
shallow,saber_v2,307,7,34,0.5235926508903503,0.0546875
shallow,saber_v2,307,7,35,0.49022507667541504,0.0625
shallow,saber_v2,307,7,36,0.5246864557266235,0.05078125
shallow,saber_v2,307,7,37,0.5076908469200134,0.068359375
shallow,saber_v2,307,7,38,0.5451251268386841,0.056640625
shallow,saber_v2,307,7,39,0.5386750102043152,0.046875
shallow,saber_v2,307,7,40,1.2327150106430054,0.0703125
shallow,saber_v2,307,7,41,0.5081867575645447,0.0478515625
shallow,saber_v2,307,7,42,0.5625263452529907,0.0546875
shallow,saber_v2,307,7,43,0.5772161483764648,0.0556640625
shallow,saber_v2,307,7,44,0.5014271140098572,0.05078125
shallow,saber_v2,307,7,45,0.5621849298477173,0.0654296875
shallow,saber_v2,307,7,46,0.5874176025390625,0.048828125
shallow,saber_v2,307,7,47,0.4544179439544678,0.0458984375
shallow,saber_v2,307,7,48,0.5077725648880005,0.0556640625
shallow,saber_v2,307,7,49,0.5198127031326294,0.0478515625
shallow,saber_v2,307,7,50,0.5387847423553467,0.0556640625
shallow,saber_v2,307,7,51,0.5389601588249207,0.060546875
shallow,saber_v2,307,7,52,0.5435262322425842,0.0439453125
shallow,saber_v2,307,7,53,0.5355823040008545,0.060546875
shallow,saber_v2,307,7,54,0.5567154288291931,0.0537109375
shallow,saber_v2,307,7,55,0.5072229504585266,0.052734375
shallow,saber_v2,307,7,56,0.4984325170516968,0.0537109375
shallow,saber_v2,307,7,57,0.5342859029769897,0.052734375
shallow,saber_v2,307,7,58,0.5349752902984619,0.0546875
shallow,saber_v2,307,7,59,0.6110451817512512,0.0537109375
shallow,saber_v2,307,7,60,0.5349972248077393,0.0537109375
shallow,saber_v2,307,7,61,0.48237141966819763,0.05078125
shallow,saber_v2,307,7,62,0.5335915088653564,0.0537109375
shallow,saber_v2,307,7,63,0.5277894139289856,0.06640625
shallow,saber_v2,307,7,64,0.6022851467132568,0.0595703125
shallow,saber_v2,307,7,65,0.5373845100402832,0.0458984375
shallow,saber_v2,307,7,66,0.5369007587432861,0.0556640625
shallow,saber_v2,307,7,67,0.5624677538871765,0.048828125
shallow,saber_v2,307,7,68,0.527273416519165,0.060546875
shallow,saber_v2,307,7,69,0.5452846884727478,0.0556640625
shallow,saber_v2,307,7,70,0.4799666702747345,0.0498046875
shallow,saber_v2,307,7,71,0.5053680539131165,0.0517578125
shallow,saber_v2,307,7,72,0.6032555103302002,0.056640625
shallow,saber_v2,307,7,73,0.598039448261261,0.064453125
shallow,saber_v2,307,7,74,0.5479671955108643,0.0439453125
shallow,saber_v2,307,7,75,0.5013399124145508,0.046875
shallow,saber_v2,307,7,76,0.5343658924102783,0.060546875
shallow,saber_v2,307,7,77,0.5293092727661133,0.0556640625
shallow,saber_v2,307,7,78,0.6014784574508667,0.0439453125
shallow,saber_v2,307,7,79,0.5036677122116089,0.046875
shallow,saber_v2,307,7,80,0.4905153214931488,0.044921875
shallow,saber_v2,307,7,81,0.503721296787262,0.0537109375
shallow,saber_v2,307,7,82,0.5368146896362305,0.0517578125
shallow,saber_v2,307,7,83,0.5583910346031189,0.0546875
shallow,saber_v2,307,7,84,0.542372465133667,0.0546875
shallow,saber_v2,307,7,85,0.5101611018180847,0.0537109375
shallow,saber_v2,307,7,86,0.5417742133140564,0.0537109375
shallow,saber_v2,307,7,87,0.5251349806785583,0.048828125
shallow,saber_v2,307,7,88,0.5363263487815857,0.05859375
shallow,saber_v2,307,7,89,0.48615437746047974,0.0517578125
shallow,saber_v2,307,7,90,0.5624409317970276,0.048828125
shallow,saber_v2,307,7,91,0.5366266369819641,0.0595703125
shallow,saber_v2,307,7,92,0.4721839725971222,0.0537109375
shallow,saber_v2,307,7,93,0.5820330381393433,0.0537109375
shallow,saber_v2,307,7,94,0.584711492061615,0.0546875
shallow,saber_v2,307,7,95,0.5490283370018005,0.0576171875
shallow,saber_v2,307,7,96,0.5609622597694397,0.046875
shallow,saber_v2,307,7,97,0.5365851521492004,0.0546875
shallow,saber_v2,307,7,98,0.5547764301300049,0.048828125
shallow,saber_v2,307,7,99,0.5673049092292786,0.0546875
shallow,saber_v2,307,7,100,0.5164605379104614,0.056640625
shallow,saber_v2,307,7,101,0.5078114867210388,0.064453125
shallow,saber_v2,307,7,102,0.5295307040214539,0.064453125
shallow,saber_v2,307,7,103,0.5347656607627869,0.0517578125
shallow,saber_v2,307,7,104,0.5179058909416199,0.0439453125
shallow,saber_v2,307,7,105,0.5492163300514221,0.0576171875
shallow,saber_v2,307,7,106,0.5195124745368958,0.06640625
shallow,saber_v2,307,7,107,0.5243468880653381,0.060546875
shallow,saber_v2,307,7,108,0.5329263806343079,0.0458984375
shallow,saber_v2,307,7,109,0.49547964334487915,0.0517578125
shallow,saber_v2,307,7,110,0.5091130137443542,0.0537109375
shallow,saber_v2,307,7,111,0.5096759796142578,0.0546875
shallow,saber_v2,307,7,112,0.5145041346549988,0.048828125
shallow,saber_v2,307,7,113,0.5623309016227722,0.0517578125
shallow,saber_v2,307,7,114,0.5526213049888611,0.0361328125
shallow,saber_v2,307,7,115,0.5199128985404968,0.0615234375
shallow,saber_v2,307,7,116,0.5591139793395996,0.0595703125
shallow,saber_v2,307,7,117,0.4463783800601959,0.0732421875
shallow,saber_v2,307,7,118,0.5462003946304321,0.048828125
shallow,saber_v2,307,7,119,0.48016560077667236,0.044921875
shallow,saber_v2,307,7,120,0.5045921206474304,0.0595703125
shallow,saber_v2,307,7,121,0.45446398854255676,0.044921875
shallow,saber_v2,307,7,122,0.5398949384689331,0.0634765625
shallow,saber_v2,307,7,123,0.5333017706871033,0.056640625
shallow,saber_v2,307,7,124,0.4973301887512207,0.0458984375
shallow,saber_v2,307,7,125,0.54107666015625,0.046875
shallow,saber_v2,307,7,126,0.5071262121200562,0.056640625
shallow,saber_v2,307,7,127,0.5233397483825684,0.0546875
shallow,saber_v2,307,7,128,0.5206960439682007,0.0654296875
shallow,saber_v2,307,7,129,0.5168944597244263,0.0595703125
shallow,saber_v2,307,7,130,0.5878864526748657,0.044921875
shallow,saber_v2,307,7,131,0.5503796339035034,0.0439453125
shallow,saber_v2,307,7,132,0.49405577778816223,0.0439453125
shallow,saber_v2,307,7,133,0.5474310517311096,0.05078125
shallow,saber_v2,307,7,134,0.5781705379486084,0.04296875
shallow,saber_v2,307,7,135,0.5179603099822998,0.0537109375
shallow,saber_v2,307,7,136,0.5229068398475647,0.068359375
shallow,saber_v2,307,7,137,0.5605162382125854,0.0458984375
shallow,saber_v2,307,7,138,0.5606672763824463,0.048828125
shallow,saber_v2,307,7,139,0.5393765568733215,0.0615234375
shallow,saber_v2,307,7,140,0.5689216256141663,0.064453125
shallow,saber_v2,307,7,141,0.46182042360305786,0.048828125
shallow,saber_v2,307,7,142,0.4912005662918091,0.0478515625
shallow,saber_v2,307,7,143,0.46314099431037903,0.0400390625
shallow,saber_v2,307,7,144,0.6062590479850769,0.056640625
shallow,saber_v2,307,7,145,0.5277009010314941,0.048828125
shallow,saber_v2,307,7,146,0.4871568977832794,0.0673828125
shallow,saber_v2,307,7,147,0.5245749354362488,0.0458984375
shallow,saber_v2,307,7,148,0.5318589806556702,0.0556640625
shallow,saber_v2,307,7,149,0.5342870950698853,0.056640625
shallow,saber_v2,307,7,150,0.4341292083263397,0.0556640625
shallow,saber_v2,307,7,151,0.5245882868766785,0.0546875
shallow,saber_v2,307,7,152,0.5334435105323792,0.068359375
shallow,saber_v2,307,7,153,0.5327444672584534,0.0498046875
shallow,saber_v2,307,7,154,0.5112528800964355,0.05078125
shallow,saber_v2,307,7,155,0.4836040735244751,0.0478515625
shallow,saber_v2,307,7,156,0.5322933197021484,0.044921875
shallow,saber_v2,307,7,157,0.5050441026687622,0.05078125
shallow,saber_v2,307,7,158,0.5106002688407898,0.0498046875
shallow,saber_v2,307,7,159,0.5445575714111328,0.0458984375
shallow,saber_v2,307,7,160,0.5317257642745972,0.05078125
shallow,saber_v2,307,7,161,0.5132266283035278,0.0556640625
shallow,saber_v2,307,7,162,0.5565881729125977,0.0517578125
shallow,saber_v2,307,7,163,0.5430222153663635,0.0419921875
shallow,saber_v2,307,7,164,0.49851199984550476,0.044921875
shallow,saber_v2,307,7,165,0.5483043193817139,0.0556640625
shallow,saber_v2,307,7,166,0.5277414321899414,0.068359375
shallow,saber_v2,307,7,167,0.5037394762039185,0.0615234375
shallow,saber_v2,307,7,168,0.5458629727363586,0.0537109375
shallow,saber_v2,307,7,169,0.5683623552322388,0.052734375
shallow,saber_v2,307,7,170,0.5378094911575317,0.0556640625
shallow,saber_v2,307,7,171,0.5285956263542175,0.05859375
shallow,saber_v2,307,7,172,0.5008500814437866,0.05859375
shallow,saber_v2,307,7,173,0.5250125527381897,0.0380859375
shallow,saber_v2,307,7,174,0.5746034979820251,0.056640625
shallow,saber_v2,307,7,175,0.5383169054985046,0.0439453125
shallow,saber_v2,307,7,176,0.5156185030937195,0.0595703125
shallow,saber_v2,307,7,177,0.5673476457595825,0.0458984375
shallow,saber_v2,307,7,178,0.507781982421875,0.0439453125
shallow,saber_v2,307,7,179,0.5957340598106384,0.048828125
shallow,saber_v2,307,7,180,0.43298646807670593,0.0556640625
shallow,saber_v2,307,7,181,0.48792359232902527,0.0703125
shallow,saber_v2,307,7,182,0.4724711775779724,0.064453125
shallow,saber_v2,307,7,183,0.5018014907836914,0.0419921875
shallow,saber_v2,307,7,184,0.5625137090682983,0.0546875
shallow,saber_v2,307,7,185,0.5079403519630432,0.0458984375
shallow,saber_v2,307,7,186,0.47315675020217896,0.05078125
shallow,saber_v2,307,7,187,0.5288345217704773,0.0498046875
shallow,saber_v2,307,7,188,0.4805077910423279,0.0615234375
shallow,saber_v2,307,7,189,0.5009015202522278,0.0576171875
shallow,saber_v2,307,7,190,0.5842934846878052,0.0556640625
shallow,saber_v2,307,7,191,0.5750446915626526,0.05078125
shallow,saber_v2,307,7,192,0.5940046906471252,0.0615234375
shallow,saber_v2,307,7,193,0.4884895086288452,0.0625
shallow,saber_v2,307,7,194,0.4906032979488373,0.046875
shallow,saber_v2,307,7,195,0.5465888977050781,0.048828125
shallow,saber_v2,307,7,196,0.5550790429115295,0.0546875
shallow,saber_v2,307,7,197,0.5476714968681335,0.0537109375
shallow,saber_v2,307,7,198,0.5282542109489441,0.046875
shallow,saber_v2,307,7,199,0.5589788556098938,0.0595703125
shallow,saber_v2,307,7,200,0.4699309468269348,0.05859375
shallow,saber_v2,307,7,201,0.5061371922492981,0.05859375
shallow,saber_v2,307,7,202,0.5702402591705322,0.0615234375
shallow,saber_v2,307,7,203,0.5407755374908447,0.0556640625
shallow,saber_v2,307,7,204,0.6074349880218506,0.0458984375
shallow,saber_v2,307,7,205,0.4838939607143402,0.064453125
shallow,saber_v2,307,7,206,0.5819377899169922,0.0419921875
shallow,saber_v2,307,7,207,0.5127427577972412,0.0478515625
shallow,saber_v2,307,7,208,0.527776837348938,0.0498046875
shallow,saber_v2,307,7,209,0.5335748195648193,0.044921875
shallow,saber_v2,307,7,210,0.519874632358551,0.056640625
shallow,saber_v2,307,7,211,0.5311082005500793,0.05859375
shallow,saber_v2,307,7,212,0.5020776987075806,0.0556640625
shallow,saber_v2,307,7,213,0.5118168592453003,0.0478515625
shallow,saber_v2,307,7,214,0.5172972083091736,0.07421875
shallow,saber_v2,307,7,215,0.5563090443611145,0.0517578125
shallow,saber_v2,307,7,216,0.5214376449584961,0.0556640625
shallow,saber_v2,307,7,217,0.5121079087257385,0.0458984375
shallow,saber_v2,307,7,218,0.5419649481773376,0.0625
shallow,saber_v2,307,7,219,0.5043191909790039,0.0546875
shallow,saber_v2,307,7,220,0.5541641712188721,0.0615234375
shallow,saber_v2,307,7,221,0.5799883604049683,0.04296875
shallow,saber_v2,307,7,222,0.5193054676055908,0.0546875
shallow,saber_v2,307,7,223,0.5681620836257935,0.0576171875
shallow,saber_v2,307,7,224,0.596427321434021,0.044921875
shallow,saber_v2,307,7,225,0.4772220849990845,0.06640625
shallow,saber_v2,307,7,226,0.465289831161499,0.0537109375
shallow,saber_v2,307,7,227,0.4853925108909607,0.0537109375
shallow,saber_v2,307,7,228,0.5639223456382751,0.0546875
shallow,saber_v2,307,7,229,0.5533011555671692,0.056640625
shallow,saber_v2,307,7,230,0.5221403241157532,0.0625
shallow,saber_v2,307,7,231,0.5063645243644714,0.0517578125
shallow,saber_v2,307,7,232,0.576699435710907,0.0478515625
shallow,saber_v2,307,7,233,0.502795398235321,0.0625
shallow,saber_v2,307,7,234,0.4931458830833435,0.0634765625
shallow,saber_v2,307,7,235,0.5279698371887207,0.056640625
shallow,saber_v2,307,7,236,0.5536383986473083,0.0478515625
shallow,saber_v2,307,7,237,0.5291694402694702,0.05859375
shallow,saber_v2,307,7,238,0.6061403751373291,0.05078125
shallow,saber_v2,307,7,239,0.46435409784317017,0.0478515625
shallow,saber_v2,307,7,240,0.5785294771194458,0.0390625
shallow,saber_v2,307,7,241,0.544753909111023,0.0576171875
shallow,saber_v2,307,7,242,0.5255298614501953,0.0556640625
shallow,saber_v2,307,7,243,0.5535731315612793,0.0498046875
shallow,saber_v2,307,7,244,0.5042820572853088,0.04296875
shallow,saber_v2,307,7,245,0.5077829360961914,0.05078125
shallow,saber_v2,307,7,246,0.49431049823760986,0.0546875
shallow,saber_v2,307,7,247,0.5531778931617737,0.05859375
shallow,saber_v2,307,7,248,0.5340210795402527,0.0537109375
shallow,saber_v2,307,7,249,0.5169907212257385,0.076171875
shallow,saber_v2,307,7,250,0.5406294465065002,0.06940063089132309
shallow,saber_v2,307,8,0,0.516425371170044,0.0546875
shallow,saber_v2,307,8,1,0.49938061833381653,0.044921875
shallow,saber_v2,307,8,2,0.47092753648757935,0.05859375
shallow,saber_v2,307,8,3,0.5539960861206055,0.0625
shallow,saber_v2,307,8,4,0.5086238980293274,0.052734375
shallow,saber_v2,307,8,5,0.49725455045700073,0.05859375
shallow,saber_v2,307,8,6,0.5075668096542358,0.0615234375
shallow,saber_v2,307,8,7,0.5412728190422058,0.0498046875
shallow,saber_v2,307,8,8,0.5371097922325134,0.041015625
shallow,saber_v2,307,8,9,0.5408912897109985,0.05078125
shallow,saber_v2,307,8,10,0.570639431476593,0.0458984375
shallow,saber_v2,307,8,11,0.5226929783821106,0.046875
shallow,saber_v2,307,8,12,0.527080237865448,0.0458984375
shallow,saber_v2,307,8,13,0.5084236860275269,0.0595703125
shallow,saber_v2,307,8,14,0.5288559198379517,0.0439453125
shallow,saber_v2,307,8,15,0.46862760186195374,0.048828125
shallow,saber_v2,307,8,16,0.49901679158210754,0.048828125
shallow,saber_v2,307,8,17,0.4988318383693695,0.052734375
shallow,saber_v2,307,8,18,0.5214558243751526,0.0546875
shallow,saber_v2,307,8,19,0.5373732447624207,0.0576171875
shallow,saber_v2,307,8,20,0.5032593011856079,0.05078125
shallow,saber_v2,307,8,21,0.4806137681007385,0.0556640625
shallow,saber_v2,307,8,22,0.49422064423561096,0.05078125
shallow,saber_v2,307,8,23,0.47525712847709656,0.04296875
shallow,saber_v2,307,8,24,0.4419233202934265,0.0380859375
shallow,saber_v2,307,8,25,0.4797120988368988,0.0556640625
shallow,saber_v2,307,8,26,0.5677273869514465,0.046875
shallow,saber_v2,307,8,27,0.4984741806983948,0.0517578125
shallow,saber_v2,307,8,28,0.4950857162475586,0.05859375
shallow,saber_v2,307,8,29,0.5473498106002808,0.0556640625
shallow,saber_v2,307,8,30,0.5652678608894348,0.0517578125
shallow,saber_v2,307,8,31,0.5141061544418335,0.0576171875
shallow,saber_v2,307,8,32,0.49050551652908325,0.05859375
shallow,saber_v2,307,8,33,0.545283854007721,0.046875
shallow,saber_v2,307,8,34,0.514333963394165,0.0517578125
shallow,saber_v2,307,8,35,0.5500011444091797,0.0537109375
shallow,saber_v2,307,8,36,0.5598968267440796,0.046875
shallow,saber_v2,307,8,37,0.5438278317451477,0.0517578125
shallow,saber_v2,307,8,38,0.5635517239570618,0.052734375
shallow,saber_v2,307,8,39,0.5160154700279236,0.052734375
shallow,saber_v2,307,8,40,0.5677858591079712,0.05859375
shallow,saber_v2,307,8,41,0.508274257183075,0.0654296875
shallow,saber_v2,307,8,42,0.5203407406806946,0.0625
shallow,saber_v2,307,8,43,0.4720940887928009,0.0517578125
shallow,saber_v2,307,8,44,0.5577629804611206,0.048828125
shallow,saber_v2,307,8,45,0.4861064851284027,0.0615234375
shallow,saber_v2,307,8,46,0.4847574234008789,0.0576171875
shallow,saber_v2,307,8,47,0.4822482466697693,0.05078125
shallow,saber_v2,307,8,48,0.47408396005630493,0.060546875
shallow,saber_v2,307,8,49,0.6329681873321533,0.0576171875
shallow,saber_v2,307,8,50,0.5972350835800171,0.0537109375
shallow,saber_v2,307,8,51,0.5003527998924255,0.0478515625
shallow,saber_v2,307,8,52,0.47810256481170654,0.0595703125
shallow,saber_v2,307,8,53,0.5618435740470886,0.052734375
shallow,saber_v2,307,8,54,0.492033451795578,0.0478515625
shallow,saber_v2,307,8,55,0.55301833152771,0.060546875
shallow,saber_v2,307,8,56,0.530582845211029,0.0458984375
shallow,saber_v2,307,8,57,0.5043953657150269,0.0419921875
shallow,saber_v2,307,8,58,0.5392078757286072,0.0556640625
shallow,saber_v2,307,8,59,0.5278698801994324,0.060546875
shallow,saber_v2,307,8,60,0.5179228186607361,0.0556640625
shallow,saber_v2,307,8,61,0.5744375586509705,0.0458984375
shallow,saber_v2,307,8,62,0.49824586510658264,0.0625
shallow,saber_v2,307,8,63,0.5970225930213928,0.0517578125
shallow,saber_v2,307,8,64,0.5015574097633362,0.0634765625
shallow,saber_v2,307,8,65,0.5708594918251038,0.048828125
shallow,saber_v2,307,8,66,0.45693138241767883,0.0478515625
shallow,saber_v2,307,8,67,0.5489402413368225,0.0478515625
shallow,saber_v2,307,8,68,0.508784294128418,0.05078125
shallow,saber_v2,307,8,69,0.5228161811828613,0.0595703125
shallow,saber_v2,307,8,70,0.5330168008804321,0.0595703125
shallow,saber_v2,307,8,71,0.6008150577545166,0.048828125
shallow,saber_v2,307,8,72,0.5638251304626465,0.064453125
shallow,saber_v2,307,8,73,0.49507060647010803,0.0517578125
shallow,saber_v2,307,8,74,0.6199386715888977,0.0380859375
shallow,saber_v2,307,8,75,0.494227796792984,0.064453125
shallow,saber_v2,307,8,76,0.5271204113960266,0.0517578125
shallow,saber_v2,307,8,77,0.5526605248451233,0.0537109375
shallow,saber_v2,307,8,78,0.5547958016395569,0.0673828125
shallow,saber_v2,307,8,79,0.5883838534355164,0.056640625
shallow,saber_v2,307,8,80,0.5899850130081177,0.048828125
shallow,saber_v2,307,8,81,0.5738255381584167,0.056640625
shallow,saber_v2,307,8,82,0.4685426950454712,0.07421875
shallow,saber_v2,307,8,83,0.5162254571914673,0.0556640625
shallow,saber_v2,307,8,84,0.5096222162246704,0.0625
shallow,saber_v2,307,8,85,0.5194805264472961,0.0380859375
shallow,saber_v2,307,8,86,0.5695698857307434,0.0537109375
shallow,saber_v2,307,8,87,0.5230731964111328,0.0517578125
shallow,saber_v2,307,8,88,0.570780336856842,0.064453125
shallow,saber_v2,307,8,89,0.4880046546459198,0.0615234375
shallow,saber_v2,307,8,90,0.5559765100479126,0.0498046875
shallow,saber_v2,307,8,91,0.5630365014076233,0.05078125
shallow,saber_v2,307,8,92,0.48051726818084717,0.05859375
shallow,saber_v2,307,8,93,0.46334803104400635,0.044921875
shallow,saber_v2,307,8,94,0.5438842177391052,0.052734375
shallow,saber_v2,307,8,95,0.4405363202095032,0.0478515625
shallow,saber_v2,307,8,96,0.5671963691711426,0.05859375
shallow,saber_v2,307,8,97,0.5884461402893066,0.056640625
shallow,saber_v2,307,8,98,0.5182884931564331,0.06640625
shallow,saber_v2,307,8,99,0.5493688583374023,0.05859375
shallow,saber_v2,307,8,100,0.5130492448806763,0.048828125
shallow,saber_v2,307,8,101,0.5851552486419678,0.0576171875
shallow,saber_v2,307,8,102,0.5484721064567566,0.03125
shallow,saber_v2,307,8,103,0.5292710065841675,0.0576171875
shallow,saber_v2,307,8,104,0.5272640585899353,0.0498046875
shallow,saber_v2,307,8,105,0.4976418614387512,0.0439453125
shallow,saber_v2,307,8,106,0.49342095851898193,0.0595703125
shallow,saber_v2,307,8,107,0.5684618949890137,0.0546875
shallow,saber_v2,307,8,108,0.49358540773391724,0.048828125
shallow,saber_v2,307,8,109,0.5279313325881958,0.060546875
shallow,saber_v2,307,8,110,0.5544312596321106,0.0498046875
shallow,saber_v2,307,8,111,0.5151295065879822,0.0400390625
shallow,saber_v2,307,8,112,0.45911622047424316,0.064453125
shallow,saber_v2,307,8,113,0.5320175290107727,0.0556640625
shallow,saber_v2,307,8,114,0.5826084017753601,0.0478515625
shallow,saber_v2,307,8,115,0.4990409314632416,0.033203125
shallow,saber_v2,307,8,116,0.47531238198280334,0.052734375
shallow,saber_v2,307,8,117,0.5251918435096741,0.0556640625
shallow,saber_v2,307,8,118,0.4948714077472687,0.0517578125
shallow,saber_v2,307,8,119,0.49601510167121887,0.05078125
shallow,saber_v2,307,8,120,0.5005263686180115,0.0576171875
shallow,saber_v2,307,8,121,0.47599899768829346,0.0458984375
shallow,saber_v2,307,8,122,0.5390856266021729,0.0556640625
shallow,saber_v2,307,8,123,0.5829904079437256,0.0439453125
shallow,saber_v2,307,8,124,0.49589213728904724,0.0576171875
shallow,saber_v2,307,8,125,0.5332000851631165,0.05078125
shallow,saber_v2,307,8,126,0.5529013276100159,0.0546875
shallow,saber_v2,307,8,127,0.5179284811019897,0.0458984375
shallow,saber_v2,307,8,128,0.46929168701171875,0.0546875
shallow,saber_v2,307,8,129,0.47313037514686584,0.05078125
shallow,saber_v2,307,8,130,0.5456442832946777,0.0595703125
shallow,saber_v2,307,8,131,0.6161662340164185,0.0576171875
shallow,saber_v2,307,8,132,0.47060588002204895,0.046875
shallow,saber_v2,307,8,133,0.5596663355827332,0.0595703125
shallow,saber_v2,307,8,134,0.5821844339370728,0.0751953125
shallow,saber_v2,307,8,135,0.5285010933876038,0.0546875
shallow,saber_v2,307,8,136,0.5620574951171875,0.0654296875
shallow,saber_v2,307,8,137,0.5483121275901794,0.0576171875
shallow,saber_v2,307,8,138,0.5236268639564514,0.0419921875
shallow,saber_v2,307,8,139,0.5176071524620056,0.044921875
shallow,saber_v2,307,8,140,0.5334612131118774,0.046875
shallow,saber_v2,307,8,141,0.4861556887626648,0.056640625
shallow,saber_v2,307,8,142,0.4783363938331604,0.0546875
shallow,saber_v2,307,8,143,0.5151000022888184,0.0615234375
shallow,saber_v2,307,8,144,0.5075151920318604,0.0556640625
shallow,saber_v2,307,8,145,0.5689936876296997,0.0615234375
shallow,saber_v2,307,8,146,0.5693460702896118,0.046875
shallow,saber_v2,307,8,147,0.4790027439594269,0.0546875
shallow,saber_v2,307,8,148,0.48438262939453125,0.0625
shallow,saber_v2,307,8,149,0.4767168164253235,0.05078125
shallow,saber_v2,307,8,150,0.4915612041950226,0.064453125
shallow,saber_v2,307,8,151,0.52122962474823,0.060546875
shallow,saber_v2,307,8,152,0.5099231600761414,0.052734375
shallow,saber_v2,307,8,153,0.5258455872535706,0.052734375
shallow,saber_v2,307,8,154,0.5060033202171326,0.052734375
shallow,saber_v2,307,8,155,0.5097440481185913,0.0625
shallow,saber_v2,307,8,156,0.5472570061683655,0.0654296875
shallow,saber_v2,307,8,157,0.4632188677787781,0.0537109375
shallow,saber_v2,307,8,158,0.5063524842262268,0.060546875
shallow,saber_v2,307,8,159,0.5654464960098267,0.0546875
shallow,saber_v2,307,8,160,0.5119311809539795,0.056640625
shallow,saber_v2,307,8,161,0.5202558040618896,0.044921875
shallow,saber_v2,307,8,162,0.5612984895706177,0.0517578125
shallow,saber_v2,307,8,163,0.4886261820793152,0.056640625
shallow,saber_v2,307,8,164,0.5158861875534058,0.0556640625
shallow,saber_v2,307,8,165,0.5191707015037537,0.05078125
shallow,saber_v2,307,8,166,0.5702506303787231,0.0634765625
shallow,saber_v2,307,8,167,0.5317659974098206,0.0546875
shallow,saber_v2,307,8,168,0.5297503471374512,0.0625
shallow,saber_v2,307,8,169,0.5359800457954407,0.046875
shallow,saber_v2,307,8,170,0.5770989656448364,0.0625
shallow,saber_v2,307,8,171,0.5031778812408447,0.048828125
shallow,saber_v2,307,8,172,0.5536988377571106,0.05078125
shallow,saber_v2,307,8,173,0.5425782203674316,0.0537109375
shallow,saber_v2,307,8,174,0.507452666759491,0.060546875
shallow,saber_v2,307,8,175,0.5209251642227173,0.05078125
shallow,saber_v2,307,8,176,0.5286508202552795,0.0576171875
shallow,saber_v2,307,8,177,0.5137171149253845,0.048828125
shallow,saber_v2,307,8,178,0.4599098563194275,0.05078125
shallow,saber_v2,307,8,179,0.5545928478240967,0.052734375
shallow,saber_v2,307,8,180,0.46648433804512024,0.0615234375
shallow,saber_v2,307,8,181,0.5482324361801147,0.0703125
shallow,saber_v2,307,8,182,0.49000197649002075,0.046875
shallow,saber_v2,307,8,183,0.46293434500694275,0.05859375
shallow,saber_v2,307,8,184,0.5585808753967285,0.060546875
shallow,saber_v2,307,8,185,0.5058742761611938,0.0576171875
shallow,saber_v2,307,8,186,0.513738214969635,0.05078125
shallow,saber_v2,307,8,187,0.5108514428138733,0.0673828125
shallow,saber_v2,307,8,188,0.47311168909072876,0.052734375
shallow,saber_v2,307,8,189,0.5278993844985962,0.048828125
shallow,saber_v2,307,8,190,0.4994393289089203,0.0517578125
shallow,saber_v2,307,8,191,0.49984198808670044,0.04296875
shallow,saber_v2,307,8,192,0.6057735681533813,0.0419921875
shallow,saber_v2,307,8,193,0.49338820576667786,0.0703125
shallow,saber_v2,307,8,194,0.5183372497558594,0.05078125
shallow,saber_v2,307,8,195,0.5370978116989136,0.0546875
shallow,saber_v2,307,8,196,0.5377374291419983,0.0595703125
shallow,saber_v2,307,8,197,0.534478485584259,0.0478515625
shallow,saber_v2,307,8,198,0.5031651258468628,0.0595703125
shallow,saber_v2,307,8,199,0.5494859218597412,0.064453125
shallow,saber_v2,307,8,200,0.5035970211029053,0.0595703125
shallow,saber_v2,307,8,201,0.4987936019897461,0.0546875
shallow,saber_v2,307,8,202,0.5861951112747192,0.0556640625
shallow,saber_v2,307,8,203,0.5697941184043884,0.0546875
shallow,saber_v2,307,8,204,0.5903761982917786,0.05859375
shallow,saber_v2,307,8,205,0.4835294485092163,0.0546875
shallow,saber_v2,307,8,206,0.5156686305999756,0.046875
shallow,saber_v2,307,8,207,0.5093315839767456,0.0556640625
shallow,saber_v2,307,8,208,0.5349825024604797,0.05859375
shallow,saber_v2,307,8,209,0.5893152952194214,0.052734375
shallow,saber_v2,307,8,210,0.5918658375740051,0.0673828125
shallow,saber_v2,307,8,211,0.4933318495750427,0.05078125
shallow,saber_v2,307,8,212,0.524780809879303,0.060546875
shallow,saber_v2,307,8,213,0.563836395740509,0.056640625
shallow,saber_v2,307,8,214,0.4949687719345093,0.0537109375
shallow,saber_v2,307,8,215,0.5419211983680725,0.0654296875
shallow,saber_v2,307,8,216,0.5026968121528625,0.044921875
shallow,saber_v2,307,8,217,0.5262196063995361,0.0654296875
shallow,saber_v2,307,8,218,0.55206298828125,0.0517578125
shallow,saber_v2,307,8,219,0.5126565098762512,0.048828125
shallow,saber_v2,307,8,220,0.5390084385871887,0.0546875
shallow,saber_v2,307,8,221,0.5466561317443848,0.044921875
shallow,saber_v2,307,8,222,0.4643170237541199,0.0615234375
shallow,saber_v2,307,8,223,0.5350561738014221,0.05078125
shallow,saber_v2,307,8,224,0.548121988773346,0.0625
shallow,saber_v2,307,8,225,0.5000867247581482,0.0625
shallow,saber_v2,307,8,226,0.5513798594474792,0.046875
shallow,saber_v2,307,8,227,0.5212604999542236,0.041015625
shallow,saber_v2,307,8,228,0.44412675499916077,0.060546875
shallow,saber_v2,307,8,229,0.47061026096343994,0.0498046875
shallow,saber_v2,307,8,230,0.4948407709598541,0.0576171875
shallow,saber_v2,307,8,231,0.5007593035697937,0.041015625
shallow,saber_v2,307,8,232,0.5343742370605469,0.0517578125
shallow,saber_v2,307,8,233,0.5126556158065796,0.056640625
shallow,saber_v2,307,8,234,0.4962470829486847,0.05078125
shallow,saber_v2,307,8,235,0.48704761266708374,0.0419921875
shallow,saber_v2,307,8,236,0.5382901430130005,0.0595703125
shallow,saber_v2,307,8,237,0.4602978527545929,0.0546875
shallow,saber_v2,307,8,238,0.4617317318916321,0.056640625
shallow,saber_v2,307,8,239,0.5293898582458496,0.0498046875
shallow,saber_v2,307,8,240,0.5088852047920227,0.0556640625
shallow,saber_v2,307,8,241,0.46183791756629944,0.0341796875
shallow,saber_v2,307,8,242,0.5293827056884766,0.060546875
shallow,saber_v2,307,8,243,1.246604561805725,0.048828125
shallow,saber_v2,307,8,244,0.5789085030555725,0.0625
shallow,saber_v2,307,8,245,0.6013520359992981,0.05859375
shallow,saber_v2,307,8,246,0.5775340795516968,0.0517578125
shallow,saber_v2,307,8,247,0.5302215218544006,0.0576171875
shallow,saber_v2,307,8,248,0.5571707487106323,0.0546875
shallow,saber_v2,307,8,249,0.5512405037879944,0.052734375
shallow,saber_v2,307,8,250,0.5236771106719971,0.04731861129403114
deep,fisher,401,1,0,0.8429424166679382,0.0537109375
deep,fisher,401,1,1,0.7216782569885254,0.0498046875
deep,fisher,401,1,2,0.6627038717269897,0.0654296875
deep,fisher,401,1,3,0.6796263456344604,0.072265625
deep,fisher,401,1,4,0.6686344742774963,0.0439453125
deep,fisher,401,1,5,0.681108832359314,0.0517578125
deep,fisher,401,1,6,0.6262720227241516,0.0615234375
deep,fisher,401,1,7,0.5740255117416382,0.044921875
deep,fisher,401,1,8,0.5993715524673462,0.0576171875
deep,fisher,401,1,9,0.6221776604652405,0.0419921875
deep,fisher,401,1,10,0.5845321416854858,0.0673828125
deep,fisher,401,1,11,0.5723534822463989,0.0576171875
deep,fisher,401,1,12,0.6313475966453552,0.0546875
deep,fisher,401,1,13,0.6300827264785767,0.0556640625
deep,fisher,401,1,14,0.5194353461265564,0.0517578125
deep,fisher,401,1,15,0.5869184136390686,0.0498046875
deep,fisher,401,1,16,0.5567145943641663,0.0517578125
deep,fisher,401,1,17,0.5602427124977112,0.0634765625
deep,fisher,401,1,18,0.5119941830635071,0.044921875
deep,fisher,401,1,19,0.5136260986328125,0.0556640625
deep,fisher,401,1,20,0.5329752564430237,0.0546875
deep,fisher,401,1,21,0.5414304137229919,0.0478515625
deep,fisher,401,1,22,0.525000274181366,0.0556640625
deep,fisher,401,1,23,0.5110409259796143,0.060546875
deep,fisher,401,1,24,0.5620172023773193,0.0634765625
deep,fisher,401,1,25,0.5324668288230896,0.0478515625
deep,fisher,401,1,26,0.5331065654754639,0.0556640625
deep,fisher,401,1,27,0.5141682028770447,0.0634765625
deep,fisher,401,1,28,0.5269365906715393,0.0439453125
deep,fisher,401,1,29,0.5177834630012512,0.060546875
deep,fisher,401,1,30,0.5133434534072876,0.0576171875
deep,fisher,401,1,31,0.5387625098228455,0.064453125
deep,fisher,401,1,32,0.5218297839164734,0.0478515625
deep,fisher,401,1,33,0.5434109568595886,0.056640625
deep,fisher,401,1,34,0.5794227719306946,0.06640625
deep,fisher,401,1,35,0.5155878663063049,0.0576171875
deep,fisher,401,1,36,0.5131109952926636,0.0576171875
deep,fisher,401,1,37,0.4781058132648468,0.0537109375
deep,fisher,401,1,38,0.5274274349212646,0.0537109375
deep,fisher,401,1,39,0.525483250617981,0.046875
deep,fisher,401,1,40,0.5350611209869385,0.0546875
deep,fisher,401,1,41,0.47569265961647034,0.044921875
deep,fisher,401,1,42,0.5446146726608276,0.0517578125
deep,fisher,401,1,43,0.552822470664978,0.0654296875
deep,fisher,401,1,44,0.5421871542930603,0.076171875
deep,fisher,401,1,45,0.49752652645111084,0.0478515625
deep,fisher,401,1,46,0.5024288892745972,0.048828125
deep,fisher,401,1,47,0.46731269359588623,0.0625
deep,fisher,401,1,48,0.4780023992061615,0.04296875
deep,fisher,401,1,49,0.4944840967655182,0.068359375
deep,fisher,401,1,50,0.5293452739715576,0.0625
deep,fisher,401,1,51,0.49575820565223694,0.052734375
deep,fisher,401,1,52,0.5429134964942932,0.0458984375
deep,fisher,401,1,53,0.5375003218650818,0.0703125
deep,fisher,401,1,54,0.5128034353256226,0.0625
deep,fisher,401,1,55,0.469997763633728,0.0556640625
deep,fisher,401,1,56,0.514214038848877,0.0556640625
deep,fisher,401,1,57,0.49864721298217773,0.0478515625
deep,fisher,401,1,58,0.4801974892616272,0.052734375
deep,fisher,401,1,59,0.4633042514324188,0.05078125
deep,fisher,401,1,60,0.43140095472335815,0.0576171875
deep,fisher,401,1,61,0.501954197883606,0.060546875
deep,fisher,401,1,62,0.4819636642932892,0.044921875
deep,fisher,401,1,63,0.49630117416381836,0.0478515625
deep,fisher,401,1,64,0.47907552123069763,0.052734375
deep,fisher,401,1,65,0.48744240403175354,0.064453125
deep,fisher,401,1,66,0.48117727041244507,0.0478515625
deep,fisher,401,1,67,0.4629802703857422,0.0517578125
deep,fisher,401,1,68,0.47663193941116333,0.0537109375
deep,fisher,401,1,69,0.4802924692630768,0.046875
deep,fisher,401,1,70,0.5036743879318237,0.0625
deep,fisher,401,1,71,0.5259900093078613,0.0498046875
deep,fisher,401,1,72,0.43935662508010864,0.05859375
deep,fisher,401,1,73,0.4722917079925537,0.0517578125
deep,fisher,401,1,74,0.5016930103302002,0.05859375
deep,fisher,401,1,75,0.5186132192611694,0.05859375
deep,fisher,401,1,76,0.49988624453544617,0.05859375
deep,fisher,401,1,77,0.4910241961479187,0.0517578125
deep,fisher,401,1,78,0.49142760038375854,0.0478515625
deep,fisher,401,1,79,0.5171893835067749,0.0595703125
deep,fisher,401,1,80,0.46485164761543274,0.0546875
deep,fisher,401,1,81,0.5308837890625,0.048828125
deep,fisher,401,1,82,0.4817330837249756,0.0625
deep,fisher,401,1,83,0.46269989013671875,0.0458984375
deep,fisher,401,1,84,0.4865192472934723,0.0517578125
deep,fisher,401,1,85,0.4996088445186615,0.064453125
deep,fisher,401,1,86,0.5091464519500732,0.0625
deep,fisher,401,1,87,0.4934290051460266,0.046875
deep,fisher,401,1,88,0.4358134865760803,0.0458984375
deep,fisher,401,1,89,0.45015987753868103,0.0458984375
deep,fisher,401,1,90,0.48951056599617004,0.064453125
deep,fisher,401,1,91,0.5165836215019226,0.056640625
deep,fisher,401,1,92,0.4466215968132019,0.0576171875
deep,fisher,401,1,93,0.49264946579933167,0.0576171875
deep,fisher,401,1,94,0.4212704002857208,0.0595703125
deep,fisher,401,1,95,0.473036527633667,0.0615234375
deep,fisher,401,1,96,0.4490569531917572,0.052734375
deep,fisher,401,1,97,0.5051382184028625,0.0654296875
deep,fisher,401,1,98,0.45904895663261414,0.0498046875
deep,fisher,401,1,99,0.47277361154556274,0.0625
deep,fisher,401,1,100,0.42518937587738037,0.05859375
deep,fisher,401,1,101,0.5418469905853271,0.06640625
deep,fisher,401,1,102,0.49338120222091675,0.0576171875
deep,fisher,401,1,103,0.46094685792922974,0.0458984375
deep,fisher,401,1,104,0.4686650335788727,0.048828125
deep,fisher,401,1,105,0.4233601987361908,0.0615234375
deep,fisher,401,1,106,0.47746869921684265,0.0546875
deep,fisher,401,1,107,0.4785408675670624,0.0634765625
deep,fisher,401,1,108,0.4923235774040222,0.0595703125
deep,fisher,401,1,109,0.49112173914909363,0.05078125
deep,fisher,401,1,110,0.4970743656158447,0.0625
deep,fisher,401,1,111,0.44088560342788696,0.0400390625
deep,fisher,401,1,112,0.4987097680568695,0.05859375
deep,fisher,401,1,113,0.4900851845741272,0.0498046875
deep,fisher,401,1,114,0.42973506450653076,0.04296875
deep,fisher,401,1,115,0.4529834985733032,0.0546875
deep,fisher,401,1,116,0.4173470139503479,0.0654296875
deep,fisher,401,1,117,0.45356374979019165,0.05859375
deep,fisher,401,1,118,0.41759732365608215,0.0419921875
deep,fisher,401,1,119,0.41918784379959106,0.0576171875
deep,fisher,401,1,120,0.4695790112018585,0.046875
deep,fisher,401,1,121,0.4850231111049652,0.0458984375
deep,fisher,401,1,122,0.41957953572273254,0.056640625
deep,fisher,401,1,123,0.4745352864265442,0.0693359375
deep,fisher,401,1,124,0.48288142681121826,0.064453125
deep,fisher,401,1,125,0.5119487047195435,0.06640625
deep,fisher,401,1,126,0.46817171573638916,0.0576171875
deep,fisher,401,1,127,0.4666745066642761,0.0576171875
deep,fisher,401,1,128,0.47278788685798645,0.05078125
deep,fisher,401,1,129,0.42938706278800964,0.05859375
deep,fisher,401,1,130,0.4889765977859497,0.05859375
deep,fisher,401,1,131,0.4275176525115967,0.041015625
deep,fisher,401,1,132,0.5065795183181763,0.048828125
deep,fisher,401,1,133,0.47971582412719727,0.0615234375
deep,fisher,401,1,134,0.4299682080745697,0.052734375
deep,fisher,401,1,135,0.47733062505722046,0.0498046875
deep,fisher,401,1,136,0.4725149869918823,0.0537109375
deep,fisher,401,1,137,0.4769158363342285,0.06640625
deep,fisher,401,1,138,0.49313879013061523,0.044921875
deep,fisher,401,1,139,0.47304022312164307,0.052734375
deep,fisher,401,1,140,0.45117276906967163,0.0439453125
deep,fisher,401,1,141,0.49598437547683716,0.05078125
deep,fisher,401,1,142,0.5099645853042603,0.0615234375
deep,fisher,401,1,143,0.44730833172798157,0.0654296875
deep,fisher,401,1,144,0.4274693429470062,0.0576171875
deep,fisher,401,1,145,0.42400503158569336,0.06640625
deep,fisher,401,1,146,0.6148824095726013,0.05078125
deep,fisher,401,1,147,0.4460354447364807,0.0625
deep,fisher,401,1,148,0.4457826614379883,0.0537109375
deep,fisher,401,1,149,0.49230408668518066,0.0693359375
deep,fisher,401,1,150,0.4219997227191925,0.044921875
deep,fisher,401,1,151,0.4804319441318512,0.0546875
deep,fisher,401,1,152,0.44077008962631226,0.0556640625
deep,fisher,401,1,153,0.44250378012657166,0.0517578125
deep,fisher,401,1,154,0.5132594704627991,0.068359375
deep,fisher,401,1,155,0.4860230088233948,0.0537109375
deep,fisher,401,1,156,0.4550228416919708,0.0517578125
deep,fisher,401,1,157,0.42513802647590637,0.0595703125
deep,fisher,401,1,158,0.48392167687416077,0.056640625
deep,fisher,401,1,159,0.4734523594379425,0.056640625
deep,fisher,401,1,160,0.46135303378105164,0.0556640625
deep,fisher,401,1,161,0.4531792104244232,0.0498046875
deep,fisher,401,1,162,0.44754546880722046,0.056640625
deep,fisher,401,1,163,0.48945528268814087,0.0458984375
deep,fisher,401,1,164,0.4526992738246918,0.0576171875
deep,fisher,401,1,165,0.41027557849884033,0.0576171875
deep,fisher,401,1,166,0.5687358379364014,0.048828125
deep,fisher,401,1,167,0.4367123544216156,0.0595703125
deep,fisher,401,1,168,0.4578920304775238,0.056640625
deep,fisher,401,1,169,0.40086495876312256,0.0537109375
deep,fisher,401,1,170,0.4956076741218567,0.05078125
deep,fisher,401,1,171,0.5065038800239563,0.048828125
deep,fisher,401,1,172,0.45011213421821594,0.0419921875
deep,fisher,401,1,173,0.4152134656906128,0.0546875
deep,fisher,401,1,174,0.39919140934944153,0.0625
deep,fisher,401,1,175,0.48903903365135193,0.064453125
deep,fisher,401,1,176,0.43009743094444275,0.0595703125
deep,fisher,401,1,177,0.4397420287132263,0.060546875
deep,fisher,401,1,178,1.2139908075332642,0.048828125
deep,fisher,401,1,179,0.4914136826992035,0.07421875
deep,fisher,401,1,180,0.4982670843601227,0.060546875
deep,fisher,401,1,181,0.4872972369194031,0.056640625
deep,fisher,401,1,182,0.4559464454650879,0.0634765625
deep,fisher,401,1,183,0.4801900386810303,0.048828125
deep,fisher,401,1,184,0.39136290550231934,0.0478515625
deep,fisher,401,1,185,0.42394158244132996,0.0517578125
deep,fisher,401,1,186,0.45372456312179565,0.0546875
deep,fisher,401,1,187,0.45451536774635315,0.05859375
deep,fisher,401,1,188,0.5309857726097107,0.05078125
deep,fisher,401,1,189,0.4619731903076172,0.056640625
deep,fisher,401,1,190,0.4939957559108734,0.056640625
deep,fisher,401,1,191,0.5078977346420288,0.0517578125
deep,fisher,401,1,192,0.4462834298610687,0.0537109375
deep,fisher,401,1,193,0.5076133608818054,0.0546875
deep,fisher,401,1,194,0.4447595477104187,0.0517578125
deep,fisher,401,1,195,0.4560624659061432,0.0625
deep,fisher,401,1,196,0.47988906502723694,0.046875
deep,fisher,401,1,197,0.44167280197143555,0.0517578125
deep,fisher,401,1,198,0.4864962697029114,0.0634765625
deep,fisher,401,1,199,0.44013920426368713,0.064453125
deep,fisher,401,1,200,0.45271608233451843,0.064453125
deep,fisher,401,1,201,0.4825352430343628,0.064453125
deep,fisher,401,1,202,0.49313971400260925,0.05859375
deep,fisher,401,1,203,0.4447178542613983,0.056640625
deep,fisher,401,1,204,0.47581034898757935,0.0576171875
deep,fisher,401,1,205,0.5149890780448914,0.0595703125
deep,fisher,401,1,206,0.4413605332374573,0.052734375
deep,fisher,401,1,207,0.49099913239479065,0.0654296875
deep,fisher,401,1,208,0.4860977828502655,0.0478515625
deep,fisher,401,1,209,0.48402950167655945,0.0498046875
deep,fisher,401,1,210,0.4582582414150238,0.0419921875
deep,fisher,401,1,211,0.4661383628845215,0.0537109375
deep,fisher,401,1,212,0.46078333258628845,0.05078125
deep,fisher,401,1,213,0.46616601943969727,0.0517578125
deep,fisher,401,1,214,0.4466586709022522,0.05859375
deep,fisher,401,1,215,0.4734479784965515,0.056640625
deep,fisher,401,1,216,0.4893466830253601,0.056640625
deep,fisher,401,1,217,0.4477827847003937,0.0556640625
deep,fisher,401,1,218,0.4471299946308136,0.044921875
deep,fisher,401,1,219,0.5053866505622864,0.05078125
deep,fisher,401,1,220,0.4607977867126465,0.0595703125
deep,fisher,401,1,221,0.3975066840648651,0.0595703125
deep,fisher,401,1,222,0.4850870966911316,0.05859375
deep,fisher,401,1,223,0.4464086592197418,0.052734375
deep,fisher,401,1,224,0.44844627380371094,0.0673828125
deep,fisher,401,1,225,0.4633515775203705,0.046875
deep,fisher,401,1,226,0.483977735042572,0.052734375
deep,fisher,401,1,227,0.4322884976863861,0.0751953125
deep,fisher,401,1,228,0.45762085914611816,0.0478515625
deep,fisher,401,1,229,0.45612454414367676,0.0615234375
deep,fisher,401,1,230,0.5188446044921875,0.048828125
deep,fisher,401,1,231,0.4790182411670685,0.0498046875
deep,fisher,401,1,232,0.4799536168575287,0.0546875
deep,fisher,401,1,233,0.3754298985004425,0.05078125
deep,fisher,401,1,234,0.4859771430492401,0.0517578125
deep,fisher,401,1,235,0.4366183578968048,0.05078125
deep,fisher,401,1,236,0.42342084646224976,0.0615234375
deep,fisher,401,1,237,0.4430031478404999,0.0654296875
deep,fisher,401,1,238,0.38488656282424927,0.05078125
deep,fisher,401,1,239,0.45787614583969116,0.0517578125
deep,fisher,401,1,240,0.39967188239097595,0.0498046875
deep,fisher,401,1,241,0.4670569896697998,0.056640625
deep,fisher,401,1,242,0.4406634569168091,0.0478515625
deep,fisher,401,1,243,0.44777873158454895,0.0703125
deep,fisher,401,1,244,0.44989919662475586,0.052734375
deep,fisher,401,1,245,0.37669265270233154,0.0556640625
deep,fisher,401,1,246,0.5315757393836975,0.046875
deep,fisher,401,1,247,0.4452040493488312,0.046875
deep,fisher,401,1,248,0.5065865516662598,0.052734375
deep,fisher,401,1,249,0.4520578682422638,0.0556640625
deep,fisher,401,1,250,0.42297154664993286,0.05362776294350624
deep,fisher,401,2,0,0.39289385080337524,0.048828125
deep,fisher,401,2,1,0.4309394955635071,0.0361328125
deep,fisher,401,2,2,0.43168342113494873,0.060546875
deep,fisher,401,2,3,0.49933162331581116,0.072265625
deep,fisher,401,2,4,0.40993842482566833,0.06640625
deep,fisher,401,2,5,0.42181867361068726,0.052734375
deep,fisher,401,2,6,0.43371447920799255,0.0537109375
deep,fisher,401,2,7,0.4162316620349884,0.0537109375
deep,fisher,401,2,8,0.4498424828052521,0.0546875
deep,fisher,401,2,9,0.4618071913719177,0.0595703125
deep,fisher,401,2,10,0.4814896881580353,0.0556640625
deep,fisher,401,2,11,0.4479886591434479,0.046875
deep,fisher,401,2,12,0.4393285810947418,0.07421875
deep,fisher,401,2,13,0.4282100200653076,0.0576171875
deep,fisher,401,2,14,0.5233476161956787,0.0517578125
deep,fisher,401,2,15,0.4711463451385498,0.0634765625
deep,fisher,401,2,16,0.4604462683200836,0.0693359375
deep,fisher,401,2,17,0.4242025911808014,0.0625
deep,fisher,401,2,18,0.47507402300834656,0.0595703125
deep,fisher,401,2,19,0.4301322102546692,0.060546875
deep,fisher,401,2,20,0.48339226841926575,0.056640625
deep,fisher,401,2,21,0.4421299993991852,0.048828125
deep,fisher,401,2,22,0.42782294750213623,0.0458984375
deep,fisher,401,2,23,0.45379823446273804,0.0615234375
deep,fisher,401,2,24,0.43710941076278687,0.0615234375
deep,fisher,401,2,25,0.4720460772514343,0.0478515625
deep,fisher,401,2,26,0.40440693497657776,0.0478515625
deep,fisher,401,2,27,0.45263728499412537,0.0546875
deep,fisher,401,2,28,0.48133814334869385,0.0537109375
deep,fisher,401,2,29,0.39808306097984314,0.0478515625
deep,fisher,401,2,30,0.45476093888282776,0.052734375
deep,fisher,401,2,31,0.43612176179885864,0.0546875
deep,fisher,401,2,32,0.48870518803596497,0.056640625
deep,fisher,401,2,33,0.42013877630233765,0.0556640625
deep,fisher,401,2,34,0.4951035678386688,0.0546875
deep,fisher,401,2,35,0.454866498708725,0.0498046875
deep,fisher,401,2,36,0.41108736395835876,0.0625
deep,fisher,401,2,37,0.4425033926963806,0.056640625
deep,fisher,401,2,38,0.432204931974411,0.041015625
deep,fisher,401,2,39,0.43096891045570374,0.0546875
deep,fisher,401,2,40,0.4059924781322479,0.0458984375
deep,fisher,401,2,41,0.4432263672351837,0.044921875
deep,fisher,401,2,42,0.4277240037918091,0.0498046875
deep,fisher,401,2,43,0.4365386962890625,0.0498046875
deep,fisher,401,2,44,0.463752418756485,0.064453125
deep,fisher,401,2,45,0.38464558124542236,0.056640625
deep,fisher,401,2,46,0.487407386302948,0.056640625
deep,fisher,401,2,47,0.4330759346485138,0.0712890625
deep,fisher,401,2,48,0.48606017231941223,0.0595703125
deep,fisher,401,2,49,0.4152252674102783,0.0537109375
deep,fisher,401,2,50,0.39472639560699463,0.0546875
deep,fisher,401,2,51,0.49900516867637634,0.0576171875
deep,fisher,401,2,52,0.4008099138736725,0.0625
deep,fisher,401,2,53,0.43488603830337524,0.0546875
deep,fisher,401,2,54,0.4382743239402771,0.0498046875
deep,fisher,401,2,55,0.449537068605423,0.05078125
deep,fisher,401,2,56,0.4330672323703766,0.05078125
deep,fisher,401,2,57,0.5140413641929626,0.0517578125
deep,fisher,401,2,58,0.47617173194885254,0.05859375
deep,fisher,401,2,59,0.41254451870918274,0.0380859375
deep,fisher,401,2,60,0.39721325039863586,0.0546875
deep,fisher,401,2,61,0.4358583390712738,0.06640625
deep,fisher,401,2,62,0.44708889722824097,0.0615234375
deep,fisher,401,2,63,0.4086041748523712,0.0458984375
deep,fisher,401,2,64,0.4513799548149109,0.052734375
deep,fisher,401,2,65,0.458152174949646,0.0595703125
deep,fisher,401,2,66,0.4592771530151367,0.056640625
deep,fisher,401,2,67,0.4496757388114929,0.052734375
deep,fisher,401,2,68,0.44007429480552673,0.0478515625
deep,fisher,401,2,69,0.41769370436668396,0.052734375
deep,fisher,401,2,70,0.46504220366477966,0.0576171875
deep,fisher,401,2,71,0.43284428119659424,0.0478515625
deep,fisher,401,2,72,0.42419588565826416,0.0361328125
deep,fisher,401,2,73,0.42448025941848755,0.0595703125
deep,fisher,401,2,74,0.45850151777267456,0.0693359375
deep,fisher,401,2,75,0.3847324252128601,0.05859375
deep,fisher,401,2,76,0.4518444836139679,0.052734375
deep,fisher,401,2,77,0.454036146402359,0.0634765625
deep,fisher,401,2,78,0.4199296534061432,0.0390625
deep,fisher,401,2,79,0.4410858452320099,0.05859375
deep,fisher,401,2,80,0.4166828989982605,0.0615234375
deep,fisher,401,2,81,0.4163186550140381,0.048828125
deep,fisher,401,2,82,0.4231596291065216,0.05859375
deep,fisher,401,2,83,0.43337544798851013,0.046875
deep,fisher,401,2,84,0.439245343208313,0.0537109375
deep,fisher,401,2,85,0.4414598345756531,0.041015625
deep,fisher,401,2,86,0.46870729327201843,0.041015625
deep,fisher,401,2,87,0.45015931129455566,0.0556640625
deep,fisher,401,2,88,0.41560614109039307,0.060546875
deep,fisher,401,2,89,0.4061657786369324,0.0576171875
deep,fisher,401,2,90,0.5336411595344543,0.0712890625
deep,fisher,401,2,91,0.46210145950317383,0.0546875
deep,fisher,401,2,92,0.4849415719509125,0.0546875
deep,fisher,401,2,93,0.45713117718696594,0.064453125
deep,fisher,401,2,94,0.4496770203113556,0.056640625
deep,fisher,401,2,95,0.4051775336265564,0.0458984375
deep,fisher,401,2,96,0.467203825712204,0.0673828125
deep,fisher,401,2,97,0.4220602810382843,0.0478515625
deep,fisher,401,2,98,0.4640819728374481,0.0478515625
deep,fisher,401,2,99,0.4439863860607147,0.0546875
deep,fisher,401,2,100,0.48397210240364075,0.064453125
deep,fisher,401,2,101,0.45837852358818054,0.056640625
deep,fisher,401,2,102,0.4255762994289398,0.056640625
deep,fisher,401,2,103,0.46065476536750793,0.0556640625
deep,fisher,401,2,104,0.45360174775123596,0.0595703125
deep,fisher,401,2,105,0.46585792303085327,0.0634765625
deep,fisher,401,2,106,0.4830310046672821,0.0576171875
deep,fisher,401,2,107,0.4045350253582001,0.0576171875
deep,fisher,401,2,108,0.44271257519721985,0.0478515625
deep,fisher,401,2,109,0.537013053894043,0.0615234375
deep,fisher,401,2,110,0.43481627106666565,0.0625
deep,fisher,401,2,111,0.48721256852149963,0.0576171875
deep,fisher,401,2,112,0.428659588098526,0.0595703125
deep,fisher,401,2,113,0.4368385970592499,0.056640625
deep,fisher,401,2,114,0.41244637966156006,0.048828125
deep,fisher,401,2,115,0.41354769468307495,0.052734375
deep,fisher,401,2,116,0.4048442542552948,0.0615234375
deep,fisher,401,2,117,0.4611300230026245,0.044921875
deep,fisher,401,2,118,0.49727708101272583,0.060546875
deep,fisher,401,2,119,0.4321001172065735,0.04296875
deep,fisher,401,2,120,0.4423878788948059,0.05078125
deep,fisher,401,2,121,0.469959020614624,0.0546875
deep,fisher,401,2,122,0.44246870279312134,0.0576171875
deep,fisher,401,2,123,0.4487391710281372,0.05859375
deep,fisher,401,2,124,0.41620656847953796,0.056640625
deep,fisher,401,2,125,0.43634113669395447,0.0478515625
deep,fisher,401,2,126,0.4172629117965698,0.0498046875
deep,fisher,401,2,127,0.4138304889202118,0.05078125
deep,fisher,401,2,128,0.4288148880004883,0.0595703125
deep,fisher,401,2,129,0.4488808512687683,0.064453125
deep,fisher,401,2,130,0.4340363144874573,0.05078125
deep,fisher,401,2,131,0.41250479221343994,0.0546875
deep,fisher,401,2,132,0.45023635029792786,0.0576171875
deep,fisher,401,2,133,0.5022709965705872,0.0576171875
deep,fisher,401,2,134,0.4267826974391937,0.0537109375
deep,fisher,401,2,135,0.3900164067745209,0.0595703125
deep,fisher,401,2,136,0.45499539375305176,0.0517578125
deep,fisher,401,2,137,0.43066760897636414,0.05078125
deep,fisher,401,2,138,0.4742743968963623,0.048828125
deep,fisher,401,2,139,0.47677677869796753,0.052734375
deep,fisher,401,2,140,0.47140559554100037,0.0400390625
deep,fisher,401,2,141,0.46263599395751953,0.0576171875
deep,fisher,401,2,142,0.46877261996269226,0.0498046875
deep,fisher,401,2,143,0.4599936604499817,0.0703125
deep,fisher,401,2,144,0.5000394582748413,0.03515625
deep,fisher,401,2,145,0.5025558471679688,0.0458984375
deep,fisher,401,2,146,0.45563921332359314,0.0634765625
deep,fisher,401,2,147,0.4317529499530792,0.0556640625
deep,fisher,401,2,148,0.4720863699913025,0.0595703125
deep,fisher,401,2,149,0.489472359418869,0.046875
deep,fisher,401,2,150,0.41291099786758423,0.05078125
deep,fisher,401,2,151,0.4025282561779022,0.052734375
deep,fisher,401,2,152,0.4716608226299286,0.0576171875
deep,fisher,401,2,153,0.43473362922668457,0.05078125
deep,fisher,401,2,154,0.42872947454452515,0.0634765625
deep,fisher,401,2,155,0.43356066942214966,0.044921875
deep,fisher,401,2,156,0.4570665657520294,0.0595703125
deep,fisher,401,2,157,0.42422178387641907,0.05859375
deep,fisher,401,2,158,0.4565232992172241,0.064453125
deep,fisher,401,2,159,0.4803944230079651,0.068359375
deep,fisher,401,2,160,0.41428759694099426,0.0673828125
deep,fisher,401,2,161,0.4531265199184418,0.0654296875
deep,fisher,401,2,162,0.42394158244132996,0.048828125
deep,fisher,401,2,163,0.5378154516220093,0.0625
deep,fisher,401,2,164,0.46752309799194336,0.0615234375
deep,fisher,401,2,165,0.4182240068912506,0.0625
deep,fisher,401,2,166,0.4923297166824341,0.052734375
deep,fisher,401,2,167,0.43968847393989563,0.046875
deep,fisher,401,2,168,0.42265304923057556,0.056640625
deep,fisher,401,2,169,0.4921095669269562,0.05859375
deep,fisher,401,2,170,0.46256351470947266,0.0546875
deep,fisher,401,2,171,0.45323216915130615,0.0537109375
deep,fisher,401,2,172,0.48165062069892883,0.0576171875
deep,fisher,401,2,173,0.49932315945625305,0.0625
deep,fisher,401,2,174,0.4478810429573059,0.052734375
deep,fisher,401,2,175,0.45418626070022583,0.0556640625
deep,fisher,401,2,176,0.40212780237197876,0.048828125
deep,fisher,401,2,177,0.4727432131767273,0.0517578125
deep,fisher,401,2,178,0.4598834216594696,0.05078125
deep,fisher,401,2,179,0.4331478476524353,0.05078125
deep,fisher,401,2,180,0.4470910429954529,0.0517578125
deep,fisher,401,2,181,0.45888733863830566,0.0634765625
deep,fisher,401,2,182,0.44866615533828735,0.046875
deep,fisher,401,2,183,0.4478301703929901,0.048828125
deep,fisher,401,2,184,0.4788931906223297,0.0634765625
deep,fisher,401,2,185,0.4629378020763397,0.05078125
deep,fisher,401,2,186,0.43843263387680054,0.0576171875
deep,fisher,401,2,187,0.43904584646224976,0.0576171875
deep,fisher,401,2,188,0.44403770565986633,0.05078125
deep,fisher,401,2,189,0.49304893612861633,0.056640625
deep,fisher,401,2,190,0.47998788952827454,0.068359375
deep,fisher,401,2,191,0.43489497900009155,0.056640625
deep,fisher,401,2,192,0.4278467893600464,0.0546875
deep,fisher,401,2,193,0.4722682237625122,0.0517578125
deep,fisher,401,2,194,0.3970113694667816,0.0546875
deep,fisher,401,2,195,0.4526931345462799,0.056640625
deep,fisher,401,2,196,0.4153611958026886,0.0615234375
deep,fisher,401,2,197,0.48707151412963867,0.0517578125
deep,fisher,401,2,198,0.45035526156425476,0.0537109375
deep,fisher,401,2,199,0.4501241147518158,0.0537109375
deep,fisher,401,2,200,0.4810498058795929,0.048828125
deep,fisher,401,2,201,0.4683712422847748,0.05859375
deep,fisher,401,2,202,0.44178175926208496,0.060546875
deep,fisher,401,2,203,0.4871675670146942,0.060546875
deep,fisher,401,2,204,0.4112616181373596,0.0625
deep,fisher,401,2,205,0.46860310435295105,0.0576171875
deep,fisher,401,2,206,0.4378577172756195,0.0478515625
deep,fisher,401,2,207,0.43893668055534363,0.0546875
deep,fisher,401,2,208,0.42949482798576355,0.0634765625
deep,fisher,401,2,209,0.3678402900695801,0.0517578125
deep,fisher,401,2,210,0.406069278717041,0.0595703125
deep,fisher,401,2,211,0.44674351811408997,0.0537109375
deep,fisher,401,2,212,0.45504212379455566,0.0478515625
deep,fisher,401,2,213,0.45849037170410156,0.064453125
deep,fisher,401,2,214,0.4548436999320984,0.0556640625
deep,fisher,401,2,215,0.3862897753715515,0.0576171875
deep,fisher,401,2,216,0.47776880860328674,0.0556640625
deep,fisher,401,2,217,0.43411535024642944,0.0380859375
deep,fisher,401,2,218,0.412553995847702,0.0517578125
deep,fisher,401,2,219,0.48114466667175293,0.0546875
deep,fisher,401,2,220,0.4108563959598541,0.0576171875
deep,fisher,401,2,221,0.37661290168762207,0.052734375
deep,fisher,401,2,222,0.43968233466148376,0.0546875
deep,fisher,401,2,223,0.5132248401641846,0.0615234375
deep,fisher,401,2,224,0.480787992477417,0.0625
deep,fisher,401,2,225,0.47162285447120667,0.0458984375
deep,fisher,401,2,226,0.5404205918312073,0.05859375
deep,fisher,401,2,227,0.4296622574329376,0.0537109375
deep,fisher,401,2,228,0.450041264295578,0.048828125
deep,fisher,401,2,229,0.4827570915222168,0.072265625
deep,fisher,401,2,230,0.4447689652442932,0.0615234375
deep,fisher,401,2,231,0.886965274810791,0.0478515625
deep,fisher,401,2,232,0.40812692046165466,0.052734375
deep,fisher,401,2,233,0.4484718441963196,0.0625
deep,fisher,401,2,234,0.5063687562942505,0.0595703125
deep,fisher,401,2,235,0.4582718312740326,0.0615234375
deep,fisher,401,2,236,0.4346156418323517,0.060546875
deep,fisher,401,2,237,0.47051045298576355,0.0595703125
deep,fisher,401,2,238,0.511302649974823,0.05859375
deep,fisher,401,2,239,0.3860791325569153,0.0576171875
deep,fisher,401,2,240,0.4520564675331116,0.046875
deep,fisher,401,2,241,0.47716107964515686,0.0556640625
deep,fisher,401,2,242,0.4919813573360443,0.0537109375
deep,fisher,401,2,243,0.49091464281082153,0.056640625
deep,fisher,401,2,244,0.4449325203895569,0.0439453125
deep,fisher,401,2,245,0.4223342537879944,0.0654296875
deep,fisher,401,2,246,0.4396214187145233,0.05078125
deep,fisher,401,2,247,0.4634462296962738,0.0595703125
deep,fisher,401,2,248,0.4928723871707916,0.0654296875
deep,fisher,401,2,249,0.453853040933609,0.0498046875
deep,fisher,401,2,250,0.4729146659374237,0.05362776294350624
deep,fisher,401,3,0,0.44797182083129883,0.05078125
deep,fisher,401,3,1,0.4423716962337494,0.0634765625
deep,fisher,401,3,2,0.47236883640289307,0.0576171875
deep,fisher,401,3,3,0.4704607427120209,0.0595703125
deep,fisher,401,3,4,0.46501168608665466,0.0673828125
deep,fisher,401,3,5,0.4529944658279419,0.052734375
deep,fisher,401,3,6,0.4261399507522583,0.0517578125
deep,fisher,401,3,7,0.4627038836479187,0.0546875
deep,fisher,401,3,8,0.40093451738357544,0.06640625
deep,fisher,401,3,9,0.4187915623188019,0.0703125
deep,fisher,401,3,10,0.44896602630615234,0.0498046875
deep,fisher,401,3,11,0.48739972710609436,0.04296875
deep,fisher,401,3,12,0.4183698892593384,0.048828125
deep,fisher,401,3,13,0.44288650155067444,0.056640625
deep,fisher,401,3,14,0.438095360994339,0.0517578125
deep,fisher,401,3,15,0.47740495204925537,0.044921875
deep,fisher,401,3,16,0.4784243106842041,0.04296875
deep,fisher,401,3,17,0.40203794836997986,0.0537109375
deep,fisher,401,3,18,0.4348856508731842,0.060546875
deep,fisher,401,3,19,0.4914264976978302,0.05859375
deep,fisher,401,3,20,0.43790021538734436,0.060546875
deep,fisher,401,3,21,0.41961660981178284,0.046875
deep,fisher,401,3,22,0.46630725264549255,0.0654296875
deep,fisher,401,3,23,0.4455264210700989,0.0654296875
deep,fisher,401,3,24,0.44075512886047363,0.0615234375
deep,fisher,401,3,25,0.4150334298610687,0.0615234375
deep,fisher,401,3,26,0.4183422327041626,0.0498046875
deep,fisher,401,3,27,0.4607280194759369,0.0517578125
deep,fisher,401,3,28,0.4541282653808594,0.0634765625
deep,fisher,401,3,29,0.4472213387489319,0.0498046875
deep,fisher,401,3,30,0.4259205460548401,0.0556640625
deep,fisher,401,3,31,0.43772080540657043,0.0498046875
deep,fisher,401,3,32,0.41398143768310547,0.0517578125
deep,fisher,401,3,33,0.4220850467681885,0.0634765625
deep,fisher,401,3,34,0.4065592288970947,0.0537109375
deep,fisher,401,3,35,0.43282586336135864,0.05078125
deep,fisher,401,3,36,0.40588831901550293,0.0517578125
deep,fisher,401,3,37,0.4415626525878906,0.0537109375
deep,fisher,401,3,38,0.46949926018714905,0.0458984375
deep,fisher,401,3,39,0.3758252263069153,0.0380859375
deep,fisher,401,3,40,0.4795686602592468,0.05859375
deep,fisher,401,3,41,0.40839943289756775,0.0537109375
deep,fisher,401,3,42,0.4140866994857788,0.0556640625
deep,fisher,401,3,43,0.4630727767944336,0.05859375
deep,fisher,401,3,44,0.40172386169433594,0.064453125
deep,fisher,401,3,45,0.474533349275589,0.0673828125
deep,fisher,401,3,46,0.4694613516330719,0.05078125
deep,fisher,401,3,47,0.43448930978775024,0.0517578125
deep,fisher,401,3,48,0.42033547163009644,0.0693359375
deep,fisher,401,3,49,0.4104025065898895,0.0615234375
deep,fisher,401,3,50,0.4675355851650238,0.05078125
deep,fisher,401,3,51,0.41552475094795227,0.0517578125
deep,fisher,401,3,52,0.4483768939971924,0.052734375
deep,fisher,401,3,53,0.4701385200023651,0.060546875
deep,fisher,401,3,54,0.4538037180900574,0.05078125
deep,fisher,401,3,55,0.41368547081947327,0.05078125
deep,fisher,401,3,56,0.4877518117427826,0.0576171875
deep,fisher,401,3,57,0.4098757207393646,0.05859375
deep,fisher,401,3,58,0.3949022889137268,0.0595703125
deep,fisher,401,3,59,0.39981937408447266,0.048828125
deep,fisher,401,3,60,0.4259116053581238,0.0546875
deep,fisher,401,3,61,0.42235642671585083,0.0556640625
deep,fisher,401,3,62,0.44707849621772766,0.0576171875
deep,fisher,401,3,63,0.4447321593761444,0.0615234375
deep,fisher,401,3,64,0.4337838292121887,0.05078125
deep,fisher,401,3,65,0.4862601161003113,0.0546875
deep,fisher,401,3,66,0.4694577157497406,0.05859375
deep,fisher,401,3,67,0.4745399057865143,0.0537109375
deep,fisher,401,3,68,0.4279865324497223,0.056640625
deep,fisher,401,3,69,0.36867690086364746,0.0537109375
deep,fisher,401,3,70,0.40479081869125366,0.0654296875
deep,fisher,401,3,71,0.5015332698822021,0.0478515625
deep,fisher,401,3,72,0.4140896797180176,0.0517578125
deep,fisher,401,3,73,0.43822407722473145,0.0625
deep,fisher,401,3,74,0.4161422550678253,0.052734375
deep,fisher,401,3,75,0.4380698800086975,0.060546875
deep,fisher,401,3,76,0.43888214230537415,0.0478515625
deep,fisher,401,3,77,0.4581979811191559,0.0546875
deep,fisher,401,3,78,0.43200188875198364,0.0595703125
deep,fisher,401,3,79,0.44031473994255066,0.05859375
deep,fisher,401,3,80,0.4726467728614807,0.05859375
deep,fisher,401,3,81,0.4336428940296173,0.0625
deep,fisher,401,3,82,0.4237671494483948,0.0595703125
deep,fisher,401,3,83,0.43508902192115784,0.05078125
deep,fisher,401,3,84,0.4190187156200409,0.0361328125
deep,fisher,401,3,85,0.444356769323349,0.0654296875
deep,fisher,401,3,86,0.4420816898345947,0.0634765625
deep,fisher,401,3,87,0.4815079867839813,0.0439453125
deep,fisher,401,3,88,0.47066184878349304,0.046875
deep,fisher,401,3,89,0.3774893581867218,0.0498046875
deep,fisher,401,3,90,0.8988604545593262,0.0673828125
deep,fisher,401,3,91,0.4112016558647156,0.0458984375
deep,fisher,401,3,92,0.4172084629535675,0.048828125
deep,fisher,401,3,93,0.4822057783603668,0.05859375
deep,fisher,401,3,94,0.432341992855072,0.0556640625
deep,fisher,401,3,95,0.49121353030204773,0.05859375
deep,fisher,401,3,96,0.43444085121154785,0.0498046875
deep,fisher,401,3,97,0.4288584589958191,0.0595703125
deep,fisher,401,3,98,0.4349283277988434,0.0498046875
deep,fisher,401,3,99,0.47938409447669983,0.056640625
deep,fisher,401,3,100,0.4580194056034088,0.0625
deep,fisher,401,3,101,0.4330993592739105,0.0595703125
deep,fisher,401,3,102,0.4208303391933441,0.0703125
deep,fisher,401,3,103,0.4472115635871887,0.056640625
deep,fisher,401,3,104,0.41518324613571167,0.0595703125
deep,fisher,401,3,105,0.4022410809993744,0.0517578125
deep,fisher,401,3,106,0.43170469999313354,0.0537109375
deep,fisher,401,3,107,0.45366454124450684,0.05078125
deep,fisher,401,3,108,0.4498201012611389,0.0498046875
deep,fisher,401,3,109,0.49216797947883606,0.0556640625
deep,fisher,401,3,110,0.4714260995388031,0.0576171875
deep,fisher,401,3,111,0.40097805857658386,0.0546875
deep,fisher,401,3,112,0.4929686188697815,0.0537109375
deep,fisher,401,3,113,0.45676517486572266,0.060546875
deep,fisher,401,3,114,0.43446090817451477,0.05859375
deep,fisher,401,3,115,0.451711505651474,0.0537109375
deep,fisher,401,3,116,0.4196386933326721,0.0498046875
deep,fisher,401,3,117,0.41275298595428467,0.0654296875
deep,fisher,401,3,118,0.413742333650589,0.052734375
deep,fisher,401,3,119,0.4343254864215851,0.0390625
deep,fisher,401,3,120,0.4372079074382782,0.0556640625
deep,fisher,401,3,121,0.431415855884552,0.046875
deep,fisher,401,3,122,0.4843454658985138,0.0576171875
deep,fisher,401,3,123,0.4575507938861847,0.0556640625
deep,fisher,401,3,124,0.4119713008403778,0.0537109375
deep,fisher,401,3,125,0.49131956696510315,0.048828125
deep,fisher,401,3,126,0.44364288449287415,0.052734375
deep,fisher,401,3,127,0.4773010015487671,0.0634765625
deep,fisher,401,3,128,0.5058302879333496,0.060546875
deep,fisher,401,3,129,0.5119534134864807,0.04296875
deep,fisher,401,3,130,0.39365139603614807,0.0556640625
deep,fisher,401,3,131,0.426725298166275,0.0546875
deep,fisher,401,3,132,0.41409677267074585,0.048828125
deep,fisher,401,3,133,0.4464910626411438,0.048828125
deep,fisher,401,3,134,0.47442761063575745,0.0751953125
deep,fisher,401,3,135,0.45106416940689087,0.0595703125
deep,fisher,401,3,136,0.4560696482658386,0.05859375
deep,fisher,401,3,137,0.43621620535850525,0.0439453125
deep,fisher,401,3,138,0.4182647168636322,0.048828125
deep,fisher,401,3,139,0.4769008755683899,0.0478515625
deep,fisher,401,3,140,0.4694264829158783,0.05078125
deep,fisher,401,3,141,0.36530083417892456,0.052734375
deep,fisher,401,3,142,0.4463045299053192,0.0478515625
deep,fisher,401,3,143,0.44434836506843567,0.0615234375
deep,fisher,401,3,144,0.433474063873291,0.0615234375
deep,fisher,401,3,145,0.43247613310813904,0.0595703125
deep,fisher,401,3,146,0.44869059324264526,0.0478515625
deep,fisher,401,3,147,0.45561307668685913,0.0615234375
deep,fisher,401,3,148,0.4301205575466156,0.052734375
deep,fisher,401,3,149,0.428338885307312,0.0498046875
deep,fisher,401,3,150,0.46487632393836975,0.0439453125
deep,fisher,401,3,151,0.41192659735679626,0.0478515625
deep,fisher,401,3,152,0.4746420979499817,0.048828125
deep,fisher,401,3,153,0.4037378132343292,0.046875
deep,fisher,401,3,154,0.481924831867218,0.0615234375
deep,fisher,401,3,155,0.4794912040233612,0.048828125
deep,fisher,401,3,156,0.4367327094078064,0.0478515625
deep,fisher,401,3,157,0.4714808464050293,0.0439453125
deep,fisher,401,3,158,0.440268337726593,0.0478515625
deep,fisher,401,3,159,0.4399808347225189,0.0595703125
deep,fisher,401,3,160,0.4612328112125397,0.06640625
deep,fisher,401,3,161,0.4539555311203003,0.052734375
deep,fisher,401,3,162,0.4045092761516571,0.044921875
deep,fisher,401,3,163,0.4439356029033661,0.0458984375
deep,fisher,401,3,164,0.44833314418792725,0.0693359375
deep,fisher,401,3,165,0.3895386755466461,0.0595703125
deep,fisher,401,3,166,0.43721911311149597,0.0712890625
deep,fisher,401,3,167,0.3985660970211029,0.0634765625
deep,fisher,401,3,168,0.4015945494174957,0.0556640625
deep,fisher,401,3,169,0.3979729413986206,0.056640625
deep,fisher,401,3,170,0.45119836926460266,0.048828125
deep,fisher,401,3,171,0.4526221454143524,0.0546875
deep,fisher,401,3,172,0.43758589029312134,0.0498046875
deep,fisher,401,3,173,0.4369506239891052,0.056640625
deep,fisher,401,3,174,0.45945805311203003,0.068359375
deep,fisher,401,3,175,0.4678410291671753,0.0673828125
deep,fisher,401,3,176,0.43491455912590027,0.05078125
deep,fisher,401,3,177,0.41271501779556274,0.05078125
deep,fisher,401,3,178,0.4638510048389435,0.064453125
deep,fisher,401,3,179,0.45127519965171814,0.076171875
deep,fisher,401,3,180,0.4727751314640045,0.0478515625
deep,fisher,401,3,181,0.48347538709640503,0.0615234375
deep,fisher,401,3,182,0.39815977215766907,0.0517578125
deep,fisher,401,3,183,0.4013161063194275,0.0517578125
deep,fisher,401,3,184,0.46355220675468445,0.0517578125
deep,fisher,401,3,185,0.41567462682724,0.056640625
deep,fisher,401,3,186,0.40281233191490173,0.068359375
deep,fisher,401,3,187,0.5100868940353394,0.052734375
deep,fisher,401,3,188,0.4191668927669525,0.0546875
deep,fisher,401,3,189,0.4212108552455902,0.0498046875
deep,fisher,401,3,190,0.4411333501338959,0.05859375
deep,fisher,401,3,191,0.42721763253211975,0.05078125
deep,fisher,401,3,192,0.4588048458099365,0.0498046875
deep,fisher,401,3,193,0.41197481751441956,0.046875
deep,fisher,401,3,194,0.4550451934337616,0.0537109375
deep,fisher,401,3,195,0.4982103407382965,0.06640625
deep,fisher,401,3,196,0.37488746643066406,0.0498046875
deep,fisher,401,3,197,0.45217177271842957,0.0595703125
deep,fisher,401,3,198,0.4746474027633667,0.05078125
deep,fisher,401,3,199,0.4376176595687866,0.0546875
deep,fisher,401,3,200,0.4607766270637512,0.072265625
deep,fisher,401,3,201,0.4391784369945526,0.06640625
deep,fisher,401,3,202,0.41680294275283813,0.0634765625
deep,fisher,401,3,203,0.4315410852432251,0.0625
deep,fisher,401,3,204,0.426705002784729,0.0478515625
deep,fisher,401,3,205,0.46525782346725464,0.056640625
deep,fisher,401,3,206,0.4570550322532654,0.05859375
deep,fisher,401,3,207,0.4240734875202179,0.052734375
deep,fisher,401,3,208,0.4742656648159027,0.0498046875
deep,fisher,401,3,209,0.4455445408821106,0.0439453125
deep,fisher,401,3,210,0.4494354724884033,0.0595703125
deep,fisher,401,3,211,0.41922855377197266,0.046875
deep,fisher,401,3,212,0.5009819269180298,0.0615234375
deep,fisher,401,3,213,0.4394131898880005,0.0615234375
deep,fisher,401,3,214,0.4143548607826233,0.046875
deep,fisher,401,3,215,0.41989457607269287,0.0625
deep,fisher,401,3,216,0.49923911690711975,0.052734375
deep,fisher,401,3,217,0.4180663824081421,0.060546875
deep,fisher,401,3,218,0.4108089208602905,0.0654296875
deep,fisher,401,3,219,0.42365792393684387,0.052734375
deep,fisher,401,3,220,0.44953760504722595,0.0673828125
deep,fisher,401,3,221,0.40274107456207275,0.048828125
deep,fisher,401,3,222,0.39020752906799316,0.0625
deep,fisher,401,3,223,0.4441209137439728,0.0712890625
deep,fisher,401,3,224,0.39098724722862244,0.0634765625
deep,fisher,401,3,225,0.4704691171646118,0.064453125
deep,fisher,401,3,226,0.40076425671577454,0.0439453125
deep,fisher,401,3,227,0.48421940207481384,0.0546875
deep,fisher,401,3,228,0.45210039615631104,0.060546875
deep,fisher,401,3,229,0.3712112009525299,0.0517578125
deep,fisher,401,3,230,0.4397757053375244,0.056640625
deep,fisher,401,3,231,0.44614481925964355,0.052734375
deep,fisher,401,3,232,0.4271746277809143,0.0537109375
deep,fisher,401,3,233,0.4462621212005615,0.048828125
deep,fisher,401,3,234,0.4631860554218292,0.0517578125
deep,fisher,401,3,235,0.45760124921798706,0.060546875
deep,fisher,401,3,236,0.4240730106830597,0.044921875
deep,fisher,401,3,237,0.47347354888916016,0.068359375
deep,fisher,401,3,238,0.4293426275253296,0.046875
deep,fisher,401,3,239,0.4269244372844696,0.048828125
deep,fisher,401,3,240,0.38798168301582336,0.046875
deep,fisher,401,3,241,0.4970929026603699,0.0595703125
deep,fisher,401,3,242,0.4265284836292267,0.0576171875
deep,fisher,401,3,243,0.47833073139190674,0.0595703125
deep,fisher,401,3,244,0.4282706379890442,0.0478515625
deep,fisher,401,3,245,0.3540908396244049,0.0400390625
deep,fisher,401,3,246,0.40683287382125854,0.05859375
deep,fisher,401,3,247,0.4151502549648285,0.052734375
deep,fisher,401,3,248,0.43628832697868347,0.0517578125
deep,fisher,401,3,249,0.43072545528411865,0.0595703125
deep,fisher,401,3,250,0.4369349777698517,0.06624605506658554
deep,fisher,401,4,0,0.462499737739563,0.046875
deep,fisher,401,4,1,0.41471606492996216,0.060546875
deep,fisher,401,4,2,0.40468090772628784,0.0537109375
deep,fisher,401,4,3,0.4066373109817505,0.0458984375
deep,fisher,401,4,4,0.466972678899765,0.05078125
deep,fisher,401,4,5,0.4481237828731537,0.052734375
deep,fisher,401,4,6,0.4751085638999939,0.0458984375
deep,fisher,401,4,7,0.5198222994804382,0.048828125
deep,fisher,401,4,8,0.4683552086353302,0.0634765625
deep,fisher,401,4,9,0.44023507833480835,0.0546875
deep,fisher,401,4,10,0.47234657406806946,0.0517578125
deep,fisher,401,4,11,0.4170909523963928,0.04296875
deep,fisher,401,4,12,0.4031761586666107,0.0458984375
deep,fisher,401,4,13,0.4132128059864044,0.0458984375
deep,fisher,401,4,14,0.40398603677749634,0.0634765625
deep,fisher,401,4,15,0.4237755239009857,0.046875
deep,fisher,401,4,16,0.4210570454597473,0.0595703125
deep,fisher,401,4,17,0.4478999674320221,0.0673828125
deep,fisher,401,4,18,0.437760591506958,0.056640625
deep,fisher,401,4,19,0.4534105062484741,0.0576171875
deep,fisher,401,4,20,0.4474729895591736,0.0478515625
deep,fisher,401,4,21,0.42234212160110474,0.0634765625
deep,fisher,401,4,22,0.41847124695777893,0.0537109375
deep,fisher,401,4,23,0.3949629068374634,0.052734375
deep,fisher,401,4,24,0.4526125490665436,0.046875
deep,fisher,401,4,25,0.37618488073349,0.05078125
deep,fisher,401,4,26,0.4296451210975647,0.0537109375
deep,fisher,401,4,27,0.4476657807826996,0.0478515625
deep,fisher,401,4,28,0.42364537715911865,0.0615234375
deep,fisher,401,4,29,0.4474012553691864,0.0537109375
deep,fisher,401,4,30,0.4384844899177551,0.0556640625
deep,fisher,401,4,31,0.4065709412097931,0.0634765625
deep,fisher,401,4,32,0.45649829506874084,0.064453125
deep,fisher,401,4,33,0.40427619218826294,0.0556640625
deep,fisher,401,4,34,0.4706677198410034,0.0634765625
deep,fisher,401,4,35,0.43672969937324524,0.048828125
deep,fisher,401,4,36,0.4269852042198181,0.06640625
deep,fisher,401,4,37,0.41868850588798523,0.052734375
deep,fisher,401,4,38,0.45600318908691406,0.048828125
deep,fisher,401,4,39,0.391840398311615,0.0517578125
deep,fisher,401,4,40,0.4268825948238373,0.0625
deep,fisher,401,4,41,0.40778595209121704,0.0634765625
deep,fisher,401,4,42,0.43209975957870483,0.0478515625
deep,fisher,401,4,43,0.47288668155670166,0.0634765625
deep,fisher,401,4,44,0.4139799177646637,0.052734375
deep,fisher,401,4,45,0.4633159339427948,0.0537109375
deep,fisher,401,4,46,0.45429718494415283,0.0556640625
deep,fisher,401,4,47,0.3951053023338318,0.0478515625
deep,fisher,401,4,48,0.43785685300827026,0.056640625
deep,fisher,401,4,49,0.40439727902412415,0.0478515625
deep,fisher,401,4,50,0.4269147217273712,0.060546875
deep,fisher,401,4,51,0.43879616260528564,0.0595703125
deep,fisher,401,4,52,0.43060633540153503,0.046875
deep,fisher,401,4,53,0.4217727780342102,0.05078125
deep,fisher,401,4,54,0.39354321360588074,0.052734375
deep,fisher,401,4,55,0.4134240448474884,0.056640625
deep,fisher,401,4,56,0.46673351526260376,0.0498046875
deep,fisher,401,4,57,0.4275815784931183,0.0341796875
deep,fisher,401,4,58,0.4737359881401062,0.052734375
deep,fisher,401,4,59,0.4140842854976654,0.05859375
deep,fisher,401,4,60,0.4226256310939789,0.0556640625
deep,fisher,401,4,61,0.42152664065361023,0.05859375
deep,fisher,401,4,62,0.43830373883247375,0.05859375
deep,fisher,401,4,63,0.407090425491333,0.0576171875
deep,fisher,401,4,64,0.44701504707336426,0.0517578125
deep,fisher,401,4,65,0.45483842492103577,0.0517578125
deep,fisher,401,4,66,0.418211430311203,0.0546875
deep,fisher,401,4,67,0.41870346665382385,0.060546875
deep,fisher,401,4,68,0.45008158683776855,0.0517578125
deep,fisher,401,4,69,0.4280936121940613,0.056640625
deep,fisher,401,4,70,0.44815412163734436,0.0556640625
deep,fisher,401,4,71,0.4356294572353363,0.05859375
deep,fisher,401,4,72,0.48307573795318604,0.046875
deep,fisher,401,4,73,0.4582476317882538,0.0390625
deep,fisher,401,4,74,0.41859719157218933,0.0634765625
deep,fisher,401,4,75,0.42881882190704346,0.0576171875
deep,fisher,401,4,76,0.4617560803890228,0.0732421875
deep,fisher,401,4,77,0.40873292088508606,0.056640625
deep,fisher,401,4,78,0.4218294024467468,0.0478515625
deep,fisher,401,4,79,0.37515226006507874,0.0517578125
deep,fisher,401,4,80,0.4272595942020416,0.052734375
deep,fisher,401,4,81,0.434590220451355,0.0703125
deep,fisher,401,4,82,0.394735723733902,0.05078125
deep,fisher,401,4,83,0.5000740885734558,0.0625
deep,fisher,401,4,84,0.4673024117946625,0.0478515625
deep,fisher,401,4,85,0.4683398902416229,0.068359375
deep,fisher,401,4,86,0.4532112777233124,0.0615234375
deep,fisher,401,4,87,0.3788709044456482,0.046875
deep,fisher,401,4,88,0.382939875125885,0.056640625
deep,fisher,401,4,89,0.47493502497673035,0.0537109375
deep,fisher,401,4,90,0.4424431324005127,0.04296875
deep,fisher,401,4,91,0.46421733498573303,0.0654296875
deep,fisher,401,4,92,0.44607722759246826,0.0556640625
deep,fisher,401,4,93,0.43441927433013916,0.0732421875
deep,fisher,401,4,94,0.3928193747997284,0.046875
deep,fisher,401,4,95,0.3725112974643707,0.0625
deep,fisher,401,4,96,0.45679906010627747,0.0703125
deep,fisher,401,4,97,0.4773657023906708,0.044921875
deep,fisher,401,4,98,0.44114241003990173,0.0625
deep,fisher,401,4,99,0.46418580412864685,0.044921875
deep,fisher,401,4,100,0.38610103726387024,0.052734375
deep,fisher,401,4,101,0.46784302592277527,0.044921875
deep,fisher,401,4,102,0.3902399241924286,0.0693359375
deep,fisher,401,4,103,0.4160015881061554,0.048828125
deep,fisher,401,4,104,0.4158414602279663,0.0625
deep,fisher,401,4,105,0.39369428157806396,0.0517578125
deep,fisher,401,4,106,0.41748592257499695,0.05078125
deep,fisher,401,4,107,0.4083562195301056,0.0625
deep,fisher,401,4,108,0.402351438999176,0.0595703125
deep,fisher,401,4,109,0.42506909370422363,0.04296875
deep,fisher,401,4,110,0.39395228028297424,0.0546875
deep,fisher,401,4,111,0.4177609980106354,0.044921875
deep,fisher,401,4,112,0.3706935942173004,0.0693359375
deep,fisher,401,4,113,0.4382539987564087,0.056640625
deep,fisher,401,4,114,0.45509764552116394,0.0576171875
deep,fisher,401,4,115,0.47116658091545105,0.0498046875
deep,fisher,401,4,116,0.4343183636665344,0.0703125
deep,fisher,401,4,117,0.4548313021659851,0.0595703125
deep,fisher,401,4,118,0.42586085200309753,0.06640625
deep,fisher,401,4,119,0.39125195145606995,0.0625
deep,fisher,401,4,120,0.4064198434352875,0.0458984375
deep,fisher,401,4,121,0.37998199462890625,0.048828125
deep,fisher,401,4,122,0.43764227628707886,0.046875
deep,fisher,401,4,123,0.4213460683822632,0.05078125
deep,fisher,401,4,124,0.4249708950519562,0.0634765625
deep,fisher,401,4,125,0.43865054845809937,0.056640625
deep,fisher,401,4,126,0.4612148702144623,0.0654296875
deep,fisher,401,4,127,0.39911794662475586,0.0615234375
deep,fisher,401,4,128,0.4186450242996216,0.07421875
deep,fisher,401,4,129,0.4688647389411926,0.0498046875
deep,fisher,401,4,130,0.3894321918487549,0.0673828125
deep,fisher,401,4,131,0.46752113103866577,0.0400390625
deep,fisher,401,4,132,0.44060638546943665,0.0517578125
deep,fisher,401,4,133,0.45239412784576416,0.0556640625
deep,fisher,401,4,134,0.4963347613811493,0.0654296875
deep,fisher,401,4,135,0.39545783400535583,0.0576171875
deep,fisher,401,4,136,0.4453047513961792,0.0576171875
deep,fisher,401,4,137,0.4385613799095154,0.0546875
deep,fisher,401,4,138,0.42057111859321594,0.0546875
deep,fisher,401,4,139,0.3240329325199127,0.05859375
deep,fisher,401,4,140,0.437470018863678,0.064453125
deep,fisher,401,4,141,0.46272602677345276,0.076171875
deep,fisher,401,4,142,0.43411144614219666,0.056640625
deep,fisher,401,4,143,0.47292572259902954,0.05078125
deep,fisher,401,4,144,0.4051643908023834,0.05859375
deep,fisher,401,4,145,0.35651758313179016,0.0556640625
deep,fisher,401,4,146,0.4289167821407318,0.0546875
deep,fisher,401,4,147,0.4101687967777252,0.0458984375
deep,fisher,401,4,148,0.3924102783203125,0.05859375
deep,fisher,401,4,149,0.44920656085014343,0.0712890625
deep,fisher,401,4,150,0.4380452334880829,0.056640625
deep,fisher,401,4,151,0.4174768030643463,0.0546875
deep,fisher,401,4,152,0.38226088881492615,0.0546875
deep,fisher,401,4,153,0.4890160858631134,0.0546875
deep,fisher,401,4,154,0.4830798804759979,0.048828125
deep,fisher,401,4,155,0.43673843145370483,0.0634765625
deep,fisher,401,4,156,0.42712438106536865,0.0556640625
deep,fisher,401,4,157,0.47852692008018494,0.0537109375
deep,fisher,401,4,158,0.43400365114212036,0.0595703125
deep,fisher,401,4,159,0.4126388132572174,0.05078125
deep,fisher,401,4,160,0.4128049314022064,0.052734375
deep,fisher,401,4,161,0.4189632534980774,0.0634765625
deep,fisher,401,4,162,0.4131961166858673,0.05859375
deep,fisher,401,4,163,0.4175618886947632,0.0634765625
deep,fisher,401,4,164,0.383989155292511,0.0615234375
deep,fisher,401,4,165,0.4715121388435364,0.06640625
deep,fisher,401,4,166,0.3961530923843384,0.056640625
deep,fisher,401,4,167,0.48005184531211853,0.05078125
deep,fisher,401,4,168,0.41733136773109436,0.0517578125
deep,fisher,401,4,169,0.45407986640930176,0.060546875
deep,fisher,401,4,170,0.43729284405708313,0.0556640625
deep,fisher,401,4,171,0.44550949335098267,0.044921875
deep,fisher,401,4,172,0.4574849605560303,0.0556640625
deep,fisher,401,4,173,0.4493538439273834,0.0576171875
deep,fisher,401,4,174,0.43567657470703125,0.04296875
deep,fisher,401,4,175,0.4215390384197235,0.041015625
deep,fisher,401,4,176,0.4944954514503479,0.0595703125
deep,fisher,401,4,177,0.3775314390659332,0.0556640625
deep,fisher,401,4,178,0.3632080852985382,0.0537109375
deep,fisher,401,4,179,0.4902237355709076,0.04296875
deep,fisher,401,4,180,0.4045846164226532,0.0517578125
deep,fisher,401,4,181,0.49501460790634155,0.041015625
deep,fisher,401,4,182,0.4536844491958618,0.0576171875
deep,fisher,401,4,183,0.4883516728878021,0.0595703125
deep,fisher,401,4,184,0.41460922360420227,0.05859375
deep,fisher,401,4,185,0.41076165437698364,0.0546875
deep,fisher,401,4,186,0.4259204566478729,0.052734375
deep,fisher,401,4,187,0.39697182178497314,0.06640625
deep,fisher,401,4,188,0.466500848531723,0.0615234375
deep,fisher,401,4,189,0.46354904770851135,0.0556640625
deep,fisher,401,4,190,0.42883536219596863,0.048828125
deep,fisher,401,4,191,0.4159083366394043,0.0576171875
deep,fisher,401,4,192,0.45327192544937134,0.046875
deep,fisher,401,4,193,0.43897920846939087,0.052734375
deep,fisher,401,4,194,0.4261879622936249,0.0703125
deep,fisher,401,4,195,0.4662177860736847,0.052734375
deep,fisher,401,4,196,0.3960835337638855,0.05078125
deep,fisher,401,4,197,0.4351547360420227,0.0595703125
deep,fisher,401,4,198,0.38311368227005005,0.0673828125
deep,fisher,401,4,199,0.4368346929550171,0.05078125
deep,fisher,401,4,200,0.49745285511016846,0.0537109375
deep,fisher,401,4,201,0.4323999285697937,0.0615234375
deep,fisher,401,4,202,0.37130340933799744,0.0498046875
deep,fisher,401,4,203,0.4153946042060852,0.05859375
deep,fisher,401,4,204,0.4237062335014343,0.0732421875
deep,fisher,401,4,205,0.4260149598121643,0.048828125
deep,fisher,401,4,206,0.4720571041107178,0.0390625
deep,fisher,401,4,207,0.39957189559936523,0.0625
deep,fisher,401,4,208,0.4542134702205658,0.052734375
deep,fisher,401,4,209,0.42386454343795776,0.048828125
deep,fisher,401,4,210,0.4278211295604706,0.048828125
deep,fisher,401,4,211,0.42718082666397095,0.0458984375
deep,fisher,401,4,212,0.4613988995552063,0.0712890625
deep,fisher,401,4,213,0.44324052333831787,0.0537109375
deep,fisher,401,4,214,0.8378082513809204,0.0654296875
deep,fisher,401,4,215,0.4856128692626953,0.064453125
deep,fisher,401,4,216,0.4479284882545471,0.056640625
deep,fisher,401,4,217,0.46500152349472046,0.05859375
deep,fisher,401,4,218,0.4426341652870178,0.0615234375
deep,fisher,401,4,219,0.3962557315826416,0.0595703125
deep,fisher,401,4,220,0.4660651385784149,0.0615234375
deep,fisher,401,4,221,0.47270920872688293,0.0556640625
deep,fisher,401,4,222,0.4152544438838959,0.044921875
deep,fisher,401,4,223,0.3819996118545532,0.0537109375
deep,fisher,401,4,224,0.47142019867897034,0.0546875
deep,fisher,401,4,225,0.41511350870132446,0.0400390625
deep,fisher,401,4,226,0.4116649031639099,0.046875
deep,fisher,401,4,227,0.42590203881263733,0.0595703125
deep,fisher,401,4,228,0.4099237322807312,0.0517578125
deep,fisher,401,4,229,0.488887220621109,0.0546875
deep,fisher,401,4,230,0.40084773302078247,0.0556640625
deep,fisher,401,4,231,0.46975621581077576,0.0615234375
deep,fisher,401,4,232,0.4941060543060303,0.048828125
deep,fisher,401,4,233,0.40097400546073914,0.0439453125
deep,fisher,401,4,234,0.4312826097011566,0.048828125
deep,fisher,401,4,235,0.41564372181892395,0.0595703125
deep,fisher,401,4,236,0.43637850880622864,0.05078125
deep,fisher,401,4,237,0.4621317684650421,0.06640625
deep,fisher,401,4,238,0.3863135874271393,0.048828125
deep,fisher,401,4,239,0.39167970418930054,0.046875
deep,fisher,401,4,240,0.4231288731098175,0.056640625
deep,fisher,401,4,241,0.42316365242004395,0.05859375
deep,fisher,401,4,242,0.40230220556259155,0.0634765625
deep,fisher,401,4,243,0.379140704870224,0.052734375
deep,fisher,401,4,244,0.44791367650032043,0.056640625
deep,fisher,401,4,245,0.4358101487159729,0.046875
deep,fisher,401,4,246,0.414020299911499,0.0517578125
deep,fisher,401,4,247,0.428873211145401,0.0546875
deep,fisher,401,4,248,0.3953489661216736,0.0546875
deep,fisher,401,4,249,0.43022477626800537,0.044921875
deep,fisher,401,4,250,0.4632941484451294,0.05678233504295349
deep,fisher,401,5,0,0.4326888918876648,0.0654296875
deep,fisher,401,5,1,0.4361255168914795,0.0478515625
deep,fisher,401,5,2,0.39675372838974,0.0537109375
deep,fisher,401,5,3,0.4146619439125061,0.0576171875
deep,fisher,401,5,4,0.4609242379665375,0.0595703125
deep,fisher,401,5,5,0.46482157707214355,0.0439453125
deep,fisher,401,5,6,0.3990890681743622,0.0595703125
deep,fisher,401,5,7,0.3760601580142975,0.0498046875
deep,fisher,401,5,8,0.41656747460365295,0.044921875
deep,fisher,401,5,9,0.46705886721611023,0.05859375
deep,fisher,401,5,10,0.4343070685863495,0.0595703125
deep,fisher,401,5,11,0.4425831139087677,0.07421875
deep,fisher,401,5,12,0.47617289423942566,0.0537109375
deep,fisher,401,5,13,0.42273664474487305,0.044921875
deep,fisher,401,5,14,0.3763836622238159,0.0556640625
deep,fisher,401,5,15,0.42954087257385254,0.0498046875
deep,fisher,401,5,16,0.39127904176712036,0.0439453125
deep,fisher,401,5,17,0.43554815649986267,0.04296875
deep,fisher,401,5,18,0.427296906709671,0.0595703125
deep,fisher,401,5,19,0.4304972290992737,0.0537109375
deep,fisher,401,5,20,0.42769935727119446,0.05859375
deep,fisher,401,5,21,0.4140053391456604,0.0498046875
deep,fisher,401,5,22,0.3749542832374573,0.0576171875
deep,fisher,401,5,23,0.4516007900238037,0.064453125
deep,fisher,401,5,24,0.4113321602344513,0.05078125
deep,fisher,401,5,25,0.4186391234397888,0.048828125
deep,fisher,401,5,26,0.3862107992172241,0.0517578125
deep,fisher,401,5,27,0.47076210379600525,0.0439453125
deep,fisher,401,5,28,0.3982619345188141,0.0576171875
deep,fisher,401,5,29,0.4032374918460846,0.05859375
deep,fisher,401,5,30,0.46152976155281067,0.0595703125
deep,fisher,401,5,31,0.379130482673645,0.0458984375
deep,fisher,401,5,32,0.43580812215805054,0.0576171875
deep,fisher,401,5,33,0.489770770072937,0.0625
deep,fisher,401,5,34,0.42120736837387085,0.05078125
deep,fisher,401,5,35,0.43566614389419556,0.056640625
deep,fisher,401,5,36,0.4748498797416687,0.0537109375
deep,fisher,401,5,37,0.41910359263420105,0.068359375
deep,fisher,401,5,38,0.3718137741088867,0.0390625
deep,fisher,401,5,39,0.4562106430530548,0.052734375
deep,fisher,401,5,40,0.41358682513237,0.0556640625
deep,fisher,401,5,41,0.42103564739227295,0.0673828125
deep,fisher,401,5,42,0.4019881784915924,0.0380859375
deep,fisher,401,5,43,0.36377063393592834,0.052734375
deep,fisher,401,5,44,0.4158119857311249,0.05859375
deep,fisher,401,5,45,0.3855166733264923,0.05859375
deep,fisher,401,5,46,0.4321369528770447,0.0556640625
deep,fisher,401,5,47,0.4220965802669525,0.056640625
deep,fisher,401,5,48,0.4092068374156952,0.064453125
deep,fisher,401,5,49,0.4088042974472046,0.052734375
deep,fisher,401,5,50,0.43690091371536255,0.0556640625
deep,fisher,401,5,51,0.41728731989860535,0.0693359375
deep,fisher,401,5,52,0.3980758488178253,0.060546875
deep,fisher,401,5,53,0.4588892161846161,0.0595703125
deep,fisher,401,5,54,0.39417487382888794,0.0498046875
deep,fisher,401,5,55,0.4607982039451599,0.0439453125
deep,fisher,401,5,56,0.3940938413143158,0.05078125
deep,fisher,401,5,57,0.42634710669517517,0.0498046875
deep,fisher,401,5,58,0.46004077792167664,0.0478515625
deep,fisher,401,5,59,0.43391624093055725,0.0546875
deep,fisher,401,5,60,0.42382580041885376,0.046875
deep,fisher,401,5,61,0.42058417201042175,0.05078125
deep,fisher,401,5,62,0.4606378376483917,0.0517578125
deep,fisher,401,5,63,0.43591347336769104,0.060546875
deep,fisher,401,5,64,0.41664692759513855,0.060546875
deep,fisher,401,5,65,0.43104255199432373,0.048828125
deep,fisher,401,5,66,0.4360838234424591,0.048828125
deep,fisher,401,5,67,0.4468158483505249,0.052734375
deep,fisher,401,5,68,0.4695027470588684,0.0556640625
deep,fisher,401,5,69,0.9080470204353333,0.0478515625
deep,fisher,401,5,70,0.4188624322414398,0.05078125
deep,fisher,401,5,71,0.4342486560344696,0.0654296875
deep,fisher,401,5,72,0.41064727306365967,0.048828125
deep,fisher,401,5,73,0.4314344823360443,0.05078125
deep,fisher,401,5,74,0.45662033557891846,0.0556640625
deep,fisher,401,5,75,0.4618864953517914,0.0498046875
deep,fisher,401,5,76,0.40232402086257935,0.0625
deep,fisher,401,5,77,0.43131551146507263,0.046875
deep,fisher,401,5,78,0.40355852246284485,0.064453125
deep,fisher,401,5,79,0.3676042854785919,0.046875
deep,fisher,401,5,80,0.4831498861312866,0.0556640625
deep,fisher,401,5,81,0.4007193148136139,0.04296875
deep,fisher,401,5,82,0.4073912799358368,0.0556640625
deep,fisher,401,5,83,0.42110127210617065,0.048828125
deep,fisher,401,5,84,0.469033420085907,0.05078125
deep,fisher,401,5,85,0.41384533047676086,0.0517578125
deep,fisher,401,5,86,0.42958948016166687,0.0498046875
deep,fisher,401,5,87,0.3915431499481201,0.064453125
deep,fisher,401,5,88,0.3946147859096527,0.056640625
deep,fisher,401,5,89,0.44898825883865356,0.0615234375
deep,fisher,401,5,90,0.4130278527736664,0.0537109375
deep,fisher,401,5,91,0.4223797023296356,0.056640625
deep,fisher,401,5,92,0.4467647671699524,0.06640625
deep,fisher,401,5,93,0.4191061556339264,0.0517578125
deep,fisher,401,5,94,0.41420677304267883,0.0546875
deep,fisher,401,5,95,0.4093955159187317,0.048828125
deep,fisher,401,5,96,0.3875902593135834,0.0654296875
deep,fisher,401,5,97,0.4716070592403412,0.0517578125
deep,fisher,401,5,98,0.44349780678749084,0.0478515625
deep,fisher,401,5,99,0.44403108954429626,0.046875
deep,fisher,401,5,100,0.468959778547287,0.05078125
deep,fisher,401,5,101,0.44501084089279175,0.0546875
deep,fisher,401,5,102,0.4446919560432434,0.060546875
deep,fisher,401,5,103,0.4529869556427002,0.060546875
deep,fisher,401,5,104,0.45987939834594727,0.0546875
deep,fisher,401,5,105,0.4366169273853302,0.060546875
deep,fisher,401,5,106,0.41282036900520325,0.0439453125
deep,fisher,401,5,107,0.45054662227630615,0.06640625
deep,fisher,401,5,108,0.3884340226650238,0.0556640625
deep,fisher,401,5,109,0.4815666377544403,0.05859375
deep,fisher,401,5,110,0.387769877910614,0.052734375
deep,fisher,401,5,111,0.42039749026298523,0.0478515625
deep,fisher,401,5,112,0.4088229835033417,0.0546875
deep,fisher,401,5,113,0.4189746379852295,0.0517578125
deep,fisher,401,5,114,0.39492055773735046,0.0576171875
deep,fisher,401,5,115,0.40616363286972046,0.046875
deep,fisher,401,5,116,0.4160943627357483,0.056640625
deep,fisher,401,5,117,0.41927915811538696,0.044921875
deep,fisher,401,5,118,0.43296539783477783,0.05859375
deep,fisher,401,5,119,0.3955566883087158,0.041015625
deep,fisher,401,5,120,0.38987722992897034,0.0537109375
deep,fisher,401,5,121,0.44077548384666443,0.0478515625
deep,fisher,401,5,122,0.4009438455104828,0.060546875
deep,fisher,401,5,123,0.4265393018722534,0.060546875
deep,fisher,401,5,124,0.4590023458003998,0.0634765625
deep,fisher,401,5,125,0.4031645357608795,0.0537109375
deep,fisher,401,5,126,0.3890193998813629,0.0517578125
deep,fisher,401,5,127,0.4500422477722168,0.0546875
deep,fisher,401,5,128,0.41756585240364075,0.048828125
deep,fisher,401,5,129,0.44728466868400574,0.046875
deep,fisher,401,5,130,0.41367241740226746,0.0498046875
deep,fisher,401,5,131,0.45097291469573975,0.05859375
deep,fisher,401,5,132,0.4242091774940491,0.0595703125
deep,fisher,401,5,133,0.36701568961143494,0.0537109375
deep,fisher,401,5,134,0.4911634624004364,0.0556640625
deep,fisher,401,5,135,0.39487987756729126,0.0712890625
deep,fisher,401,5,136,0.4634031057357788,0.05859375
deep,fisher,401,5,137,0.4441054165363312,0.048828125
deep,fisher,401,5,138,0.4555683732032776,0.0458984375
deep,fisher,401,5,139,0.3847983479499817,0.0576171875
deep,fisher,401,5,140,0.43746888637542725,0.0546875
deep,fisher,401,5,141,0.4702128469944,0.0595703125
deep,fisher,401,5,142,0.39036405086517334,0.0673828125
deep,fisher,401,5,143,0.4259800910949707,0.0615234375
deep,fisher,401,5,144,0.47172752022743225,0.078125
deep,fisher,401,5,145,0.3798068165779114,0.052734375
deep,fisher,401,5,146,0.4702845513820648,0.0634765625
deep,fisher,401,5,147,0.42959699034690857,0.052734375
deep,fisher,401,5,148,0.40863505005836487,0.0478515625
deep,fisher,401,5,149,0.42200538516044617,0.05078125
deep,fisher,401,5,150,0.3865008056163788,0.068359375
deep,fisher,401,5,151,0.43725165724754333,0.0556640625
deep,fisher,401,5,152,0.3953937590122223,0.0625
deep,fisher,401,5,153,0.4651283621788025,0.0615234375
deep,fisher,401,5,154,0.43962764739990234,0.044921875
deep,fisher,401,5,155,0.3909393846988678,0.0693359375
deep,fisher,401,5,156,0.4028586447238922,0.0556640625
deep,fisher,401,5,157,0.40087395906448364,0.0546875
deep,fisher,401,5,158,0.4206596910953522,0.0595703125
deep,fisher,401,5,159,0.43114885687828064,0.056640625
deep,fisher,401,5,160,0.40834543108940125,0.06640625
deep,fisher,401,5,161,0.4471283555030823,0.046875
deep,fisher,401,5,162,0.40795549750328064,0.0615234375
deep,fisher,401,5,163,0.44118091464042664,0.0673828125
deep,fisher,401,5,164,0.4770022928714752,0.056640625
deep,fisher,401,5,165,0.4596490263938904,0.0654296875
deep,fisher,401,5,166,0.49690544605255127,0.0478515625
deep,fisher,401,5,167,0.4321552813053131,0.0546875
deep,fisher,401,5,168,0.40531250834465027,0.0576171875
deep,fisher,401,5,169,0.4544840455055237,0.0556640625
deep,fisher,401,5,170,0.41364631056785583,0.0546875
deep,fisher,401,5,171,0.43220698833465576,0.0439453125
deep,fisher,401,5,172,0.4531537592411041,0.0478515625
deep,fisher,401,5,173,0.4578701853752136,0.0537109375
deep,fisher,401,5,174,0.4129951298236847,0.0556640625
deep,fisher,401,5,175,0.46382617950439453,0.052734375
deep,fisher,401,5,176,0.45082759857177734,0.0546875
deep,fisher,401,5,177,0.38552457094192505,0.0615234375
deep,fisher,401,5,178,0.415018767118454,0.0595703125
deep,fisher,401,5,179,0.48548299074172974,0.05859375
deep,fisher,401,5,180,0.46119052171707153,0.064453125
deep,fisher,401,5,181,0.437336266040802,0.0546875
deep,fisher,401,5,182,0.39111390709877014,0.048828125
deep,fisher,401,5,183,0.43549439311027527,0.0625
deep,fisher,401,5,184,0.42839688062667847,0.0390625
deep,fisher,401,5,185,0.40733617544174194,0.0576171875
deep,fisher,401,5,186,0.3941991329193115,0.056640625
deep,fisher,401,5,187,0.430761456489563,0.0576171875
deep,fisher,401,5,188,0.40510955452919006,0.068359375
deep,fisher,401,5,189,0.41212472319602966,0.04296875
deep,fisher,401,5,190,0.4092369079589844,0.060546875
deep,fisher,401,5,191,0.4734775424003601,0.05078125
deep,fisher,401,5,192,0.4775846600532532,0.052734375
deep,fisher,401,5,193,0.43624070286750793,0.05078125
deep,fisher,401,5,194,0.4140110909938812,0.05078125
deep,fisher,401,5,195,0.37783318758010864,0.0546875
deep,fisher,401,5,196,0.4331807494163513,0.0546875
deep,fisher,401,5,197,0.40604647994041443,0.0390625
deep,fisher,401,5,198,0.46189427375793457,0.0625
deep,fisher,401,5,199,0.4074721038341522,0.0498046875
deep,fisher,401,5,200,0.4341879189014435,0.044921875
deep,fisher,401,5,201,0.42429789900779724,0.0595703125
deep,fisher,401,5,202,0.4312284290790558,0.0537109375
deep,fisher,401,5,203,0.43723368644714355,0.0595703125
deep,fisher,401,5,204,0.4498118758201599,0.04296875
deep,fisher,401,5,205,0.4739299416542053,0.0595703125
deep,fisher,401,5,206,0.4793323278427124,0.0634765625
deep,fisher,401,5,207,0.4116247892379761,0.0625
deep,fisher,401,5,208,0.36242541670799255,0.0595703125
deep,fisher,401,5,209,0.45739951729774475,0.060546875
deep,fisher,401,5,210,0.393464595079422,0.052734375
deep,fisher,401,5,211,0.40030455589294434,0.06640625
deep,fisher,401,5,212,0.44951683282852173,0.0625
deep,fisher,401,5,213,0.44722872972488403,0.0546875
deep,fisher,401,5,214,0.3858453631401062,0.0673828125
deep,fisher,401,5,215,0.4081481695175171,0.0537109375
deep,fisher,401,5,216,0.47496551275253296,0.0576171875
deep,fisher,401,5,217,0.4471036493778229,0.0498046875
deep,fisher,401,5,218,0.44761815667152405,0.0693359375
deep,fisher,401,5,219,0.4092679023742676,0.060546875
deep,fisher,401,5,220,0.4294738173484802,0.0625
deep,fisher,401,5,221,0.4354229271411896,0.056640625
deep,fisher,401,5,222,0.42044374346733093,0.0517578125
deep,fisher,401,5,223,0.46592092514038086,0.05859375
deep,fisher,401,5,224,0.42457687854766846,0.05078125
deep,fisher,401,5,225,0.4314989745616913,0.048828125
deep,fisher,401,5,226,0.46553903818130493,0.0537109375
deep,fisher,401,5,227,0.4788912832736969,0.056640625
deep,fisher,401,5,228,0.4108261466026306,0.0556640625
deep,fisher,401,5,229,0.4075315296649933,0.068359375
deep,fisher,401,5,230,0.4311401844024658,0.0556640625
deep,fisher,401,5,231,0.4835415780544281,0.05859375
deep,fisher,401,5,232,0.41470956802368164,0.0546875
deep,fisher,401,5,233,0.4722602665424347,0.0654296875
deep,fisher,401,5,234,0.41393330693244934,0.0625
deep,fisher,401,5,235,0.4376499652862549,0.0537109375
deep,fisher,401,5,236,0.42908796668052673,0.0546875
deep,fisher,401,5,237,0.35081055760383606,0.0625
deep,fisher,401,5,238,0.41211825609207153,0.0537109375
deep,fisher,401,5,239,0.48200246691703796,0.060546875
deep,fisher,401,5,240,0.407248318195343,0.0615234375
deep,fisher,401,5,241,0.44658327102661133,0.05078125
deep,fisher,401,5,242,0.48775309324264526,0.0439453125
deep,fisher,401,5,243,0.43373775482177734,0.0654296875
deep,fisher,401,5,244,0.4845995008945465,0.05078125
deep,fisher,401,5,245,0.41930249333381653,0.0556640625
deep,fisher,401,5,246,0.39944589138031006,0.0576171875
deep,fisher,401,5,247,0.4907037019729614,0.05859375
deep,fisher,401,5,248,0.40174755454063416,0.0546875
deep,fisher,401,5,249,0.47896790504455566,0.056640625
deep,fisher,401,5,250,0.4280945956707001,0.05678233504295349
deep,fisher,401,6,0,0.40658730268478394,0.068359375
deep,fisher,401,6,1,0.3672410547733307,0.0537109375
deep,fisher,401,6,2,0.4140722155570984,0.0537109375
deep,fisher,401,6,3,0.4743316173553467,0.078125
deep,fisher,401,6,4,0.39148473739624023,0.060546875
deep,fisher,401,6,5,0.44580206274986267,0.0556640625
deep,fisher,401,6,6,0.45194581151008606,0.0556640625
deep,fisher,401,6,7,0.4074226915836334,0.0556640625
deep,fisher,401,6,8,0.4332556128501892,0.0537109375
deep,fisher,401,6,9,0.44322535395622253,0.05859375
deep,fisher,401,6,10,0.4203546345233917,0.048828125
deep,fisher,401,6,11,0.3840847611427307,0.0556640625
deep,fisher,401,6,12,0.46706947684288025,0.0546875
deep,fisher,401,6,13,0.41488584876060486,0.0625
deep,fisher,401,6,14,0.40349718928337097,0.0595703125
deep,fisher,401,6,15,0.3965677320957184,0.048828125
deep,fisher,401,6,16,0.40857529640197754,0.0498046875
deep,fisher,401,6,17,0.38784167170524597,0.052734375
deep,fisher,401,6,18,0.4715127944946289,0.0537109375
deep,fisher,401,6,19,0.44100046157836914,0.048828125
deep,fisher,401,6,20,0.4430171251296997,0.05859375
deep,fisher,401,6,21,0.4242895245552063,0.056640625
deep,fisher,401,6,22,0.46076393127441406,0.0712890625
deep,fisher,401,6,23,0.4367707371711731,0.0615234375
deep,fisher,401,6,24,0.40061715245246887,0.060546875
deep,fisher,401,6,25,0.38262566924095154,0.056640625
deep,fisher,401,6,26,0.4314706027507782,0.052734375
deep,fisher,401,6,27,0.4157721698284149,0.0634765625
deep,fisher,401,6,28,0.4311176538467407,0.064453125
deep,fisher,401,6,29,0.3966798484325409,0.0498046875
deep,fisher,401,6,30,0.42534780502319336,0.048828125
deep,fisher,401,6,31,0.4460434317588806,0.05859375
deep,fisher,401,6,32,0.43644094467163086,0.0498046875
deep,fisher,401,6,33,0.4574798047542572,0.060546875
deep,fisher,401,6,34,0.4228378236293793,0.0634765625
deep,fisher,401,6,35,0.45001158118247986,0.0419921875
deep,fisher,401,6,36,0.3852322995662689,0.064453125
deep,fisher,401,6,37,0.3677370846271515,0.0458984375
deep,fisher,401,6,38,0.43728306889533997,0.0546875
deep,fisher,401,6,39,0.40698787569999695,0.056640625
deep,fisher,401,6,40,0.3709079623222351,0.0498046875
deep,fisher,401,6,41,0.4417858421802521,0.0517578125
deep,fisher,401,6,42,0.3911045491695404,0.0634765625
deep,fisher,401,6,43,0.4514753222465515,0.0654296875
deep,fisher,401,6,44,0.48328855633735657,0.060546875
deep,fisher,401,6,45,0.4325750768184662,0.0478515625
deep,fisher,401,6,46,0.389194130897522,0.0517578125
deep,fisher,401,6,47,0.41752052307128906,0.05859375
deep,fisher,401,6,48,0.42646512389183044,0.0595703125
deep,fisher,401,6,49,0.40219730138778687,0.060546875
deep,fisher,401,6,50,0.3763830065727234,0.0537109375
deep,fisher,401,6,51,0.42718231678009033,0.0458984375
deep,fisher,401,6,52,0.4218822121620178,0.05078125
deep,fisher,401,6,53,0.45514601469039917,0.0517578125
deep,fisher,401,6,54,0.4210503101348877,0.0556640625
deep,fisher,401,6,55,0.4432622194290161,0.044921875
deep,fisher,401,6,56,0.3888450860977173,0.052734375
deep,fisher,401,6,57,0.4236600995063782,0.0458984375
deep,fisher,401,6,58,0.3986571133136749,0.056640625
deep,fisher,401,6,59,0.43145257234573364,0.0537109375
deep,fisher,401,6,60,0.39651721715927124,0.0546875
deep,fisher,401,6,61,0.47012555599212646,0.041015625
deep,fisher,401,6,62,0.4185793399810791,0.05078125
deep,fisher,401,6,63,0.45881175994873047,0.041015625
deep,fisher,401,6,64,0.4527638554573059,0.0712890625
deep,fisher,401,6,65,0.43264511227607727,0.04296875
deep,fisher,401,6,66,0.4603463411331177,0.0654296875
deep,fisher,401,6,67,0.405820369720459,0.052734375
deep,fisher,401,6,68,0.436770498752594,0.041015625
deep,fisher,401,6,69,0.4171116352081299,0.0419921875
deep,fisher,401,6,70,0.4214268624782562,0.060546875
deep,fisher,401,6,71,0.4128642678260803,0.0576171875
deep,fisher,401,6,72,0.4062703847885132,0.0615234375
deep,fisher,401,6,73,0.39627107977867126,0.0458984375
deep,fisher,401,6,74,0.40944239497184753,0.037109375
deep,fisher,401,6,75,0.4680355191230774,0.0537109375
deep,fisher,401,6,76,0.41885703802108765,0.0546875
deep,fisher,401,6,77,0.41599130630493164,0.0693359375
deep,fisher,401,6,78,0.42616018652915955,0.0546875
deep,fisher,401,6,79,0.43510669469833374,0.0556640625
deep,fisher,401,6,80,0.4178769886493683,0.0498046875
deep,fisher,401,6,81,0.4111427068710327,0.0546875
deep,fisher,401,6,82,0.45614978671073914,0.0556640625
deep,fisher,401,6,83,0.4094008505344391,0.0556640625
deep,fisher,401,6,84,0.40669482946395874,0.068359375
deep,fisher,401,6,85,0.379228413105011,0.0458984375
deep,fisher,401,6,86,0.421708881855011,0.0439453125
deep,fisher,401,6,87,0.3633040487766266,0.0576171875
deep,fisher,401,6,88,0.4164450764656067,0.0556640625
deep,fisher,401,6,89,0.4717521071434021,0.05859375
deep,fisher,401,6,90,0.4310140013694763,0.0556640625
deep,fisher,401,6,91,0.4125259220600128,0.048828125
deep,fisher,401,6,92,0.44899213314056396,0.0458984375
deep,fisher,401,6,93,0.39717626571655273,0.0576171875
deep,fisher,401,6,94,0.43690571188926697,0.044921875
deep,fisher,401,6,95,0.385802298784256,0.041015625
deep,fisher,401,6,96,0.45684942603111267,0.052734375
deep,fisher,401,6,97,0.4511420428752899,0.046875
deep,fisher,401,6,98,0.36632040143013,0.05859375
deep,fisher,401,6,99,0.36614739894866943,0.044921875
deep,fisher,401,6,100,0.4329904019832611,0.0654296875
deep,fisher,401,6,101,0.3877521753311157,0.0517578125
deep,fisher,401,6,102,0.45670273900032043,0.0517578125
deep,fisher,401,6,103,0.39786195755004883,0.0478515625
deep,fisher,401,6,104,0.45506879687309265,0.052734375
deep,fisher,401,6,105,0.45866185426712036,0.0693359375
deep,fisher,401,6,106,0.4532095491886139,0.041015625
deep,fisher,401,6,107,0.4072648286819458,0.05078125
deep,fisher,401,6,108,0.3531063199043274,0.0498046875
deep,fisher,401,6,109,0.4221036732196808,0.0625
deep,fisher,401,6,110,0.38148078322410583,0.0693359375
deep,fisher,401,6,111,0.44639673829078674,0.0634765625
deep,fisher,401,6,112,0.4251568615436554,0.0537109375
deep,fisher,401,6,113,0.4141131043434143,0.05078125
deep,fisher,401,6,114,0.42623358964920044,0.0693359375
deep,fisher,401,6,115,0.4360455274581909,0.05078125
deep,fisher,401,6,116,0.4350789785385132,0.05859375
deep,fisher,401,6,117,0.41976961493492126,0.0703125
deep,fisher,401,6,118,0.4333747327327728,0.0693359375
deep,fisher,401,6,119,0.4433586299419403,0.05859375
deep,fisher,401,6,120,0.40608644485473633,0.0537109375
deep,fisher,401,6,121,0.37009289860725403,0.060546875
deep,fisher,401,6,122,0.4060661196708679,0.0634765625
deep,fisher,401,6,123,0.4173465371131897,0.0380859375
deep,fisher,401,6,124,0.4056810140609741,0.0517578125
deep,fisher,401,6,125,0.41646847128868103,0.060546875
deep,fisher,401,6,126,0.4230458736419678,0.0546875
deep,fisher,401,6,127,0.391711950302124,0.0498046875
deep,fisher,401,6,128,0.46637290716171265,0.0537109375
deep,fisher,401,6,129,0.44847962260246277,0.05078125
deep,fisher,401,6,130,0.4533519446849823,0.052734375
deep,fisher,401,6,131,0.43628641963005066,0.0537109375
deep,fisher,401,6,132,0.410124808549881,0.0576171875
deep,fisher,401,6,133,0.4403073191642761,0.0595703125
deep,fisher,401,6,134,0.3986009359359741,0.0390625
deep,fisher,401,6,135,0.4127274453639984,0.0556640625
deep,fisher,401,6,136,0.4181552827358246,0.0625
deep,fisher,401,6,137,0.4188590347766876,0.0537109375
deep,fisher,401,6,138,0.39225107431411743,0.05859375
deep,fisher,401,6,139,0.40037044882774353,0.05078125
deep,fisher,401,6,140,0.43413057923316956,0.0537109375
deep,fisher,401,6,141,0.4340220093727112,0.041015625
deep,fisher,401,6,142,0.48689696192741394,0.0458984375
deep,fisher,401,6,143,0.41012465953826904,0.05078125
deep,fisher,401,6,144,0.43880826234817505,0.0615234375
deep,fisher,401,6,145,0.4032066762447357,0.064453125
deep,fisher,401,6,146,0.43714237213134766,0.056640625
deep,fisher,401,6,147,0.4005619287490845,0.0615234375
deep,fisher,401,6,148,0.41131842136383057,0.0498046875
deep,fisher,401,6,149,0.459763765335083,0.0732421875
deep,fisher,401,6,150,0.3964575529098511,0.0546875
deep,fisher,401,6,151,0.37501803040504456,0.046875
deep,fisher,401,6,152,0.39502066373825073,0.0546875
deep,fisher,401,6,153,0.4239729940891266,0.052734375
deep,fisher,401,6,154,0.43820714950561523,0.060546875
deep,fisher,401,6,155,0.39915966987609863,0.0517578125
deep,fisher,401,6,156,0.4112890064716339,0.060546875
deep,fisher,401,6,157,0.43064621090888977,0.0517578125
deep,fisher,401,6,158,0.4167272448539734,0.060546875
deep,fisher,401,6,159,0.46236687898635864,0.0517578125
deep,fisher,401,6,160,0.4460955858230591,0.0556640625
deep,fisher,401,6,161,0.47417348623275757,0.0576171875
deep,fisher,401,6,162,0.4243931472301483,0.05859375
deep,fisher,401,6,163,0.4191296398639679,0.0595703125
deep,fisher,401,6,164,0.36714890599250793,0.06640625
deep,fisher,401,6,165,0.4055808484554291,0.0615234375
deep,fisher,401,6,166,0.533780574798584,0.0400390625
deep,fisher,401,6,167,0.42823323607444763,0.0615234375
deep,fisher,401,6,168,0.5009865164756775,0.0615234375
deep,fisher,401,6,169,0.390144020318985,0.0498046875
deep,fisher,401,6,170,0.4925388991832733,0.060546875
deep,fisher,401,6,171,0.43461742997169495,0.0498046875
deep,fisher,401,6,172,0.44280949234962463,0.05859375
deep,fisher,401,6,173,0.3994377553462982,0.0556640625
deep,fisher,401,6,174,0.4278920590877533,0.0537109375
deep,fisher,401,6,175,0.4827505350112915,0.0634765625
deep,fisher,401,6,176,0.8233135342597961,0.05859375
deep,fisher,401,6,177,0.43916696310043335,0.064453125
deep,fisher,401,6,178,0.45351749658584595,0.064453125
deep,fisher,401,6,179,0.46314385533332825,0.05078125
deep,fisher,401,6,180,0.44754427671432495,0.0595703125
deep,fisher,401,6,181,0.4060792028903961,0.0625
deep,fisher,401,6,182,0.5039170980453491,0.05859375
deep,fisher,401,6,183,0.38469621539115906,0.052734375
deep,fisher,401,6,184,0.47624489665031433,0.06640625
deep,fisher,401,6,185,0.3969300091266632,0.052734375
deep,fisher,401,6,186,0.4541653096675873,0.0595703125
deep,fisher,401,6,187,0.40333133935928345,0.0498046875
deep,fisher,401,6,188,0.37559232115745544,0.0498046875
deep,fisher,401,6,189,0.4007115960121155,0.056640625
deep,fisher,401,6,190,0.4368717074394226,0.056640625
deep,fisher,401,6,191,0.3953196108341217,0.052734375
deep,fisher,401,6,192,0.4098087549209595,0.0615234375
deep,fisher,401,6,193,0.4049740731716156,0.05859375
deep,fisher,401,6,194,0.3808290660381317,0.0537109375
deep,fisher,401,6,195,0.39486053586006165,0.0576171875
deep,fisher,401,6,196,0.4184097349643707,0.0654296875
deep,fisher,401,6,197,0.39354392886161804,0.046875
deep,fisher,401,6,198,0.4136860966682434,0.0615234375
deep,fisher,401,6,199,0.411762535572052,0.0625
deep,fisher,401,6,200,0.4569922089576721,0.05078125
deep,fisher,401,6,201,0.3950182795524597,0.0595703125
deep,fisher,401,6,202,0.435494601726532,0.0439453125
deep,fisher,401,6,203,0.4333648979663849,0.0498046875
deep,fisher,401,6,204,0.44086262583732605,0.0615234375
deep,fisher,401,6,205,0.4329545199871063,0.0498046875
deep,fisher,401,6,206,0.4047314524650574,0.05078125
deep,fisher,401,6,207,0.4338163137435913,0.05078125
deep,fisher,401,6,208,0.4319356381893158,0.0546875
deep,fisher,401,6,209,0.427092045545578,0.0556640625
deep,fisher,401,6,210,0.4735938608646393,0.0517578125
deep,fisher,401,6,211,0.3672424852848053,0.0498046875
deep,fisher,401,6,212,0.47316503524780273,0.0595703125
deep,fisher,401,6,213,0.3839869201183319,0.0419921875
deep,fisher,401,6,214,0.41388484835624695,0.05859375
deep,fisher,401,6,215,0.394334077835083,0.060546875
deep,fisher,401,6,216,0.4159117639064789,0.0595703125
deep,fisher,401,6,217,0.4509260058403015,0.06640625
deep,fisher,401,6,218,0.46558520197868347,0.0634765625
deep,fisher,401,6,219,0.40909770131111145,0.0673828125
deep,fisher,401,6,220,0.40915143489837646,0.0458984375
deep,fisher,401,6,221,0.417960524559021,0.0390625
deep,fisher,401,6,222,0.4437448978424072,0.056640625
deep,fisher,401,6,223,0.4058781564235687,0.05859375
deep,fisher,401,6,224,0.4401926100254059,0.05859375
deep,fisher,401,6,225,0.45004168152809143,0.0576171875
deep,fisher,401,6,226,0.3861587941646576,0.0390625
deep,fisher,401,6,227,0.4338170886039734,0.068359375
deep,fisher,401,6,228,0.41922086477279663,0.05078125
deep,fisher,401,6,229,0.41766461730003357,0.0517578125
deep,fisher,401,6,230,0.42875272035598755,0.0498046875
deep,fisher,401,6,231,0.43865326046943665,0.0546875
deep,fisher,401,6,232,0.4286983013153076,0.0625
deep,fisher,401,6,233,0.3699589967727661,0.0498046875
deep,fisher,401,6,234,0.39299702644348145,0.0478515625
deep,fisher,401,6,235,0.39907100796699524,0.0546875
deep,fisher,401,6,236,0.46430841088294983,0.0546875
deep,fisher,401,6,237,0.4100048840045929,0.0546875
deep,fisher,401,6,238,0.3801767826080322,0.0478515625
deep,fisher,401,6,239,0.4410943388938904,0.068359375
deep,fisher,401,6,240,0.4024305045604706,0.0537109375
deep,fisher,401,6,241,0.39578869938850403,0.0556640625
deep,fisher,401,6,242,0.4221359193325043,0.0625
deep,fisher,401,6,243,0.41941192746162415,0.0517578125
deep,fisher,401,6,244,0.45382392406463623,0.0634765625
deep,fisher,401,6,245,0.3982275724411011,0.0634765625
deep,fisher,401,6,246,0.44688475131988525,0.0537109375
deep,fisher,401,6,247,0.4495827555656433,0.0634765625
deep,fisher,401,6,248,0.39807796478271484,0.0595703125
deep,fisher,401,6,249,0.44602033495903015,0.0517578125
deep,fisher,401,6,250,0.43823182582855225,0.04731861129403114
deep,saber_v2,401,1,0,1.1477328538894653,0.0537109375
deep,saber_v2,401,1,1,1.0745856761932373,0.0498046875
deep,saber_v2,401,1,2,0.9499378800392151,0.0654296875
deep,saber_v2,401,1,3,0.9388893842697144,0.072265625
deep,saber_v2,401,1,4,0.9370105266571045,0.0439453125
deep,saber_v2,401,1,5,0.939189076423645,0.0517578125
deep,saber_v2,401,1,6,0.829462468624115,0.0615234375
deep,saber_v2,401,1,7,0.8005077838897705,0.044921875
deep,saber_v2,401,1,8,0.7702196836471558,0.0576171875
deep,saber_v2,401,1,9,0.8215775489807129,0.0419921875
deep,saber_v2,401,1,10,0.7558724284172058,0.0673828125
deep,saber_v2,401,1,11,0.7243003249168396,0.0576171875
deep,saber_v2,401,1,12,0.773413360118866,0.0546875
deep,saber_v2,401,1,13,0.7656576037406921,0.0556640625
deep,saber_v2,401,1,14,0.6643290519714355,0.0517578125
deep,saber_v2,401,1,15,0.7426732778549194,0.0498046875
deep,saber_v2,401,1,16,0.6712543964385986,0.0517578125
deep,saber_v2,401,1,17,0.6791476607322693,0.0634765625
deep,saber_v2,401,1,18,0.6442196369171143,0.044921875
deep,saber_v2,401,1,19,0.6325671076774597,0.0556640625
deep,saber_v2,401,1,20,0.6318762302398682,0.0546875
deep,saber_v2,401,1,21,0.6540834903717041,0.0478515625
deep,saber_v2,401,1,22,0.6480104923248291,0.0556640625
deep,saber_v2,401,1,23,0.6222918629646301,0.060546875
deep,saber_v2,401,1,24,0.6582517623901367,0.0634765625
deep,saber_v2,401,1,25,0.640320360660553,0.0478515625
deep,saber_v2,401,1,26,0.6277812123298645,0.0556640625
deep,saber_v2,401,1,27,0.585516631603241,0.0634765625
deep,saber_v2,401,1,28,0.6122621893882751,0.0439453125
deep,saber_v2,401,1,29,0.604337751865387,0.060546875
deep,saber_v2,401,1,30,0.5899834036827087,0.0576171875
deep,saber_v2,401,1,31,0.6118622422218323,0.064453125
deep,saber_v2,401,1,32,0.617038369178772,0.0478515625
deep,saber_v2,401,1,33,0.6367098093032837,0.056640625
deep,saber_v2,401,1,34,0.6606364846229553,0.06640625
deep,saber_v2,401,1,35,0.602205753326416,0.0576171875
deep,saber_v2,401,1,36,0.5955740809440613,0.0576171875
deep,saber_v2,401,1,37,0.5587369799613953,0.0537109375
deep,saber_v2,401,1,38,0.6136769652366638,0.0537109375
deep,saber_v2,401,1,39,0.5798944234848022,0.046875
deep,saber_v2,401,1,40,0.5978471636772156,0.0546875
deep,saber_v2,401,1,41,0.5517224669456482,0.044921875
deep,saber_v2,401,1,42,0.5895950794219971,0.0517578125
deep,saber_v2,401,1,43,0.6005015969276428,0.0654296875
deep,saber_v2,401,1,44,0.6291706562042236,0.076171875
deep,saber_v2,401,1,45,0.5700096487998962,0.0478515625
deep,saber_v2,401,1,46,0.5533521771430969,0.048828125
deep,saber_v2,401,1,47,0.535814106464386,0.0625
deep,saber_v2,401,1,48,0.5517148375511169,0.04296875
deep,saber_v2,401,1,49,0.5675625205039978,0.068359375
deep,saber_v2,401,1,50,0.5882236957550049,0.0625
deep,saber_v2,401,1,51,0.5516746640205383,0.052734375
deep,saber_v2,401,1,52,0.5962510108947754,0.0458984375
deep,saber_v2,401,1,53,0.5646586418151855,0.0703125
deep,saber_v2,401,1,54,0.5622560977935791,0.0625
deep,saber_v2,401,1,55,0.5082398653030396,0.0556640625
deep,saber_v2,401,1,56,0.5675472617149353,0.0556640625
deep,saber_v2,401,1,57,0.5591545701026917,0.0478515625
deep,saber_v2,401,1,58,0.5336614847183228,0.052734375
deep,saber_v2,401,1,59,0.5164679884910583,0.05078125
deep,saber_v2,401,1,60,0.5011902451515198,0.0576171875
deep,saber_v2,401,1,61,0.5454649329185486,0.060546875
deep,saber_v2,401,1,62,0.5437460541725159,0.044921875
deep,saber_v2,401,1,63,0.5546813011169434,0.0478515625
deep,saber_v2,401,1,64,0.5398638248443604,0.052734375
deep,saber_v2,401,1,65,0.5534064769744873,0.064453125
deep,saber_v2,401,1,66,0.5238499641418457,0.0478515625
deep,saber_v2,401,1,67,0.5154174566268921,0.0517578125
deep,saber_v2,401,1,68,0.5068743228912354,0.0537109375
deep,saber_v2,401,1,69,0.5455387234687805,0.046875
deep,saber_v2,401,1,70,0.5527307987213135,0.0625
deep,saber_v2,401,1,71,0.5649698376655579,0.0498046875
deep,saber_v2,401,1,72,0.5032951831817627,0.05859375
deep,saber_v2,401,1,73,0.5224622488021851,0.0517578125
deep,saber_v2,401,1,74,0.5434777736663818,0.05859375
deep,saber_v2,401,1,75,0.5470108985900879,0.05859375
deep,saber_v2,401,1,76,0.5467966794967651,0.05859375
deep,saber_v2,401,1,77,0.5375475287437439,0.0517578125
deep,saber_v2,401,1,78,0.5373938679695129,0.0478515625
deep,saber_v2,401,1,79,0.5656144022941589,0.0595703125
deep,saber_v2,401,1,80,0.5080398321151733,0.0546875
deep,saber_v2,401,1,81,0.5803917646408081,0.048828125
deep,saber_v2,401,1,82,0.539752185344696,0.0625
deep,saber_v2,401,1,83,0.5023497939109802,0.0458984375
deep,saber_v2,401,1,84,0.5223069190979004,0.0517578125
deep,saber_v2,401,1,85,0.5576587319374084,0.064453125
deep,saber_v2,401,1,86,0.5675246715545654,0.0625
deep,saber_v2,401,1,87,0.5362277030944824,0.046875
deep,saber_v2,401,1,88,0.47570961713790894,0.0458984375
deep,saber_v2,401,1,89,0.5084813237190247,0.0458984375
deep,saber_v2,401,1,90,0.5315384268760681,0.064453125
deep,saber_v2,401,1,91,0.5844194293022156,0.056640625
deep,saber_v2,401,1,92,0.4777342677116394,0.0576171875
deep,saber_v2,401,1,93,0.5042678713798523,0.0576171875
deep,saber_v2,401,1,94,0.46617355942726135,0.0595703125
deep,saber_v2,401,1,95,0.5391145348548889,0.0615234375
deep,saber_v2,401,1,96,0.4963984191417694,0.052734375
deep,saber_v2,401,1,97,0.5406413078308105,0.0654296875
deep,saber_v2,401,1,98,0.5108863711357117,0.0498046875
deep,saber_v2,401,1,99,0.52685546875,0.0625
deep,saber_v2,401,1,100,0.4815824031829834,0.05859375
deep,saber_v2,401,1,101,0.5924180746078491,0.06640625
deep,saber_v2,401,1,102,0.549382746219635,0.0576171875
deep,saber_v2,401,1,103,0.48500141501426697,0.0458984375
deep,saber_v2,401,1,104,0.4905664920806885,0.048828125
deep,saber_v2,401,1,105,0.4601016342639923,0.0615234375
deep,saber_v2,401,1,106,0.5149986743927002,0.0546875
deep,saber_v2,401,1,107,0.5075763463973999,0.0634765625
deep,saber_v2,401,1,108,0.5363357663154602,0.0595703125
deep,saber_v2,401,1,109,0.5522192120552063,0.05078125
deep,saber_v2,401,1,110,0.5370697379112244,0.0625
deep,saber_v2,401,1,111,0.48391199111938477,0.0400390625
deep,saber_v2,401,1,112,0.5496107339859009,0.05859375
deep,saber_v2,401,1,113,0.5350591540336609,0.0498046875
deep,saber_v2,401,1,114,0.4861588776111603,0.04296875
deep,saber_v2,401,1,115,0.4946942627429962,0.0546875
deep,saber_v2,401,1,116,0.4619445204734802,0.0654296875
deep,saber_v2,401,1,117,0.5000676512718201,0.05859375
deep,saber_v2,401,1,118,0.4754854440689087,0.0419921875
deep,saber_v2,401,1,119,0.4682941734790802,0.0576171875
deep,saber_v2,401,1,120,0.5178034901618958,0.046875
deep,saber_v2,401,1,121,0.5525726079940796,0.0458984375
deep,saber_v2,401,1,122,0.44943809509277344,0.056640625
deep,saber_v2,401,1,123,0.5289820432662964,0.0693359375
deep,saber_v2,401,1,124,0.5029927492141724,0.064453125
deep,saber_v2,401,1,125,0.5416532754898071,0.06640625
deep,saber_v2,401,1,126,0.49434781074523926,0.0576171875
deep,saber_v2,401,1,127,0.4980182945728302,0.0576171875
deep,saber_v2,401,1,128,0.5093209147453308,0.05078125
deep,saber_v2,401,1,129,0.46753931045532227,0.05859375
deep,saber_v2,401,1,130,0.5448724031448364,0.05859375
deep,saber_v2,401,1,131,0.46290451288223267,0.041015625
deep,saber_v2,401,1,132,0.5560808777809143,0.048828125
deep,saber_v2,401,1,133,0.52040696144104,0.0615234375
deep,saber_v2,401,1,134,0.46621736884117126,0.052734375
deep,saber_v2,401,1,135,0.5191612243652344,0.0498046875
deep,saber_v2,401,1,136,0.513404905796051,0.0537109375
deep,saber_v2,401,1,137,0.5231896042823792,0.06640625
deep,saber_v2,401,1,138,0.5371193289756775,0.044921875
deep,saber_v2,401,1,139,0.5094941258430481,0.052734375
deep,saber_v2,401,1,140,0.4861864447593689,0.0439453125
deep,saber_v2,401,1,141,0.528113842010498,0.05078125
deep,saber_v2,401,1,142,0.5529050827026367,0.0615234375
deep,saber_v2,401,1,143,0.4786360263824463,0.0654296875
deep,saber_v2,401,1,144,0.454453706741333,0.0576171875
deep,saber_v2,401,1,145,0.4632090628147125,0.06640625
deep,saber_v2,401,1,146,0.6463807821273804,0.05078125
deep,saber_v2,401,1,147,0.49966078996658325,0.0625
deep,saber_v2,401,1,148,0.4834957420825958,0.0537109375
deep,saber_v2,401,1,149,0.5092041492462158,0.0693359375
deep,saber_v2,401,1,150,0.4623631238937378,0.044921875
deep,saber_v2,401,1,151,0.5327416062355042,0.0546875
deep,saber_v2,401,1,152,0.48041844367980957,0.0556640625
deep,saber_v2,401,1,153,0.47707289457321167,0.0517578125
deep,saber_v2,401,1,154,0.5388790965080261,0.068359375
deep,saber_v2,401,1,155,0.5062217712402344,0.0537109375
deep,saber_v2,401,1,156,0.48817041516304016,0.0517578125
deep,saber_v2,401,1,157,0.45231199264526367,0.0595703125
deep,saber_v2,401,1,158,0.5153160095214844,0.056640625
deep,saber_v2,401,1,159,0.5161523818969727,0.056640625
deep,saber_v2,401,1,160,0.4951445162296295,0.0556640625
deep,saber_v2,401,1,161,0.48622116446495056,0.0498046875
deep,saber_v2,401,1,162,0.4712022542953491,0.056640625
deep,saber_v2,401,1,163,0.5332285165786743,0.0458984375
deep,saber_v2,401,1,164,0.5003540515899658,0.0576171875
deep,saber_v2,401,1,165,0.4428448975086212,0.0576171875
deep,saber_v2,401,1,166,0.6016416549682617,0.048828125
deep,saber_v2,401,1,167,0.4677831530570984,0.0595703125
deep,saber_v2,401,1,168,0.4798492193222046,0.056640625
deep,saber_v2,401,1,169,0.43470993638038635,0.0537109375
deep,saber_v2,401,1,170,0.5297713279724121,0.05078125
deep,saber_v2,401,1,171,0.5364124774932861,0.048828125
deep,saber_v2,401,1,172,0.48657771944999695,0.0419921875
deep,saber_v2,401,1,173,0.45681360363960266,0.0546875
deep,saber_v2,401,1,174,0.43606483936309814,0.0625
deep,saber_v2,401,1,175,0.5108060240745544,0.064453125
deep,saber_v2,401,1,176,0.4542595446109772,0.0595703125
deep,saber_v2,401,1,177,0.46411943435668945,0.060546875
deep,saber_v2,401,1,178,1.2500413656234741,0.048828125
deep,saber_v2,401,1,179,0.5355240702629089,0.07421875
deep,saber_v2,401,1,180,0.5304667353630066,0.060546875
deep,saber_v2,401,1,181,0.5366064310073853,0.056640625
deep,saber_v2,401,1,182,0.48140639066696167,0.0634765625
deep,saber_v2,401,1,183,0.5567493438720703,0.048828125
deep,saber_v2,401,1,184,0.42280662059783936,0.0478515625
deep,saber_v2,401,1,185,0.47663524746894836,0.0517578125
deep,saber_v2,401,1,186,0.4920507073402405,0.0546875
deep,saber_v2,401,1,187,0.47496160864830017,0.05859375
deep,saber_v2,401,1,188,0.585055947303772,0.05078125
deep,saber_v2,401,1,189,0.4978809356689453,0.056640625
deep,saber_v2,401,1,190,0.537449300289154,0.056640625
deep,saber_v2,401,1,191,0.5255651473999023,0.0517578125
deep,saber_v2,401,1,192,0.45497891306877136,0.0537109375
deep,saber_v2,401,1,193,0.5167495012283325,0.0546875
deep,saber_v2,401,1,194,0.45641452074050903,0.0517578125
deep,saber_v2,401,1,195,0.4784424602985382,0.0625
deep,saber_v2,401,1,196,0.5134788155555725,0.046875
deep,saber_v2,401,1,197,0.46492800116539,0.0517578125
deep,saber_v2,401,1,198,0.5187389254570007,0.0634765625
deep,saber_v2,401,1,199,0.45977309346199036,0.064453125
deep,saber_v2,401,1,200,0.49108242988586426,0.064453125
deep,saber_v2,401,1,201,0.5059792995452881,0.064453125
deep,saber_v2,401,1,202,0.507183313369751,0.05859375
deep,saber_v2,401,1,203,0.4693920910358429,0.056640625
deep,saber_v2,401,1,204,0.5275141596794128,0.0576171875
deep,saber_v2,401,1,205,0.5451555848121643,0.0595703125
deep,saber_v2,401,1,206,0.48821765184402466,0.052734375
deep,saber_v2,401,1,207,0.5192938446998596,0.0654296875
deep,saber_v2,401,1,208,0.5196587443351746,0.0478515625
deep,saber_v2,401,1,209,0.5017497539520264,0.0498046875
deep,saber_v2,401,1,210,0.48620736598968506,0.0419921875
deep,saber_v2,401,1,211,0.4998050928115845,0.0537109375
deep,saber_v2,401,1,212,0.4797268807888031,0.05078125
deep,saber_v2,401,1,213,0.5031490325927734,0.0517578125
deep,saber_v2,401,1,214,0.4624272882938385,0.05859375
deep,saber_v2,401,1,215,0.4862675964832306,0.056640625
deep,saber_v2,401,1,216,0.532532811164856,0.056640625
deep,saber_v2,401,1,217,0.48097744584083557,0.0556640625
deep,saber_v2,401,1,218,0.46994489431381226,0.044921875
deep,saber_v2,401,1,219,0.5393484830856323,0.05078125
deep,saber_v2,401,1,220,0.49120011925697327,0.0595703125
deep,saber_v2,401,1,221,0.42555564641952515,0.0595703125
deep,saber_v2,401,1,222,0.5067570209503174,0.05859375
deep,saber_v2,401,1,223,0.4704669415950775,0.052734375
deep,saber_v2,401,1,224,0.4633236229419708,0.0673828125
deep,saber_v2,401,1,225,0.48205503821372986,0.046875
deep,saber_v2,401,1,226,0.5095062255859375,0.052734375
deep,saber_v2,401,1,227,0.4691431224346161,0.0751953125
deep,saber_v2,401,1,228,0.46728596091270447,0.0478515625
deep,saber_v2,401,1,229,0.4704822897911072,0.0615234375
deep,saber_v2,401,1,230,0.5515457987785339,0.048828125
deep,saber_v2,401,1,231,0.4937666058540344,0.0498046875
deep,saber_v2,401,1,232,0.4801766276359558,0.0546875
deep,saber_v2,401,1,233,0.3974985182285309,0.05078125
deep,saber_v2,401,1,234,0.5195622444152832,0.0517578125
deep,saber_v2,401,1,235,0.4600274860858917,0.05078125
deep,saber_v2,401,1,236,0.4559941291809082,0.0615234375
deep,saber_v2,401,1,237,0.4605166018009186,0.0654296875
deep,saber_v2,401,1,238,0.4153937101364136,0.05078125
deep,saber_v2,401,1,239,0.4834173917770386,0.0517578125
deep,saber_v2,401,1,240,0.4188375473022461,0.0498046875
deep,saber_v2,401,1,241,0.48848211765289307,0.056640625
deep,saber_v2,401,1,242,0.46121668815612793,0.0478515625
deep,saber_v2,401,1,243,0.4641764760017395,0.0703125
deep,saber_v2,401,1,244,0.4733838140964508,0.052734375
deep,saber_v2,401,1,245,0.4051819145679474,0.0556640625
deep,saber_v2,401,1,246,0.536208987236023,0.046875
deep,saber_v2,401,1,247,0.4666312038898468,0.046875
deep,saber_v2,401,1,248,0.5280643701553345,0.052734375
deep,saber_v2,401,1,249,0.47573724389076233,0.0556640625
deep,saber_v2,401,1,250,0.4389753043651581,0.05362776294350624
deep,saber_v2,401,2,0,0.42567163705825806,0.048828125
deep,saber_v2,401,2,1,0.4661615490913391,0.0361328125
deep,saber_v2,401,2,2,0.448621541261673,0.060546875
deep,saber_v2,401,2,3,0.5370975136756897,0.072265625
deep,saber_v2,401,2,4,0.4386022388935089,0.06640625
deep,saber_v2,401,2,5,0.44954729080200195,0.052734375
deep,saber_v2,401,2,6,0.4608904719352722,0.0537109375
deep,saber_v2,401,2,7,0.4356871247291565,0.0537109375
deep,saber_v2,401,2,8,0.48391833901405334,0.0546875
deep,saber_v2,401,2,9,0.48797741532325745,0.0595703125
deep,saber_v2,401,2,10,0.529071033000946,0.0556640625
deep,saber_v2,401,2,11,0.47671276330947876,0.046875
deep,saber_v2,401,2,12,0.46820858120918274,0.07421875
deep,saber_v2,401,2,13,0.4666219651699066,0.0576171875
deep,saber_v2,401,2,14,0.5540561676025391,0.0517578125
deep,saber_v2,401,2,15,0.4972473382949829,0.0634765625
deep,saber_v2,401,2,16,0.49042847752571106,0.0693359375
deep,saber_v2,401,2,17,0.4484764337539673,0.0625
deep,saber_v2,401,2,18,0.5207611322402954,0.0595703125
deep,saber_v2,401,2,19,0.4567650258541107,0.060546875
deep,saber_v2,401,2,20,0.5100790858268738,0.056640625
deep,saber_v2,401,2,21,0.48557305335998535,0.048828125
deep,saber_v2,401,2,22,0.4642343819141388,0.0458984375
deep,saber_v2,401,2,23,0.47473061084747314,0.0615234375
deep,saber_v2,401,2,24,0.47926175594329834,0.0615234375
deep,saber_v2,401,2,25,0.49090608954429626,0.0478515625
deep,saber_v2,401,2,26,0.45651400089263916,0.0478515625
deep,saber_v2,401,2,27,0.4724788963794708,0.0546875
deep,saber_v2,401,2,28,0.5049695372581482,0.0537109375
deep,saber_v2,401,2,29,0.42373600602149963,0.0478515625
deep,saber_v2,401,2,30,0.5052069425582886,0.052734375
deep,saber_v2,401,2,31,0.4884265661239624,0.0546875
deep,saber_v2,401,2,32,0.5292974710464478,0.056640625
deep,saber_v2,401,2,33,0.4561203420162201,0.0556640625
deep,saber_v2,401,2,34,0.5442209243774414,0.0546875
deep,saber_v2,401,2,35,0.47718530893325806,0.0498046875
deep,saber_v2,401,2,36,0.4483775794506073,0.0625
deep,saber_v2,401,2,37,0.47670435905456543,0.056640625
deep,saber_v2,401,2,38,0.46762073040008545,0.041015625
deep,saber_v2,401,2,39,0.4594084620475769,0.0546875
deep,saber_v2,401,2,40,0.4185103178024292,0.0458984375
deep,saber_v2,401,2,41,0.4854878783226013,0.044921875
deep,saber_v2,401,2,42,0.4670368731021881,0.0498046875
deep,saber_v2,401,2,43,0.46631887555122375,0.0498046875
deep,saber_v2,401,2,44,0.4798971116542816,0.064453125
deep,saber_v2,401,2,45,0.4057673513889313,0.056640625
deep,saber_v2,401,2,46,0.49912071228027344,0.056640625
deep,saber_v2,401,2,47,0.46510255336761475,0.0712890625
deep,saber_v2,401,2,48,0.47890448570251465,0.0595703125
deep,saber_v2,401,2,49,0.44329744577407837,0.0537109375
deep,saber_v2,401,2,50,0.43023109436035156,0.0546875
deep,saber_v2,401,2,51,0.5178336501121521,0.0576171875
deep,saber_v2,401,2,52,0.4252050518989563,0.0625
deep,saber_v2,401,2,53,0.46218523383140564,0.0546875
deep,saber_v2,401,2,54,0.47077709436416626,0.0498046875
deep,saber_v2,401,2,55,0.47324562072753906,0.05078125
deep,saber_v2,401,2,56,0.4568702280521393,0.05078125
deep,saber_v2,401,2,57,0.5274837613105774,0.0517578125
deep,saber_v2,401,2,58,0.4994840621948242,0.05859375
deep,saber_v2,401,2,59,0.4275815188884735,0.0380859375
deep,saber_v2,401,2,60,0.4137035310268402,0.0546875
deep,saber_v2,401,2,61,0.47051626443862915,0.06640625
deep,saber_v2,401,2,62,0.47403600811958313,0.0615234375
deep,saber_v2,401,2,63,0.4324977695941925,0.0458984375
deep,saber_v2,401,2,64,0.4560015797615051,0.052734375
deep,saber_v2,401,2,65,0.4823545217514038,0.0595703125
deep,saber_v2,401,2,66,0.48571738600730896,0.056640625
deep,saber_v2,401,2,67,0.46767687797546387,0.052734375
deep,saber_v2,401,2,68,0.45708000659942627,0.0478515625
deep,saber_v2,401,2,69,0.4241058826446533,0.052734375
deep,saber_v2,401,2,70,0.4985153377056122,0.0576171875
deep,saber_v2,401,2,71,0.48142296075820923,0.0478515625
deep,saber_v2,401,2,72,0.45699065923690796,0.0361328125
deep,saber_v2,401,2,73,0.44568726420402527,0.0595703125
deep,saber_v2,401,2,74,0.46797043085098267,0.0693359375
deep,saber_v2,401,2,75,0.418880820274353,0.05859375
deep,saber_v2,401,2,76,0.4720514118671417,0.052734375
deep,saber_v2,401,2,77,0.47930267453193665,0.0634765625
deep,saber_v2,401,2,78,0.44744157791137695,0.0390625
deep,saber_v2,401,2,79,0.46834293007850647,0.05859375
deep,saber_v2,401,2,80,0.43641197681427,0.0615234375
deep,saber_v2,401,2,81,0.43570417165756226,0.048828125
deep,saber_v2,401,2,82,0.45419609546661377,0.05859375
deep,saber_v2,401,2,83,0.4526146352291107,0.046875
deep,saber_v2,401,2,84,0.4536324441432953,0.0537109375
deep,saber_v2,401,2,85,0.46009770035743713,0.041015625
deep,saber_v2,401,2,86,0.49204349517822266,0.041015625
deep,saber_v2,401,2,87,0.47060492634773254,0.0556640625
deep,saber_v2,401,2,88,0.4479212760925293,0.060546875
deep,saber_v2,401,2,89,0.4326368570327759,0.0576171875
deep,saber_v2,401,2,90,0.5794676542282104,0.0712890625
deep,saber_v2,401,2,91,0.4939352571964264,0.0546875
deep,saber_v2,401,2,92,0.5060182213783264,0.0546875
deep,saber_v2,401,2,93,0.4842829406261444,0.064453125
deep,saber_v2,401,2,94,0.4677162170410156,0.056640625
deep,saber_v2,401,2,95,0.4269590377807617,0.0458984375
deep,saber_v2,401,2,96,0.4918060600757599,0.0673828125
deep,saber_v2,401,2,97,0.4472995400428772,0.0478515625
deep,saber_v2,401,2,98,0.4926300644874573,0.0478515625
deep,saber_v2,401,2,99,0.4785459339618683,0.0546875
deep,saber_v2,401,2,100,0.5089956521987915,0.064453125
deep,saber_v2,401,2,101,0.489075243473053,0.056640625
deep,saber_v2,401,2,102,0.45451170206069946,0.056640625
deep,saber_v2,401,2,103,0.4762718677520752,0.0556640625
deep,saber_v2,401,2,104,0.4822554588317871,0.0595703125
deep,saber_v2,401,2,105,0.4956599473953247,0.0634765625
deep,saber_v2,401,2,106,0.5007474422454834,0.0576171875
deep,saber_v2,401,2,107,0.41492533683776855,0.0576171875
deep,saber_v2,401,2,108,0.479963093996048,0.0478515625
deep,saber_v2,401,2,109,0.5680689811706543,0.0615234375
deep,saber_v2,401,2,110,0.4693443179130554,0.0625
deep,saber_v2,401,2,111,0.5026993155479431,0.0576171875
deep,saber_v2,401,2,112,0.46072322130203247,0.0595703125
deep,saber_v2,401,2,113,0.45981699228286743,0.056640625
deep,saber_v2,401,2,114,0.43014901876449585,0.048828125
deep,saber_v2,401,2,115,0.4339386224746704,0.052734375
deep,saber_v2,401,2,116,0.44499918818473816,0.0615234375
deep,saber_v2,401,2,117,0.47389456629753113,0.044921875
deep,saber_v2,401,2,118,0.5342209935188293,0.060546875
deep,saber_v2,401,2,119,0.454560786485672,0.04296875
deep,saber_v2,401,2,120,0.4704004228115082,0.05078125
deep,saber_v2,401,2,121,0.49561014771461487,0.0546875
deep,saber_v2,401,2,122,0.46973177790641785,0.0576171875
deep,saber_v2,401,2,123,0.48101216554641724,0.05859375
deep,saber_v2,401,2,124,0.43045005202293396,0.056640625
deep,saber_v2,401,2,125,0.46008485555648804,0.0478515625
deep,saber_v2,401,2,126,0.4367469847202301,0.0498046875
deep,saber_v2,401,2,127,0.4299321174621582,0.05078125
deep,saber_v2,401,2,128,0.450933039188385,0.0595703125
deep,saber_v2,401,2,129,0.4725160598754883,0.064453125
deep,saber_v2,401,2,130,0.4548978805541992,0.05078125
deep,saber_v2,401,2,131,0.4434533417224884,0.0546875
deep,saber_v2,401,2,132,0.4660905599594116,0.0576171875
deep,saber_v2,401,2,133,0.49967265129089355,0.0576171875
deep,saber_v2,401,2,134,0.44375160336494446,0.0537109375
deep,saber_v2,401,2,135,0.41242921352386475,0.0595703125
deep,saber_v2,401,2,136,0.4732244610786438,0.0517578125
deep,saber_v2,401,2,137,0.44423484802246094,0.05078125
deep,saber_v2,401,2,138,0.4979684352874756,0.048828125
deep,saber_v2,401,2,139,0.49950218200683594,0.052734375
deep,saber_v2,401,2,140,0.48389267921447754,0.0400390625
deep,saber_v2,401,2,141,0.47181621193885803,0.0576171875
deep,saber_v2,401,2,142,0.4866344630718231,0.0498046875
deep,saber_v2,401,2,143,0.48191264271736145,0.0703125
deep,saber_v2,401,2,144,0.5215731263160706,0.03515625
deep,saber_v2,401,2,145,0.5125619769096375,0.0458984375
deep,saber_v2,401,2,146,0.469224214553833,0.0634765625
deep,saber_v2,401,2,147,0.4496389627456665,0.0556640625
deep,saber_v2,401,2,148,0.4945247769355774,0.0595703125
deep,saber_v2,401,2,149,0.4887559115886688,0.046875
deep,saber_v2,401,2,150,0.4323171377182007,0.05078125
deep,saber_v2,401,2,151,0.4318137764930725,0.052734375
deep,saber_v2,401,2,152,0.4720284938812256,0.0576171875
deep,saber_v2,401,2,153,0.46097320318222046,0.05078125
deep,saber_v2,401,2,154,0.4595564007759094,0.0634765625
deep,saber_v2,401,2,155,0.44623953104019165,0.044921875
deep,saber_v2,401,2,156,0.4772932827472687,0.0595703125
deep,saber_v2,401,2,157,0.4342191219329834,0.05859375
deep,saber_v2,401,2,158,0.4700295627117157,0.064453125
deep,saber_v2,401,2,159,0.4938541054725647,0.068359375
deep,saber_v2,401,2,160,0.43910908699035645,0.0673828125
deep,saber_v2,401,2,161,0.46867454051971436,0.0654296875
deep,saber_v2,401,2,162,0.45148465037345886,0.048828125
deep,saber_v2,401,2,163,0.5869144797325134,0.0625
deep,saber_v2,401,2,164,0.48340529203414917,0.0615234375
deep,saber_v2,401,2,165,0.44226372241973877,0.0625
deep,saber_v2,401,2,166,0.5060908198356628,0.052734375
deep,saber_v2,401,2,167,0.4693358838558197,0.046875
deep,saber_v2,401,2,168,0.4480997920036316,0.056640625
deep,saber_v2,401,2,169,0.4962887763977051,0.05859375
deep,saber_v2,401,2,170,0.4875006079673767,0.0546875
deep,saber_v2,401,2,171,0.48170042037963867,0.0537109375
deep,saber_v2,401,2,172,0.48644131422042847,0.0576171875
deep,saber_v2,401,2,173,0.5080573558807373,0.0625
deep,saber_v2,401,2,174,0.4665401577949524,0.052734375
deep,saber_v2,401,2,175,0.47593313455581665,0.0556640625
deep,saber_v2,401,2,176,0.4281206727027893,0.048828125
deep,saber_v2,401,2,177,0.5024940967559814,0.0517578125
deep,saber_v2,401,2,178,0.48606234788894653,0.05078125
deep,saber_v2,401,2,179,0.45365387201309204,0.05078125
deep,saber_v2,401,2,180,0.47154295444488525,0.0517578125
deep,saber_v2,401,2,181,0.4803426265716553,0.0634765625
deep,saber_v2,401,2,182,0.46041834354400635,0.046875
deep,saber_v2,401,2,183,0.4792593717575073,0.048828125
deep,saber_v2,401,2,184,0.5069286227226257,0.0634765625
deep,saber_v2,401,2,185,0.4850764870643616,0.05078125
deep,saber_v2,401,2,186,0.47221097350120544,0.0576171875
deep,saber_v2,401,2,187,0.46854111552238464,0.0576171875
deep,saber_v2,401,2,188,0.47929298877716064,0.05078125
deep,saber_v2,401,2,189,0.5085324645042419,0.056640625
deep,saber_v2,401,2,190,0.5060389637947083,0.068359375
deep,saber_v2,401,2,191,0.45526841282844543,0.056640625
deep,saber_v2,401,2,192,0.4573917090892792,0.0546875
deep,saber_v2,401,2,193,0.5166754126548767,0.0517578125
deep,saber_v2,401,2,194,0.42562901973724365,0.0546875
deep,saber_v2,401,2,195,0.47053712606430054,0.056640625
deep,saber_v2,401,2,196,0.43554386496543884,0.0615234375
deep,saber_v2,401,2,197,0.5047483444213867,0.0517578125
deep,saber_v2,401,2,198,0.46269896626472473,0.0537109375
deep,saber_v2,401,2,199,0.47619691491127014,0.0537109375
deep,saber_v2,401,2,200,0.49549400806427,0.048828125
deep,saber_v2,401,2,201,0.5155991911888123,0.05859375
deep,saber_v2,401,2,202,0.4634896516799927,0.060546875
deep,saber_v2,401,2,203,0.5131879448890686,0.060546875
deep,saber_v2,401,2,204,0.4437844455242157,0.0625
deep,saber_v2,401,2,205,0.4864065647125244,0.0576171875
deep,saber_v2,401,2,206,0.4606534242630005,0.0478515625
deep,saber_v2,401,2,207,0.45669251680374146,0.0546875
deep,saber_v2,401,2,208,0.44890058040618896,0.0634765625
deep,saber_v2,401,2,209,0.38701358437538147,0.0517578125
deep,saber_v2,401,2,210,0.4337421655654907,0.0595703125
deep,saber_v2,401,2,211,0.4696856439113617,0.0537109375
deep,saber_v2,401,2,212,0.46348172426223755,0.0478515625
deep,saber_v2,401,2,213,0.48697689175605774,0.064453125
deep,saber_v2,401,2,214,0.4673038423061371,0.0556640625
deep,saber_v2,401,2,215,0.4156928062438965,0.0576171875
deep,saber_v2,401,2,216,0.4816960096359253,0.0556640625
deep,saber_v2,401,2,217,0.4459960460662842,0.0380859375
deep,saber_v2,401,2,218,0.444511741399765,0.0517578125
deep,saber_v2,401,2,219,0.5056737661361694,0.0546875
deep,saber_v2,401,2,220,0.44198077917099,0.0576171875
deep,saber_v2,401,2,221,0.4085937738418579,0.052734375
deep,saber_v2,401,2,222,0.4526691734790802,0.0546875
deep,saber_v2,401,2,223,0.5304173231124878,0.0615234375
deep,saber_v2,401,2,224,0.5015475153923035,0.0625
deep,saber_v2,401,2,225,0.4950772821903229,0.0458984375
deep,saber_v2,401,2,226,0.5401554703712463,0.05859375
deep,saber_v2,401,2,227,0.4437576234340668,0.0537109375
deep,saber_v2,401,2,228,0.47456759214401245,0.048828125
deep,saber_v2,401,2,229,0.4912453591823578,0.072265625
deep,saber_v2,401,2,230,0.47269493341445923,0.0615234375
deep,saber_v2,401,2,231,0.9531531929969788,0.0478515625
deep,saber_v2,401,2,232,0.42114391922950745,0.052734375
deep,saber_v2,401,2,233,0.4831593632698059,0.0625
deep,saber_v2,401,2,234,0.550639271736145,0.0595703125
deep,saber_v2,401,2,235,0.4833592474460602,0.0615234375
deep,saber_v2,401,2,236,0.4556970000267029,0.060546875
deep,saber_v2,401,2,237,0.48544734716415405,0.0595703125
deep,saber_v2,401,2,238,0.5305832624435425,0.05859375
deep,saber_v2,401,2,239,0.4146295189857483,0.0576171875
deep,saber_v2,401,2,240,0.4653353989124298,0.046875
deep,saber_v2,401,2,241,0.48733043670654297,0.0556640625
deep,saber_v2,401,2,242,0.5001991987228394,0.0537109375
deep,saber_v2,401,2,243,0.5103824734687805,0.056640625
deep,saber_v2,401,2,244,0.4488345682621002,0.0439453125
deep,saber_v2,401,2,245,0.43956077098846436,0.0654296875
deep,saber_v2,401,2,246,0.4571124017238617,0.05078125
deep,saber_v2,401,2,247,0.45550063252449036,0.0595703125
deep,saber_v2,401,2,248,0.5105753540992737,0.0654296875
deep,saber_v2,401,2,249,0.4696218967437744,0.0498046875
deep,saber_v2,401,2,250,0.4919171929359436,0.05362776294350624
deep,saber_v2,401,3,0,0.46541252732276917,0.05078125
deep,saber_v2,401,3,1,0.46256572008132935,0.0634765625
deep,saber_v2,401,3,2,0.49011555314064026,0.0576171875
deep,saber_v2,401,3,3,0.48946666717529297,0.0595703125
deep,saber_v2,401,3,4,0.47949716448783875,0.0673828125
deep,saber_v2,401,3,5,0.4601868987083435,0.052734375
deep,saber_v2,401,3,6,0.4465077817440033,0.0517578125
deep,saber_v2,401,3,7,0.48046812415122986,0.0546875
deep,saber_v2,401,3,8,0.4228197932243347,0.06640625
deep,saber_v2,401,3,9,0.44880974292755127,0.0703125
deep,saber_v2,401,3,10,0.46088212728500366,0.0498046875
deep,saber_v2,401,3,11,0.5157392024993896,0.04296875
deep,saber_v2,401,3,12,0.4466549754142761,0.048828125
deep,saber_v2,401,3,13,0.4577390253543854,0.056640625
deep,saber_v2,401,3,14,0.4501948356628418,0.0517578125
deep,saber_v2,401,3,15,0.48904839158058167,0.044921875
deep,saber_v2,401,3,16,0.5062326192855835,0.04296875
deep,saber_v2,401,3,17,0.42108601331710815,0.0537109375
deep,saber_v2,401,3,18,0.4658568203449249,0.060546875
deep,saber_v2,401,3,19,0.5024383068084717,0.05859375
deep,saber_v2,401,3,20,0.4663443863391876,0.060546875
deep,saber_v2,401,3,21,0.4410395622253418,0.046875
deep,saber_v2,401,3,22,0.4885537028312683,0.0654296875
deep,saber_v2,401,3,23,0.4775221049785614,0.0654296875
deep,saber_v2,401,3,24,0.4652295708656311,0.0615234375
deep,saber_v2,401,3,25,0.44062116742134094,0.0615234375
deep,saber_v2,401,3,26,0.45037856698036194,0.0498046875
deep,saber_v2,401,3,27,0.4845447838306427,0.0517578125
deep,saber_v2,401,3,28,0.48771944642066956,0.0634765625
deep,saber_v2,401,3,29,0.46678557991981506,0.0498046875
deep,saber_v2,401,3,30,0.4486059844493866,0.0556640625
deep,saber_v2,401,3,31,0.4637961983680725,0.0498046875
deep,saber_v2,401,3,32,0.4277035593986511,0.0517578125
deep,saber_v2,401,3,33,0.4381859004497528,0.0634765625
deep,saber_v2,401,3,34,0.4347400367259979,0.0537109375
deep,saber_v2,401,3,35,0.45216038823127747,0.05078125
deep,saber_v2,401,3,36,0.4379139244556427,0.0517578125
deep,saber_v2,401,3,37,0.4683957099914551,0.0537109375
deep,saber_v2,401,3,38,0.4937784671783447,0.0458984375
deep,saber_v2,401,3,39,0.3919314742088318,0.0380859375
deep,saber_v2,401,3,40,0.49720221757888794,0.05859375
deep,saber_v2,401,3,41,0.43341538310050964,0.0537109375
deep,saber_v2,401,3,42,0.4366834759712219,0.0556640625
deep,saber_v2,401,3,43,0.4736691117286682,0.05859375
deep,saber_v2,401,3,44,0.43262624740600586,0.064453125
deep,saber_v2,401,3,45,0.4912154972553253,0.0673828125
deep,saber_v2,401,3,46,0.49835845828056335,0.05078125
deep,saber_v2,401,3,47,0.45806261897087097,0.0517578125
deep,saber_v2,401,3,48,0.4385738670825958,0.0693359375
deep,saber_v2,401,3,49,0.4306393265724182,0.0615234375
deep,saber_v2,401,3,50,0.47875314950942993,0.05078125
deep,saber_v2,401,3,51,0.4355093836784363,0.0517578125
deep,saber_v2,401,3,52,0.467473566532135,0.052734375
deep,saber_v2,401,3,53,0.49807679653167725,0.060546875
deep,saber_v2,401,3,54,0.47997844219207764,0.05078125
deep,saber_v2,401,3,55,0.42150425910949707,0.05078125
deep,saber_v2,401,3,56,0.5148561000823975,0.0576171875
deep,saber_v2,401,3,57,0.43608662486076355,0.05859375
deep,saber_v2,401,3,58,0.4301058351993561,0.0595703125
deep,saber_v2,401,3,59,0.41987115144729614,0.048828125
deep,saber_v2,401,3,60,0.4478098154067993,0.0546875
deep,saber_v2,401,3,61,0.45255205035209656,0.0556640625
deep,saber_v2,401,3,62,0.4544402062892914,0.0576171875
deep,saber_v2,401,3,63,0.47117751836776733,0.0615234375
deep,saber_v2,401,3,64,0.46579909324645996,0.05078125
deep,saber_v2,401,3,65,0.49879172444343567,0.0546875
deep,saber_v2,401,3,66,0.47771167755126953,0.05859375
deep,saber_v2,401,3,67,0.4884815216064453,0.0537109375
deep,saber_v2,401,3,68,0.4597097933292389,0.056640625
deep,saber_v2,401,3,69,0.39065733551979065,0.0537109375
deep,saber_v2,401,3,70,0.4297131896018982,0.0654296875
deep,saber_v2,401,3,71,0.5122568607330322,0.0478515625
deep,saber_v2,401,3,72,0.44648799300193787,0.0517578125
deep,saber_v2,401,3,73,0.476417601108551,0.0625
deep,saber_v2,401,3,74,0.4641371965408325,0.052734375
deep,saber_v2,401,3,75,0.45092037320137024,0.060546875
deep,saber_v2,401,3,76,0.4722604751586914,0.0478515625
deep,saber_v2,401,3,77,0.4817378520965576,0.0546875
deep,saber_v2,401,3,78,0.44845783710479736,0.0595703125
deep,saber_v2,401,3,79,0.4563206732273102,0.05859375
deep,saber_v2,401,3,80,0.47995948791503906,0.05859375
deep,saber_v2,401,3,81,0.4543789029121399,0.0625
deep,saber_v2,401,3,82,0.43398961424827576,0.0595703125
deep,saber_v2,401,3,83,0.476408988237381,0.05078125
deep,saber_v2,401,3,84,0.4227296710014343,0.0361328125
deep,saber_v2,401,3,85,0.4776540994644165,0.0654296875
deep,saber_v2,401,3,86,0.46704548597335815,0.0634765625
deep,saber_v2,401,3,87,0.5240575671195984,0.0439453125
deep,saber_v2,401,3,88,0.4932975172996521,0.046875
deep,saber_v2,401,3,89,0.40853938460350037,0.0498046875
deep,saber_v2,401,3,90,0.8877277374267578,0.0673828125
deep,saber_v2,401,3,91,0.43333733081817627,0.0458984375
deep,saber_v2,401,3,92,0.44022971391677856,0.048828125
deep,saber_v2,401,3,93,0.49988996982574463,0.05859375
deep,saber_v2,401,3,94,0.4596322476863861,0.0556640625
deep,saber_v2,401,3,95,0.5079912543296814,0.05859375
deep,saber_v2,401,3,96,0.4544760286808014,0.0498046875
deep,saber_v2,401,3,97,0.457168310880661,0.0595703125
deep,saber_v2,401,3,98,0.4532129764556885,0.0498046875
deep,saber_v2,401,3,99,0.5195837020874023,0.056640625
deep,saber_v2,401,3,100,0.4814326763153076,0.0625
deep,saber_v2,401,3,101,0.4769163429737091,0.0595703125
deep,saber_v2,401,3,102,0.44722819328308105,0.0703125
deep,saber_v2,401,3,103,0.47853031754493713,0.056640625
deep,saber_v2,401,3,104,0.4365680515766144,0.0595703125
deep,saber_v2,401,3,105,0.4248213768005371,0.0517578125
deep,saber_v2,401,3,106,0.4603228271007538,0.0537109375
deep,saber_v2,401,3,107,0.47094735503196716,0.05078125
deep,saber_v2,401,3,108,0.4590357840061188,0.0498046875
deep,saber_v2,401,3,109,0.5134989023208618,0.0556640625
deep,saber_v2,401,3,110,0.47576841711997986,0.0576171875
deep,saber_v2,401,3,111,0.432533323764801,0.0546875
deep,saber_v2,401,3,112,0.5245506763458252,0.0537109375
deep,saber_v2,401,3,113,0.4938870072364807,0.060546875
deep,saber_v2,401,3,114,0.44754356145858765,0.05859375
deep,saber_v2,401,3,115,0.4567039906978607,0.0537109375
deep,saber_v2,401,3,116,0.44027501344680786,0.0498046875
deep,saber_v2,401,3,117,0.44406768679618835,0.0654296875
deep,saber_v2,401,3,118,0.4356295168399811,0.052734375
deep,saber_v2,401,3,119,0.4592472016811371,0.0390625
deep,saber_v2,401,3,120,0.46235063672065735,0.0556640625
deep,saber_v2,401,3,121,0.448922336101532,0.046875
deep,saber_v2,401,3,122,0.5208551287651062,0.0576171875
deep,saber_v2,401,3,123,0.49339407682418823,0.0556640625
deep,saber_v2,401,3,124,0.41764241456985474,0.0537109375
deep,saber_v2,401,3,125,0.4883665144443512,0.048828125
deep,saber_v2,401,3,126,0.4605110287666321,0.052734375
deep,saber_v2,401,3,127,0.4952206611633301,0.0634765625
deep,saber_v2,401,3,128,0.5026567578315735,0.060546875
deep,saber_v2,401,3,129,0.5232338905334473,0.04296875
deep,saber_v2,401,3,130,0.41738635301589966,0.0556640625
deep,saber_v2,401,3,131,0.4463626742362976,0.0546875
deep,saber_v2,401,3,132,0.4372543692588806,0.048828125
deep,saber_v2,401,3,133,0.47685280442237854,0.048828125
deep,saber_v2,401,3,134,0.4999164342880249,0.0751953125
deep,saber_v2,401,3,135,0.45602530241012573,0.0595703125
deep,saber_v2,401,3,136,0.47442054748535156,0.05859375
deep,saber_v2,401,3,137,0.44964319467544556,0.0439453125
deep,saber_v2,401,3,138,0.4401799142360687,0.048828125
deep,saber_v2,401,3,139,0.49858200550079346,0.0478515625
deep,saber_v2,401,3,140,0.4964781403541565,0.05078125
deep,saber_v2,401,3,141,0.36797693371772766,0.052734375
deep,saber_v2,401,3,142,0.45757946372032166,0.0478515625
deep,saber_v2,401,3,143,0.4649723172187805,0.0615234375
deep,saber_v2,401,3,144,0.44719845056533813,0.0615234375
deep,saber_v2,401,3,145,0.4417788088321686,0.0595703125
deep,saber_v2,401,3,146,0.4735768735408783,0.0478515625
deep,saber_v2,401,3,147,0.48293477296829224,0.0615234375
deep,saber_v2,401,3,148,0.4435255825519562,0.052734375
deep,saber_v2,401,3,149,0.44088616967201233,0.0498046875
deep,saber_v2,401,3,150,0.48307350277900696,0.0439453125
deep,saber_v2,401,3,151,0.4403243064880371,0.0478515625
deep,saber_v2,401,3,152,0.4963165819644928,0.048828125
deep,saber_v2,401,3,153,0.42544448375701904,0.046875
deep,saber_v2,401,3,154,0.5170849561691284,0.0615234375
deep,saber_v2,401,3,155,0.4872968792915344,0.048828125
deep,saber_v2,401,3,156,0.464226633310318,0.0478515625
deep,saber_v2,401,3,157,0.47897547483444214,0.0439453125
deep,saber_v2,401,3,158,0.4574085474014282,0.0478515625
deep,saber_v2,401,3,159,0.4559169411659241,0.0595703125
deep,saber_v2,401,3,160,0.46775126457214355,0.06640625
deep,saber_v2,401,3,161,0.4711819589138031,0.052734375
deep,saber_v2,401,3,162,0.4289257526397705,0.044921875
deep,saber_v2,401,3,163,0.44855934381484985,0.0458984375
deep,saber_v2,401,3,164,0.4676859378814697,0.0693359375
deep,saber_v2,401,3,165,0.4132702052593231,0.0595703125
deep,saber_v2,401,3,166,0.4473181366920471,0.0712890625
deep,saber_v2,401,3,167,0.42341628670692444,0.0634765625
deep,saber_v2,401,3,168,0.424504816532135,0.0556640625
deep,saber_v2,401,3,169,0.4364537000656128,0.056640625
deep,saber_v2,401,3,170,0.4695987403392792,0.048828125
deep,saber_v2,401,3,171,0.436713308095932,0.0546875
deep,saber_v2,401,3,172,0.44076964259147644,0.0498046875
deep,saber_v2,401,3,173,0.4460825026035309,0.056640625
deep,saber_v2,401,3,174,0.45529669523239136,0.068359375
deep,saber_v2,401,3,175,0.46016085147857666,0.0673828125
deep,saber_v2,401,3,176,0.4383678436279297,0.05078125
deep,saber_v2,401,3,177,0.43536195158958435,0.05078125
deep,saber_v2,401,3,178,0.4466608166694641,0.064453125
deep,saber_v2,401,3,179,0.4482024610042572,0.076171875
deep,saber_v2,401,3,180,0.4824865460395813,0.0478515625
deep,saber_v2,401,3,181,0.5146894454956055,0.0615234375
deep,saber_v2,401,3,182,0.4005306363105774,0.0517578125
deep,saber_v2,401,3,183,0.4084405303001404,0.0517578125
deep,saber_v2,401,3,184,0.4773155450820923,0.0517578125
deep,saber_v2,401,3,185,0.4228574335575104,0.056640625
deep,saber_v2,401,3,186,0.4064319431781769,0.068359375
deep,saber_v2,401,3,187,0.5254321098327637,0.052734375
deep,saber_v2,401,3,188,0.4417802095413208,0.0546875
deep,saber_v2,401,3,189,0.43773993849754333,0.0498046875
deep,saber_v2,401,3,190,0.4661864936351776,0.05859375
deep,saber_v2,401,3,191,0.44095200300216675,0.05078125
deep,saber_v2,401,3,192,0.47631511092185974,0.0498046875
deep,saber_v2,401,3,193,0.4244876503944397,0.046875
deep,saber_v2,401,3,194,0.4699811637401581,0.0537109375
deep,saber_v2,401,3,195,0.5043009519577026,0.06640625
deep,saber_v2,401,3,196,0.3952542543411255,0.0498046875
deep,saber_v2,401,3,197,0.47161608934402466,0.0595703125
deep,saber_v2,401,3,198,0.4775894284248352,0.05078125
deep,saber_v2,401,3,199,0.4447063207626343,0.0546875
deep,saber_v2,401,3,200,0.47689253091812134,0.072265625
deep,saber_v2,401,3,201,0.4544520974159241,0.06640625
deep,saber_v2,401,3,202,0.43029507994651794,0.0634765625
deep,saber_v2,401,3,203,0.44046229124069214,0.0625
deep,saber_v2,401,3,204,0.4471316933631897,0.0478515625
deep,saber_v2,401,3,205,0.47712698578834534,0.056640625
deep,saber_v2,401,3,206,0.47112780809402466,0.05859375
deep,saber_v2,401,3,207,0.4448354244232178,0.052734375
deep,saber_v2,401,3,208,0.4860524535179138,0.0498046875
deep,saber_v2,401,3,209,0.4650490880012512,0.0439453125
deep,saber_v2,401,3,210,0.45692193508148193,0.0595703125
deep,saber_v2,401,3,211,0.4427405893802643,0.046875
deep,saber_v2,401,3,212,0.517909049987793,0.0615234375
deep,saber_v2,401,3,213,0.4509084224700928,0.0615234375
deep,saber_v2,401,3,214,0.41963210701942444,0.046875
deep,saber_v2,401,3,215,0.42490172386169434,0.0625
deep,saber_v2,401,3,216,0.5304381847381592,0.052734375
deep,saber_v2,401,3,217,0.43155092000961304,0.060546875
deep,saber_v2,401,3,218,0.4110702872276306,0.0654296875
deep,saber_v2,401,3,219,0.4275676906108856,0.052734375
deep,saber_v2,401,3,220,0.4772909879684448,0.0673828125
deep,saber_v2,401,3,221,0.4325590431690216,0.048828125
deep,saber_v2,401,3,222,0.42059406638145447,0.0625
deep,saber_v2,401,3,223,0.4520662724971771,0.0712890625
deep,saber_v2,401,3,224,0.4050872325897217,0.0634765625
deep,saber_v2,401,3,225,0.47939828038215637,0.064453125
deep,saber_v2,401,3,226,0.41972801089286804,0.0439453125
deep,saber_v2,401,3,227,0.5066376328468323,0.0546875
deep,saber_v2,401,3,228,0.47258079051971436,0.060546875
deep,saber_v2,401,3,229,0.3851318657398224,0.0517578125
deep,saber_v2,401,3,230,0.46285301446914673,0.056640625
deep,saber_v2,401,3,231,0.4553620517253876,0.052734375
deep,saber_v2,401,3,232,0.4586150050163269,0.0537109375
deep,saber_v2,401,3,233,0.45793628692626953,0.048828125
deep,saber_v2,401,3,234,0.48568928241729736,0.0517578125
deep,saber_v2,401,3,235,0.4941191077232361,0.060546875
deep,saber_v2,401,3,236,0.44749441742897034,0.044921875
deep,saber_v2,401,3,237,0.48567894101142883,0.068359375
deep,saber_v2,401,3,238,0.44033700227737427,0.046875
deep,saber_v2,401,3,239,0.44995245337486267,0.048828125
deep,saber_v2,401,3,240,0.4138660728931427,0.046875
deep,saber_v2,401,3,241,0.5061367154121399,0.0595703125
deep,saber_v2,401,3,242,0.4373372495174408,0.0576171875
deep,saber_v2,401,3,243,0.4882546365261078,0.0595703125
deep,saber_v2,401,3,244,0.43739938735961914,0.0478515625
deep,saber_v2,401,3,245,0.36114928126335144,0.0400390625
deep,saber_v2,401,3,246,0.4222612679004669,0.05859375
deep,saber_v2,401,3,247,0.4299519956111908,0.052734375
deep,saber_v2,401,3,248,0.4459814131259918,0.0517578125
deep,saber_v2,401,3,249,0.45551252365112305,0.0595703125
deep,saber_v2,401,3,250,0.4506528973579407,0.06624605506658554
deep,saber_v2,401,4,0,0.48618748784065247,0.046875
deep,saber_v2,401,4,1,0.4181143641471863,0.060546875
deep,saber_v2,401,4,2,0.4260401725769043,0.0537109375
deep,saber_v2,401,4,3,0.4156976342201233,0.0458984375
deep,saber_v2,401,4,4,0.49451202154159546,0.05078125
deep,saber_v2,401,4,5,0.4690358340740204,0.052734375
deep,saber_v2,401,4,6,0.48686617612838745,0.0458984375
deep,saber_v2,401,4,7,0.528100848197937,0.048828125
deep,saber_v2,401,4,8,0.482528954744339,0.0634765625
deep,saber_v2,401,4,9,0.4445810616016388,0.0546875
deep,saber_v2,401,4,10,0.498600572347641,0.0517578125
deep,saber_v2,401,4,11,0.4555700719356537,0.04296875
deep,saber_v2,401,4,12,0.4181049168109894,0.0458984375
deep,saber_v2,401,4,13,0.43640145659446716,0.0458984375
deep,saber_v2,401,4,14,0.43072596192359924,0.0634765625
deep,saber_v2,401,4,15,0.4435615539550781,0.046875
deep,saber_v2,401,4,16,0.4432571828365326,0.0595703125
deep,saber_v2,401,4,17,0.4625139534473419,0.0673828125
deep,saber_v2,401,4,18,0.47321927547454834,0.056640625
deep,saber_v2,401,4,19,0.48625648021698,0.0576171875
deep,saber_v2,401,4,20,0.4589621424674988,0.0478515625
deep,saber_v2,401,4,21,0.4358631372451782,0.0634765625
deep,saber_v2,401,4,22,0.4394392967224121,0.0537109375
deep,saber_v2,401,4,23,0.40813592076301575,0.052734375
deep,saber_v2,401,4,24,0.4758107662200928,0.046875
deep,saber_v2,401,4,25,0.39859533309936523,0.05078125
deep,saber_v2,401,4,26,0.4536759853363037,0.0537109375
deep,saber_v2,401,4,27,0.45987728238105774,0.0478515625
deep,saber_v2,401,4,28,0.43672215938568115,0.0615234375
deep,saber_v2,401,4,29,0.46734580397605896,0.0537109375
deep,saber_v2,401,4,30,0.4488315284252167,0.0556640625
deep,saber_v2,401,4,31,0.4246619641780853,0.0634765625
deep,saber_v2,401,4,32,0.46893516182899475,0.064453125
deep,saber_v2,401,4,33,0.41064271330833435,0.0556640625
deep,saber_v2,401,4,34,0.48660650849342346,0.0634765625
deep,saber_v2,401,4,35,0.454617440700531,0.048828125
deep,saber_v2,401,4,36,0.43580979108810425,0.06640625
deep,saber_v2,401,4,37,0.4440109431743622,0.052734375
deep,saber_v2,401,4,38,0.4861255884170532,0.048828125
deep,saber_v2,401,4,39,0.40948447585105896,0.0517578125
deep,saber_v2,401,4,40,0.4418986439704895,0.0625
deep,saber_v2,401,4,41,0.42318540811538696,0.0634765625
deep,saber_v2,401,4,42,0.4502495527267456,0.0478515625
deep,saber_v2,401,4,43,0.4958527982234955,0.0634765625
deep,saber_v2,401,4,44,0.42799270153045654,0.052734375
deep,saber_v2,401,4,45,0.4735276997089386,0.0537109375
deep,saber_v2,401,4,46,0.47172901034355164,0.0556640625
deep,saber_v2,401,4,47,0.4215828478336334,0.0478515625
deep,saber_v2,401,4,48,0.46084481477737427,0.056640625
deep,saber_v2,401,4,49,0.4198991060256958,0.0478515625
deep,saber_v2,401,4,50,0.43965205550193787,0.060546875
deep,saber_v2,401,4,51,0.461727112531662,0.0595703125
deep,saber_v2,401,4,52,0.4538271427154541,0.046875
deep,saber_v2,401,4,53,0.4399058222770691,0.05078125
deep,saber_v2,401,4,54,0.3922533094882965,0.052734375
deep,saber_v2,401,4,55,0.42812177538871765,0.056640625
deep,saber_v2,401,4,56,0.48098307847976685,0.0498046875
deep,saber_v2,401,4,57,0.4499203860759735,0.0341796875
deep,saber_v2,401,4,58,0.48774823546409607,0.052734375
deep,saber_v2,401,4,59,0.4163728356361389,0.05859375
deep,saber_v2,401,4,60,0.43616220355033875,0.0556640625
deep,saber_v2,401,4,61,0.4402570128440857,0.05859375
deep,saber_v2,401,4,62,0.4636511504650116,0.05859375
deep,saber_v2,401,4,63,0.4269043803215027,0.0576171875
deep,saber_v2,401,4,64,0.450357049703598,0.0517578125
deep,saber_v2,401,4,65,0.4599464535713196,0.0517578125
deep,saber_v2,401,4,66,0.4266303777694702,0.0546875
deep,saber_v2,401,4,67,0.4267711043357849,0.060546875
deep,saber_v2,401,4,68,0.464985728263855,0.0517578125
deep,saber_v2,401,4,69,0.461693674325943,0.056640625
deep,saber_v2,401,4,70,0.4684107005596161,0.0556640625
deep,saber_v2,401,4,71,0.4537404775619507,0.05859375
deep,saber_v2,401,4,72,0.5048742890357971,0.046875
deep,saber_v2,401,4,73,0.48501649498939514,0.0390625
deep,saber_v2,401,4,74,0.4455712139606476,0.0634765625
deep,saber_v2,401,4,75,0.45573189854621887,0.0576171875
deep,saber_v2,401,4,76,0.46802273392677307,0.0732421875
deep,saber_v2,401,4,77,0.42525893449783325,0.056640625
deep,saber_v2,401,4,78,0.4475134611129761,0.0478515625
deep,saber_v2,401,4,79,0.3840862512588501,0.0517578125
deep,saber_v2,401,4,80,0.4536013901233673,0.052734375
deep,saber_v2,401,4,81,0.4350830316543579,0.0703125
deep,saber_v2,401,4,82,0.409444123506546,0.05078125
deep,saber_v2,401,4,83,0.5095503330230713,0.0625
deep,saber_v2,401,4,84,0.48386573791503906,0.0478515625
deep,saber_v2,401,4,85,0.4803195297718048,0.068359375
deep,saber_v2,401,4,86,0.4691167175769806,0.0615234375
deep,saber_v2,401,4,87,0.40642794966697693,0.046875
deep,saber_v2,401,4,88,0.4014897346496582,0.056640625
deep,saber_v2,401,4,89,0.4784684479236603,0.0537109375
deep,saber_v2,401,4,90,0.4466351866722107,0.04296875
deep,saber_v2,401,4,91,0.49834251403808594,0.0654296875
deep,saber_v2,401,4,92,0.44393327832221985,0.0556640625
deep,saber_v2,401,4,93,0.45885881781578064,0.0732421875
deep,saber_v2,401,4,94,0.4169277846813202,0.046875
deep,saber_v2,401,4,95,0.40407100319862366,0.0625
deep,saber_v2,401,4,96,0.46530959010124207,0.0703125
deep,saber_v2,401,4,97,0.5046265125274658,0.044921875
deep,saber_v2,401,4,98,0.45304572582244873,0.0625
deep,saber_v2,401,4,99,0.4615837037563324,0.044921875
deep,saber_v2,401,4,100,0.4075453281402588,0.052734375
deep,saber_v2,401,4,101,0.48671308159828186,0.044921875
deep,saber_v2,401,4,102,0.4043681025505066,0.0693359375
deep,saber_v2,401,4,103,0.4248313903808594,0.048828125
deep,saber_v2,401,4,104,0.42795470356941223,0.0625
deep,saber_v2,401,4,105,0.41950327157974243,0.0517578125
deep,saber_v2,401,4,106,0.42659881711006165,0.05078125
deep,saber_v2,401,4,107,0.4278072714805603,0.0625
deep,saber_v2,401,4,108,0.40897035598754883,0.0595703125
deep,saber_v2,401,4,109,0.4423679709434509,0.04296875
deep,saber_v2,401,4,110,0.41897836327552795,0.0546875
deep,saber_v2,401,4,111,0.44346311688423157,0.044921875
deep,saber_v2,401,4,112,0.4021952450275421,0.0693359375
deep,saber_v2,401,4,113,0.4589032828807831,0.056640625
deep,saber_v2,401,4,114,0.4617007374763489,0.0576171875
deep,saber_v2,401,4,115,0.47310739755630493,0.0498046875
deep,saber_v2,401,4,116,0.44612938165664673,0.0703125
deep,saber_v2,401,4,117,0.4722132682800293,0.0595703125
deep,saber_v2,401,4,118,0.4442216455936432,0.06640625
deep,saber_v2,401,4,119,0.4244276285171509,0.0625
deep,saber_v2,401,4,120,0.42328760027885437,0.0458984375
deep,saber_v2,401,4,121,0.3997718095779419,0.048828125
deep,saber_v2,401,4,122,0.45034775137901306,0.046875
deep,saber_v2,401,4,123,0.4544006884098053,0.05078125
deep,saber_v2,401,4,124,0.4546816051006317,0.0634765625
deep,saber_v2,401,4,125,0.4636108875274658,0.056640625
deep,saber_v2,401,4,126,0.4775387644767761,0.0654296875
deep,saber_v2,401,4,127,0.42225775122642517,0.0615234375
deep,saber_v2,401,4,128,0.43465763330459595,0.07421875
deep,saber_v2,401,4,129,0.49991634488105774,0.0498046875
deep,saber_v2,401,4,130,0.41006961464881897,0.0673828125
deep,saber_v2,401,4,131,0.4734409749507904,0.0400390625
deep,saber_v2,401,4,132,0.46142908930778503,0.0517578125
deep,saber_v2,401,4,133,0.45825955271720886,0.0556640625
deep,saber_v2,401,4,134,0.5122904181480408,0.0654296875
deep,saber_v2,401,4,135,0.4076153635978699,0.0576171875
deep,saber_v2,401,4,136,0.45233866572380066,0.0576171875
deep,saber_v2,401,4,137,0.4600590467453003,0.0546875
deep,saber_v2,401,4,138,0.42352861166000366,0.0546875
deep,saber_v2,401,4,139,0.3401751220226288,0.05859375
deep,saber_v2,401,4,140,0.4534966051578522,0.064453125
deep,saber_v2,401,4,141,0.48998627066612244,0.076171875
deep,saber_v2,401,4,142,0.45232340693473816,0.056640625
deep,saber_v2,401,4,143,0.4961914122104645,0.05078125
deep,saber_v2,401,4,144,0.4356762170791626,0.05859375
deep,saber_v2,401,4,145,0.3690994381904602,0.0556640625
deep,saber_v2,401,4,146,0.44888049364089966,0.0546875
deep,saber_v2,401,4,147,0.4145367443561554,0.0458984375
deep,saber_v2,401,4,148,0.40002816915512085,0.05859375
deep,saber_v2,401,4,149,0.46909818053245544,0.0712890625
deep,saber_v2,401,4,150,0.4648575186729431,0.056640625
deep,saber_v2,401,4,151,0.42740151286125183,0.0546875
deep,saber_v2,401,4,152,0.3976905941963196,0.0546875
deep,saber_v2,401,4,153,0.5208842754364014,0.0546875
deep,saber_v2,401,4,154,0.5073387622833252,0.048828125
deep,saber_v2,401,4,155,0.4659959375858307,0.0634765625
deep,saber_v2,401,4,156,0.44600430130958557,0.0556640625
deep,saber_v2,401,4,157,0.4925873279571533,0.0537109375
deep,saber_v2,401,4,158,0.45226436853408813,0.0595703125
deep,saber_v2,401,4,159,0.4311702251434326,0.05078125
deep,saber_v2,401,4,160,0.44105711579322815,0.052734375
deep,saber_v2,401,4,161,0.43511900305747986,0.0634765625
deep,saber_v2,401,4,162,0.4216294586658478,0.05859375
deep,saber_v2,401,4,163,0.4404054284095764,0.0634765625
deep,saber_v2,401,4,164,0.40508344769477844,0.0615234375
deep,saber_v2,401,4,165,0.48157283663749695,0.06640625
deep,saber_v2,401,4,166,0.3942083418369293,0.056640625
deep,saber_v2,401,4,167,0.4946531057357788,0.05078125
deep,saber_v2,401,4,168,0.4337182641029358,0.0517578125
deep,saber_v2,401,4,169,0.46220606565475464,0.060546875
deep,saber_v2,401,4,170,0.44698411226272583,0.0556640625
deep,saber_v2,401,4,171,0.46322911977767944,0.044921875
deep,saber_v2,401,4,172,0.46947747468948364,0.0556640625
deep,saber_v2,401,4,173,0.4572610557079315,0.0576171875
deep,saber_v2,401,4,174,0.46809443831443787,0.04296875
deep,saber_v2,401,4,175,0.43089428544044495,0.041015625
deep,saber_v2,401,4,176,0.5006000995635986,0.0595703125
deep,saber_v2,401,4,177,0.4004761278629303,0.0556640625
deep,saber_v2,401,4,178,0.3724885582923889,0.0537109375
deep,saber_v2,401,4,179,0.49922963976860046,0.04296875
deep,saber_v2,401,4,180,0.416363388299942,0.0517578125
deep,saber_v2,401,4,181,0.5134807229042053,0.041015625
deep,saber_v2,401,4,182,0.45690518617630005,0.0576171875
deep,saber_v2,401,4,183,0.5040876865386963,0.0595703125
deep,saber_v2,401,4,184,0.42001670598983765,0.05859375
deep,saber_v2,401,4,185,0.4265228509902954,0.0546875
deep,saber_v2,401,4,186,0.440512090921402,0.052734375
deep,saber_v2,401,4,187,0.41782087087631226,0.06640625
deep,saber_v2,401,4,188,0.497665137052536,0.0615234375
deep,saber_v2,401,4,189,0.482186883687973,0.0556640625
deep,saber_v2,401,4,190,0.4313344657421112,0.048828125
deep,saber_v2,401,4,191,0.4402272701263428,0.0576171875
deep,saber_v2,401,4,192,0.48744043707847595,0.046875
deep,saber_v2,401,4,193,0.45270800590515137,0.052734375
deep,saber_v2,401,4,194,0.4409365653991699,0.0703125
deep,saber_v2,401,4,195,0.48050153255462646,0.052734375
deep,saber_v2,401,4,196,0.4137458801269531,0.05078125
deep,saber_v2,401,4,197,0.45862534642219543,0.0595703125
deep,saber_v2,401,4,198,0.40124043822288513,0.0673828125
deep,saber_v2,401,4,199,0.45835646986961365,0.05078125
deep,saber_v2,401,4,200,0.5252695083618164,0.0537109375
deep,saber_v2,401,4,201,0.44627445936203003,0.0615234375
deep,saber_v2,401,4,202,0.39071914553642273,0.0498046875
deep,saber_v2,401,4,203,0.4356178641319275,0.05859375
deep,saber_v2,401,4,204,0.43457698822021484,0.0732421875
deep,saber_v2,401,4,205,0.4482538104057312,0.048828125
deep,saber_v2,401,4,206,0.49301058053970337,0.0390625
deep,saber_v2,401,4,207,0.4110802114009857,0.0625
deep,saber_v2,401,4,208,0.4756765067577362,0.052734375
deep,saber_v2,401,4,209,0.4397176206111908,0.048828125
deep,saber_v2,401,4,210,0.4435560703277588,0.048828125
deep,saber_v2,401,4,211,0.4404662549495697,0.0458984375
deep,saber_v2,401,4,212,0.47295916080474854,0.0712890625
deep,saber_v2,401,4,213,0.4613543450832367,0.0537109375
deep,saber_v2,401,4,214,0.8933998942375183,0.0654296875
deep,saber_v2,401,4,215,0.498391330242157,0.064453125
deep,saber_v2,401,4,216,0.45960313081741333,0.056640625
deep,saber_v2,401,4,217,0.48428624868392944,0.05859375
deep,saber_v2,401,4,218,0.45967182517051697,0.0615234375
deep,saber_v2,401,4,219,0.39926886558532715,0.0595703125
deep,saber_v2,401,4,220,0.4711282253265381,0.0615234375
deep,saber_v2,401,4,221,0.47334012389183044,0.0556640625
deep,saber_v2,401,4,222,0.4249659478664398,0.044921875
deep,saber_v2,401,4,223,0.41062867641448975,0.0537109375
deep,saber_v2,401,4,224,0.4966258406639099,0.0546875
deep,saber_v2,401,4,225,0.4227530062198639,0.0400390625
deep,saber_v2,401,4,226,0.4374072253704071,0.046875
deep,saber_v2,401,4,227,0.44570034742355347,0.0595703125
deep,saber_v2,401,4,228,0.43106868863105774,0.0517578125
deep,saber_v2,401,4,229,0.5095438957214355,0.0546875
deep,saber_v2,401,4,230,0.41623958945274353,0.0556640625
deep,saber_v2,401,4,231,0.47205618023872375,0.0615234375
deep,saber_v2,401,4,232,0.5180162191390991,0.048828125
deep,saber_v2,401,4,233,0.4196363091468811,0.0439453125
deep,saber_v2,401,4,234,0.4479353427886963,0.048828125
deep,saber_v2,401,4,235,0.42871105670928955,0.0595703125
deep,saber_v2,401,4,236,0.43927860260009766,0.05078125
deep,saber_v2,401,4,237,0.48681265115737915,0.06640625
deep,saber_v2,401,4,238,0.40553197264671326,0.048828125
deep,saber_v2,401,4,239,0.414385586977005,0.046875
deep,saber_v2,401,4,240,0.43956682085990906,0.056640625
deep,saber_v2,401,4,241,0.4535473883152008,0.05859375
deep,saber_v2,401,4,242,0.4469434916973114,0.0634765625
deep,saber_v2,401,4,243,0.39674127101898193,0.052734375
deep,saber_v2,401,4,244,0.4531641900539398,0.056640625
deep,saber_v2,401,4,245,0.4647936224937439,0.046875
deep,saber_v2,401,4,246,0.43516984581947327,0.0517578125
deep,saber_v2,401,4,247,0.4439581632614136,0.0546875
deep,saber_v2,401,4,248,0.4263078272342682,0.0546875
deep,saber_v2,401,4,249,0.43907812237739563,0.044921875
deep,saber_v2,401,4,250,0.4847552478313446,0.05678233504295349
deep,saber_v2,401,5,0,0.43303582072257996,0.0654296875
deep,saber_v2,401,5,1,0.46202367544174194,0.0478515625
deep,saber_v2,401,5,2,0.4156282842159271,0.0537109375
deep,saber_v2,401,5,3,0.42500993609428406,0.0576171875
deep,saber_v2,401,5,4,0.4720495045185089,0.0595703125
deep,saber_v2,401,5,5,0.4861471354961395,0.0439453125
deep,saber_v2,401,5,6,0.42556771636009216,0.0595703125
deep,saber_v2,401,5,7,0.40161487460136414,0.0498046875
deep,saber_v2,401,5,8,0.42232298851013184,0.044921875
deep,saber_v2,401,5,9,0.4884478747844696,0.05859375
deep,saber_v2,401,5,10,0.45510995388031006,0.0595703125
deep,saber_v2,401,5,11,0.44356483221054077,0.07421875
deep,saber_v2,401,5,12,0.4896697700023651,0.0537109375
deep,saber_v2,401,5,13,0.45030611753463745,0.044921875
deep,saber_v2,401,5,14,0.4164375066757202,0.0556640625
deep,saber_v2,401,5,15,0.4328754246234894,0.0498046875
deep,saber_v2,401,5,16,0.4088355600833893,0.0439453125
deep,saber_v2,401,5,17,0.45344263315200806,0.04296875
deep,saber_v2,401,5,18,0.4483759105205536,0.0595703125
deep,saber_v2,401,5,19,0.45036154985427856,0.0537109375
deep,saber_v2,401,5,20,0.4325512945652008,0.05859375
deep,saber_v2,401,5,21,0.43073397874832153,0.0498046875
deep,saber_v2,401,5,22,0.39524155855178833,0.0576171875
deep,saber_v2,401,5,23,0.4752645790576935,0.064453125
deep,saber_v2,401,5,24,0.41629523038864136,0.05078125
deep,saber_v2,401,5,25,0.4300365447998047,0.048828125
deep,saber_v2,401,5,26,0.42283910512924194,0.0517578125
deep,saber_v2,401,5,27,0.5124499201774597,0.0439453125
deep,saber_v2,401,5,28,0.41246694326400757,0.0576171875
deep,saber_v2,401,5,29,0.41685178875923157,0.05859375
deep,saber_v2,401,5,30,0.4795892536640167,0.0595703125
deep,saber_v2,401,5,31,0.40779706835746765,0.0458984375
deep,saber_v2,401,5,32,0.4597975015640259,0.0576171875
deep,saber_v2,401,5,33,0.5087403655052185,0.0625
deep,saber_v2,401,5,34,0.4579915404319763,0.05078125
deep,saber_v2,401,5,35,0.45337480306625366,0.056640625
deep,saber_v2,401,5,36,0.4933825135231018,0.0537109375
deep,saber_v2,401,5,37,0.43906956911087036,0.068359375
deep,saber_v2,401,5,38,0.39373257756233215,0.0390625
deep,saber_v2,401,5,39,0.4648703932762146,0.052734375
deep,saber_v2,401,5,40,0.42476513981819153,0.0556640625
deep,saber_v2,401,5,41,0.4360913932323456,0.0673828125
deep,saber_v2,401,5,42,0.4352933466434479,0.0380859375
deep,saber_v2,401,5,43,0.381548672914505,0.052734375
deep,saber_v2,401,5,44,0.44111138582229614,0.05859375
deep,saber_v2,401,5,45,0.4187554717063904,0.05859375
deep,saber_v2,401,5,46,0.45136338472366333,0.0556640625
deep,saber_v2,401,5,47,0.4378478229045868,0.056640625
deep,saber_v2,401,5,48,0.4335220158100128,0.064453125
deep,saber_v2,401,5,49,0.4345446825027466,0.052734375
deep,saber_v2,401,5,50,0.4535656273365021,0.0556640625
deep,saber_v2,401,5,51,0.44651204347610474,0.0693359375
deep,saber_v2,401,5,52,0.4143494963645935,0.060546875
deep,saber_v2,401,5,53,0.48736250400543213,0.0595703125
deep,saber_v2,401,5,54,0.41640645265579224,0.0498046875
deep,saber_v2,401,5,55,0.4775769114494324,0.0439453125
deep,saber_v2,401,5,56,0.4050736725330353,0.05078125
deep,saber_v2,401,5,57,0.4442884624004364,0.0498046875
deep,saber_v2,401,5,58,0.48356297612190247,0.0478515625
deep,saber_v2,401,5,59,0.4373229146003723,0.0546875
deep,saber_v2,401,5,60,0.4372689723968506,0.046875
deep,saber_v2,401,5,61,0.44067513942718506,0.05078125
deep,saber_v2,401,5,62,0.46978759765625,0.0517578125
deep,saber_v2,401,5,63,0.46672049164772034,0.060546875
deep,saber_v2,401,5,64,0.4304342269897461,0.060546875
deep,saber_v2,401,5,65,0.4489423334598541,0.048828125
deep,saber_v2,401,5,66,0.4421805739402771,0.048828125
deep,saber_v2,401,5,67,0.44967564940452576,0.052734375
deep,saber_v2,401,5,68,0.46722593903541565,0.0556640625
deep,saber_v2,401,5,69,0.8583447337150574,0.0478515625
deep,saber_v2,401,5,70,0.42387863993644714,0.05078125
deep,saber_v2,401,5,71,0.4512620270252228,0.0654296875
deep,saber_v2,401,5,72,0.4160902500152588,0.048828125
deep,saber_v2,401,5,73,0.4425179064273834,0.05078125
deep,saber_v2,401,5,74,0.4684087932109833,0.0556640625
deep,saber_v2,401,5,75,0.472125768661499,0.0498046875
deep,saber_v2,401,5,76,0.4120745062828064,0.0625
deep,saber_v2,401,5,77,0.4469809830188751,0.046875
deep,saber_v2,401,5,78,0.4312115013599396,0.064453125
deep,saber_v2,401,5,79,0.38950681686401367,0.046875
deep,saber_v2,401,5,80,0.49532797932624817,0.0556640625
deep,saber_v2,401,5,81,0.43024688959121704,0.04296875
deep,saber_v2,401,5,82,0.413289874792099,0.0556640625
deep,saber_v2,401,5,83,0.44924166798591614,0.048828125
deep,saber_v2,401,5,84,0.4895501136779785,0.05078125
deep,saber_v2,401,5,85,0.4370104670524597,0.0517578125
deep,saber_v2,401,5,86,0.44304168224334717,0.0498046875
deep,saber_v2,401,5,87,0.4130772650241852,0.064453125
deep,saber_v2,401,5,88,0.4144890308380127,0.056640625
deep,saber_v2,401,5,89,0.4695708155632019,0.0615234375
deep,saber_v2,401,5,90,0.4246693551540375,0.0537109375
deep,saber_v2,401,5,91,0.43301472067832947,0.056640625
deep,saber_v2,401,5,92,0.47272545099258423,0.06640625
deep,saber_v2,401,5,93,0.43787235021591187,0.0517578125
deep,saber_v2,401,5,94,0.4264656603336334,0.0546875
deep,saber_v2,401,5,95,0.439728707075119,0.048828125
deep,saber_v2,401,5,96,0.40318337082862854,0.0654296875
deep,saber_v2,401,5,97,0.4774184226989746,0.0517578125
deep,saber_v2,401,5,98,0.4717456102371216,0.0478515625
deep,saber_v2,401,5,99,0.48408156633377075,0.046875
deep,saber_v2,401,5,100,0.4798559844493866,0.05078125
deep,saber_v2,401,5,101,0.45746850967407227,0.0546875
deep,saber_v2,401,5,102,0.45754343271255493,0.060546875
deep,saber_v2,401,5,103,0.47321510314941406,0.060546875
deep,saber_v2,401,5,104,0.4848341941833496,0.0546875
deep,saber_v2,401,5,105,0.44179582595825195,0.060546875
deep,saber_v2,401,5,106,0.41436269879341125,0.0439453125
deep,saber_v2,401,5,107,0.4754667580127716,0.06640625
deep,saber_v2,401,5,108,0.4080946743488312,0.0556640625
deep,saber_v2,401,5,109,0.4881659746170044,0.05859375
deep,saber_v2,401,5,110,0.4133266508579254,0.052734375
deep,saber_v2,401,5,111,0.4409889280796051,0.0478515625
deep,saber_v2,401,5,112,0.4186827540397644,0.0546875
deep,saber_v2,401,5,113,0.42665374279022217,0.0517578125
deep,saber_v2,401,5,114,0.42150914669036865,0.0576171875
deep,saber_v2,401,5,115,0.42283129692077637,0.046875
deep,saber_v2,401,5,116,0.42594829201698303,0.056640625
deep,saber_v2,401,5,117,0.4504377543926239,0.044921875
deep,saber_v2,401,5,118,0.4467141032218933,0.05859375
deep,saber_v2,401,5,119,0.40251806378364563,0.041015625
deep,saber_v2,401,5,120,0.4113662540912628,0.0537109375
deep,saber_v2,401,5,121,0.44474321603775024,0.0478515625
deep,saber_v2,401,5,122,0.41456177830696106,0.060546875
deep,saber_v2,401,5,123,0.4496488571166992,0.060546875
deep,saber_v2,401,5,124,0.45926663279533386,0.0634765625
deep,saber_v2,401,5,125,0.4163800776004791,0.0537109375
deep,saber_v2,401,5,126,0.3939225673675537,0.0517578125
deep,saber_v2,401,5,127,0.4606434404850006,0.0546875
deep,saber_v2,401,5,128,0.44404879212379456,0.048828125
deep,saber_v2,401,5,129,0.4658239781856537,0.046875
deep,saber_v2,401,5,130,0.4164668917655945,0.0498046875
deep,saber_v2,401,5,131,0.46929290890693665,0.05859375
deep,saber_v2,401,5,132,0.42835932970046997,0.0595703125
deep,saber_v2,401,5,133,0.37153273820877075,0.0537109375
deep,saber_v2,401,5,134,0.510503888130188,0.0556640625
deep,saber_v2,401,5,135,0.4182201623916626,0.0712890625
deep,saber_v2,401,5,136,0.49115416407585144,0.05859375
deep,saber_v2,401,5,137,0.45366373658180237,0.048828125
deep,saber_v2,401,5,138,0.46654126048088074,0.0458984375
deep,saber_v2,401,5,139,0.4002303183078766,0.0576171875
deep,saber_v2,401,5,140,0.4441662132740021,0.0546875
deep,saber_v2,401,5,141,0.4920351505279541,0.0595703125
deep,saber_v2,401,5,142,0.41448312997817993,0.0673828125
deep,saber_v2,401,5,143,0.4311029016971588,0.0615234375
deep,saber_v2,401,5,144,0.5101916193962097,0.078125
deep,saber_v2,401,5,145,0.39036113023757935,0.052734375
deep,saber_v2,401,5,146,0.4974396526813507,0.0634765625
deep,saber_v2,401,5,147,0.4539097845554352,0.052734375
deep,saber_v2,401,5,148,0.417970210313797,0.0478515625
deep,saber_v2,401,5,149,0.43705394864082336,0.05078125
deep,saber_v2,401,5,150,0.400875449180603,0.068359375
deep,saber_v2,401,5,151,0.43595635890960693,0.0556640625
deep,saber_v2,401,5,152,0.40298596024513245,0.0625
deep,saber_v2,401,5,153,0.47117942571640015,0.0615234375
deep,saber_v2,401,5,154,0.4673132002353668,0.044921875
deep,saber_v2,401,5,155,0.3881233334541321,0.0693359375
deep,saber_v2,401,5,156,0.4163076877593994,0.0556640625
deep,saber_v2,401,5,157,0.43184706568717957,0.0546875
deep,saber_v2,401,5,158,0.438849538564682,0.0595703125
deep,saber_v2,401,5,159,0.43590959906578064,0.056640625
deep,saber_v2,401,5,160,0.41503581404685974,0.06640625
deep,saber_v2,401,5,161,0.4555531442165375,0.046875
deep,saber_v2,401,5,162,0.43078237771987915,0.0615234375
deep,saber_v2,401,5,163,0.44652992486953735,0.0673828125
deep,saber_v2,401,5,164,0.4769727885723114,0.056640625
deep,saber_v2,401,5,165,0.458808034658432,0.0654296875
deep,saber_v2,401,5,166,0.5024521350860596,0.0478515625
deep,saber_v2,401,5,167,0.44228240847587585,0.0546875
deep,saber_v2,401,5,168,0.40625250339508057,0.0576171875
deep,saber_v2,401,5,169,0.4701140820980072,0.0556640625
deep,saber_v2,401,5,170,0.4271355867385864,0.0546875
deep,saber_v2,401,5,171,0.4683341383934021,0.0439453125
deep,saber_v2,401,5,172,0.4566711485385895,0.0478515625
deep,saber_v2,401,5,173,0.4666903018951416,0.0537109375
deep,saber_v2,401,5,174,0.4186810255050659,0.0556640625
deep,saber_v2,401,5,175,0.47673407196998596,0.052734375
deep,saber_v2,401,5,176,0.45920854806900024,0.0546875
deep,saber_v2,401,5,177,0.3935179114341736,0.0615234375
deep,saber_v2,401,5,178,0.4359376132488251,0.0595703125
deep,saber_v2,401,5,179,0.4900779128074646,0.05859375
deep,saber_v2,401,5,180,0.47879573702812195,0.064453125
deep,saber_v2,401,5,181,0.44928041100502014,0.0546875
deep,saber_v2,401,5,182,0.4008443057537079,0.048828125
deep,saber_v2,401,5,183,0.4590300917625427,0.0625
deep,saber_v2,401,5,184,0.44570717215538025,0.0390625
deep,saber_v2,401,5,185,0.4122591018676758,0.0576171875
deep,saber_v2,401,5,186,0.4279780089855194,0.056640625
deep,saber_v2,401,5,187,0.4571848213672638,0.0576171875
deep,saber_v2,401,5,188,0.4187992513179779,0.068359375
deep,saber_v2,401,5,189,0.41234052181243896,0.04296875
deep,saber_v2,401,5,190,0.4262978136539459,0.060546875
deep,saber_v2,401,5,191,0.473813533782959,0.05078125
deep,saber_v2,401,5,192,0.5004377961158752,0.052734375
deep,saber_v2,401,5,193,0.47012320160865784,0.05078125
deep,saber_v2,401,5,194,0.4301515817642212,0.05078125
deep,saber_v2,401,5,195,0.3912956118583679,0.0546875
deep,saber_v2,401,5,196,0.4396805465221405,0.0546875
deep,saber_v2,401,5,197,0.41583094000816345,0.0390625
deep,saber_v2,401,5,198,0.4995173215866089,0.0625
deep,saber_v2,401,5,199,0.4323943555355072,0.0498046875
deep,saber_v2,401,5,200,0.4336453676223755,0.044921875
deep,saber_v2,401,5,201,0.437203586101532,0.0595703125
deep,saber_v2,401,5,202,0.4470842182636261,0.0537109375
deep,saber_v2,401,5,203,0.43030229210853577,0.0595703125
deep,saber_v2,401,5,204,0.4649750888347626,0.04296875
deep,saber_v2,401,5,205,0.49134212732315063,0.0595703125
deep,saber_v2,401,5,206,0.507958173751831,0.0634765625
deep,saber_v2,401,5,207,0.41714030504226685,0.0625
deep,saber_v2,401,5,208,0.3801049590110779,0.0595703125
deep,saber_v2,401,5,209,0.461045503616333,0.060546875
deep,saber_v2,401,5,210,0.4149841070175171,0.052734375
deep,saber_v2,401,5,211,0.40376853942871094,0.06640625
deep,saber_v2,401,5,212,0.45429569482803345,0.0625
deep,saber_v2,401,5,213,0.46087804436683655,0.0546875
deep,saber_v2,401,5,214,0.3984110355377197,0.0673828125
deep,saber_v2,401,5,215,0.4271385073661804,0.0537109375
deep,saber_v2,401,5,216,0.5130520462989807,0.0576171875
deep,saber_v2,401,5,217,0.4741634428501129,0.0498046875
deep,saber_v2,401,5,218,0.46504709124565125,0.0693359375
deep,saber_v2,401,5,219,0.4088190793991089,0.060546875
deep,saber_v2,401,5,220,0.43591809272766113,0.0625
deep,saber_v2,401,5,221,0.4628381133079529,0.056640625
deep,saber_v2,401,5,222,0.4346682131290436,0.0517578125
deep,saber_v2,401,5,223,0.4616498053073883,0.05859375
deep,saber_v2,401,5,224,0.42656683921813965,0.05078125
deep,saber_v2,401,5,225,0.441033273935318,0.048828125
deep,saber_v2,401,5,226,0.473603755235672,0.0537109375
deep,saber_v2,401,5,227,0.4826280176639557,0.056640625
deep,saber_v2,401,5,228,0.4279128909111023,0.0556640625
deep,saber_v2,401,5,229,0.40942472219467163,0.068359375
deep,saber_v2,401,5,230,0.4520421326160431,0.0556640625
deep,saber_v2,401,5,231,0.5214182734489441,0.05859375
deep,saber_v2,401,5,232,0.4355488121509552,0.0546875
deep,saber_v2,401,5,233,0.48038250207901,0.0654296875
deep,saber_v2,401,5,234,0.44417479634284973,0.0625
deep,saber_v2,401,5,235,0.4435381293296814,0.0537109375
deep,saber_v2,401,5,236,0.4492345154285431,0.0546875
deep,saber_v2,401,5,237,0.36134153604507446,0.0625
deep,saber_v2,401,5,238,0.41610395908355713,0.0537109375
deep,saber_v2,401,5,239,0.5042231678962708,0.060546875
deep,saber_v2,401,5,240,0.42705732583999634,0.0615234375
deep,saber_v2,401,5,241,0.47772055864334106,0.05078125
deep,saber_v2,401,5,242,0.4906352758407593,0.0439453125
deep,saber_v2,401,5,243,0.4500349462032318,0.0654296875
deep,saber_v2,401,5,244,0.49913427233695984,0.05078125
deep,saber_v2,401,5,245,0.4152638614177704,0.0556640625
deep,saber_v2,401,5,246,0.4313526153564453,0.0576171875
deep,saber_v2,401,5,247,0.4959843158721924,0.05859375
deep,saber_v2,401,5,248,0.42098891735076904,0.0546875
deep,saber_v2,401,5,249,0.4991553723812103,0.056640625
deep,saber_v2,401,5,250,0.44889870285987854,0.05678233504295349
deep,saber_v2,401,6,0,0.4256066381931305,0.068359375
deep,saber_v2,401,6,1,0.38308751583099365,0.0537109375
deep,saber_v2,401,6,2,0.434895396232605,0.0537109375
deep,saber_v2,401,6,3,0.4912908971309662,0.078125
deep,saber_v2,401,6,4,0.41703158617019653,0.060546875
deep,saber_v2,401,6,5,0.46398189663887024,0.0556640625
deep,saber_v2,401,6,6,0.4763619899749756,0.0556640625
deep,saber_v2,401,6,7,0.41942551732063293,0.0556640625
deep,saber_v2,401,6,8,0.45578041672706604,0.0537109375
deep,saber_v2,401,6,9,0.4731769859790802,0.05859375
deep,saber_v2,401,6,10,0.43960246443748474,0.048828125
deep,saber_v2,401,6,11,0.3988405764102936,0.0556640625
deep,saber_v2,401,6,12,0.48597753047943115,0.0546875
deep,saber_v2,401,6,13,0.4390612542629242,0.0625
deep,saber_v2,401,6,14,0.41458749771118164,0.0595703125
deep,saber_v2,401,6,15,0.411615788936615,0.048828125
deep,saber_v2,401,6,16,0.4351508319377899,0.0498046875
deep,saber_v2,401,6,17,0.39887896180152893,0.052734375
deep,saber_v2,401,6,18,0.49606338143348694,0.0537109375
deep,saber_v2,401,6,19,0.4646909534931183,0.048828125
deep,saber_v2,401,6,20,0.4529101550579071,0.05859375
deep,saber_v2,401,6,21,0.44305744767189026,0.056640625
deep,saber_v2,401,6,22,0.4857639968395233,0.0712890625
deep,saber_v2,401,6,23,0.4675321578979492,0.0615234375
deep,saber_v2,401,6,24,0.4182451069355011,0.060546875
deep,saber_v2,401,6,25,0.39813879132270813,0.056640625
deep,saber_v2,401,6,26,0.4518584907054901,0.052734375
deep,saber_v2,401,6,27,0.43531060218811035,0.0634765625
deep,saber_v2,401,6,28,0.4527026414871216,0.064453125
deep,saber_v2,401,6,29,0.4186100661754608,0.0498046875
deep,saber_v2,401,6,30,0.4404824376106262,0.048828125
deep,saber_v2,401,6,31,0.4638274013996124,0.05859375
deep,saber_v2,401,6,32,0.456807941198349,0.0498046875
deep,saber_v2,401,6,33,0.46142110228538513,0.060546875
deep,saber_v2,401,6,34,0.4342304468154907,0.0634765625
deep,saber_v2,401,6,35,0.4757672846317291,0.0419921875
deep,saber_v2,401,6,36,0.4108102023601532,0.064453125
deep,saber_v2,401,6,37,0.3925131559371948,0.0458984375
deep,saber_v2,401,6,38,0.44319844245910645,0.0546875
deep,saber_v2,401,6,39,0.41695815324783325,0.056640625
deep,saber_v2,401,6,40,0.39591744542121887,0.0498046875
deep,saber_v2,401,6,41,0.472366064786911,0.0517578125
deep,saber_v2,401,6,42,0.40990960597991943,0.0634765625
deep,saber_v2,401,6,43,0.4470325708389282,0.0654296875
deep,saber_v2,401,6,44,0.4905415177345276,0.060546875
deep,saber_v2,401,6,45,0.44395366311073303,0.0478515625
deep,saber_v2,401,6,46,0.4094494581222534,0.0517578125
deep,saber_v2,401,6,47,0.4324469268321991,0.05859375
deep,saber_v2,401,6,48,0.42957693338394165,0.0595703125
deep,saber_v2,401,6,49,0.4301341474056244,0.060546875
deep,saber_v2,401,6,50,0.3821825087070465,0.0537109375
deep,saber_v2,401,6,51,0.4398241639137268,0.0458984375
deep,saber_v2,401,6,52,0.4453918933868408,0.05078125
deep,saber_v2,401,6,53,0.46520599722862244,0.0517578125
deep,saber_v2,401,6,54,0.43591850996017456,0.0556640625
deep,saber_v2,401,6,55,0.4420734643936157,0.044921875
deep,saber_v2,401,6,56,0.3974246084690094,0.052734375
deep,saber_v2,401,6,57,0.4441320300102234,0.0458984375
deep,saber_v2,401,6,58,0.4163275361061096,0.056640625
deep,saber_v2,401,6,59,0.44593894481658936,0.0537109375
deep,saber_v2,401,6,60,0.4077543616294861,0.0546875
deep,saber_v2,401,6,61,0.4991428852081299,0.041015625
deep,saber_v2,401,6,62,0.4444936215877533,0.05078125
deep,saber_v2,401,6,63,0.467192679643631,0.041015625
deep,saber_v2,401,6,64,0.47926297783851624,0.0712890625
deep,saber_v2,401,6,65,0.46606361865997314,0.04296875
deep,saber_v2,401,6,66,0.4756630063056946,0.0654296875
deep,saber_v2,401,6,67,0.4134785830974579,0.052734375
deep,saber_v2,401,6,68,0.43341314792633057,0.041015625
deep,saber_v2,401,6,69,0.43415209650993347,0.0419921875
deep,saber_v2,401,6,70,0.45763230323791504,0.060546875
deep,saber_v2,401,6,71,0.42776989936828613,0.0576171875
deep,saber_v2,401,6,72,0.41802093386650085,0.0615234375
deep,saber_v2,401,6,73,0.41372057795524597,0.0458984375
deep,saber_v2,401,6,74,0.44194141030311584,0.037109375
deep,saber_v2,401,6,75,0.48695117235183716,0.0537109375
deep,saber_v2,401,6,76,0.4331057071685791,0.0546875
deep,saber_v2,401,6,77,0.44749361276626587,0.0693359375
deep,saber_v2,401,6,78,0.4629574418067932,0.0546875
deep,saber_v2,401,6,79,0.41684022545814514,0.0556640625
deep,saber_v2,401,6,80,0.4218618869781494,0.0498046875
deep,saber_v2,401,6,81,0.4361121654510498,0.0546875
deep,saber_v2,401,6,82,0.4709159731864929,0.0556640625
deep,saber_v2,401,6,83,0.42433494329452515,0.0556640625
deep,saber_v2,401,6,84,0.4135441184043884,0.068359375
deep,saber_v2,401,6,85,0.4006153345108032,0.0458984375
deep,saber_v2,401,6,86,0.4353339374065399,0.0439453125
deep,saber_v2,401,6,87,0.37217843532562256,0.0576171875
deep,saber_v2,401,6,88,0.4389664828777313,0.0556640625
deep,saber_v2,401,6,89,0.5151440501213074,0.05859375
deep,saber_v2,401,6,90,0.45976969599723816,0.0556640625
deep,saber_v2,401,6,91,0.45271191000938416,0.048828125
deep,saber_v2,401,6,92,0.47561609745025635,0.0458984375
deep,saber_v2,401,6,93,0.42035016417503357,0.0576171875
deep,saber_v2,401,6,94,0.45910319685935974,0.044921875
deep,saber_v2,401,6,95,0.4095543324947357,0.041015625
deep,saber_v2,401,6,96,0.49479544162750244,0.052734375
deep,saber_v2,401,6,97,0.4785744547843933,0.046875
deep,saber_v2,401,6,98,0.3931526243686676,0.05859375
deep,saber_v2,401,6,99,0.38093727827072144,0.044921875
deep,saber_v2,401,6,100,0.4678821861743927,0.0654296875
deep,saber_v2,401,6,101,0.3923076391220093,0.0517578125
deep,saber_v2,401,6,102,0.45987600088119507,0.0517578125
deep,saber_v2,401,6,103,0.4116308391094208,0.0478515625
deep,saber_v2,401,6,104,0.4969561994075775,0.052734375
deep,saber_v2,401,6,105,0.4607132077217102,0.0693359375
deep,saber_v2,401,6,106,0.4536997973918915,0.041015625
deep,saber_v2,401,6,107,0.4342415928840637,0.05078125
deep,saber_v2,401,6,108,0.3643052279949188,0.0498046875
deep,saber_v2,401,6,109,0.4421846568584442,0.0625
deep,saber_v2,401,6,110,0.3962589204311371,0.0693359375
deep,saber_v2,401,6,111,0.47415077686309814,0.0634765625
deep,saber_v2,401,6,112,0.44041043519973755,0.0537109375
deep,saber_v2,401,6,113,0.429186075925827,0.05078125
deep,saber_v2,401,6,114,0.44169285893440247,0.0693359375
deep,saber_v2,401,6,115,0.4392964541912079,0.05078125
deep,saber_v2,401,6,116,0.4534127414226532,0.05859375
deep,saber_v2,401,6,117,0.4495604336261749,0.0703125
deep,saber_v2,401,6,118,0.4573654532432556,0.0693359375
deep,saber_v2,401,6,119,0.47208279371261597,0.05859375
deep,saber_v2,401,6,120,0.42562180757522583,0.0537109375
deep,saber_v2,401,6,121,0.38634034991264343,0.060546875
deep,saber_v2,401,6,122,0.4058345854282379,0.0634765625
deep,saber_v2,401,6,123,0.432401567697525,0.0380859375
deep,saber_v2,401,6,124,0.4259572923183441,0.0517578125
deep,saber_v2,401,6,125,0.42535433173179626,0.060546875
deep,saber_v2,401,6,126,0.4450957775115967,0.0546875
deep,saber_v2,401,6,127,0.4155280888080597,0.0498046875
deep,saber_v2,401,6,128,0.48829594254493713,0.0537109375
deep,saber_v2,401,6,129,0.4953383803367615,0.05078125
deep,saber_v2,401,6,130,0.46854618191719055,0.052734375
deep,saber_v2,401,6,131,0.4524030089378357,0.0537109375
deep,saber_v2,401,6,132,0.4490261971950531,0.0576171875
deep,saber_v2,401,6,133,0.46555811166763306,0.0595703125
deep,saber_v2,401,6,134,0.42300522327423096,0.0390625
deep,saber_v2,401,6,135,0.44261854887008667,0.0556640625
deep,saber_v2,401,6,136,0.4511643052101135,0.0625
deep,saber_v2,401,6,137,0.4514246881008148,0.0537109375
deep,saber_v2,401,6,138,0.4284493029117584,0.05859375
deep,saber_v2,401,6,139,0.42465198040008545,0.05078125
deep,saber_v2,401,6,140,0.44498392939567566,0.0537109375
deep,saber_v2,401,6,141,0.45899417996406555,0.041015625
deep,saber_v2,401,6,142,0.5258520841598511,0.0458984375
deep,saber_v2,401,6,143,0.44085830450057983,0.05078125
deep,saber_v2,401,6,144,0.4592115581035614,0.0615234375
deep,saber_v2,401,6,145,0.43931710720062256,0.064453125
deep,saber_v2,401,6,146,0.4329560399055481,0.056640625
deep,saber_v2,401,6,147,0.419732004404068,0.0615234375
deep,saber_v2,401,6,148,0.4223785400390625,0.0498046875
deep,saber_v2,401,6,149,0.47010719776153564,0.0732421875
deep,saber_v2,401,6,150,0.4236401915550232,0.0546875
deep,saber_v2,401,6,151,0.41208282113075256,0.046875
deep,saber_v2,401,6,152,0.42217350006103516,0.0546875
deep,saber_v2,401,6,153,0.4449057877063751,0.052734375
deep,saber_v2,401,6,154,0.4523114562034607,0.060546875
deep,saber_v2,401,6,155,0.42918381094932556,0.0517578125
deep,saber_v2,401,6,156,0.4087662696838379,0.060546875
deep,saber_v2,401,6,157,0.45661458373069763,0.0517578125
deep,saber_v2,401,6,158,0.447557657957077,0.060546875
deep,saber_v2,401,6,159,0.4741421639919281,0.0517578125
deep,saber_v2,401,6,160,0.47810110449790955,0.0556640625
deep,saber_v2,401,6,161,0.49844640493392944,0.0576171875
deep,saber_v2,401,6,162,0.4533281922340393,0.05859375
deep,saber_v2,401,6,163,0.4570551812648773,0.0595703125
deep,saber_v2,401,6,164,0.38618004322052,0.06640625
deep,saber_v2,401,6,165,0.4079267680644989,0.0615234375
deep,saber_v2,401,6,166,0.5325939059257507,0.0400390625
deep,saber_v2,401,6,167,0.45328283309936523,0.0615234375
deep,saber_v2,401,6,168,0.5043874382972717,0.0615234375
deep,saber_v2,401,6,169,0.4160836637020111,0.0498046875
deep,saber_v2,401,6,170,0.4979506731033325,0.060546875
deep,saber_v2,401,6,171,0.45563817024230957,0.0498046875
deep,saber_v2,401,6,172,0.4606460928916931,0.05859375
deep,saber_v2,401,6,173,0.4148218333721161,0.0556640625
deep,saber_v2,401,6,174,0.4422958195209503,0.0537109375
deep,saber_v2,401,6,175,0.494706392288208,0.0634765625
deep,saber_v2,401,6,176,0.9739053249359131,0.05859375
deep,saber_v2,401,6,177,0.4552294611930847,0.064453125
deep,saber_v2,401,6,178,0.4597366750240326,0.064453125
deep,saber_v2,401,6,179,0.4826306700706482,0.05078125
deep,saber_v2,401,6,180,0.4455908238887787,0.0595703125
deep,saber_v2,401,6,181,0.4485305845737457,0.0625
deep,saber_v2,401,6,182,0.4954506754875183,0.05859375
deep,saber_v2,401,6,183,0.4131147265434265,0.052734375
deep,saber_v2,401,6,184,0.5103365182876587,0.06640625
deep,saber_v2,401,6,185,0.4147785007953644,0.052734375
deep,saber_v2,401,6,186,0.4767290949821472,0.0595703125
deep,saber_v2,401,6,187,0.42414215207099915,0.0498046875
deep,saber_v2,401,6,188,0.3950336277484894,0.0498046875
deep,saber_v2,401,6,189,0.41273778676986694,0.056640625
deep,saber_v2,401,6,190,0.43585047125816345,0.056640625
deep,saber_v2,401,6,191,0.4256245493888855,0.052734375
deep,saber_v2,401,6,192,0.4323178827762604,0.0615234375
deep,saber_v2,401,6,193,0.4193456768989563,0.05859375
deep,saber_v2,401,6,194,0.4007633626461029,0.0537109375
deep,saber_v2,401,6,195,0.3923490643501282,0.0576171875
deep,saber_v2,401,6,196,0.42830076813697815,0.0654296875
deep,saber_v2,401,6,197,0.40632444620132446,0.046875
deep,saber_v2,401,6,198,0.4191482961177826,0.0615234375
deep,saber_v2,401,6,199,0.41835707426071167,0.0625
deep,saber_v2,401,6,200,0.4606279730796814,0.05078125
deep,saber_v2,401,6,201,0.39061808586120605,0.0595703125
deep,saber_v2,401,6,202,0.4500546455383301,0.0439453125
deep,saber_v2,401,6,203,0.46971070766448975,0.0498046875
deep,saber_v2,401,6,204,0.4608258306980133,0.0615234375
deep,saber_v2,401,6,205,0.44497352838516235,0.0498046875
deep,saber_v2,401,6,206,0.38124340772628784,0.05078125
deep,saber_v2,401,6,207,0.45068299770355225,0.05078125
deep,saber_v2,401,6,208,0.4548179507255554,0.0546875
deep,saber_v2,401,6,209,0.4544323980808258,0.0556640625
deep,saber_v2,401,6,210,0.47014981508255005,0.0517578125
deep,saber_v2,401,6,211,0.38627976179122925,0.0498046875
deep,saber_v2,401,6,212,0.4846349060535431,0.0595703125
deep,saber_v2,401,6,213,0.41188788414001465,0.0419921875
deep,saber_v2,401,6,214,0.43002504110336304,0.05859375
deep,saber_v2,401,6,215,0.4114718437194824,0.060546875
deep,saber_v2,401,6,216,0.44346439838409424,0.0595703125
deep,saber_v2,401,6,217,0.4627592861652374,0.06640625
deep,saber_v2,401,6,218,0.47606176137924194,0.0634765625
deep,saber_v2,401,6,219,0.40751633048057556,0.0673828125
deep,saber_v2,401,6,220,0.4143768548965454,0.0458984375
deep,saber_v2,401,6,221,0.43440717458724976,0.0390625
deep,saber_v2,401,6,222,0.4576353430747986,0.056640625
deep,saber_v2,401,6,223,0.4275040924549103,0.05859375
deep,saber_v2,401,6,224,0.4593474864959717,0.05859375
deep,saber_v2,401,6,225,0.4646659195423126,0.0576171875
deep,saber_v2,401,6,226,0.41592416167259216,0.0390625
deep,saber_v2,401,6,227,0.4470652639865875,0.068359375
deep,saber_v2,401,6,228,0.42730820178985596,0.05078125
deep,saber_v2,401,6,229,0.4527645409107208,0.0517578125
deep,saber_v2,401,6,230,0.4465980529785156,0.0498046875
deep,saber_v2,401,6,231,0.45462092757225037,0.0546875
deep,saber_v2,401,6,232,0.43800243735313416,0.0625
deep,saber_v2,401,6,233,0.3828752338886261,0.0498046875
deep,saber_v2,401,6,234,0.41450509428977966,0.0478515625
deep,saber_v2,401,6,235,0.41297662258148193,0.0546875
deep,saber_v2,401,6,236,0.4833682179450989,0.0546875
deep,saber_v2,401,6,237,0.4170987010002136,0.0546875
deep,saber_v2,401,6,238,0.4075313210487366,0.0478515625
deep,saber_v2,401,6,239,0.4696337580680847,0.068359375
deep,saber_v2,401,6,240,0.4164654612541199,0.0537109375
deep,saber_v2,401,6,241,0.4109228551387787,0.0556640625
deep,saber_v2,401,6,242,0.43724218010902405,0.0625
deep,saber_v2,401,6,243,0.4426604211330414,0.0517578125
deep,saber_v2,401,6,244,0.4614587128162384,0.0634765625
deep,saber_v2,401,6,245,0.41002804040908813,0.0634765625
deep,saber_v2,401,6,246,0.4380340278148651,0.0537109375
deep,saber_v2,401,6,247,0.4533640444278717,0.0634765625
deep,saber_v2,401,6,248,0.42396846413612366,0.0595703125
deep,saber_v2,401,6,249,0.48149529099464417,0.0517578125
deep,saber_v2,401,6,250,0.4478492736816406,0.04731861129403114
shallow,fisher,101,1,0,1.0729166269302368,0.0595703125
shallow,fisher,101,1,1,1.017233967781067,0.05078125
shallow,fisher,101,1,2,0.9378769397735596,0.0498046875
shallow,fisher,101,1,3,0.9481127262115479,0.0576171875
shallow,fisher,101,1,4,0.8532471656799316,0.0478515625
shallow,fisher,101,1,5,0.7973071336746216,0.044921875
shallow,fisher,101,1,6,0.8130777478218079,0.060546875
shallow,fisher,101,1,7,0.8648732900619507,0.05859375
shallow,fisher,101,1,8,0.8990440368652344,0.0439453125
shallow,fisher,101,1,9,0.8224576115608215,0.0517578125
shallow,fisher,101,1,10,0.7952521443367004,0.0576171875
shallow,fisher,101,1,11,0.8656764030456543,0.05078125
shallow,fisher,101,1,12,0.7853015065193176,0.0654296875
shallow,fisher,101,1,13,0.8707564473152161,0.060546875
shallow,fisher,101,1,14,0.926550030708313,0.0390625
shallow,fisher,101,1,15,0.9215269684791565,0.052734375
shallow,fisher,101,1,16,0.8959232568740845,0.0615234375
shallow,fisher,101,1,17,0.7626945376396179,0.0576171875
shallow,fisher,101,1,18,0.8043515682220459,0.0556640625
shallow,fisher,101,1,19,0.8284955620765686,0.052734375
shallow,fisher,101,1,20,0.7639490962028503,0.0361328125
shallow,fisher,101,1,21,0.8282424807548523,0.05078125
shallow,fisher,101,1,22,0.7887465357780457,0.0615234375
shallow,fisher,101,1,23,0.8355680704116821,0.0458984375
shallow,fisher,101,1,24,0.7593094110488892,0.0556640625
shallow,fisher,101,1,25,0.7761200070381165,0.060546875
shallow,fisher,101,1,26,0.8124558329582214,0.052734375
shallow,fisher,101,1,27,0.78949373960495,0.048828125
shallow,fisher,101,1,28,0.7555249929428101,0.046875
shallow,fisher,101,1,29,0.7560170888900757,0.0458984375
shallow,fisher,101,1,30,0.7505811452865601,0.056640625
shallow,fisher,101,1,31,0.7786238789558411,0.0380859375
shallow,fisher,101,1,32,0.8884295225143433,0.0498046875
shallow,fisher,101,1,33,0.7319671511650085,0.0615234375
shallow,fisher,101,1,34,0.8515316247940063,0.0634765625
shallow,fisher,101,1,35,0.7740444540977478,0.0380859375
shallow,fisher,101,1,36,0.6831426024436951,0.0576171875
shallow,fisher,101,1,37,0.8144592046737671,0.0380859375
shallow,fisher,101,1,38,0.7503225207328796,0.0546875
shallow,fisher,101,1,39,0.8523395657539368,0.0615234375
shallow,fisher,101,1,40,0.7948108315467834,0.0634765625
shallow,fisher,101,1,41,0.6881757974624634,0.048828125
shallow,fisher,101,1,42,0.8045737147331238,0.046875
shallow,fisher,101,1,43,0.7981435656547546,0.0556640625
shallow,fisher,101,1,44,0.7464932799339294,0.078125
shallow,fisher,101,1,45,0.7824089527130127,0.0654296875
shallow,fisher,101,1,46,0.8055002093315125,0.0419921875
shallow,fisher,101,1,47,0.7339783310890198,0.05078125
shallow,fisher,101,1,48,0.826918363571167,0.0458984375
shallow,fisher,101,1,49,0.716903030872345,0.0498046875
shallow,fisher,101,1,50,0.7539963126182556,0.0517578125
shallow,fisher,101,1,51,0.8099653720855713,0.060546875
shallow,fisher,101,1,52,0.7325562834739685,0.0634765625
shallow,fisher,101,1,53,0.7819377779960632,0.0712890625
shallow,fisher,101,1,54,0.8307090997695923,0.046875
shallow,fisher,101,1,55,0.7610095739364624,0.0478515625
shallow,fisher,101,1,56,0.7658592462539673,0.0625
shallow,fisher,101,1,57,0.7783970832824707,0.06640625
shallow,fisher,101,1,58,0.7064082026481628,0.048828125
shallow,fisher,101,1,59,0.7976491451263428,0.06640625
shallow,fisher,101,1,60,0.8052221536636353,0.0546875
shallow,fisher,101,1,61,0.8188504576683044,0.0595703125
shallow,fisher,101,1,62,0.6625552177429199,0.05078125
shallow,fisher,101,1,63,0.7772936224937439,0.0625
shallow,fisher,101,1,64,0.7913050055503845,0.060546875
shallow,fisher,101,1,65,0.6638274788856506,0.060546875
shallow,fisher,101,1,66,0.7495850920677185,0.05078125
shallow,fisher,101,1,67,0.7323898077011108,0.0576171875
shallow,fisher,101,1,68,0.6795209646224976,0.0517578125
shallow,fisher,101,1,69,0.796601414680481,0.06640625
shallow,fisher,101,1,70,0.8287935853004456,0.0517578125
shallow,fisher,101,1,71,0.784338653087616,0.04296875
shallow,fisher,101,1,72,0.6979191899299622,0.048828125
shallow,fisher,101,1,73,0.7375093102455139,0.0517578125
shallow,fisher,101,1,74,0.7192051410675049,0.05859375
shallow,fisher,101,1,75,0.7124699354171753,0.0537109375
shallow,fisher,101,1,76,0.7070462107658386,0.064453125
shallow,fisher,101,1,77,0.6375553607940674,0.056640625
shallow,fisher,101,1,78,0.6801425814628601,0.0654296875
shallow,fisher,101,1,79,0.7630269527435303,0.064453125
shallow,fisher,101,1,80,0.7317225933074951,0.0478515625
shallow,fisher,101,1,81,0.654060959815979,0.0439453125
shallow,fisher,101,1,82,0.7447985410690308,0.06640625
shallow,fisher,101,1,83,0.6995801329612732,0.0546875
shallow,fisher,101,1,84,0.7568831443786621,0.056640625
shallow,fisher,101,1,85,0.6774543523788452,0.068359375
shallow,fisher,101,1,86,0.7525187134742737,0.0634765625
shallow,fisher,101,1,87,0.7196733355522156,0.048828125
shallow,fisher,101,1,88,0.7669015526771545,0.052734375
shallow,fisher,101,1,89,0.7546538710594177,0.0693359375
shallow,fisher,101,1,90,0.7310251593589783,0.0673828125
shallow,fisher,101,1,91,0.820526123046875,0.0673828125
shallow,fisher,101,1,92,0.7557920217514038,0.06640625
shallow,fisher,101,1,93,0.6456049680709839,0.046875
shallow,fisher,101,1,94,0.7663159370422363,0.0419921875
shallow,fisher,101,1,95,0.691798746585846,0.0517578125
shallow,fisher,101,1,96,0.7078392505645752,0.046875
shallow,fisher,101,1,97,0.6840535998344421,0.0576171875
shallow,fisher,101,1,98,0.7024266719818115,0.0634765625
shallow,fisher,101,1,99,0.7549451589584351,0.05078125
shallow,fisher,101,1,100,0.6606593728065491,0.046875
shallow,fisher,101,1,101,0.7403404116630554,0.0654296875
shallow,fisher,101,1,102,0.7116350531578064,0.0537109375
shallow,fisher,101,1,103,0.6880406141281128,0.06640625
shallow,fisher,101,1,104,0.6885418891906738,0.0615234375
shallow,fisher,101,1,105,0.7110607624053955,0.0634765625
shallow,fisher,101,1,106,0.7620250582695007,0.0478515625
shallow,fisher,101,1,107,0.6728748083114624,0.0615234375
shallow,fisher,101,1,108,0.6846755743026733,0.0517578125
shallow,fisher,101,1,109,0.6996569633483887,0.046875
shallow,fisher,101,1,110,0.645574688911438,0.0625
shallow,fisher,101,1,111,0.7750195860862732,0.0400390625
shallow,fisher,101,1,112,0.7057767510414124,0.0576171875
shallow,fisher,101,1,113,0.6228345036506653,0.0517578125
shallow,fisher,101,1,114,0.6925531029701233,0.0458984375
shallow,fisher,101,1,115,0.6792961359024048,0.0546875
shallow,fisher,101,1,116,0.6810674667358398,0.0439453125
shallow,fisher,101,1,117,0.6105343103408813,0.0478515625
shallow,fisher,101,1,118,0.6504781246185303,0.048828125
shallow,fisher,101,1,119,0.7331148386001587,0.064453125
shallow,fisher,101,1,120,0.6644755601882935,0.056640625
shallow,fisher,101,1,121,0.5974206924438477,0.052734375
shallow,fisher,101,1,122,0.664776086807251,0.0556640625
shallow,fisher,101,1,123,0.701482355594635,0.056640625
shallow,fisher,101,1,124,0.6416513323783875,0.0654296875
shallow,fisher,101,1,125,0.766462504863739,0.0498046875
shallow,fisher,101,1,126,0.6871439814567566,0.0517578125
shallow,fisher,101,1,127,0.6749382019042969,0.0556640625
shallow,fisher,101,1,128,0.6668986082077026,0.0537109375
shallow,fisher,101,1,129,0.700154185295105,0.048828125
shallow,fisher,101,1,130,0.7678084969520569,0.048828125
shallow,fisher,101,1,131,0.6906211376190186,0.05859375
shallow,fisher,101,1,132,0.7151136994361877,0.052734375
shallow,fisher,101,1,133,0.7523936629295349,0.0498046875
shallow,fisher,101,1,134,0.6687343120574951,0.060546875
shallow,fisher,101,1,135,0.7416590452194214,0.0546875
shallow,fisher,101,1,136,0.7011701464653015,0.0654296875
shallow,fisher,101,1,137,0.6820888519287109,0.048828125
shallow,fisher,101,1,138,0.6433617472648621,0.0576171875
shallow,fisher,101,1,139,0.6909694671630859,0.056640625
shallow,fisher,101,1,140,0.6377559304237366,0.0400390625
shallow,fisher,101,1,141,0.6901789307594299,0.0595703125
shallow,fisher,101,1,142,0.716971755027771,0.0537109375
shallow,fisher,101,1,143,0.6363956928253174,0.0546875
shallow,fisher,101,1,144,0.7321933507919312,0.0458984375
shallow,fisher,101,1,145,0.6373687982559204,0.0634765625
shallow,fisher,101,1,146,0.6230217218399048,0.06640625
shallow,fisher,101,1,147,0.6423588395118713,0.0537109375
shallow,fisher,101,1,148,0.72269606590271,0.048828125
shallow,fisher,101,1,149,0.6672801375389099,0.0556640625
shallow,fisher,101,1,150,0.6725172400474548,0.0634765625
shallow,fisher,101,1,151,0.6517155170440674,0.0576171875
shallow,fisher,101,1,152,0.7286266088485718,0.052734375
shallow,fisher,101,1,153,0.6794017553329468,0.0546875
shallow,fisher,101,1,154,0.6985841393470764,0.0546875
shallow,fisher,101,1,155,0.642579197883606,0.052734375
shallow,fisher,101,1,156,0.6441793441772461,0.0673828125
shallow,fisher,101,1,157,1.0317742824554443,0.0419921875
shallow,fisher,101,1,158,0.6954340934753418,0.0419921875
shallow,fisher,101,1,159,0.7376676201820374,0.048828125
shallow,fisher,101,1,160,0.6456679701805115,0.0576171875
shallow,fisher,101,1,161,0.6879231929779053,0.048828125
shallow,fisher,101,1,162,0.7159183025360107,0.048828125
shallow,fisher,101,1,163,0.6112377643585205,0.0537109375
shallow,fisher,101,1,164,0.712387204170227,0.052734375
shallow,fisher,101,1,165,0.6433154344558716,0.0478515625
shallow,fisher,101,1,166,0.6575946807861328,0.0517578125
shallow,fisher,101,1,167,0.6903811693191528,0.060546875
shallow,fisher,101,1,168,0.5828743577003479,0.0576171875
shallow,fisher,101,1,169,0.715967059135437,0.0537109375
shallow,fisher,101,1,170,0.7158962488174438,0.06640625
shallow,fisher,101,1,171,0.6046085357666016,0.0546875
shallow,fisher,101,1,172,0.6382755041122437,0.0576171875
shallow,fisher,101,1,173,0.675826907157898,0.046875
shallow,fisher,101,1,174,0.6482132077217102,0.0576171875
shallow,fisher,101,1,175,0.6233180165290833,0.056640625
shallow,fisher,101,1,176,0.6560052037239075,0.0556640625
shallow,fisher,101,1,177,0.8237892985343933,0.0576171875
shallow,fisher,101,1,178,0.6439873576164246,0.0537109375
shallow,fisher,101,1,179,0.690187394618988,0.0625
shallow,fisher,101,1,180,0.6654136180877686,0.060546875
shallow,fisher,101,1,181,0.6682673096656799,0.0625
shallow,fisher,101,1,182,0.6563812494277954,0.0517578125
shallow,fisher,101,1,183,0.6818171143531799,0.07421875
shallow,fisher,101,1,184,0.6998525261878967,0.0478515625
shallow,fisher,101,1,185,0.668005108833313,0.0625
shallow,fisher,101,1,186,0.6238889694213867,0.0654296875
shallow,fisher,101,1,187,0.6268556118011475,0.060546875
shallow,fisher,101,1,188,0.6935440897941589,0.0546875
shallow,fisher,101,1,189,0.656879186630249,0.0625
shallow,fisher,101,1,190,0.610508382320404,0.0517578125
shallow,fisher,101,1,191,0.777588963508606,0.0634765625
shallow,fisher,101,1,192,0.6527107357978821,0.0537109375
shallow,fisher,101,1,193,0.6016294360160828,0.05078125
shallow,fisher,101,1,194,0.6748451590538025,0.0556640625
shallow,fisher,101,1,195,0.5919597148895264,0.0390625
shallow,fisher,101,1,196,0.64864581823349,0.05078125
shallow,fisher,101,1,197,0.6273970007896423,0.0576171875
shallow,fisher,101,1,198,0.5873576402664185,0.0634765625
shallow,fisher,101,1,199,0.6333887577056885,0.0419921875
shallow,fisher,101,1,200,0.6331884264945984,0.052734375
shallow,fisher,101,1,201,0.6420273780822754,0.05078125
shallow,fisher,101,1,202,0.6336643695831299,0.05859375
shallow,fisher,101,1,203,0.6251092553138733,0.0673828125
shallow,fisher,101,1,204,0.6010212898254395,0.0498046875
shallow,fisher,101,1,205,0.6343942284584045,0.0498046875
shallow,fisher,101,1,206,0.6078401207923889,0.052734375
shallow,fisher,101,1,207,0.566378116607666,0.0546875
shallow,fisher,101,1,208,0.6437838673591614,0.052734375
shallow,fisher,101,1,209,0.6238335371017456,0.0517578125
shallow,fisher,101,1,210,0.6816201210021973,0.0556640625
shallow,fisher,101,1,211,0.618904709815979,0.0478515625
shallow,fisher,101,1,212,0.6266917586326599,0.0556640625
shallow,fisher,101,1,213,0.7266056537628174,0.0537109375
shallow,fisher,101,1,214,0.6420202255249023,0.04296875
shallow,fisher,101,1,215,0.7134935259819031,0.0537109375
shallow,fisher,101,1,216,0.6481196880340576,0.0556640625
shallow,fisher,101,1,217,0.650791585445404,0.0439453125
shallow,fisher,101,1,218,0.5595259666442871,0.052734375
shallow,fisher,101,1,219,0.6698668003082275,0.056640625
shallow,fisher,101,1,220,0.6404220461845398,0.05859375
shallow,fisher,101,1,221,0.6515491008758545,0.068359375
shallow,fisher,101,1,222,0.6567634344100952,0.0517578125
shallow,fisher,101,1,223,0.6503725647926331,0.05859375
shallow,fisher,101,1,224,0.6813620924949646,0.0546875
shallow,fisher,101,1,225,0.6111374497413635,0.046875
shallow,fisher,101,1,226,0.6558185815811157,0.048828125
shallow,fisher,101,1,227,0.6941522359848022,0.0478515625
shallow,fisher,101,1,228,0.6691422462463379,0.0546875
shallow,fisher,101,1,229,0.7176716327667236,0.05078125
shallow,fisher,101,1,230,0.5875447392463684,0.052734375
shallow,fisher,101,1,231,0.663662314414978,0.041015625
shallow,fisher,101,1,232,0.6412630081176758,0.05859375
shallow,fisher,101,1,233,0.6936788558959961,0.05859375
shallow,fisher,101,1,234,0.6800710558891296,0.0517578125
shallow,fisher,101,1,235,0.68619704246521,0.0595703125
shallow,fisher,101,1,236,0.639175295829773,0.0478515625
shallow,fisher,101,1,237,0.6702285408973694,0.0595703125
shallow,fisher,101,1,238,0.7858738899230957,0.052734375
shallow,fisher,101,1,239,0.6805968284606934,0.060546875
shallow,fisher,101,1,240,0.674104630947113,0.060546875
shallow,fisher,101,1,241,0.5950244665145874,0.0517578125
shallow,fisher,101,1,242,0.6747457981109619,0.060546875
shallow,fisher,101,1,243,0.6365511417388916,0.0546875
shallow,fisher,101,1,244,0.6196390986442566,0.0546875
shallow,fisher,101,1,245,0.6076064109802246,0.056640625
shallow,fisher,101,1,246,0.5984936952590942,0.0791015625
shallow,fisher,101,1,247,0.5707864165306091,0.06640625
shallow,fisher,101,1,248,0.6418523192405701,0.0595703125
shallow,fisher,101,1,249,0.6457839608192444,0.0673828125
shallow,fisher,101,1,250,0.7258540987968445,0.06309148669242859
shallow,fisher,101,2,0,0.6336406469345093,0.0439453125
shallow,fisher,101,2,1,0.6446241140365601,0.0498046875
shallow,fisher,101,2,2,0.5793625712394714,0.048828125
shallow,fisher,101,2,3,0.5994683504104614,0.0537109375
shallow,fisher,101,2,4,0.7048683166503906,0.0478515625
shallow,fisher,101,2,5,0.5979381203651428,0.0537109375
shallow,fisher,101,2,6,0.6698546409606934,0.0478515625
shallow,fisher,101,2,7,0.6678842306137085,0.0634765625
shallow,fisher,101,2,8,0.6341947913169861,0.0537109375
shallow,fisher,101,2,9,0.6376058459281921,0.0693359375
shallow,fisher,101,2,10,0.6724147200584412,0.0517578125
shallow,fisher,101,2,11,0.6111589074134827,0.0517578125
shallow,fisher,101,2,12,0.6041232943534851,0.0478515625
shallow,fisher,101,2,13,0.6143982410430908,0.0498046875
shallow,fisher,101,2,14,0.6124112010002136,0.052734375
shallow,fisher,101,2,15,0.6015729308128357,0.0732421875
shallow,fisher,101,2,16,0.5786807537078857,0.07421875
shallow,fisher,101,2,17,0.630379855632782,0.048828125
shallow,fisher,101,2,18,0.6077824831008911,0.056640625
shallow,fisher,101,2,19,0.6947620511054993,0.060546875
shallow,fisher,101,2,20,0.5937283635139465,0.0595703125
shallow,fisher,101,2,21,0.6350189447402954,0.064453125
shallow,fisher,101,2,22,0.6264798045158386,0.0576171875
shallow,fisher,101,2,23,0.6268534660339355,0.04296875
shallow,fisher,101,2,24,0.5980368256568909,0.052734375
shallow,fisher,101,2,25,0.5793542861938477,0.0732421875
shallow,fisher,101,2,26,0.6659950613975525,0.0556640625
shallow,fisher,101,2,27,0.6648557782173157,0.0595703125
shallow,fisher,101,2,28,0.6241178512573242,0.048828125
shallow,fisher,101,2,29,0.6226958632469177,0.06640625
shallow,fisher,101,2,30,0.6464571952819824,0.0654296875
shallow,fisher,101,2,31,0.65921550989151,0.04296875
shallow,fisher,101,2,32,0.6576356291770935,0.044921875
shallow,fisher,101,2,33,0.6503700613975525,0.0537109375
shallow,fisher,101,2,34,0.6688184142112732,0.052734375
shallow,fisher,101,2,35,0.59629887342453,0.0595703125
shallow,fisher,101,2,36,0.598915159702301,0.046875
shallow,fisher,101,2,37,0.6228696703910828,0.0546875
shallow,fisher,101,2,38,0.548653244972229,0.060546875
shallow,fisher,101,2,39,0.6862413883209229,0.0556640625
shallow,fisher,101,2,40,0.692827582359314,0.0537109375
shallow,fisher,101,2,41,0.6220787167549133,0.0517578125
shallow,fisher,101,2,42,0.6521472334861755,0.0556640625
shallow,fisher,101,2,43,0.6090039014816284,0.0517578125
shallow,fisher,101,2,44,0.6189599633216858,0.064453125
shallow,fisher,101,2,45,0.7190126776695251,0.0546875
shallow,fisher,101,2,46,0.579412579536438,0.064453125
shallow,fisher,101,2,47,0.5907130241394043,0.056640625
shallow,fisher,101,2,48,0.6183651089668274,0.0537109375
shallow,fisher,101,2,49,0.6613727807998657,0.0537109375
shallow,fisher,101,2,50,0.6606667041778564,0.060546875
shallow,fisher,101,2,51,0.6156942844390869,0.0634765625
shallow,fisher,101,2,52,0.6411446928977966,0.0537109375
shallow,fisher,101,2,53,0.5676707029342651,0.060546875
shallow,fisher,101,2,54,0.625483512878418,0.0615234375
shallow,fisher,101,2,55,0.6203243136405945,0.0478515625
shallow,fisher,101,2,56,0.5977387428283691,0.060546875
shallow,fisher,101,2,57,0.6149360537528992,0.0751953125
shallow,fisher,101,2,58,0.6190153956413269,0.048828125
shallow,fisher,101,2,59,0.6104757189750671,0.060546875
shallow,fisher,101,2,60,0.6036418080329895,0.0498046875
shallow,fisher,101,2,61,0.5782278776168823,0.0537109375
shallow,fisher,101,2,62,0.5851396322250366,0.052734375
shallow,fisher,101,2,63,0.6960911750793457,0.0478515625
shallow,fisher,101,2,64,0.6068043112754822,0.0537109375
shallow,fisher,101,2,65,0.623746931552887,0.068359375
shallow,fisher,101,2,66,0.5343722105026245,0.0576171875
shallow,fisher,101,2,67,0.6047632694244385,0.048828125
shallow,fisher,101,2,68,0.6359716057777405,0.060546875
shallow,fisher,101,2,69,0.60475093126297,0.0478515625
shallow,fisher,101,2,70,0.5878470540046692,0.0634765625
shallow,fisher,101,2,71,0.6087318658828735,0.0712890625
shallow,fisher,101,2,72,0.5994317531585693,0.0439453125
shallow,fisher,101,2,73,0.6382195353507996,0.0625
shallow,fisher,101,2,74,0.7568203806877136,0.0546875
shallow,fisher,101,2,75,0.6548475027084351,0.0546875
shallow,fisher,101,2,76,0.6123999357223511,0.0556640625
shallow,fisher,101,2,77,0.5751241445541382,0.0478515625
shallow,fisher,101,2,78,0.6574722528457642,0.0595703125
shallow,fisher,101,2,79,0.7780023217201233,0.0595703125
shallow,fisher,101,2,80,0.5978162884712219,0.052734375
shallow,fisher,101,2,81,0.5590823292732239,0.0361328125
shallow,fisher,101,2,82,0.663109540939331,0.052734375
shallow,fisher,101,2,83,0.6884828209877014,0.0712890625
shallow,fisher,101,2,84,0.5981374979019165,0.05078125
shallow,fisher,101,2,85,0.5750917792320251,0.0654296875
shallow,fisher,101,2,86,0.5541302561759949,0.05859375
shallow,fisher,101,2,87,0.6145803332328796,0.0498046875
shallow,fisher,101,2,88,0.594825804233551,0.0419921875
shallow,fisher,101,2,89,0.5982134342193604,0.0576171875
shallow,fisher,101,2,90,0.6069364547729492,0.056640625
shallow,fisher,101,2,91,0.6037042140960693,0.0439453125
shallow,fisher,101,2,92,0.562085747718811,0.0546875
shallow,fisher,101,2,93,0.6345831751823425,0.0517578125
shallow,fisher,101,2,94,0.5543079376220703,0.04296875
shallow,fisher,101,2,95,0.6164764165878296,0.05859375
shallow,fisher,101,2,96,0.5913572907447815,0.0625
shallow,fisher,101,2,97,0.6601933240890503,0.060546875
shallow,fisher,101,2,98,0.5346602201461792,0.05859375
shallow,fisher,101,2,99,0.6015511751174927,0.05078125
shallow,fisher,101,2,100,0.5684852600097656,0.0576171875
shallow,fisher,101,2,101,0.7086775898933411,0.0478515625
shallow,fisher,101,2,102,0.5617484450340271,0.068359375
shallow,fisher,101,2,103,1.0573025941848755,0.0634765625
shallow,fisher,101,2,104,0.5544701218605042,0.0595703125
shallow,fisher,101,2,105,0.5919792652130127,0.06640625
shallow,fisher,101,2,106,0.6606839299201965,0.052734375
shallow,fisher,101,2,107,0.5739108324050903,0.048828125
shallow,fisher,101,2,108,0.6618771553039551,0.041015625
shallow,fisher,101,2,109,0.5722973346710205,0.044921875
shallow,fisher,101,2,110,0.6516873240470886,0.0498046875
shallow,fisher,101,2,111,0.5988852977752686,0.064453125
shallow,fisher,101,2,112,0.5639914274215698,0.046875
shallow,fisher,101,2,113,0.6534181833267212,0.0478515625
shallow,fisher,101,2,114,0.6218816041946411,0.0517578125
shallow,fisher,101,2,115,0.6173330545425415,0.0546875
shallow,fisher,101,2,116,0.62632155418396,0.0458984375
shallow,fisher,101,2,117,0.646345317363739,0.0390625
shallow,fisher,101,2,118,0.5496168732643127,0.056640625
shallow,fisher,101,2,119,0.6449928283691406,0.0517578125
shallow,fisher,101,2,120,0.5773357152938843,0.0517578125
shallow,fisher,101,2,121,0.5769346356391907,0.0380859375
shallow,fisher,101,2,122,0.6287702322006226,0.0419921875
shallow,fisher,101,2,123,0.6833419799804688,0.0625
shallow,fisher,101,2,124,0.5867841243743896,0.064453125
shallow,fisher,101,2,125,0.6354606747627258,0.0556640625
shallow,fisher,101,2,126,0.5625929236412048,0.0546875
shallow,fisher,101,2,127,0.5359798669815063,0.052734375
shallow,fisher,101,2,128,0.62870854139328,0.0693359375
shallow,fisher,101,2,129,0.6383302211761475,0.05078125
shallow,fisher,101,2,130,0.6274212002754211,0.0625
shallow,fisher,101,2,131,0.5758275389671326,0.060546875
shallow,fisher,101,2,132,0.6523518562316895,0.0595703125
shallow,fisher,101,2,133,0.5587469935417175,0.0546875
shallow,fisher,101,2,134,0.6111364364624023,0.05859375
shallow,fisher,101,2,135,0.5511242151260376,0.056640625
shallow,fisher,101,2,136,0.5593608617782593,0.052734375
shallow,fisher,101,2,137,0.6202533841133118,0.0390625
shallow,fisher,101,2,138,0.6604597568511963,0.0615234375
shallow,fisher,101,2,139,0.6642463803291321,0.0556640625
shallow,fisher,101,2,140,0.5723276734352112,0.0625
shallow,fisher,101,2,141,0.647061824798584,0.0595703125
shallow,fisher,101,2,142,0.6116157174110413,0.0537109375
shallow,fisher,101,2,143,0.6034656763076782,0.0673828125
shallow,fisher,101,2,144,0.5601993203163147,0.0517578125
shallow,fisher,101,2,145,0.5762798190116882,0.0595703125
shallow,fisher,101,2,146,0.5939879417419434,0.064453125
shallow,fisher,101,2,147,0.6465879678726196,0.0625
shallow,fisher,101,2,148,0.6325612664222717,0.064453125
shallow,fisher,101,2,149,0.5661177039146423,0.048828125
shallow,fisher,101,2,150,0.5546026825904846,0.0498046875
shallow,fisher,101,2,151,0.6104984879493713,0.05859375
shallow,fisher,101,2,152,0.6239641904830933,0.0703125
shallow,fisher,101,2,153,0.8505579829216003,0.044921875
shallow,fisher,101,2,154,0.6291177868843079,0.0576171875
shallow,fisher,101,2,155,0.5269836783409119,0.0595703125
shallow,fisher,101,2,156,0.6142246723175049,0.0732421875
shallow,fisher,101,2,157,0.6044221520423889,0.0556640625
shallow,fisher,101,2,158,0.5494611859321594,0.0439453125
shallow,fisher,101,2,159,0.5877776741981506,0.0419921875
shallow,fisher,101,2,160,0.5664819478988647,0.0595703125
shallow,fisher,101,2,161,0.6190621852874756,0.0478515625
shallow,fisher,101,2,162,0.6225743293762207,0.0595703125
shallow,fisher,101,2,163,0.658063530921936,0.0751953125
shallow,fisher,101,2,164,0.6467904448509216,0.0546875
shallow,fisher,101,2,165,0.5937907695770264,0.0673828125
shallow,fisher,101,2,166,0.508264422416687,0.048828125
shallow,fisher,101,2,167,0.5757521390914917,0.0341796875
shallow,fisher,101,2,168,0.641869306564331,0.041015625
shallow,fisher,101,2,169,0.5752378106117249,0.0517578125
shallow,fisher,101,2,170,0.5115655660629272,0.048828125
shallow,fisher,101,2,171,0.562630832195282,0.0458984375
shallow,fisher,101,2,172,0.6308660507202148,0.0595703125
shallow,fisher,101,2,173,0.5772388577461243,0.0615234375
shallow,fisher,101,2,174,0.5890464186668396,0.0556640625
shallow,fisher,101,2,175,0.5820348858833313,0.060546875
shallow,fisher,101,2,176,0.4902381896972656,0.052734375
shallow,fisher,101,2,177,0.6951742768287659,0.0498046875
shallow,fisher,101,2,178,0.5632794499397278,0.0546875
shallow,fisher,101,2,179,0.5885130763053894,0.0576171875
shallow,fisher,101,2,180,0.5681537985801697,0.0693359375
shallow,fisher,101,2,181,0.6405147314071655,0.0380859375
shallow,fisher,101,2,182,0.6475728154182434,0.0556640625
shallow,fisher,101,2,183,0.6175283193588257,0.0556640625
shallow,fisher,101,2,184,0.6416409611701965,0.052734375
shallow,fisher,101,2,185,0.52911376953125,0.060546875
shallow,fisher,101,2,186,0.61139315366745,0.05859375
shallow,fisher,101,2,187,0.5956693887710571,0.0400390625
shallow,fisher,101,2,188,0.5646355748176575,0.0625
shallow,fisher,101,2,189,0.6100959777832031,0.0703125
shallow,fisher,101,2,190,0.5173315405845642,0.0556640625
shallow,fisher,101,2,191,0.6143412590026855,0.0556640625
shallow,fisher,101,2,192,0.5962792634963989,0.048828125
shallow,fisher,101,2,193,0.5891072750091553,0.05078125
shallow,fisher,101,2,194,0.5488481521606445,0.0537109375
shallow,fisher,101,2,195,0.6326645016670227,0.060546875
shallow,fisher,101,2,196,0.5842840075492859,0.05859375
shallow,fisher,101,2,197,0.5690572261810303,0.0595703125
shallow,fisher,101,2,198,0.592089831829071,0.048828125
shallow,fisher,101,2,199,0.6178877949714661,0.052734375
shallow,fisher,101,2,200,0.5803064107894897,0.064453125
shallow,fisher,101,2,201,0.619910717010498,0.044921875
shallow,fisher,101,2,202,0.607913076877594,0.056640625
shallow,fisher,101,2,203,0.6107897758483887,0.0458984375
shallow,fisher,101,2,204,0.6240605711936951,0.056640625
shallow,fisher,101,2,205,0.5402868986129761,0.0625
shallow,fisher,101,2,206,0.6076298952102661,0.05078125
shallow,fisher,101,2,207,0.5596582293510437,0.0537109375
shallow,fisher,101,2,208,0.6007876992225647,0.0625
shallow,fisher,101,2,209,0.6021751165390015,0.0556640625
shallow,fisher,101,2,210,0.5518795847892761,0.0537109375
shallow,fisher,101,2,211,0.5668241381645203,0.056640625
shallow,fisher,101,2,212,0.6464677453041077,0.060546875
shallow,fisher,101,2,213,0.6039186120033264,0.04296875
shallow,fisher,101,2,214,0.6035789251327515,0.0654296875
shallow,fisher,101,2,215,0.5673299431800842,0.0615234375
shallow,fisher,101,2,216,0.5808847546577454,0.0517578125
shallow,fisher,101,2,217,0.6318422555923462,0.041015625
shallow,fisher,101,2,218,0.5304879546165466,0.0546875
shallow,fisher,101,2,219,0.5669771432876587,0.05078125
shallow,fisher,101,2,220,0.5922626256942749,0.0400390625
shallow,fisher,101,2,221,0.5391409993171692,0.0537109375
shallow,fisher,101,2,222,0.6241447925567627,0.056640625
shallow,fisher,101,2,223,0.6104690432548523,0.0576171875
shallow,fisher,101,2,224,0.5980941653251648,0.05078125
shallow,fisher,101,2,225,0.5819357633590698,0.0498046875
shallow,fisher,101,2,226,0.5589459538459778,0.0537109375
shallow,fisher,101,2,227,0.6327633857727051,0.0517578125
shallow,fisher,101,2,228,0.5354865193367004,0.046875
shallow,fisher,101,2,229,0.5783008933067322,0.05859375
shallow,fisher,101,2,230,0.6359268426895142,0.0498046875
shallow,fisher,101,2,231,0.5869836807250977,0.05078125
shallow,fisher,101,2,232,0.6033246517181396,0.0498046875
shallow,fisher,101,2,233,0.5830258131027222,0.041015625
shallow,fisher,101,2,234,0.5445578098297119,0.0576171875
shallow,fisher,101,2,235,0.55873703956604,0.0537109375
shallow,fisher,101,2,236,0.6073087453842163,0.052734375
shallow,fisher,101,2,237,0.4869283437728882,0.0556640625
shallow,fisher,101,2,238,0.6147188544273376,0.0556640625
shallow,fisher,101,2,239,0.6252779960632324,0.0595703125
shallow,fisher,101,2,240,0.6202337741851807,0.0546875
shallow,fisher,101,2,241,0.5606778264045715,0.0439453125
shallow,fisher,101,2,242,0.6250266432762146,0.05859375
shallow,fisher,101,2,243,0.6020140647888184,0.0556640625
shallow,fisher,101,2,244,0.6443519592285156,0.05859375
shallow,fisher,101,2,245,0.5602940917015076,0.0517578125
shallow,fisher,101,2,246,0.5837555527687073,0.0458984375
shallow,fisher,101,2,247,0.6422988772392273,0.0517578125
shallow,fisher,101,2,248,0.5248045325279236,0.0576171875
shallow,fisher,101,2,249,0.5826159119606018,0.0703125
shallow,fisher,101,2,250,0.5984101295471191,0.041009463369846344
shallow,fisher,101,3,0,0.5826845169067383,0.046875
shallow,fisher,101,3,1,0.6382104158401489,0.0615234375
shallow,fisher,101,3,2,0.5984487533569336,0.0419921875
shallow,fisher,101,3,3,0.6346067786216736,0.0625
shallow,fisher,101,3,4,0.574467658996582,0.0498046875
shallow,fisher,101,3,5,0.6257123351097107,0.0498046875
shallow,fisher,101,3,6,0.5945428013801575,0.0595703125
shallow,fisher,101,3,7,0.6389687061309814,0.05078125
shallow,fisher,101,3,8,0.5661361217498779,0.0537109375
shallow,fisher,101,3,9,0.5588313341140747,0.05859375
shallow,fisher,101,3,10,0.5539880394935608,0.0517578125
shallow,fisher,101,3,11,0.6113073229789734,0.0576171875
shallow,fisher,101,3,12,0.5332720279693604,0.0556640625
shallow,fisher,101,3,13,0.5944995880126953,0.052734375
shallow,fisher,101,3,14,0.5250323414802551,0.0654296875
shallow,fisher,101,3,15,0.614780604839325,0.0498046875
shallow,fisher,101,3,16,0.5734966993331909,0.07421875
shallow,fisher,101,3,17,0.6342831254005432,0.05078125
shallow,fisher,101,3,18,0.5521327257156372,0.056640625
shallow,fisher,101,3,19,0.5535390377044678,0.052734375
shallow,fisher,101,3,20,0.5546058416366577,0.064453125
shallow,fisher,101,3,21,0.5535157322883606,0.060546875
shallow,fisher,101,3,22,0.6229644417762756,0.048828125
shallow,fisher,101,3,23,0.606765627861023,0.0625
shallow,fisher,101,3,24,0.6213500499725342,0.0419921875
shallow,fisher,101,3,25,0.6008113622665405,0.0517578125
shallow,fisher,101,3,26,0.6585257053375244,0.0439453125
shallow,fisher,101,3,27,0.5978214144706726,0.0546875
shallow,fisher,101,3,28,0.5613892078399658,0.05078125
shallow,fisher,101,3,29,0.5594653487205505,0.0615234375
shallow,fisher,101,3,30,0.5748574733734131,0.0556640625
shallow,fisher,101,3,31,0.5976846814155579,0.044921875
shallow,fisher,101,3,32,0.6006251573562622,0.056640625
shallow,fisher,101,3,33,0.6029180884361267,0.0556640625
shallow,fisher,101,3,34,0.6583167910575867,0.0546875
shallow,fisher,101,3,35,0.6122427582740784,0.05078125
shallow,fisher,101,3,36,0.6314201354980469,0.037109375
shallow,fisher,101,3,37,0.5775839686393738,0.0556640625
shallow,fisher,101,3,38,0.5790553689002991,0.04296875
shallow,fisher,101,3,39,0.6110262870788574,0.0654296875
shallow,fisher,101,3,40,0.5942474603652954,0.0458984375
shallow,fisher,101,3,41,0.6071077585220337,0.056640625
shallow,fisher,101,3,42,0.5128808617591858,0.0400390625
shallow,fisher,101,3,43,0.5486733913421631,0.046875
shallow,fisher,101,3,44,0.6287818551063538,0.0634765625
shallow,fisher,101,3,45,0.5736141204833984,0.0576171875
shallow,fisher,101,3,46,0.6622429490089417,0.0625
shallow,fisher,101,3,47,0.5583943128585815,0.0556640625
shallow,fisher,101,3,48,0.5307777523994446,0.0576171875
shallow,fisher,101,3,49,0.5423590540885925,0.041015625
shallow,fisher,101,3,50,0.5557460784912109,0.0556640625
shallow,fisher,101,3,51,0.5629175901412964,0.052734375
shallow,fisher,101,3,52,0.5613144040107727,0.0654296875
shallow,fisher,101,3,53,0.6356255412101746,0.0546875
shallow,fisher,101,3,54,0.6515724658966064,0.060546875
shallow,fisher,101,3,55,0.6062546372413635,0.052734375
shallow,fisher,101,3,56,0.5748689770698547,0.0673828125
shallow,fisher,101,3,57,0.5268257260322571,0.0556640625
shallow,fisher,101,3,58,0.559806764125824,0.056640625
shallow,fisher,101,3,59,0.569153904914856,0.0478515625
shallow,fisher,101,3,60,0.5547065138816833,0.0517578125
shallow,fisher,101,3,61,0.5510721802711487,0.056640625
shallow,fisher,101,3,62,0.5507097244262695,0.0615234375
shallow,fisher,101,3,63,0.6020596027374268,0.05078125
shallow,fisher,101,3,64,0.5770271420478821,0.07421875
shallow,fisher,101,3,65,0.5651623606681824,0.0576171875
shallow,fisher,101,3,66,0.5387290120124817,0.0576171875
shallow,fisher,101,3,67,0.5281836986541748,0.064453125
shallow,fisher,101,3,68,0.5939013361930847,0.0546875
shallow,fisher,101,3,69,0.612679123878479,0.060546875
shallow,fisher,101,3,70,0.5589497685432434,0.0556640625
shallow,fisher,101,3,71,0.5867374539375305,0.0458984375
shallow,fisher,101,3,72,0.5420461893081665,0.0439453125
shallow,fisher,101,3,73,0.6368818879127502,0.0634765625
shallow,fisher,101,3,74,0.5809888243675232,0.0595703125
shallow,fisher,101,3,75,0.5624719262123108,0.0400390625
shallow,fisher,101,3,76,0.5199252367019653,0.0517578125
shallow,fisher,101,3,77,0.6328035593032837,0.05078125
shallow,fisher,101,3,78,0.5575277805328369,0.05078125
shallow,fisher,101,3,79,0.522479772567749,0.0498046875
shallow,fisher,101,3,80,0.521909236907959,0.052734375
shallow,fisher,101,3,81,0.5943465828895569,0.0546875
shallow,fisher,101,3,82,0.596149206161499,0.0576171875
shallow,fisher,101,3,83,0.6173936724662781,0.0595703125
shallow,fisher,101,3,84,0.577822208404541,0.05078125
shallow,fisher,101,3,85,0.6174808740615845,0.0703125
shallow,fisher,101,3,86,0.6367872357368469,0.06640625
shallow,fisher,101,3,87,0.584716796875,0.0546875
shallow,fisher,101,3,88,0.5497049689292908,0.041015625
shallow,fisher,101,3,89,0.5708029866218567,0.0634765625
shallow,fisher,101,3,90,0.5480775237083435,0.060546875
shallow,fisher,101,3,91,0.5465558171272278,0.0498046875
shallow,fisher,101,3,92,0.589436411857605,0.037109375
shallow,fisher,101,3,93,0.5407059192657471,0.072265625
shallow,fisher,101,3,94,0.5873916745185852,0.0693359375
shallow,fisher,101,3,95,0.5940291285514832,0.060546875
shallow,fisher,101,3,96,0.6280726194381714,0.052734375
shallow,fisher,101,3,97,0.5243489146232605,0.064453125
shallow,fisher,101,3,98,0.5824257731437683,0.0517578125
shallow,fisher,101,3,99,0.6282429695129395,0.0673828125
shallow,fisher,101,3,100,0.5488423705101013,0.060546875
shallow,fisher,101,3,101,0.6132550835609436,0.0498046875
shallow,fisher,101,3,102,0.619032621383667,0.0556640625
shallow,fisher,101,3,103,0.5935142636299133,0.06640625
shallow,fisher,101,3,104,0.5886470675468445,0.0498046875
shallow,fisher,101,3,105,0.5215820074081421,0.0615234375
shallow,fisher,101,3,106,0.6130555868148804,0.056640625
shallow,fisher,101,3,107,0.7971900701522827,0.046875
shallow,fisher,101,3,108,0.5550758838653564,0.0771484375
shallow,fisher,101,3,109,0.5495873093605042,0.0595703125
shallow,fisher,101,3,110,0.5496207475662231,0.0634765625
shallow,fisher,101,3,111,0.5339804887771606,0.0478515625
shallow,fisher,101,3,112,0.5548080205917358,0.0517578125
shallow,fisher,101,3,113,0.5877991318702698,0.0634765625
shallow,fisher,101,3,114,0.5691919326782227,0.0595703125
shallow,fisher,101,3,115,0.9163634777069092,0.060546875
shallow,fisher,101,3,116,0.6270193457603455,0.04296875
shallow,fisher,101,3,117,0.5821624398231506,0.0576171875
shallow,fisher,101,3,118,0.5404091477394104,0.0537109375
shallow,fisher,101,3,119,0.6283194422721863,0.0654296875
shallow,fisher,101,3,120,0.5416092276573181,0.0595703125
shallow,fisher,101,3,121,0.5799600481987,0.0458984375
shallow,fisher,101,3,122,0.5767890810966492,0.060546875
shallow,fisher,101,3,123,0.567396879196167,0.0498046875
shallow,fisher,101,3,124,0.5612533688545227,0.04296875
shallow,fisher,101,3,125,0.5988926887512207,0.0546875
shallow,fisher,101,3,126,0.5419958233833313,0.0556640625
shallow,fisher,101,3,127,0.5405420064926147,0.0439453125
shallow,fisher,101,3,128,0.5741017460823059,0.048828125
shallow,fisher,101,3,129,0.5587757229804993,0.05859375
shallow,fisher,101,3,130,0.5917747020721436,0.0615234375
shallow,fisher,101,3,131,0.6228368282318115,0.056640625
shallow,fisher,101,3,132,0.5270828008651733,0.05859375
shallow,fisher,101,3,133,0.6054414510726929,0.0478515625
shallow,fisher,101,3,134,0.6787899732589722,0.0595703125
shallow,fisher,101,3,135,0.5716933012008667,0.05078125
shallow,fisher,101,3,136,0.5422821044921875,0.0517578125
shallow,fisher,101,3,137,0.6008291244506836,0.0576171875
shallow,fisher,101,3,138,0.5521380305290222,0.0478515625
shallow,fisher,101,3,139,0.5657888650894165,0.068359375
shallow,fisher,101,3,140,0.5862536430358887,0.0478515625
shallow,fisher,101,3,141,0.5735725164413452,0.048828125
shallow,fisher,101,3,142,0.6282051801681519,0.0478515625
shallow,fisher,101,3,143,0.5623940825462341,0.0517578125
shallow,fisher,101,3,144,0.5175492763519287,0.0625
shallow,fisher,101,3,145,0.5992422103881836,0.05859375
shallow,fisher,101,3,146,0.555406928062439,0.05078125
shallow,fisher,101,3,147,0.4959646761417389,0.052734375
shallow,fisher,101,3,148,0.5542734265327454,0.0634765625
shallow,fisher,101,3,149,0.5883241295814514,0.0498046875
shallow,fisher,101,3,150,0.5645482540130615,0.0546875
shallow,fisher,101,3,151,0.5696022510528564,0.0498046875
shallow,fisher,101,3,152,0.5890253186225891,0.0595703125
shallow,fisher,101,3,153,0.579572856426239,0.060546875
shallow,fisher,101,3,154,0.5663692951202393,0.0458984375
shallow,fisher,101,3,155,0.5099600553512573,0.044921875
shallow,fisher,101,3,156,0.5551910400390625,0.0595703125
shallow,fisher,101,3,157,0.5856999158859253,0.0595703125
shallow,fisher,101,3,158,0.581520140171051,0.05078125
shallow,fisher,101,3,159,0.5606961250305176,0.052734375
shallow,fisher,101,3,160,0.5645951628684998,0.048828125
shallow,fisher,101,3,161,0.5492836236953735,0.05859375
shallow,fisher,101,3,162,0.5633743405342102,0.060546875
shallow,fisher,101,3,163,0.5714544057846069,0.0654296875
shallow,fisher,101,3,164,0.5704784989356995,0.0615234375
shallow,fisher,101,3,165,0.5758859515190125,0.0478515625
shallow,fisher,101,3,166,0.6078600883483887,0.0478515625
shallow,fisher,101,3,167,0.5541398525238037,0.0556640625
shallow,fisher,101,3,168,0.6088225245475769,0.0615234375
shallow,fisher,101,3,169,0.565528929233551,0.0546875
shallow,fisher,101,3,170,0.5840203762054443,0.060546875
shallow,fisher,101,3,171,0.520754873752594,0.0439453125
shallow,fisher,101,3,172,0.572992742061615,0.0556640625
shallow,fisher,101,3,173,0.5953223705291748,0.0654296875
shallow,fisher,101,3,174,0.5620971322059631,0.0751953125
shallow,fisher,101,3,175,0.5682553052902222,0.05078125
shallow,fisher,101,3,176,0.5586492419242859,0.0595703125
shallow,fisher,101,3,177,0.5503168106079102,0.0498046875
shallow,fisher,101,3,178,0.5291042923927307,0.0576171875
shallow,fisher,101,3,179,0.5464897155761719,0.0537109375
shallow,fisher,101,3,180,0.556205689907074,0.0556640625
shallow,fisher,101,3,181,0.4978085458278656,0.056640625
shallow,fisher,101,3,182,0.5480371713638306,0.04296875
shallow,fisher,101,3,183,0.5677616000175476,0.052734375
shallow,fisher,101,3,184,0.5894454121589661,0.0654296875
shallow,fisher,101,3,185,0.5386590957641602,0.0576171875
shallow,fisher,101,3,186,0.5231522917747498,0.0546875
shallow,fisher,101,3,187,0.62617427110672,0.0517578125
shallow,fisher,101,3,188,0.5844559669494629,0.0478515625
shallow,fisher,101,3,189,0.5132081508636475,0.06640625
shallow,fisher,101,3,190,0.604047954082489,0.0517578125
shallow,fisher,101,3,191,0.5919081568717957,0.0615234375
shallow,fisher,101,3,192,0.5501865744590759,0.0576171875
shallow,fisher,101,3,193,0.5766111612319946,0.0537109375
shallow,fisher,101,3,194,0.5450305342674255,0.0537109375
shallow,fisher,101,3,195,0.5573991537094116,0.060546875
shallow,fisher,101,3,196,0.5662347674369812,0.05859375
shallow,fisher,101,3,197,0.5698897838592529,0.056640625
shallow,fisher,101,3,198,0.576872706413269,0.046875
shallow,fisher,101,3,199,0.5920559763908386,0.046875
shallow,fisher,101,3,200,0.5404764413833618,0.0478515625
shallow,fisher,101,3,201,0.5460490584373474,0.05078125
shallow,fisher,101,3,202,0.518082857131958,0.05078125
shallow,fisher,101,3,203,0.5478289723396301,0.0615234375
shallow,fisher,101,3,204,0.6109743714332581,0.0556640625
shallow,fisher,101,3,205,0.5440118908882141,0.0595703125
shallow,fisher,101,3,206,0.5363986492156982,0.0673828125
shallow,fisher,101,3,207,0.5912042856216431,0.048828125
shallow,fisher,101,3,208,0.6010531783103943,0.0517578125
shallow,fisher,101,3,209,0.6514456868171692,0.056640625
shallow,fisher,101,3,210,0.49156665802001953,0.0556640625
shallow,fisher,101,3,211,0.5995643138885498,0.048828125
shallow,fisher,101,3,212,0.5562145709991455,0.046875
shallow,fisher,101,3,213,0.5640937685966492,0.05078125
shallow,fisher,101,3,214,0.5087271332740784,0.046875
shallow,fisher,101,3,215,0.5782492160797119,0.0556640625
shallow,fisher,101,3,216,0.5348451137542725,0.0458984375
shallow,fisher,101,3,217,0.5594119429588318,0.052734375
shallow,fisher,101,3,218,0.5608056783676147,0.0595703125
shallow,fisher,101,3,219,0.49520036578178406,0.046875
shallow,fisher,101,3,220,0.5718416571617126,0.046875
shallow,fisher,101,3,221,0.580741822719574,0.0546875
shallow,fisher,101,3,222,0.6092259883880615,0.0478515625
shallow,fisher,101,3,223,0.595063328742981,0.0517578125
shallow,fisher,101,3,224,0.5627528429031372,0.0595703125
shallow,fisher,101,3,225,0.5480056405067444,0.0595703125
shallow,fisher,101,3,226,0.5588014125823975,0.052734375
shallow,fisher,101,3,227,0.6004936695098877,0.0576171875
shallow,fisher,101,3,228,0.5934333205223083,0.046875
shallow,fisher,101,3,229,0.5453217029571533,0.0615234375
shallow,fisher,101,3,230,0.5547225475311279,0.0517578125
shallow,fisher,101,3,231,0.5587354898452759,0.0576171875
shallow,fisher,101,3,232,0.5681348443031311,0.05859375
shallow,fisher,101,3,233,0.544248104095459,0.05078125
shallow,fisher,101,3,234,0.5370068550109863,0.0478515625
shallow,fisher,101,3,235,0.525566041469574,0.04296875
shallow,fisher,101,3,236,0.5508595705032349,0.0556640625
shallow,fisher,101,3,237,0.5978129506111145,0.05078125
shallow,fisher,101,3,238,0.5996249914169312,0.0625
shallow,fisher,101,3,239,0.6001628637313843,0.0576171875
shallow,fisher,101,3,240,0.5536538362503052,0.0595703125
shallow,fisher,101,3,241,0.5522890686988831,0.052734375
shallow,fisher,101,3,242,0.663833737373352,0.05859375
shallow,fisher,101,3,243,0.5353139638900757,0.0576171875
shallow,fisher,101,3,244,0.5631167888641357,0.0537109375
shallow,fisher,101,3,245,0.5304306745529175,0.0546875
shallow,fisher,101,3,246,0.614837110042572,0.0546875
shallow,fisher,101,3,247,0.6388000249862671,0.0625
shallow,fisher,101,3,248,0.5795780420303345,0.052734375
shallow,fisher,101,3,249,0.7342696189880371,0.0615234375
shallow,fisher,101,3,250,0.669435441493988,0.037854891270399094
shallow,fisher,101,4,0,0.5824553966522217,0.056640625
shallow,fisher,101,4,1,0.5831890106201172,0.0556640625
shallow,fisher,101,4,2,0.5862000584602356,0.0693359375
shallow,fisher,101,4,3,0.6045048832893372,0.0576171875
shallow,fisher,101,4,4,0.5066618323326111,0.0556640625
shallow,fisher,101,4,5,0.5377397537231445,0.046875
shallow,fisher,101,4,6,0.5416627526283264,0.0517578125
shallow,fisher,101,4,7,0.5609698295593262,0.060546875
shallow,fisher,101,4,8,0.5224249362945557,0.0517578125
shallow,fisher,101,4,9,0.5196606516838074,0.0673828125
shallow,fisher,101,4,10,0.5980380177497864,0.0478515625
shallow,fisher,101,4,11,0.5335291028022766,0.056640625
shallow,fisher,101,4,12,0.5778624415397644,0.0615234375
shallow,fisher,101,4,13,0.6468749046325684,0.052734375
shallow,fisher,101,4,14,0.47943487763404846,0.0556640625
shallow,fisher,101,4,15,0.5577377080917358,0.0576171875
shallow,fisher,101,4,16,0.5774746537208557,0.0517578125
shallow,fisher,101,4,17,0.6152849793434143,0.05078125
shallow,fisher,101,4,18,0.5813402533531189,0.0439453125
shallow,fisher,101,4,19,0.5498833656311035,0.0625
shallow,fisher,101,4,20,0.5504293441772461,0.0634765625
shallow,fisher,101,4,21,0.6501866579055786,0.056640625
shallow,fisher,101,4,22,0.661836564540863,0.046875
shallow,fisher,101,4,23,0.6198835968971252,0.0556640625
shallow,fisher,101,4,24,0.58249831199646,0.0478515625
shallow,fisher,101,4,25,0.589332103729248,0.0458984375
shallow,fisher,101,4,26,0.5643779635429382,0.06640625
shallow,fisher,101,4,27,0.5969322323799133,0.046875
shallow,fisher,101,4,28,0.6215014457702637,0.0791015625
shallow,fisher,101,4,29,0.6679204702377319,0.052734375
shallow,fisher,101,4,30,0.6371558308601379,0.0556640625
shallow,fisher,101,4,31,0.5924072861671448,0.0703125
shallow,fisher,101,4,32,0.5510736703872681,0.0517578125
shallow,fisher,101,4,33,0.5596340894699097,0.0478515625
shallow,fisher,101,4,34,0.5792494416236877,0.0400390625
shallow,fisher,101,4,35,0.5889771580696106,0.0634765625
shallow,fisher,101,4,36,0.6092576384544373,0.0439453125
shallow,fisher,101,4,37,0.542188823223114,0.0458984375
shallow,fisher,101,4,38,0.5798007845878601,0.0517578125
shallow,fisher,101,4,39,0.5678201913833618,0.052734375
shallow,fisher,101,4,40,0.5035921931266785,0.056640625
shallow,fisher,101,4,41,0.5398991107940674,0.05859375
shallow,fisher,101,4,42,0.5847082138061523,0.0654296875
shallow,fisher,101,4,43,0.5791366100311279,0.0576171875
shallow,fisher,101,4,44,0.5498221516609192,0.0546875
shallow,fisher,101,4,45,0.5590987801551819,0.0556640625
shallow,fisher,101,4,46,0.6268936991691589,0.064453125
shallow,fisher,101,4,47,0.5007935762405396,0.056640625
shallow,fisher,101,4,48,0.5170869827270508,0.0625
shallow,fisher,101,4,49,0.5303115844726562,0.044921875
shallow,fisher,101,4,50,0.5555906891822815,0.0546875
shallow,fisher,101,4,51,0.5878674983978271,0.05078125
shallow,fisher,101,4,52,0.6020306348800659,0.05078125
shallow,fisher,101,4,53,0.5369012951850891,0.0595703125
shallow,fisher,101,4,54,0.5117213726043701,0.0478515625
shallow,fisher,101,4,55,0.5494775772094727,0.05078125
shallow,fisher,101,4,56,0.5536274313926697,0.0478515625
shallow,fisher,101,4,57,0.5268201231956482,0.0615234375
shallow,fisher,101,4,58,0.5450171828269958,0.060546875
shallow,fisher,101,4,59,0.659151554107666,0.0439453125
shallow,fisher,101,4,60,0.48847299814224243,0.0478515625
shallow,fisher,101,4,61,0.5407033562660217,0.0546875
shallow,fisher,101,4,62,0.5937008857727051,0.0625
shallow,fisher,101,4,63,0.520635724067688,0.0576171875
shallow,fisher,101,4,64,0.5603832602500916,0.0478515625
shallow,fisher,101,4,65,0.5264406204223633,0.0576171875
shallow,fisher,101,4,66,0.625749409198761,0.048828125
shallow,fisher,101,4,67,0.520133376121521,0.0498046875
shallow,fisher,101,4,68,0.6404668092727661,0.0546875
shallow,fisher,101,4,69,0.5235092639923096,0.0517578125
shallow,fisher,101,4,70,0.5673501491546631,0.0615234375
shallow,fisher,101,4,71,0.584922730922699,0.06640625
shallow,fisher,101,4,72,0.5461530089378357,0.0556640625
shallow,fisher,101,4,73,0.5645023584365845,0.046875
shallow,fisher,101,4,74,0.634721040725708,0.0478515625
shallow,fisher,101,4,75,0.5128455758094788,0.0576171875
shallow,fisher,101,4,76,0.5852607488632202,0.0478515625
shallow,fisher,101,4,77,0.520550012588501,0.046875
shallow,fisher,101,4,78,0.5665611028671265,0.0615234375
shallow,fisher,101,4,79,0.5297367572784424,0.0576171875
shallow,fisher,101,4,80,0.5281936526298523,0.0556640625
shallow,fisher,101,4,81,0.5379561185836792,0.05859375
shallow,fisher,101,4,82,0.5412886738777161,0.0546875
shallow,fisher,101,4,83,0.5611716508865356,0.0546875
shallow,fisher,101,4,84,0.564014196395874,0.052734375
shallow,fisher,101,4,85,0.6574193239212036,0.05859375
shallow,fisher,101,4,86,0.5626063346862793,0.0625
shallow,fisher,101,4,87,0.5700411796569824,0.046875
shallow,fisher,101,4,88,0.5025156736373901,0.0478515625
shallow,fisher,101,4,89,0.5810638666152954,0.0400390625
shallow,fisher,101,4,90,0.7585415244102478,0.05859375
shallow,fisher,101,4,91,0.558936357498169,0.060546875
shallow,fisher,101,4,92,0.6275112628936768,0.060546875
shallow,fisher,101,4,93,0.5828084349632263,0.05859375
shallow,fisher,101,4,94,0.5640707015991211,0.0517578125
shallow,fisher,101,4,95,0.6006001830101013,0.052734375
shallow,fisher,101,4,96,0.5541672706604004,0.0693359375
shallow,fisher,101,4,97,0.585672914981842,0.0498046875
shallow,fisher,101,4,98,0.5125760436058044,0.0498046875
shallow,fisher,101,4,99,0.48288610577583313,0.06640625
shallow,fisher,101,4,100,0.5820358395576477,0.068359375
shallow,fisher,101,4,101,0.5281082391738892,0.052734375
shallow,fisher,101,4,102,0.5785683989524841,0.0576171875
shallow,fisher,101,4,103,0.5735587477684021,0.0693359375
shallow,fisher,101,4,104,0.5202174782752991,0.05859375
shallow,fisher,101,4,105,0.5592115521430969,0.0546875
shallow,fisher,101,4,106,0.5456504225730896,0.044921875
shallow,fisher,101,4,107,0.5418456196784973,0.0537109375
shallow,fisher,101,4,108,0.5486541986465454,0.0615234375
shallow,fisher,101,4,109,0.4918809235095978,0.052734375
shallow,fisher,101,4,110,0.5719771385192871,0.0732421875
shallow,fisher,101,4,111,0.5596938133239746,0.0546875
shallow,fisher,101,4,112,0.5888603329658508,0.0576171875
shallow,fisher,101,4,113,0.5185704231262207,0.06640625
shallow,fisher,101,4,114,0.5372564196586609,0.0556640625
shallow,fisher,101,4,115,0.5066613554954529,0.0654296875
shallow,fisher,101,4,116,0.5337545871734619,0.0693359375
shallow,fisher,101,4,117,0.7445071935653687,0.064453125
shallow,fisher,101,4,118,0.5034824013710022,0.044921875
shallow,fisher,101,4,119,0.505070686340332,0.056640625
shallow,fisher,101,4,120,0.5581001043319702,0.052734375
shallow,fisher,101,4,121,0.6189475655555725,0.056640625
shallow,fisher,101,4,122,0.8147115707397461,0.0595703125
shallow,fisher,101,4,123,0.5393389463424683,0.05078125
shallow,fisher,101,4,124,0.580525815486908,0.060546875
shallow,fisher,101,4,125,0.5810834169387817,0.052734375
shallow,fisher,101,4,126,0.570259153842926,0.05078125
shallow,fisher,101,4,127,0.5395052433013916,0.0556640625
shallow,fisher,101,4,128,0.6416918039321899,0.0478515625
shallow,fisher,101,4,129,0.5604767203330994,0.05078125
shallow,fisher,101,4,130,0.6127360463142395,0.056640625
shallow,fisher,101,4,131,0.5432063937187195,0.0556640625
shallow,fisher,101,4,132,0.6190975308418274,0.0634765625
shallow,fisher,101,4,133,0.53497314453125,0.0478515625
shallow,fisher,101,4,134,0.5354325771331787,0.0576171875
shallow,fisher,101,4,135,0.5469479560852051,0.064453125
shallow,fisher,101,4,136,0.5493482947349548,0.064453125
shallow,fisher,101,4,137,0.6116504669189453,0.05859375
shallow,fisher,101,4,138,0.5854907035827637,0.0517578125
shallow,fisher,101,4,139,0.5707245469093323,0.05078125
shallow,fisher,101,4,140,0.5227141380310059,0.044921875
shallow,fisher,101,4,141,0.5325142741203308,0.05859375
shallow,fisher,101,4,142,0.5735531449317932,0.0595703125
shallow,fisher,101,4,143,0.6576443910598755,0.05078125
shallow,fisher,101,4,144,0.515096127986908,0.056640625
shallow,fisher,101,4,145,0.6338641047477722,0.0625
shallow,fisher,101,4,146,0.5707987546920776,0.0615234375
shallow,fisher,101,4,147,0.562404990196228,0.06640625
shallow,fisher,101,4,148,0.5837909579277039,0.052734375
shallow,fisher,101,4,149,0.5753527879714966,0.0546875
shallow,fisher,101,4,150,0.49454060196876526,0.05078125
shallow,fisher,101,4,151,0.5664916038513184,0.0498046875
shallow,fisher,101,4,152,0.6166442036628723,0.0439453125
shallow,fisher,101,4,153,0.5831304788589478,0.05859375
shallow,fisher,101,4,154,0.5976122617721558,0.064453125
shallow,fisher,101,4,155,0.6704181432723999,0.0537109375
shallow,fisher,101,4,156,0.5653479099273682,0.06640625
shallow,fisher,101,4,157,0.5713823437690735,0.052734375
shallow,fisher,101,4,158,0.5242113471031189,0.0517578125
shallow,fisher,101,4,159,0.5479928851127625,0.0390625
shallow,fisher,101,4,160,0.5968189835548401,0.048828125
shallow,fisher,101,4,161,0.4992730915546417,0.0634765625
shallow,fisher,101,4,162,0.7309252023696899,0.0537109375
shallow,fisher,101,4,163,0.5520070791244507,0.0498046875
shallow,fisher,101,4,164,0.5377311706542969,0.044921875
shallow,fisher,101,4,165,0.6052952408790588,0.046875
shallow,fisher,101,4,166,0.5563714504241943,0.0517578125
shallow,fisher,101,4,167,0.5375703573226929,0.0517578125
shallow,fisher,101,4,168,0.5890530347824097,0.0634765625
shallow,fisher,101,4,169,0.5240545272827148,0.056640625
shallow,fisher,101,4,170,0.5965277552604675,0.060546875
shallow,fisher,101,4,171,0.6053392291069031,0.044921875
shallow,fisher,101,4,172,0.5921391844749451,0.0478515625
shallow,fisher,101,4,173,0.5853149890899658,0.056640625
shallow,fisher,101,4,174,0.5527901649475098,0.0498046875
shallow,fisher,101,4,175,0.4980798363685608,0.0517578125
shallow,fisher,101,4,176,0.5345017313957214,0.0595703125
shallow,fisher,101,4,177,0.585494339466095,0.0537109375
shallow,fisher,101,4,178,0.5057823061943054,0.05859375
shallow,fisher,101,4,179,0.5413390398025513,0.048828125
shallow,fisher,101,4,180,0.6161551475524902,0.046875
shallow,fisher,101,4,181,0.5555752515792847,0.0576171875
shallow,fisher,101,4,182,0.6517763733863831,0.046875
shallow,fisher,101,4,183,0.5437844395637512,0.0439453125
shallow,fisher,101,4,184,0.51621413230896,0.0556640625
shallow,fisher,101,4,185,0.5314158201217651,0.0439453125
shallow,fisher,101,4,186,0.5495312809944153,0.05078125
shallow,fisher,101,4,187,0.710290789604187,0.0595703125
shallow,fisher,101,4,188,0.6093812584877014,0.0537109375
shallow,fisher,101,4,189,0.5862135887145996,0.0458984375
shallow,fisher,101,4,190,0.5884839296340942,0.0595703125
shallow,fisher,101,4,191,0.5433744788169861,0.04296875
shallow,fisher,101,4,192,0.6221330165863037,0.0634765625
shallow,fisher,101,4,193,0.5926864743232727,0.0576171875
shallow,fisher,101,4,194,0.5274280905723572,0.05078125
shallow,fisher,101,4,195,0.5864725112915039,0.0517578125
shallow,fisher,101,4,196,0.5928495526313782,0.056640625
shallow,fisher,101,4,197,0.5110164284706116,0.0625
shallow,fisher,101,4,198,0.5758283734321594,0.052734375
shallow,fisher,101,4,199,0.5017709136009216,0.0634765625
shallow,fisher,101,4,200,0.5581825375556946,0.068359375
shallow,fisher,101,4,201,0.5820244550704956,0.0517578125
shallow,fisher,101,4,202,0.5561926364898682,0.0439453125
shallow,fisher,101,4,203,0.5574977397918701,0.068359375
shallow,fisher,101,4,204,0.6037925481796265,0.044921875
shallow,fisher,101,4,205,0.5345184206962585,0.046875
shallow,fisher,101,4,206,0.6452852487564087,0.046875
shallow,fisher,101,4,207,0.5702558159828186,0.052734375
shallow,fisher,101,4,208,0.5740499496459961,0.064453125
shallow,fisher,101,4,209,0.5816185474395752,0.0615234375
shallow,fisher,101,4,210,0.553449809551239,0.068359375
shallow,fisher,101,4,211,0.5145596861839294,0.0498046875
shallow,fisher,101,4,212,0.5378673672676086,0.048828125
shallow,fisher,101,4,213,0.6303160786628723,0.046875
shallow,fisher,101,4,214,0.5280308723449707,0.0556640625
shallow,fisher,101,4,215,0.5765655636787415,0.044921875
shallow,fisher,101,4,216,0.5506097674369812,0.052734375
shallow,fisher,101,4,217,0.5456855297088623,0.05859375
shallow,fisher,101,4,218,0.5511404871940613,0.046875
shallow,fisher,101,4,219,0.5594732761383057,0.05078125
shallow,fisher,101,4,220,0.54910808801651,0.046875
shallow,fisher,101,4,221,0.60584557056427,0.0703125
shallow,fisher,101,4,222,0.5470288395881653,0.0595703125
shallow,fisher,101,4,223,0.5551651120185852,0.0732421875
shallow,fisher,101,4,224,0.5330709218978882,0.060546875
shallow,fisher,101,4,225,0.5213423371315002,0.0400390625
shallow,fisher,101,4,226,0.51984703540802,0.060546875
shallow,fisher,101,4,227,0.5598424673080444,0.056640625
shallow,fisher,101,4,228,0.5719372630119324,0.0537109375
shallow,fisher,101,4,229,0.5892931222915649,0.05078125
shallow,fisher,101,4,230,0.5463417172431946,0.056640625
shallow,fisher,101,4,231,0.5803370475769043,0.052734375
shallow,fisher,101,4,232,0.5465993285179138,0.0458984375
shallow,fisher,101,4,233,0.5622968673706055,0.06640625
shallow,fisher,101,4,234,0.5261815786361694,0.0400390625
shallow,fisher,101,4,235,0.5173327922821045,0.0537109375
shallow,fisher,101,4,236,0.5661371946334839,0.0556640625
shallow,fisher,101,4,237,0.5449454188346863,0.0546875
shallow,fisher,101,4,238,0.6052058935165405,0.0517578125
shallow,fisher,101,4,239,0.5360985398292542,0.064453125
shallow,fisher,101,4,240,0.6601646542549133,0.048828125
shallow,fisher,101,4,241,0.5067909359931946,0.0478515625
shallow,fisher,101,4,242,0.5066196322441101,0.0634765625
shallow,fisher,101,4,243,0.5336503982543945,0.0546875
shallow,fisher,101,4,244,0.5685898661613464,0.0556640625
shallow,fisher,101,4,245,0.5517981648445129,0.060546875
shallow,fisher,101,4,246,0.6217082142829895,0.056640625
shallow,fisher,101,4,247,0.5855060815811157,0.048828125
shallow,fisher,101,4,248,0.5327838063240051,0.052734375
shallow,fisher,101,4,249,0.593544602394104,0.0693359375
shallow,fisher,101,4,250,0.5080125331878662,0.022082019597291946
shallow,fisher,101,5,0,0.5870195031166077,0.0595703125
shallow,fisher,101,5,1,0.48236286640167236,0.0625
shallow,fisher,101,5,2,0.6305274963378906,0.0537109375
shallow,fisher,101,5,3,0.5518138408660889,0.0478515625
shallow,fisher,101,5,4,0.5907579064369202,0.0517578125
shallow,fisher,101,5,5,0.575597882270813,0.052734375
shallow,fisher,101,5,6,0.5442517995834351,0.0390625
shallow,fisher,101,5,7,0.5664256811141968,0.064453125
shallow,fisher,101,5,8,0.767051100730896,0.0625
shallow,fisher,101,5,9,0.522017240524292,0.0625
shallow,fisher,101,5,10,0.5982342958450317,0.041015625
shallow,fisher,101,5,11,0.5689323544502258,0.0517578125
shallow,fisher,101,5,12,0.572489857673645,0.0625
shallow,fisher,101,5,13,0.6469957828521729,0.0576171875
shallow,fisher,101,5,14,0.5792109370231628,0.0322265625
shallow,fisher,101,5,15,0.5078855156898499,0.060546875
shallow,fisher,101,5,16,0.6039902567863464,0.064453125
shallow,fisher,101,5,17,0.5389682054519653,0.060546875
shallow,fisher,101,5,18,0.5561289191246033,0.044921875
shallow,fisher,101,5,19,0.5777434706687927,0.0478515625
shallow,fisher,101,5,20,0.5655983686447144,0.0537109375
shallow,fisher,101,5,21,0.5688620805740356,0.052734375
shallow,fisher,101,5,22,0.5440717339515686,0.048828125
shallow,fisher,101,5,23,0.5869428515434265,0.052734375
shallow,fisher,101,5,24,0.5995483994483948,0.0595703125
shallow,fisher,101,5,25,0.5686746835708618,0.0595703125
shallow,fisher,101,5,26,0.5769428610801697,0.0615234375
shallow,fisher,101,5,27,0.6514586210250854,0.0556640625
shallow,fisher,101,5,28,0.6040903329849243,0.060546875
shallow,fisher,101,5,29,0.5210250020027161,0.0595703125
shallow,fisher,101,5,30,0.5485047101974487,0.052734375
shallow,fisher,101,5,31,0.6030469536781311,0.0537109375
shallow,fisher,101,5,32,0.5434152483940125,0.068359375
shallow,fisher,101,5,33,0.5658155083656311,0.0517578125
shallow,fisher,101,5,34,0.5087245106697083,0.060546875
shallow,fisher,101,5,35,0.4920739233493805,0.0625
shallow,fisher,101,5,36,0.4961549937725067,0.0400390625
shallow,fisher,101,5,37,0.5267663598060608,0.0498046875
shallow,fisher,101,5,38,0.4877195358276367,0.0556640625
shallow,fisher,101,5,39,0.5259442329406738,0.046875
shallow,fisher,101,5,40,0.6055426597595215,0.052734375
shallow,fisher,101,5,41,0.47921961545944214,0.0537109375
shallow,fisher,101,5,42,0.5337653756141663,0.052734375
shallow,fisher,101,5,43,0.5939620137214661,0.0439453125
shallow,fisher,101,5,44,0.5495458245277405,0.0478515625
shallow,fisher,101,5,45,0.6083688735961914,0.060546875
shallow,fisher,101,5,46,0.5900442600250244,0.0537109375
shallow,fisher,101,5,47,0.5427279472351074,0.0478515625
shallow,fisher,101,5,48,0.5276046991348267,0.060546875
shallow,fisher,101,5,49,0.5134358406066895,0.0576171875
shallow,fisher,101,5,50,0.573651909828186,0.0517578125
shallow,fisher,101,5,51,0.6006168127059937,0.048828125
shallow,fisher,101,5,52,0.5797960758209229,0.05859375
shallow,fisher,101,5,53,0.5173443555831909,0.0517578125
shallow,fisher,101,5,54,0.5553469657897949,0.064453125
shallow,fisher,101,5,55,0.5835815668106079,0.060546875
shallow,fisher,101,5,56,0.6148128509521484,0.0546875
shallow,fisher,101,5,57,0.5931481719017029,0.05859375
shallow,fisher,101,5,58,0.5608249306678772,0.052734375
shallow,fisher,101,5,59,0.5502384901046753,0.0712890625
shallow,fisher,101,5,60,0.5295102596282959,0.052734375
shallow,fisher,101,5,61,0.5166125297546387,0.05078125
shallow,fisher,101,5,62,0.5462827086448669,0.0537109375
shallow,fisher,101,5,63,0.5241445899009705,0.0556640625
shallow,fisher,101,5,64,0.5285404324531555,0.0478515625
shallow,fisher,101,5,65,0.5207472443580627,0.0556640625
shallow,fisher,101,5,66,0.5372418761253357,0.0439453125
shallow,fisher,101,5,67,0.513614296913147,0.056640625
shallow,fisher,101,5,68,0.5852380394935608,0.05859375
shallow,fisher,101,5,69,0.5645958185195923,0.0673828125
shallow,fisher,101,5,70,0.5977876782417297,0.04296875
shallow,fisher,101,5,71,0.5070085525512695,0.05859375
shallow,fisher,101,5,72,0.4939526915550232,0.0439453125
shallow,fisher,101,5,73,0.5288922786712646,0.056640625
shallow,fisher,101,5,74,0.5355563759803772,0.0595703125
shallow,fisher,101,5,75,0.5188798904418945,0.0439453125
shallow,fisher,101,5,76,0.5490776896476746,0.0556640625
shallow,fisher,101,5,77,0.6106932163238525,0.05078125
shallow,fisher,101,5,78,0.5319114923477173,0.041015625
shallow,fisher,101,5,79,0.6498304605484009,0.0615234375
shallow,fisher,101,5,80,0.5546505451202393,0.0546875
shallow,fisher,101,5,81,0.5694885849952698,0.0615234375
shallow,fisher,101,5,82,0.5274818539619446,0.0537109375
shallow,fisher,101,5,83,0.5648914575576782,0.0556640625
shallow,fisher,101,5,84,0.5782580375671387,0.048828125
shallow,fisher,101,5,85,0.5236345529556274,0.0458984375
shallow,fisher,101,5,86,0.5666078329086304,0.0576171875
shallow,fisher,101,5,87,0.5383005142211914,0.0517578125
shallow,fisher,101,5,88,0.5406495928764343,0.048828125
shallow,fisher,101,5,89,0.5130848288536072,0.060546875
shallow,fisher,101,5,90,0.5290817022323608,0.0595703125
shallow,fisher,101,5,91,0.6055363416671753,0.056640625
shallow,fisher,101,5,92,0.5773172378540039,0.056640625
shallow,fisher,101,5,93,0.5312488675117493,0.0556640625
shallow,fisher,101,5,94,0.525310218334198,0.05859375
shallow,fisher,101,5,95,0.4921446740627289,0.0546875
shallow,fisher,101,5,96,0.596551775932312,0.0517578125
shallow,fisher,101,5,97,0.5738930702209473,0.0595703125
shallow,fisher,101,5,98,0.5651603937149048,0.072265625
shallow,fisher,101,5,99,0.5470237731933594,0.068359375
shallow,fisher,101,5,100,0.5416470170021057,0.0595703125
shallow,fisher,101,5,101,0.5521097183227539,0.0673828125
shallow,fisher,101,5,102,0.5275142788887024,0.0546875
shallow,fisher,101,5,103,0.5462377071380615,0.0537109375
shallow,fisher,101,5,104,0.5648471713066101,0.0595703125
shallow,fisher,101,5,105,0.6096187233924866,0.052734375
shallow,fisher,101,5,106,0.5443308353424072,0.0615234375
shallow,fisher,101,5,107,0.5936740636825562,0.0517578125
shallow,fisher,101,5,108,0.6148717999458313,0.056640625
shallow,fisher,101,5,109,0.5494063496589661,0.0458984375
shallow,fisher,101,5,110,0.5783638954162598,0.0458984375
shallow,fisher,101,5,111,0.5621581673622131,0.05859375
shallow,fisher,101,5,112,0.6132060289382935,0.0439453125
shallow,fisher,101,5,113,0.5653983950614929,0.04296875
shallow,fisher,101,5,114,0.581369161605835,0.0595703125
shallow,fisher,101,5,115,0.5094189047813416,0.0400390625
shallow,fisher,101,5,116,0.54974764585495,0.0693359375
shallow,fisher,101,5,117,0.5103164911270142,0.0537109375
shallow,fisher,101,5,118,0.6202788949012756,0.0537109375
shallow,fisher,101,5,119,0.5393272042274475,0.06640625
shallow,fisher,101,5,120,0.5197961330413818,0.06640625
shallow,fisher,101,5,121,0.525879442691803,0.0400390625
shallow,fisher,101,5,122,0.5521866679191589,0.0625
shallow,fisher,101,5,123,0.5173386931419373,0.0654296875
shallow,fisher,101,5,124,0.5620259642601013,0.0576171875
shallow,fisher,101,5,125,0.5979522466659546,0.05078125
shallow,fisher,101,5,126,0.5533352494239807,0.0478515625
shallow,fisher,101,5,127,0.5415295362472534,0.0556640625
shallow,fisher,101,5,128,0.46727830171585083,0.048828125
shallow,fisher,101,5,129,0.5538975596427917,0.0615234375
shallow,fisher,101,5,130,0.5384931564331055,0.0537109375
shallow,fisher,101,5,131,0.634461522102356,0.0634765625
shallow,fisher,101,5,132,0.5419371724128723,0.064453125
shallow,fisher,101,5,133,0.569027841091156,0.05859375
shallow,fisher,101,5,134,0.47105199098587036,0.0458984375
shallow,fisher,101,5,135,0.616752564907074,0.0615234375
shallow,fisher,101,5,136,0.5421111583709717,0.05859375
shallow,fisher,101,5,137,0.5135664939880371,0.0517578125
shallow,fisher,101,5,138,0.5961474180221558,0.0693359375
shallow,fisher,101,5,139,0.5210034251213074,0.046875
shallow,fisher,101,5,140,0.5567874908447266,0.0517578125
shallow,fisher,101,5,141,0.5268913507461548,0.05078125
shallow,fisher,101,5,142,0.5888640880584717,0.0693359375
shallow,fisher,101,5,143,0.5076805353164673,0.0478515625
shallow,fisher,101,5,144,0.4806130826473236,0.0419921875
shallow,fisher,101,5,145,0.5837063193321228,0.0556640625
shallow,fisher,101,5,146,0.526193380355835,0.0595703125
shallow,fisher,101,5,147,0.5187265872955322,0.0634765625
shallow,fisher,101,5,148,0.5174137353897095,0.0439453125
shallow,fisher,101,5,149,0.5438854694366455,0.060546875
shallow,fisher,101,5,150,0.5387542843818665,0.060546875
shallow,fisher,101,5,151,0.5757616758346558,0.0546875
shallow,fisher,101,5,152,0.5497126579284668,0.056640625
shallow,fisher,101,5,153,0.49723729491233826,0.064453125
shallow,fisher,101,5,154,0.5248774886131287,0.048828125
shallow,fisher,101,5,155,0.5159611701965332,0.0498046875
shallow,fisher,101,5,156,0.5444713234901428,0.0517578125
shallow,fisher,101,5,157,0.4900829792022705,0.060546875
shallow,fisher,101,5,158,0.5415529012680054,0.048828125
shallow,fisher,101,5,159,0.5476376414299011,0.05859375
shallow,fisher,101,5,160,0.6091797351837158,0.052734375
shallow,fisher,101,5,161,0.5235249400138855,0.0556640625
shallow,fisher,101,5,162,0.5731222033500671,0.05859375
shallow,fisher,101,5,163,0.5788735747337341,0.0634765625
shallow,fisher,101,5,164,0.5669017434120178,0.0595703125
shallow,fisher,101,5,165,0.4495396614074707,0.0546875
shallow,fisher,101,5,166,0.5634759664535522,0.0556640625
shallow,fisher,101,5,167,0.6298490762710571,0.056640625
shallow,fisher,101,5,168,0.5624664425849915,0.0419921875
shallow,fisher,101,5,169,0.5105559229850769,0.060546875
shallow,fisher,101,5,170,0.5113093852996826,0.0625
shallow,fisher,101,5,171,0.586459219455719,0.0498046875
shallow,fisher,101,5,172,0.5165363550186157,0.056640625
shallow,fisher,101,5,173,0.6582868099212646,0.046875
shallow,fisher,101,5,174,0.4471701383590698,0.056640625
shallow,fisher,101,5,175,0.4980553686618805,0.04296875
shallow,fisher,101,5,176,0.5252566337585449,0.0654296875
shallow,fisher,101,5,177,0.545875072479248,0.056640625
shallow,fisher,101,5,178,0.8124343156814575,0.0595703125
shallow,fisher,101,5,179,0.5347456336021423,0.0712890625
shallow,fisher,101,5,180,0.5935508012771606,0.052734375
shallow,fisher,101,5,181,0.5482009053230286,0.060546875
shallow,fisher,101,5,182,0.5702054500579834,0.0390625
shallow,fisher,101,5,183,0.5078262090682983,0.0498046875
shallow,fisher,101,5,184,0.5215003490447998,0.0576171875
shallow,fisher,101,5,185,0.605545163154602,0.056640625
shallow,fisher,101,5,186,0.5703398585319519,0.0576171875
shallow,fisher,101,5,187,0.4972449541091919,0.05078125
shallow,fisher,101,5,188,0.490524560213089,0.05859375
shallow,fisher,101,5,189,0.5610502362251282,0.05078125
shallow,fisher,101,5,190,0.5850127935409546,0.056640625
shallow,fisher,101,5,191,0.5494179129600525,0.0517578125
shallow,fisher,101,5,192,0.5215914249420166,0.05078125
shallow,fisher,101,5,193,0.5451154708862305,0.0478515625
shallow,fisher,101,5,194,0.5369564890861511,0.0576171875
shallow,fisher,101,5,195,0.5502082109451294,0.05078125
shallow,fisher,101,5,196,0.5140892863273621,0.064453125
shallow,fisher,101,5,197,0.5474938154220581,0.0673828125
shallow,fisher,101,5,198,0.5984206795692444,0.056640625
shallow,fisher,101,5,199,0.570354700088501,0.0625
shallow,fisher,101,5,200,0.5358397364616394,0.05078125
shallow,fisher,101,5,201,0.5300506949424744,0.04296875
shallow,fisher,101,5,202,0.5425218939781189,0.0634765625
shallow,fisher,101,5,203,0.5483888387680054,0.0498046875
shallow,fisher,101,5,204,0.5546728372573853,0.0517578125
shallow,fisher,101,5,205,0.5654237866401672,0.0458984375
shallow,fisher,101,5,206,0.5733842253684998,0.0419921875
shallow,fisher,101,5,207,0.6093277931213379,0.0576171875
shallow,fisher,101,5,208,0.5126603245735168,0.05859375
shallow,fisher,101,5,209,0.5470621585845947,0.0634765625
shallow,fisher,101,5,210,0.5755994915962219,0.0615234375
shallow,fisher,101,5,211,0.5070980191230774,0.048828125
shallow,fisher,101,5,212,0.46743905544281006,0.0634765625
shallow,fisher,101,5,213,0.49141862988471985,0.0654296875
shallow,fisher,101,5,214,0.5529537200927734,0.0517578125
shallow,fisher,101,5,215,0.5114775896072388,0.048828125
shallow,fisher,101,5,216,0.4947555661201477,0.0556640625
shallow,fisher,101,5,217,0.5542666912078857,0.05078125
shallow,fisher,101,5,218,0.5336216688156128,0.05078125
shallow,fisher,101,5,219,0.5884085297584534,0.060546875
shallow,fisher,101,5,220,0.532212495803833,0.0625
shallow,fisher,101,5,221,0.5775696635246277,0.060546875
shallow,fisher,101,5,222,0.6405736207962036,0.04296875
shallow,fisher,101,5,223,0.5896876454353333,0.052734375
shallow,fisher,101,5,224,0.5105664730072021,0.0556640625
shallow,fisher,101,5,225,0.5103002190589905,0.056640625
shallow,fisher,101,5,226,0.5644651651382446,0.0625
shallow,fisher,101,5,227,0.62599116563797,0.046875
shallow,fisher,101,5,228,0.5276097655296326,0.0546875
shallow,fisher,101,5,229,0.563456118106842,0.05078125
shallow,fisher,101,5,230,0.5047680139541626,0.0576171875
shallow,fisher,101,5,231,0.5169166326522827,0.0458984375
shallow,fisher,101,5,232,0.5576809644699097,0.05078125
shallow,fisher,101,5,233,0.5862453579902649,0.0517578125
shallow,fisher,101,5,234,0.48972877860069275,0.0595703125
shallow,fisher,101,5,235,0.5884414315223694,0.0537109375
shallow,fisher,101,5,236,0.5885223150253296,0.0595703125
shallow,fisher,101,5,237,0.5292817950248718,0.0625
shallow,fisher,101,5,238,0.46849218010902405,0.048828125
shallow,fisher,101,5,239,0.5859982967376709,0.041015625
shallow,fisher,101,5,240,0.5398362874984741,0.0458984375
shallow,fisher,101,5,241,0.5388715267181396,0.0615234375
shallow,fisher,101,5,242,0.5204192399978638,0.0498046875
shallow,fisher,101,5,243,0.4924457371234894,0.0517578125
shallow,fisher,101,5,244,0.6299411654472351,0.0517578125
shallow,fisher,101,5,245,0.5204178690910339,0.0625
shallow,fisher,101,5,246,0.5143443942070007,0.0556640625
shallow,fisher,101,5,247,0.5419564247131348,0.060546875
shallow,fisher,101,5,248,0.5442410111427307,0.056640625
shallow,fisher,101,5,249,0.5343899130821228,0.0615234375
shallow,fisher,101,5,250,0.5432692766189575,0.05047318711876869
shallow,fisher,101,6,0,0.5690895318984985,0.04296875
shallow,fisher,101,6,1,0.651134192943573,0.056640625
shallow,fisher,101,6,2,0.5689340233802795,0.0576171875
shallow,fisher,101,6,3,0.4992606043815613,0.0517578125
shallow,fisher,101,6,4,0.5755234360694885,0.0556640625
shallow,fisher,101,6,5,0.5677480101585388,0.046875
shallow,fisher,101,6,6,0.5731186866760254,0.0625
shallow,fisher,101,6,7,0.5867587327957153,0.0595703125
shallow,fisher,101,6,8,0.5447304844856262,0.0478515625
shallow,fisher,101,6,9,0.5473712682723999,0.056640625
shallow,fisher,101,6,10,0.5087625980377197,0.0576171875
shallow,fisher,101,6,11,0.5420038104057312,0.052734375
shallow,fisher,101,6,12,0.5308181643486023,0.044921875
shallow,fisher,101,6,13,0.5572826862335205,0.0517578125
shallow,fisher,101,6,14,0.5057913064956665,0.056640625
shallow,fisher,101,6,15,0.5682362914085388,0.056640625
shallow,fisher,101,6,16,0.5342808961868286,0.0625
shallow,fisher,101,6,17,0.6003329157829285,0.052734375
shallow,fisher,101,6,18,0.5774608850479126,0.0498046875
shallow,fisher,101,6,19,0.5837256908416748,0.0556640625
shallow,fisher,101,6,20,0.5719271302223206,0.0458984375
shallow,fisher,101,6,21,0.5571677088737488,0.05859375
shallow,fisher,101,6,22,0.5487985014915466,0.044921875
shallow,fisher,101,6,23,0.603173017501831,0.068359375
shallow,fisher,101,6,24,0.4829064607620239,0.052734375
shallow,fisher,101,6,25,0.5465125441551208,0.0576171875
shallow,fisher,101,6,26,0.5230574607849121,0.060546875
shallow,fisher,101,6,27,0.594839870929718,0.0576171875
shallow,fisher,101,6,28,0.5670097470283508,0.0673828125
shallow,fisher,101,6,29,0.4919678270816803,0.0654296875
shallow,fisher,101,6,30,0.5681122541427612,0.0634765625
shallow,fisher,101,6,31,0.61139976978302,0.0615234375
shallow,fisher,101,6,32,0.5281796455383301,0.048828125
shallow,fisher,101,6,33,0.5129198431968689,0.0478515625
shallow,fisher,101,6,34,0.4889378845691681,0.048828125
shallow,fisher,101,6,35,0.5720825791358948,0.044921875
shallow,fisher,101,6,36,0.5412881374359131,0.0458984375
shallow,fisher,101,6,37,0.48607808351516724,0.064453125
shallow,fisher,101,6,38,0.521641194820404,0.060546875
shallow,fisher,101,6,39,0.5479314923286438,0.0537109375
shallow,fisher,101,6,40,0.5590748190879822,0.0556640625
shallow,fisher,101,6,41,0.5337024331092834,0.0537109375
shallow,fisher,101,6,42,0.5612367987632751,0.052734375
shallow,fisher,101,6,43,0.5037509799003601,0.0546875
shallow,fisher,101,6,44,0.541538417339325,0.0517578125
shallow,fisher,101,6,45,0.6013364195823669,0.05078125
shallow,fisher,101,6,46,0.5853498578071594,0.0693359375
shallow,fisher,101,6,47,0.5868357419967651,0.0595703125
shallow,fisher,101,6,48,0.5264360904693604,0.052734375
shallow,fisher,101,6,49,0.5679256319999695,0.046875
shallow,fisher,101,6,50,0.520449161529541,0.0625
shallow,fisher,101,6,51,0.5563564896583557,0.0576171875
shallow,fisher,101,6,52,0.5278133749961853,0.0634765625
shallow,fisher,101,6,53,0.520057201385498,0.0537109375
shallow,fisher,101,6,54,0.5817227959632874,0.0537109375
shallow,fisher,101,6,55,0.5276678204536438,0.0654296875
shallow,fisher,101,6,56,0.6075164079666138,0.05859375
shallow,fisher,101,6,57,0.5779502391815186,0.0634765625
shallow,fisher,101,6,58,0.5554920434951782,0.048828125
shallow,fisher,101,6,59,0.4966081976890564,0.0537109375
shallow,fisher,101,6,60,0.5194016098976135,0.0498046875
shallow,fisher,101,6,61,0.5407639145851135,0.0478515625
shallow,fisher,101,6,62,0.5478284955024719,0.0537109375
shallow,fisher,101,6,63,0.5254729390144348,0.0458984375
shallow,fisher,101,6,64,0.5398326516151428,0.04296875
shallow,fisher,101,6,65,0.5871569514274597,0.0537109375
shallow,fisher,101,6,66,0.6040940284729004,0.05859375
shallow,fisher,101,6,67,0.4933575987815857,0.056640625
shallow,fisher,101,6,68,0.5424542427062988,0.0537109375
shallow,fisher,101,6,69,0.5416070222854614,0.0478515625
shallow,fisher,101,6,70,0.5579016208648682,0.06640625
shallow,fisher,101,6,71,0.5834459066390991,0.06640625
shallow,fisher,101,6,72,0.48360171914100647,0.0576171875
shallow,fisher,101,6,73,0.5259787440299988,0.0595703125
shallow,fisher,101,6,74,0.5135341882705688,0.0478515625
shallow,fisher,101,6,75,0.5928651094436646,0.072265625
shallow,fisher,101,6,76,0.5272517204284668,0.0595703125
shallow,fisher,101,6,77,0.5104060769081116,0.0595703125
shallow,fisher,101,6,78,0.4889918565750122,0.0419921875
shallow,fisher,101,6,79,0.5019240975379944,0.05078125
shallow,fisher,101,6,80,0.5079562664031982,0.048828125
shallow,fisher,101,6,81,0.5334933400154114,0.0751953125
shallow,fisher,101,6,82,0.4769684672355652,0.0634765625
shallow,fisher,101,6,83,0.527901828289032,0.046875
shallow,fisher,101,6,84,0.5452960729598999,0.0537109375
shallow,fisher,101,6,85,0.7690086364746094,0.0439453125
shallow,fisher,101,6,86,0.46316802501678467,0.0595703125
shallow,fisher,101,6,87,0.49393516778945923,0.05859375
shallow,fisher,101,6,88,0.5621005296707153,0.0625
shallow,fisher,101,6,89,0.4890429377555847,0.046875
shallow,fisher,101,6,90,0.5206225514411926,0.052734375
shallow,fisher,101,6,91,0.5402123928070068,0.0498046875
shallow,fisher,101,6,92,0.5298340320587158,0.060546875
shallow,fisher,101,6,93,0.49966222047805786,0.0556640625
shallow,fisher,101,6,94,0.4607728123664856,0.0537109375
shallow,fisher,101,6,95,0.5509017109870911,0.05078125
shallow,fisher,101,6,96,0.47659802436828613,0.046875
shallow,fisher,101,6,97,0.5866066813468933,0.0576171875
shallow,fisher,101,6,98,0.5297955870628357,0.0595703125
shallow,fisher,101,6,99,0.5157978534698486,0.0546875
shallow,fisher,101,6,100,0.5412750244140625,0.0625
shallow,fisher,101,6,101,0.5250906348228455,0.0517578125
shallow,fisher,101,6,102,0.5265387296676636,0.0517578125
shallow,fisher,101,6,103,0.5879141092300415,0.044921875
shallow,fisher,101,6,104,0.5767644643783569,0.0615234375
shallow,fisher,101,6,105,0.4906964898109436,0.041015625
shallow,fisher,101,6,106,0.5635710954666138,0.06640625
shallow,fisher,101,6,107,0.506645679473877,0.0537109375
shallow,fisher,101,6,108,0.5148262977600098,0.0537109375
shallow,fisher,101,6,109,0.5599005222320557,0.0458984375
shallow,fisher,101,6,110,0.5772090554237366,0.0634765625
shallow,fisher,101,6,111,0.6450287103652954,0.05859375
shallow,fisher,101,6,112,0.5555379986763,0.0556640625
shallow,fisher,101,6,113,0.48855146765708923,0.048828125
shallow,fisher,101,6,114,0.5423642992973328,0.080078125
shallow,fisher,101,6,115,0.5678774118423462,0.060546875
shallow,fisher,101,6,116,0.5135304927825928,0.0537109375
shallow,fisher,101,6,117,0.5002892017364502,0.056640625
shallow,fisher,101,6,118,0.5508353114128113,0.0419921875
shallow,fisher,101,6,119,0.5090916156768799,0.041015625
shallow,fisher,101,6,120,0.5496096014976501,0.0615234375
shallow,fisher,101,6,121,0.5169821381568909,0.052734375
shallow,fisher,101,6,122,0.5153390169143677,0.0458984375
shallow,fisher,101,6,123,0.5732122659683228,0.046875
shallow,fisher,101,6,124,0.5095524191856384,0.0576171875
shallow,fisher,101,6,125,0.59661465883255,0.076171875
shallow,fisher,101,6,126,0.5062196254730225,0.056640625
shallow,fisher,101,6,127,0.5659016370773315,0.0673828125
shallow,fisher,101,6,128,0.5129948258399963,0.056640625
shallow,fisher,101,6,129,0.47043561935424805,0.0517578125
shallow,fisher,101,6,130,0.5950883626937866,0.0478515625
shallow,fisher,101,6,131,0.6511270403862,0.0595703125
shallow,fisher,101,6,132,0.6041503548622131,0.052734375
shallow,fisher,101,6,133,0.5519687533378601,0.05859375
shallow,fisher,101,6,134,0.5336549282073975,0.0517578125
shallow,fisher,101,6,135,0.4916703701019287,0.048828125
shallow,fisher,101,6,136,0.5316378474235535,0.0556640625
shallow,fisher,101,6,137,0.5739169716835022,0.05078125
shallow,fisher,101,6,138,0.5081083178520203,0.052734375
shallow,fisher,101,6,139,0.5528393983840942,0.048828125
shallow,fisher,101,6,140,0.5089022517204285,0.072265625
shallow,fisher,101,6,141,0.5677210688591003,0.0537109375
shallow,fisher,101,6,142,0.508787989616394,0.0478515625
shallow,fisher,101,6,143,0.5668269395828247,0.056640625
shallow,fisher,101,6,144,0.5406743884086609,0.060546875
shallow,fisher,101,6,145,0.5002053380012512,0.0556640625
shallow,fisher,101,6,146,0.5048863887786865,0.046875
shallow,fisher,101,6,147,0.5353988409042358,0.0634765625
shallow,fisher,101,6,148,0.5396311283111572,0.056640625
shallow,fisher,101,6,149,0.5487798452377319,0.0537109375
shallow,fisher,101,6,150,0.5591529607772827,0.05859375
shallow,fisher,101,6,151,0.5472331047058105,0.0556640625
shallow,fisher,101,6,152,0.5859614610671997,0.052734375
shallow,fisher,101,6,153,0.624505877494812,0.0517578125
shallow,fisher,101,6,154,0.5455264449119568,0.056640625
shallow,fisher,101,6,155,0.6048378348350525,0.0400390625
shallow,fisher,101,6,156,0.5172973871231079,0.05859375
shallow,fisher,101,6,157,0.548002302646637,0.05859375
shallow,fisher,101,6,158,0.5710841417312622,0.0537109375
shallow,fisher,101,6,159,0.5492693185806274,0.0517578125
shallow,fisher,101,6,160,0.5236533880233765,0.0546875
shallow,fisher,101,6,161,0.5036953687667847,0.052734375
shallow,fisher,101,6,162,0.5870739817619324,0.0576171875
shallow,fisher,101,6,163,0.5112000703811646,0.048828125
shallow,fisher,101,6,164,0.5019406676292419,0.0390625
shallow,fisher,101,6,165,0.5607172846794128,0.046875
shallow,fisher,101,6,166,0.5321029424667358,0.0576171875
shallow,fisher,101,6,167,0.5973457098007202,0.0458984375
shallow,fisher,101,6,168,0.6077280640602112,0.046875
shallow,fisher,101,6,169,0.5677233934402466,0.052734375
shallow,fisher,101,6,170,0.5310221314430237,0.0400390625
shallow,fisher,101,6,171,0.48737332224845886,0.0615234375
shallow,fisher,101,6,172,0.5661531686782837,0.0537109375
shallow,fisher,101,6,173,0.5116170048713684,0.0517578125
shallow,fisher,101,6,174,0.5772983431816101,0.0546875
shallow,fisher,101,6,175,0.5202337503433228,0.0380859375
shallow,fisher,101,6,176,0.5433017611503601,0.041015625
shallow,fisher,101,6,177,0.5208361148834229,0.0693359375
shallow,fisher,101,6,178,0.5682844519615173,0.0625
shallow,fisher,101,6,179,0.5239906907081604,0.0537109375
shallow,fisher,101,6,180,0.5644671320915222,0.05078125
shallow,fisher,101,6,181,0.5753042697906494,0.056640625
shallow,fisher,101,6,182,0.5201130509376526,0.0537109375
shallow,fisher,101,6,183,0.5694326758384705,0.056640625
shallow,fisher,101,6,184,0.6013016104698181,0.0546875
shallow,fisher,101,6,185,0.5855306386947632,0.0546875
shallow,fisher,101,6,186,0.5314851999282837,0.0595703125
shallow,fisher,101,6,187,0.5283935070037842,0.0693359375
shallow,fisher,101,6,188,0.5650264620780945,0.04296875
shallow,fisher,101,6,189,0.5155677199363708,0.056640625
shallow,fisher,101,6,190,0.5513447523117065,0.0595703125
shallow,fisher,101,6,191,0.5254290699958801,0.044921875
shallow,fisher,101,6,192,0.5601910948753357,0.0458984375
shallow,fisher,101,6,193,0.5702940225601196,0.0478515625
shallow,fisher,101,6,194,0.5504732131958008,0.0595703125
shallow,fisher,101,6,195,0.5024053454399109,0.056640625
shallow,fisher,101,6,196,0.5328488945960999,0.0546875
shallow,fisher,101,6,197,0.5245291590690613,0.0419921875
shallow,fisher,101,6,198,0.5630896091461182,0.0556640625
shallow,fisher,101,6,199,0.5011825561523438,0.0556640625
shallow,fisher,101,6,200,0.5599802136421204,0.064453125
shallow,fisher,101,6,201,0.5645935535430908,0.0458984375
shallow,fisher,101,6,202,0.5984015464782715,0.0634765625
shallow,fisher,101,6,203,0.5758957266807556,0.0556640625
shallow,fisher,101,6,204,0.49507394433021545,0.056640625
shallow,fisher,101,6,205,0.5533486604690552,0.0595703125
shallow,fisher,101,6,206,0.4893607497215271,0.0615234375
shallow,fisher,101,6,207,0.5488169193267822,0.0517578125
shallow,fisher,101,6,208,0.5889548659324646,0.0693359375
shallow,fisher,101,6,209,0.5364095568656921,0.0537109375
shallow,fisher,101,6,210,0.6751407980918884,0.072265625
shallow,fisher,101,6,211,0.5494953393936157,0.04296875
shallow,fisher,101,6,212,0.5820541381835938,0.052734375
shallow,fisher,101,6,213,0.5669389367103577,0.0615234375
shallow,fisher,101,6,214,0.5529384016990662,0.0537109375
shallow,fisher,101,6,215,0.5275853872299194,0.06640625
shallow,fisher,101,6,216,0.5029021501541138,0.05859375
shallow,fisher,101,6,217,0.5445761680603027,0.0458984375
shallow,fisher,101,6,218,0.5252160429954529,0.048828125
shallow,fisher,101,6,219,0.5572710037231445,0.060546875
shallow,fisher,101,6,220,0.5336254239082336,0.05859375
shallow,fisher,101,6,221,0.5927079916000366,0.05078125
shallow,fisher,101,6,222,0.5449444651603699,0.056640625
shallow,fisher,101,6,223,0.5045223236083984,0.060546875
shallow,fisher,101,6,224,0.5021806955337524,0.05859375
shallow,fisher,101,6,225,0.6337643265724182,0.0673828125
shallow,fisher,101,6,226,0.4741782546043396,0.0419921875
shallow,fisher,101,6,227,0.4472561478614807,0.052734375
shallow,fisher,101,6,228,0.5857259631156921,0.06640625
shallow,fisher,101,6,229,0.48005661368370056,0.0556640625
shallow,fisher,101,6,230,0.5196084976196289,0.0537109375
shallow,fisher,101,6,231,0.5788748860359192,0.048828125
shallow,fisher,101,6,232,0.6025850176811218,0.0458984375
shallow,fisher,101,6,233,0.6459318995475769,0.0615234375
shallow,fisher,101,6,234,0.5120383501052856,0.06640625
shallow,fisher,101,6,235,0.5250465869903564,0.0625
shallow,fisher,101,6,236,0.5206895470619202,0.0537109375
shallow,fisher,101,6,237,0.49417102336883545,0.048828125
shallow,fisher,101,6,238,0.5512864589691162,0.0546875
shallow,fisher,101,6,239,0.5777105689048767,0.0400390625
shallow,fisher,101,6,240,0.5320264101028442,0.0546875
shallow,fisher,101,6,241,0.529241144657135,0.0478515625
shallow,fisher,101,6,242,0.5749733448028564,0.060546875
shallow,fisher,101,6,243,0.5528326034545898,0.056640625
shallow,fisher,101,6,244,0.623014509677887,0.0693359375
shallow,fisher,101,6,245,0.5381777286529541,0.0703125
shallow,fisher,101,6,246,0.5992554426193237,0.0546875
shallow,fisher,101,6,247,0.4840082824230194,0.0419921875
shallow,fisher,101,6,248,0.5870639681816101,0.0654296875
shallow,fisher,101,6,249,0.5866020917892456,0.0595703125
shallow,fisher,101,6,250,0.5728049278259277,0.037854891270399094
shallow,fisher,101,7,0,0.5197375416755676,0.064453125
shallow,fisher,101,7,1,0.5536900162696838,0.0419921875
shallow,fisher,101,7,2,0.5488101243972778,0.0439453125
shallow,fisher,101,7,3,0.5157118439674377,0.0517578125
shallow,fisher,101,7,4,0.5555257797241211,0.056640625
shallow,fisher,101,7,5,0.5626910924911499,0.0517578125
shallow,fisher,101,7,6,0.5714360475540161,0.0673828125
shallow,fisher,101,7,7,0.5681639909744263,0.046875
shallow,fisher,101,7,8,0.5492616295814514,0.06640625
shallow,fisher,101,7,9,0.5308082103729248,0.0400390625
shallow,fisher,101,7,10,0.5559938549995422,0.056640625
shallow,fisher,101,7,11,0.5016958713531494,0.0478515625
shallow,fisher,101,7,12,0.5577873587608337,0.0751953125
shallow,fisher,101,7,13,0.5438818335533142,0.0673828125
shallow,fisher,101,7,14,0.5128802061080933,0.0615234375
shallow,fisher,101,7,15,0.533277153968811,0.0478515625
shallow,fisher,101,7,16,0.4927632808685303,0.0537109375
shallow,fisher,101,7,17,0.5290842056274414,0.052734375
shallow,fisher,101,7,18,0.5222902297973633,0.0673828125
shallow,fisher,101,7,19,0.544242262840271,0.064453125
shallow,fisher,101,7,20,0.5560653805732727,0.0556640625
shallow,fisher,101,7,21,0.5872548818588257,0.0556640625
shallow,fisher,101,7,22,0.5165367126464844,0.052734375
shallow,fisher,101,7,23,0.4804229736328125,0.0625
shallow,fisher,101,7,24,0.5513021945953369,0.0615234375
shallow,fisher,101,7,25,0.5331576466560364,0.0478515625
shallow,fisher,101,7,26,0.5211014151573181,0.048828125
shallow,fisher,101,7,27,0.6079759001731873,0.0576171875
shallow,fisher,101,7,28,0.5174279808998108,0.0537109375
shallow,fisher,101,7,29,0.5968016982078552,0.052734375
shallow,fisher,101,7,30,0.5244475603103638,0.052734375
shallow,fisher,101,7,31,0.5778359174728394,0.0478515625
shallow,fisher,101,7,32,0.5908330082893372,0.0712890625
shallow,fisher,101,7,33,0.5319052338600159,0.060546875
shallow,fisher,101,7,34,0.5293606519699097,0.05078125
shallow,fisher,101,7,35,0.5786734223365784,0.05859375
shallow,fisher,101,7,36,0.5245451331138611,0.0498046875
shallow,fisher,101,7,37,0.5205593705177307,0.056640625
shallow,fisher,101,7,38,0.5324598550796509,0.041015625
shallow,fisher,101,7,39,0.5068291425704956,0.046875
shallow,fisher,101,7,40,0.5512310266494751,0.0361328125
shallow,fisher,101,7,41,0.5582146048545837,0.0458984375
shallow,fisher,101,7,42,0.5258792042732239,0.0673828125
shallow,fisher,101,7,43,0.5260717868804932,0.0625
shallow,fisher,101,7,44,0.5395458936691284,0.064453125
shallow,fisher,101,7,45,0.5696770548820496,0.05859375
shallow,fisher,101,7,46,0.5677290558815002,0.056640625
shallow,fisher,101,7,47,0.5414843559265137,0.056640625
shallow,fisher,101,7,48,0.54274582862854,0.0537109375
shallow,fisher,101,7,49,0.6085022687911987,0.06640625
shallow,fisher,101,7,50,0.5218433141708374,0.044921875
shallow,fisher,101,7,51,0.5080647468566895,0.0498046875
shallow,fisher,101,7,52,0.5469995141029358,0.0556640625
shallow,fisher,101,7,53,0.5305159687995911,0.07421875
shallow,fisher,101,7,54,0.5975147485733032,0.064453125
shallow,fisher,101,7,55,0.5755761861801147,0.064453125
shallow,fisher,101,7,56,0.48507246375083923,0.052734375
shallow,fisher,101,7,57,0.4756023585796356,0.0439453125
shallow,fisher,101,7,58,0.5448059439659119,0.0576171875
shallow,fisher,101,7,59,0.5716479420661926,0.044921875
shallow,fisher,101,7,60,0.4876806139945984,0.06640625
shallow,fisher,101,7,61,0.5538684725761414,0.048828125
shallow,fisher,101,7,62,0.6053127646446228,0.0556640625
shallow,fisher,101,7,63,0.5522550344467163,0.056640625
shallow,fisher,101,7,64,0.5126549601554871,0.0556640625
shallow,fisher,101,7,65,0.500365138053894,0.05859375
shallow,fisher,101,7,66,0.5225341320037842,0.0654296875
shallow,fisher,101,7,67,0.5093399286270142,0.052734375
shallow,fisher,101,7,68,0.5553444027900696,0.0498046875
shallow,fisher,101,7,69,0.5153565406799316,0.0517578125
shallow,fisher,101,7,70,0.5280394554138184,0.0517578125
shallow,fisher,101,7,71,0.7398492097854614,0.0517578125
shallow,fisher,101,7,72,0.5594430565834045,0.0498046875
shallow,fisher,101,7,73,0.5264081358909607,0.046875
shallow,fisher,101,7,74,0.5159380435943604,0.048828125
shallow,fisher,101,7,75,0.5483230948448181,0.0576171875
shallow,fisher,101,7,76,0.5304573774337769,0.0537109375
shallow,fisher,101,7,77,0.5119296908378601,0.0478515625
shallow,fisher,101,7,78,0.5156266689300537,0.0615234375
shallow,fisher,101,7,79,0.5448166728019714,0.0517578125
shallow,fisher,101,7,80,0.5294798016548157,0.056640625
shallow,fisher,101,7,81,0.5245116949081421,0.0625
shallow,fisher,101,7,82,0.6500838398933411,0.0478515625
shallow,fisher,101,7,83,0.5672346949577332,0.05078125
shallow,fisher,101,7,84,0.5286481380462646,0.0537109375
shallow,fisher,101,7,85,0.5401583313941956,0.0625
shallow,fisher,101,7,86,0.5383594036102295,0.0517578125
shallow,fisher,101,7,87,0.5600188970565796,0.0419921875
shallow,fisher,101,7,88,0.538032591342926,0.05078125
shallow,fisher,101,7,89,0.5353200435638428,0.0546875
shallow,fisher,101,7,90,0.5684949159622192,0.056640625
shallow,fisher,101,7,91,0.5491592288017273,0.0615234375
shallow,fisher,101,7,92,0.5280333161354065,0.056640625
shallow,fisher,101,7,93,0.5496793985366821,0.05078125
shallow,fisher,101,7,94,0.48881375789642334,0.060546875
shallow,fisher,101,7,95,0.803662896156311,0.060546875
shallow,fisher,101,7,96,0.5256586670875549,0.052734375
shallow,fisher,101,7,97,0.5236249566078186,0.0400390625
shallow,fisher,101,7,98,0.5666151642799377,0.0439453125
shallow,fisher,101,7,99,0.4982115626335144,0.048828125
shallow,fisher,101,7,100,0.49830958247184753,0.064453125
shallow,fisher,101,7,101,0.6274871826171875,0.048828125
shallow,fisher,101,7,102,0.5609351992607117,0.0615234375
shallow,fisher,101,7,103,0.5126128196716309,0.05078125
shallow,fisher,101,7,104,0.5599629878997803,0.056640625
shallow,fisher,101,7,105,0.5439268946647644,0.048828125
shallow,fisher,101,7,106,0.5298487544059753,0.046875
shallow,fisher,101,7,107,0.5821475386619568,0.0478515625
shallow,fisher,101,7,108,0.5203485488891602,0.0673828125
shallow,fisher,101,7,109,0.5294586420059204,0.0576171875
shallow,fisher,101,7,110,0.5692005753517151,0.048828125
shallow,fisher,101,7,111,0.498281329870224,0.052734375
shallow,fisher,101,7,112,0.533741295337677,0.0625
shallow,fisher,101,7,113,0.5044115781784058,0.0556640625
shallow,fisher,101,7,114,0.5392614006996155,0.0419921875
shallow,fisher,101,7,115,0.5028748512268066,0.0517578125
shallow,fisher,101,7,116,0.5724278688430786,0.056640625
shallow,fisher,101,7,117,0.5088822245597839,0.0546875
shallow,fisher,101,7,118,0.597874104976654,0.0517578125
shallow,fisher,101,7,119,0.5187231302261353,0.0556640625
shallow,fisher,101,7,120,0.5590780377388,0.064453125
shallow,fisher,101,7,121,0.603755533695221,0.0654296875
shallow,fisher,101,7,122,0.5634273886680603,0.046875
shallow,fisher,101,7,123,0.5287602543830872,0.05859375
shallow,fisher,101,7,124,0.51542067527771,0.0546875
shallow,fisher,101,7,125,0.6226846575737,0.056640625
shallow,fisher,101,7,126,0.612458348274231,0.0400390625
shallow,fisher,101,7,127,0.5391192436218262,0.0537109375
shallow,fisher,101,7,128,0.4652128517627716,0.0615234375
shallow,fisher,101,7,129,0.48321741819381714,0.04296875
shallow,fisher,101,7,130,0.5985074639320374,0.0634765625
shallow,fisher,101,7,131,0.5351647138595581,0.0634765625
shallow,fisher,101,7,132,0.48539233207702637,0.0498046875
shallow,fisher,101,7,133,0.5422511696815491,0.056640625
shallow,fisher,101,7,134,0.5113849639892578,0.0478515625
shallow,fisher,101,7,135,0.5258027911186218,0.0556640625
shallow,fisher,101,7,136,0.4890545606613159,0.0419921875
shallow,fisher,101,7,137,0.5571339130401611,0.05078125
shallow,fisher,101,7,138,0.5799671411514282,0.0537109375
shallow,fisher,101,7,139,0.5507935285568237,0.05078125
shallow,fisher,101,7,140,0.5830585956573486,0.0517578125
shallow,fisher,101,7,141,0.5536471605300903,0.05078125
shallow,fisher,101,7,142,0.5508235692977905,0.056640625
shallow,fisher,101,7,143,0.4826582968235016,0.0478515625
shallow,fisher,101,7,144,0.5161733031272888,0.05078125
shallow,fisher,101,7,145,0.5551931858062744,0.0595703125
shallow,fisher,101,7,146,0.5485146045684814,0.0478515625
shallow,fisher,101,7,147,0.5443362593650818,0.0615234375
shallow,fisher,101,7,148,0.5657700300216675,0.0703125
shallow,fisher,101,7,149,0.5373992919921875,0.06640625
shallow,fisher,101,7,150,0.528563916683197,0.0615234375
shallow,fisher,101,7,151,0.4884883761405945,0.056640625
shallow,fisher,101,7,152,0.5040908455848694,0.064453125
shallow,fisher,101,7,153,0.5456175208091736,0.060546875
shallow,fisher,101,7,154,0.5628529787063599,0.0498046875
shallow,fisher,101,7,155,0.5480272173881531,0.0537109375
shallow,fisher,101,7,156,0.5391249656677246,0.0498046875
shallow,fisher,101,7,157,0.5470139384269714,0.0703125
shallow,fisher,101,7,158,0.5342779159545898,0.048828125
shallow,fisher,101,7,159,0.551885187625885,0.046875
shallow,fisher,101,7,160,0.5430719256401062,0.0498046875
shallow,fisher,101,7,161,0.5777201652526855,0.0595703125
shallow,fisher,101,7,162,0.5448082685470581,0.0498046875
shallow,fisher,101,7,163,0.48528212308883667,0.0576171875
shallow,fisher,101,7,164,0.5460697412490845,0.056640625
shallow,fisher,101,7,165,0.6116356253623962,0.041015625
shallow,fisher,101,7,166,0.5175376534461975,0.056640625
shallow,fisher,101,7,167,0.5086779594421387,0.0498046875
shallow,fisher,101,7,168,0.5770916938781738,0.0634765625
shallow,fisher,101,7,169,0.49818864464759827,0.0576171875
shallow,fisher,101,7,170,0.5151259303092957,0.0537109375
shallow,fisher,101,7,171,0.5107932090759277,0.0595703125
shallow,fisher,101,7,172,0.5993998050689697,0.064453125
shallow,fisher,101,7,173,0.555617094039917,0.0517578125
shallow,fisher,101,7,174,0.5221644043922424,0.056640625
shallow,fisher,101,7,175,0.585957944393158,0.0673828125
shallow,fisher,101,7,176,0.5556849837303162,0.0595703125
shallow,fisher,101,7,177,0.5213916301727295,0.044921875
shallow,fisher,101,7,178,0.5131399035453796,0.0625
shallow,fisher,101,7,179,0.5691194534301758,0.056640625
shallow,fisher,101,7,180,0.5509345531463623,0.05078125
shallow,fisher,101,7,181,0.52802574634552,0.0556640625
shallow,fisher,101,7,182,0.5089121460914612,0.0615234375
shallow,fisher,101,7,183,0.4700775444507599,0.052734375
shallow,fisher,101,7,184,0.5159748792648315,0.0556640625
shallow,fisher,101,7,185,0.5770105719566345,0.052734375
shallow,fisher,101,7,186,0.5748811960220337,0.056640625
shallow,fisher,101,7,187,0.5634879469871521,0.056640625
shallow,fisher,101,7,188,0.5360459089279175,0.060546875
shallow,fisher,101,7,189,0.5301020741462708,0.05859375
shallow,fisher,101,7,190,0.5562089085578918,0.0517578125
shallow,fisher,101,7,191,0.6111042499542236,0.0478515625
shallow,fisher,101,7,192,0.5630455017089844,0.0498046875
shallow,fisher,101,7,193,0.5633769035339355,0.041015625
shallow,fisher,101,7,194,0.5330818891525269,0.0595703125
shallow,fisher,101,7,195,0.5467556715011597,0.05078125
shallow,fisher,101,7,196,0.5393187999725342,0.0478515625
shallow,fisher,101,7,197,0.5063980221748352,0.0546875
shallow,fisher,101,7,198,0.5196141600608826,0.0556640625
shallow,fisher,101,7,199,0.4800300598144531,0.0517578125
shallow,fisher,101,7,200,0.5774967074394226,0.0537109375
shallow,fisher,101,7,201,0.5189017057418823,0.046875
shallow,fisher,101,7,202,0.5140348672866821,0.0693359375
shallow,fisher,101,7,203,0.5911914706230164,0.060546875
shallow,fisher,101,7,204,0.5152320861816406,0.0634765625
shallow,fisher,101,7,205,0.5593023300170898,0.0517578125
shallow,fisher,101,7,206,0.5272004008293152,0.05078125
shallow,fisher,101,7,207,0.5809128284454346,0.0478515625
shallow,fisher,101,7,208,0.5545125007629395,0.0517578125
shallow,fisher,101,7,209,0.48877274990081787,0.0537109375
shallow,fisher,101,7,210,0.5787892937660217,0.0556640625
shallow,fisher,101,7,211,0.5761265754699707,0.0537109375
shallow,fisher,101,7,212,0.5336024165153503,0.0517578125
shallow,fisher,101,7,213,0.544173538684845,0.0537109375
shallow,fisher,101,7,214,0.5815513730049133,0.0556640625
shallow,fisher,101,7,215,0.5081819295883179,0.0498046875
shallow,fisher,101,7,216,0.5343733429908752,0.060546875
shallow,fisher,101,7,217,0.5380752682685852,0.0517578125
shallow,fisher,101,7,218,0.5268126130104065,0.0615234375
shallow,fisher,101,7,219,0.5093445181846619,0.068359375
shallow,fisher,101,7,220,0.5183149576187134,0.0615234375
shallow,fisher,101,7,221,0.5010837316513062,0.0576171875
shallow,fisher,101,7,222,0.5767282843589783,0.064453125
shallow,fisher,101,7,223,0.5677685141563416,0.037109375
shallow,fisher,101,7,224,0.5212833285331726,0.05859375
shallow,fisher,101,7,225,0.47583600878715515,0.0673828125
shallow,fisher,101,7,226,0.4747273325920105,0.0517578125
shallow,fisher,101,7,227,0.5141475200653076,0.068359375
shallow,fisher,101,7,228,0.5432816743850708,0.05078125
shallow,fisher,101,7,229,0.5434907078742981,0.0478515625
shallow,fisher,101,7,230,0.5891954898834229,0.0595703125
shallow,fisher,101,7,231,0.47197529673576355,0.0458984375
shallow,fisher,101,7,232,0.5865470767021179,0.0517578125
shallow,fisher,101,7,233,0.5215494632720947,0.05078125
shallow,fisher,101,7,234,0.49584177136421204,0.0576171875
shallow,fisher,101,7,235,0.5242980718612671,0.06640625
shallow,fisher,101,7,236,0.48372524976730347,0.0556640625
shallow,fisher,101,7,237,0.48885035514831543,0.0634765625
shallow,fisher,101,7,238,0.5228315591812134,0.056640625
shallow,fisher,101,7,239,0.5304763913154602,0.052734375
shallow,fisher,101,7,240,0.5135880708694458,0.052734375
shallow,fisher,101,7,241,0.48499107360839844,0.056640625
shallow,fisher,101,7,242,0.5330378413200378,0.0595703125
shallow,fisher,101,7,243,0.5780784487724304,0.046875
shallow,fisher,101,7,244,0.6321800351142883,0.0654296875
shallow,fisher,101,7,245,0.5556029081344604,0.0400390625
shallow,fisher,101,7,246,0.5062136650085449,0.06640625
shallow,fisher,101,7,247,0.529083251953125,0.0615234375
shallow,fisher,101,7,248,0.543653130531311,0.0537109375
shallow,fisher,101,7,249,0.5579397082328796,0.0517578125
shallow,fisher,101,7,250,0.5224146246910095,0.06309148669242859
shallow,fisher,101,8,0,0.5048929452896118,0.04296875
shallow,fisher,101,8,1,0.4878755211830139,0.046875
shallow,fisher,101,8,2,0.5994980931282043,0.0458984375
shallow,fisher,101,8,3,0.5468303561210632,0.048828125
shallow,fisher,101,8,4,0.555772602558136,0.0478515625
shallow,fisher,101,8,5,0.4974031150341034,0.05078125
shallow,fisher,101,8,6,0.5261730551719666,0.056640625
shallow,fisher,101,8,7,0.5782026648521423,0.0576171875
shallow,fisher,101,8,8,0.5556463003158569,0.04296875
shallow,fisher,101,8,9,0.5262430310249329,0.0556640625
shallow,fisher,101,8,10,0.5511298179626465,0.046875
shallow,fisher,101,8,11,0.5364721417427063,0.046875
shallow,fisher,101,8,12,0.5013270378112793,0.0546875
shallow,fisher,101,8,13,0.5104249715805054,0.0556640625
shallow,fisher,101,8,14,0.5111731886863708,0.0595703125
shallow,fisher,101,8,15,0.5366700887680054,0.048828125
shallow,fisher,101,8,16,0.657730758190155,0.05859375
shallow,fisher,101,8,17,0.5210211277008057,0.0439453125
shallow,fisher,101,8,18,0.5383529663085938,0.052734375
shallow,fisher,101,8,19,0.47381147742271423,0.0703125
shallow,fisher,101,8,20,0.5575676560401917,0.0439453125
shallow,fisher,101,8,21,0.5868168473243713,0.0625
shallow,fisher,101,8,22,0.484458863735199,0.056640625
shallow,fisher,101,8,23,0.5223081111907959,0.0556640625
shallow,fisher,101,8,24,0.4920634627342224,0.060546875
shallow,fisher,101,8,25,0.5268334150314331,0.0341796875
shallow,fisher,101,8,26,0.48786818981170654,0.048828125
shallow,fisher,101,8,27,0.5529400110244751,0.044921875
shallow,fisher,101,8,28,0.5614070296287537,0.0478515625
shallow,fisher,101,8,29,0.5683652758598328,0.060546875
shallow,fisher,101,8,30,0.4879794716835022,0.0556640625
shallow,fisher,101,8,31,0.6024662852287292,0.0673828125
shallow,fisher,101,8,32,0.6242556571960449,0.0498046875
shallow,fisher,101,8,33,0.5276604294776917,0.07421875
shallow,fisher,101,8,34,0.5473901033401489,0.048828125
shallow,fisher,101,8,35,0.5615346431732178,0.0439453125
shallow,fisher,101,8,36,0.5497608780860901,0.0546875
shallow,fisher,101,8,37,0.576653242111206,0.056640625
shallow,fisher,101,8,38,0.53852379322052,0.056640625
shallow,fisher,101,8,39,0.48488113284111023,0.0634765625
shallow,fisher,101,8,40,0.5919069647789001,0.052734375
shallow,fisher,101,8,41,0.5380609631538391,0.0517578125
shallow,fisher,101,8,42,0.5853126049041748,0.0595703125
shallow,fisher,101,8,43,0.5611324906349182,0.060546875
shallow,fisher,101,8,44,0.4760498106479645,0.0625
shallow,fisher,101,8,45,0.5250834226608276,0.0625
shallow,fisher,101,8,46,0.5447884202003479,0.0673828125
shallow,fisher,101,8,47,0.5726162791252136,0.052734375
shallow,fisher,101,8,48,0.5506291389465332,0.0556640625
shallow,fisher,101,8,49,0.562117338180542,0.064453125
shallow,fisher,101,8,50,0.5154921412467957,0.05859375
shallow,fisher,101,8,51,0.5287006497383118,0.0556640625
shallow,fisher,101,8,52,0.5179376006126404,0.048828125
shallow,fisher,101,8,53,0.5328353643417358,0.056640625
shallow,fisher,101,8,54,0.4990764856338501,0.0546875
shallow,fisher,101,8,55,0.5528938174247742,0.05078125
shallow,fisher,101,8,56,0.5052845478057861,0.0478515625
shallow,fisher,101,8,57,0.5705485939979553,0.0498046875
shallow,fisher,101,8,58,0.5231208801269531,0.046875
shallow,fisher,101,8,59,0.5015530586242676,0.05859375
shallow,fisher,101,8,60,0.556060254573822,0.06640625
shallow,fisher,101,8,61,0.5670263171195984,0.0625
shallow,fisher,101,8,62,0.526233971118927,0.0537109375
shallow,fisher,101,8,63,0.503555178642273,0.05078125
shallow,fisher,101,8,64,0.4932754337787628,0.046875
shallow,fisher,101,8,65,0.5381643772125244,0.0517578125
shallow,fisher,101,8,66,0.5241720080375671,0.046875
shallow,fisher,101,8,67,0.508034884929657,0.0654296875
shallow,fisher,101,8,68,0.6221256256103516,0.0537109375
shallow,fisher,101,8,69,0.5073498487472534,0.064453125
shallow,fisher,101,8,70,0.5334946513175964,0.0576171875
shallow,fisher,101,8,71,0.5263853073120117,0.05078125
shallow,fisher,101,8,72,0.477443128824234,0.0537109375
shallow,fisher,101,8,73,0.5139689445495605,0.0498046875
shallow,fisher,101,8,74,0.5329824090003967,0.0498046875
shallow,fisher,101,8,75,0.5194124579429626,0.05859375
shallow,fisher,101,8,76,0.5479262471199036,0.0458984375
shallow,fisher,101,8,77,0.5750716328620911,0.0390625
shallow,fisher,101,8,78,0.4390257000923157,0.0537109375
shallow,fisher,101,8,79,0.5569600462913513,0.068359375
shallow,fisher,101,8,80,0.5430735349655151,0.060546875
shallow,fisher,101,8,81,0.5084810853004456,0.0478515625
shallow,fisher,101,8,82,0.5648009777069092,0.0537109375
shallow,fisher,101,8,83,0.6049702763557434,0.0654296875
shallow,fisher,101,8,84,0.5264061093330383,0.0537109375
shallow,fisher,101,8,85,0.49027755856513977,0.0419921875
shallow,fisher,101,8,86,0.5972447991371155,0.0732421875
shallow,fisher,101,8,87,0.5099621415138245,0.044921875
shallow,fisher,101,8,88,0.528799831867218,0.04296875
shallow,fisher,101,8,89,0.5345830321311951,0.0654296875
shallow,fisher,101,8,90,0.5186946988105774,0.048828125
shallow,fisher,101,8,91,0.526923656463623,0.0615234375
shallow,fisher,101,8,92,0.5267795324325562,0.0654296875
shallow,fisher,101,8,93,0.5470500588417053,0.0556640625
shallow,fisher,101,8,94,0.5087178349494934,0.041015625
shallow,fisher,101,8,95,0.5453908443450928,0.05078125
shallow,fisher,101,8,96,0.5286811590194702,0.0517578125
shallow,fisher,101,8,97,0.4778077304363251,0.056640625
shallow,fisher,101,8,98,0.5689287185668945,0.0595703125
shallow,fisher,101,8,99,0.5566170811653137,0.064453125
shallow,fisher,101,8,100,0.5259599089622498,0.0537109375
shallow,fisher,101,8,101,0.5386426448822021,0.05859375
shallow,fisher,101,8,102,0.49498051404953003,0.052734375
shallow,fisher,101,8,103,0.5680823922157288,0.0439453125
shallow,fisher,101,8,104,0.592171311378479,0.0546875
shallow,fisher,101,8,105,0.5652598142623901,0.0595703125
shallow,fisher,101,8,106,0.5217218995094299,0.064453125
shallow,fisher,101,8,107,0.47467610239982605,0.0546875
shallow,fisher,101,8,108,0.5045416951179504,0.0498046875
shallow,fisher,101,8,109,0.518215537071228,0.052734375
shallow,fisher,101,8,110,0.523973286151886,0.05859375
shallow,fisher,101,8,111,0.4986804127693176,0.056640625
shallow,fisher,101,8,112,0.4963153600692749,0.052734375
shallow,fisher,101,8,113,0.5211278796195984,0.05859375
shallow,fisher,101,8,114,0.5120882987976074,0.0654296875
shallow,fisher,101,8,115,0.5688163638114929,0.05078125
shallow,fisher,101,8,116,0.5391281843185425,0.0595703125
shallow,fisher,101,8,117,0.5274099111557007,0.046875
shallow,fisher,101,8,118,0.535017728805542,0.0498046875
shallow,fisher,101,8,119,0.5580305457115173,0.048828125
shallow,fisher,101,8,120,0.5204132795333862,0.0546875
shallow,fisher,101,8,121,0.5363834500312805,0.0576171875
shallow,fisher,101,8,122,0.4669918119907379,0.048828125
shallow,fisher,101,8,123,0.6267468929290771,0.0595703125
shallow,fisher,101,8,124,0.5257993936538696,0.0595703125
shallow,fisher,101,8,125,0.5107070803642273,0.0546875
shallow,fisher,101,8,126,0.5118997097015381,0.0595703125
shallow,fisher,101,8,127,0.5758505463600159,0.0546875
shallow,fisher,101,8,128,0.5161927938461304,0.06640625
shallow,fisher,101,8,129,0.5275896191596985,0.0595703125
shallow,fisher,101,8,130,0.5525592565536499,0.05078125
shallow,fisher,101,8,131,0.5766545534133911,0.05859375
shallow,fisher,101,8,132,0.5822728872299194,0.0615234375
shallow,fisher,101,8,133,0.5450089573860168,0.0517578125
shallow,fisher,101,8,134,0.5018112659454346,0.0517578125
shallow,fisher,101,8,135,0.5010240077972412,0.0517578125
shallow,fisher,101,8,136,0.5569474101066589,0.056640625
shallow,fisher,101,8,137,0.5600681304931641,0.056640625
shallow,fisher,101,8,138,0.5293469429016113,0.0556640625
shallow,fisher,101,8,139,0.4916386902332306,0.046875
shallow,fisher,101,8,140,0.5757614970207214,0.0517578125
shallow,fisher,101,8,141,0.49823012948036194,0.0556640625
shallow,fisher,101,8,142,0.5086090564727783,0.060546875
shallow,fisher,101,8,143,0.5309619307518005,0.046875
shallow,fisher,101,8,144,0.49022188782691956,0.0546875
shallow,fisher,101,8,145,0.5291320085525513,0.056640625
shallow,fisher,101,8,146,0.6180196404457092,0.0615234375
shallow,fisher,101,8,147,0.5966134071350098,0.044921875
shallow,fisher,101,8,148,0.5034672617912292,0.052734375
shallow,fisher,101,8,149,0.497348427772522,0.0478515625
shallow,fisher,101,8,150,0.525084376335144,0.0615234375
shallow,fisher,101,8,151,0.5125649571418762,0.0595703125
shallow,fisher,101,8,152,0.5646477341651917,0.0576171875
shallow,fisher,101,8,153,0.542855441570282,0.041015625
shallow,fisher,101,8,154,0.5244395732879639,0.0546875
shallow,fisher,101,8,155,0.5275232195854187,0.044921875
shallow,fisher,101,8,156,0.519180417060852,0.064453125
shallow,fisher,101,8,157,0.5446030497550964,0.0654296875
shallow,fisher,101,8,158,0.5002630352973938,0.0478515625
shallow,fisher,101,8,159,0.5133262872695923,0.052734375
shallow,fisher,101,8,160,0.5291503071784973,0.0478515625
shallow,fisher,101,8,161,0.6104209423065186,0.0546875
shallow,fisher,101,8,162,0.5484496355056763,0.0625
shallow,fisher,101,8,163,0.5615590810775757,0.0498046875
shallow,fisher,101,8,164,0.49451303482055664,0.0595703125
shallow,fisher,101,8,165,0.529157280921936,0.0546875
shallow,fisher,101,8,166,0.5241033434867859,0.0673828125
shallow,fisher,101,8,167,0.5494736433029175,0.060546875
shallow,fisher,101,8,168,0.48250195384025574,0.0634765625
shallow,fisher,101,8,169,0.552625298500061,0.064453125
shallow,fisher,101,8,170,0.5968613028526306,0.05078125
shallow,fisher,101,8,171,0.5625987648963928,0.056640625
shallow,fisher,101,8,172,0.4682908356189728,0.046875
shallow,fisher,101,8,173,0.5412793755531311,0.0517578125
shallow,fisher,101,8,174,0.5334591865539551,0.0634765625
shallow,fisher,101,8,175,0.6230879426002502,0.046875
shallow,fisher,101,8,176,0.5299862623214722,0.0576171875
shallow,fisher,101,8,177,0.5039212703704834,0.0478515625
shallow,fisher,101,8,178,0.4992929697036743,0.048828125
shallow,fisher,101,8,179,0.5594602227210999,0.0654296875
shallow,fisher,101,8,180,0.5759812593460083,0.0615234375
shallow,fisher,101,8,181,0.5501827597618103,0.041015625
shallow,fisher,101,8,182,0.5797329545021057,0.0546875
shallow,fisher,101,8,183,0.5343372225761414,0.0546875
shallow,fisher,101,8,184,0.5717809796333313,0.0556640625
shallow,fisher,101,8,185,0.5174269676208496,0.05078125
shallow,fisher,101,8,186,0.5513021349906921,0.0517578125
shallow,fisher,101,8,187,0.5511568784713745,0.0634765625
shallow,fisher,101,8,188,0.541382908821106,0.05859375
shallow,fisher,101,8,189,0.5864303708076477,0.0673828125
shallow,fisher,101,8,190,0.5611063241958618,0.0703125
shallow,fisher,101,8,191,0.5544136762619019,0.04296875
shallow,fisher,101,8,192,0.57626873254776,0.0478515625
shallow,fisher,101,8,193,0.5302861332893372,0.05859375
shallow,fisher,101,8,194,0.49087780714035034,0.060546875
shallow,fisher,101,8,195,0.5801469683647156,0.0478515625
shallow,fisher,101,8,196,0.4949673116207123,0.0546875
shallow,fisher,101,8,197,0.5441422462463379,0.0498046875
shallow,fisher,101,8,198,0.6163508296012878,0.052734375
shallow,fisher,101,8,199,0.6351513862609863,0.0615234375
shallow,fisher,101,8,200,0.5232899188995361,0.0654296875
shallow,fisher,101,8,201,0.562467634677887,0.05859375
shallow,fisher,101,8,202,0.5505936145782471,0.05078125
shallow,fisher,101,8,203,0.5383234620094299,0.0576171875
shallow,fisher,101,8,204,0.49258676171302795,0.0703125
shallow,fisher,101,8,205,0.5099450945854187,0.0498046875
shallow,fisher,101,8,206,0.5327391624450684,0.0595703125
shallow,fisher,101,8,207,0.5456745028495789,0.0498046875
shallow,fisher,101,8,208,0.5270959734916687,0.0625
shallow,fisher,101,8,209,0.5299542546272278,0.05078125
shallow,fisher,101,8,210,0.5969286561012268,0.0595703125
shallow,fisher,101,8,211,0.5492133498191833,0.056640625
shallow,fisher,101,8,212,0.5458725690841675,0.0751953125
shallow,fisher,101,8,213,0.5047697424888611,0.052734375
shallow,fisher,101,8,214,0.562391996383667,0.056640625
shallow,fisher,101,8,215,0.5589174628257751,0.0634765625
shallow,fisher,101,8,216,0.6022545099258423,0.0478515625
shallow,fisher,101,8,217,0.48890236020088196,0.060546875
shallow,fisher,101,8,218,0.5245333313941956,0.0517578125
shallow,fisher,101,8,219,0.6146820783615112,0.0478515625
shallow,fisher,101,8,220,0.5587467551231384,0.0546875
shallow,fisher,101,8,221,0.5640782713890076,0.056640625
shallow,fisher,101,8,222,0.5538564324378967,0.048828125
shallow,fisher,101,8,223,0.5973170399665833,0.046875
shallow,fisher,101,8,224,0.5653819441795349,0.056640625
shallow,fisher,101,8,225,0.5779993534088135,0.0546875
shallow,fisher,101,8,226,0.5151904225349426,0.052734375
shallow,fisher,101,8,227,0.5466318726539612,0.05078125
shallow,fisher,101,8,228,0.677282989025116,0.0517578125
shallow,fisher,101,8,229,0.5853874087333679,0.0478515625
shallow,fisher,101,8,230,0.49006927013397217,0.064453125
shallow,fisher,101,8,231,0.5147207975387573,0.04296875
shallow,fisher,101,8,232,0.5523235201835632,0.0615234375
shallow,fisher,101,8,233,0.5407586097717285,0.0546875
shallow,fisher,101,8,234,0.5472503304481506,0.0595703125
shallow,fisher,101,8,235,0.5335585474967957,0.06640625
shallow,fisher,101,8,236,0.567751407623291,0.060546875
shallow,fisher,101,8,237,0.4912719428539276,0.056640625
shallow,fisher,101,8,238,0.5401704907417297,0.0576171875
shallow,fisher,101,8,239,0.5423920750617981,0.046875
shallow,fisher,101,8,240,0.5569173693656921,0.0595703125
shallow,fisher,101,8,241,0.5525022149085999,0.060546875
shallow,fisher,101,8,242,0.5905174612998962,0.052734375
shallow,fisher,101,8,243,0.55621737241745,0.05859375
shallow,fisher,101,8,244,0.5258908271789551,0.068359375
shallow,fisher,101,8,245,0.5264430046081543,0.0625
shallow,fisher,101,8,246,0.4965367317199707,0.046875
shallow,fisher,101,8,247,0.6384883522987366,0.0498046875
shallow,fisher,101,8,248,0.5454386472702026,0.04296875
shallow,fisher,101,8,249,0.5222623348236084,0.05859375
shallow,fisher,101,8,250,0.6442551612854004,0.05362776294350624
shallow,saber_v2,101,1,0,1.1335813999176025,0.0595703125
shallow,saber_v2,101,1,1,0.9882168769836426,0.05078125
shallow,saber_v2,101,1,2,0.9366123676300049,0.0498046875
shallow,saber_v2,101,1,3,0.9439540505409241,0.0576171875
shallow,saber_v2,101,1,4,0.8425140976905823,0.0478515625
shallow,saber_v2,101,1,5,0.7781616449356079,0.044921875
shallow,saber_v2,101,1,6,0.779863178730011,0.060546875
shallow,saber_v2,101,1,7,0.8385574817657471,0.05859375
shallow,saber_v2,101,1,8,0.8599356412887573,0.0439453125
shallow,saber_v2,101,1,9,0.8120951056480408,0.0517578125
shallow,saber_v2,101,1,10,0.7620788216590881,0.0576171875
shallow,saber_v2,101,1,11,0.847363293170929,0.05078125
shallow,saber_v2,101,1,12,0.7704517245292664,0.0654296875
shallow,saber_v2,101,1,13,0.8598310947418213,0.060546875
shallow,saber_v2,101,1,14,0.9063525199890137,0.0390625
shallow,saber_v2,101,1,15,0.8852835893630981,0.052734375
shallow,saber_v2,101,1,16,0.8661918044090271,0.0615234375
shallow,saber_v2,101,1,17,0.7304812073707581,0.0576171875
shallow,saber_v2,101,1,18,0.7768998146057129,0.0556640625
shallow,saber_v2,101,1,19,0.7976473569869995,0.052734375
shallow,saber_v2,101,1,20,0.7310627698898315,0.0361328125
shallow,saber_v2,101,1,21,0.7821366786956787,0.05078125
shallow,saber_v2,101,1,22,0.7394457459449768,0.0615234375
shallow,saber_v2,101,1,23,0.8086360692977905,0.0458984375
shallow,saber_v2,101,1,24,0.7518855929374695,0.0556640625
shallow,saber_v2,101,1,25,0.7591549158096313,0.060546875
shallow,saber_v2,101,1,26,0.7740828990936279,0.052734375
shallow,saber_v2,101,1,27,0.7537673711776733,0.048828125
shallow,saber_v2,101,1,28,0.7353907227516174,0.046875
shallow,saber_v2,101,1,29,0.735163688659668,0.0458984375
shallow,saber_v2,101,1,30,0.7136131525039673,0.056640625
shallow,saber_v2,101,1,31,0.748204231262207,0.0380859375
shallow,saber_v2,101,1,32,0.8531833291053772,0.0498046875
shallow,saber_v2,101,1,33,0.6723861694335938,0.0615234375
shallow,saber_v2,101,1,34,0.8111500144004822,0.0634765625
shallow,saber_v2,101,1,35,0.7297341227531433,0.0380859375
shallow,saber_v2,101,1,36,0.6543914675712585,0.0576171875
shallow,saber_v2,101,1,37,0.7776784896850586,0.0380859375
shallow,saber_v2,101,1,38,0.7006339430809021,0.0546875
shallow,saber_v2,101,1,39,0.8406425714492798,0.0615234375
shallow,saber_v2,101,1,40,0.7804220914840698,0.0634765625
shallow,saber_v2,101,1,41,0.6309974789619446,0.048828125
shallow,saber_v2,101,1,42,0.7680277228355408,0.046875
shallow,saber_v2,101,1,43,0.7555922865867615,0.0556640625
shallow,saber_v2,101,1,44,0.7087675333023071,0.078125
shallow,saber_v2,101,1,45,0.7572487592697144,0.0654296875
shallow,saber_v2,101,1,46,0.7813048362731934,0.0419921875
shallow,saber_v2,101,1,47,0.7049417495727539,0.05078125
shallow,saber_v2,101,1,48,0.8107384443283081,0.0458984375
shallow,saber_v2,101,1,49,0.6786981225013733,0.0498046875
shallow,saber_v2,101,1,50,0.7385267019271851,0.0517578125
shallow,saber_v2,101,1,51,0.7661289572715759,0.060546875
shallow,saber_v2,101,1,52,0.6924594640731812,0.0634765625
shallow,saber_v2,101,1,53,0.7469288110733032,0.0712890625
shallow,saber_v2,101,1,54,0.8061142563819885,0.046875
shallow,saber_v2,101,1,55,0.7267548441886902,0.0478515625
shallow,saber_v2,101,1,56,0.7231619954109192,0.0625
shallow,saber_v2,101,1,57,0.7430639266967773,0.06640625
shallow,saber_v2,101,1,58,0.6618516445159912,0.048828125
shallow,saber_v2,101,1,59,0.7586811184883118,0.06640625
shallow,saber_v2,101,1,60,0.7872031927108765,0.0546875
shallow,saber_v2,101,1,61,0.7960860729217529,0.0595703125
shallow,saber_v2,101,1,62,0.6236362457275391,0.05078125
shallow,saber_v2,101,1,63,0.738715410232544,0.0625
shallow,saber_v2,101,1,64,0.7546272277832031,0.060546875
shallow,saber_v2,101,1,65,0.6233526468276978,0.060546875
shallow,saber_v2,101,1,66,0.7071794867515564,0.05078125
shallow,saber_v2,101,1,67,0.692694902420044,0.0576171875
shallow,saber_v2,101,1,68,0.6343225836753845,0.0517578125
shallow,saber_v2,101,1,69,0.7498460412025452,0.06640625
shallow,saber_v2,101,1,70,0.7871323823928833,0.0517578125
shallow,saber_v2,101,1,71,0.7442670464515686,0.04296875
shallow,saber_v2,101,1,72,0.6743939518928528,0.048828125
shallow,saber_v2,101,1,73,0.6973063945770264,0.0517578125
shallow,saber_v2,101,1,74,0.6871053576469421,0.05859375
shallow,saber_v2,101,1,75,0.6864920258522034,0.0537109375
shallow,saber_v2,101,1,76,0.67684406042099,0.064453125
shallow,saber_v2,101,1,77,0.6133715510368347,0.056640625
shallow,saber_v2,101,1,78,0.6434435248374939,0.0654296875
shallow,saber_v2,101,1,79,0.750556230545044,0.064453125
shallow,saber_v2,101,1,80,0.7108811736106873,0.0478515625
shallow,saber_v2,101,1,81,0.6228033900260925,0.0439453125
shallow,saber_v2,101,1,82,0.7384762167930603,0.06640625
shallow,saber_v2,101,1,83,0.6580250263214111,0.0546875
shallow,saber_v2,101,1,84,0.7260716557502747,0.056640625
shallow,saber_v2,101,1,85,0.6402273774147034,0.068359375
shallow,saber_v2,101,1,86,0.7089942097663879,0.0634765625
shallow,saber_v2,101,1,87,0.6826433539390564,0.048828125
shallow,saber_v2,101,1,88,0.7326636910438538,0.052734375
shallow,saber_v2,101,1,89,0.7229803800582886,0.0693359375
shallow,saber_v2,101,1,90,0.7060760259628296,0.0673828125
shallow,saber_v2,101,1,91,0.7625859379768372,0.0673828125
shallow,saber_v2,101,1,92,0.7205962538719177,0.06640625
shallow,saber_v2,101,1,93,0.6128970980644226,0.046875
shallow,saber_v2,101,1,94,0.7273352146148682,0.0419921875
shallow,saber_v2,101,1,95,0.6597813367843628,0.0517578125
shallow,saber_v2,101,1,96,0.6623007655143738,0.046875
shallow,saber_v2,101,1,97,0.6492000818252563,0.0576171875
shallow,saber_v2,101,1,98,0.6704226136207581,0.0634765625
shallow,saber_v2,101,1,99,0.707827091217041,0.05078125
shallow,saber_v2,101,1,100,0.6320367455482483,0.046875
shallow,saber_v2,101,1,101,0.7044812440872192,0.0654296875
shallow,saber_v2,101,1,102,0.6860847473144531,0.0537109375
shallow,saber_v2,101,1,103,0.6530209183692932,0.06640625
shallow,saber_v2,101,1,104,0.6571589112281799,0.0615234375
shallow,saber_v2,101,1,105,0.686619758605957,0.0634765625
shallow,saber_v2,101,1,106,0.7297928333282471,0.0478515625
shallow,saber_v2,101,1,107,0.6517603993415833,0.0615234375
shallow,saber_v2,101,1,108,0.6577394604682922,0.0517578125
shallow,saber_v2,101,1,109,0.6645578145980835,0.046875
shallow,saber_v2,101,1,110,0.625698447227478,0.0625
shallow,saber_v2,101,1,111,0.7621782422065735,0.0400390625
shallow,saber_v2,101,1,112,0.6855247020721436,0.0576171875
shallow,saber_v2,101,1,113,0.5877322554588318,0.0517578125
shallow,saber_v2,101,1,114,0.6542630791664124,0.0458984375
shallow,saber_v2,101,1,115,0.6662353873252869,0.0546875
shallow,saber_v2,101,1,116,0.6657508015632629,0.0439453125
shallow,saber_v2,101,1,117,0.5775275230407715,0.0478515625
shallow,saber_v2,101,1,118,0.6318007707595825,0.048828125
shallow,saber_v2,101,1,119,0.690542459487915,0.064453125
shallow,saber_v2,101,1,120,0.6313977241516113,0.056640625
shallow,saber_v2,101,1,121,0.5566706657409668,0.052734375
shallow,saber_v2,101,1,122,0.6382049322128296,0.0556640625
shallow,saber_v2,101,1,123,0.670354962348938,0.056640625
shallow,saber_v2,101,1,124,0.615892231464386,0.0654296875
shallow,saber_v2,101,1,125,0.7694350481033325,0.0498046875
shallow,saber_v2,101,1,126,0.6631224751472473,0.0517578125
shallow,saber_v2,101,1,127,0.6680831909179688,0.0556640625
shallow,saber_v2,101,1,128,0.6699666976928711,0.0537109375
shallow,saber_v2,101,1,129,0.6787189245223999,0.048828125
shallow,saber_v2,101,1,130,0.7441046237945557,0.048828125
shallow,saber_v2,101,1,131,0.6878765821456909,0.05859375
shallow,saber_v2,101,1,132,0.6991438865661621,0.052734375
shallow,saber_v2,101,1,133,0.7345095276832581,0.0498046875
shallow,saber_v2,101,1,134,0.6626279950141907,0.060546875
shallow,saber_v2,101,1,135,0.7289082407951355,0.0546875
shallow,saber_v2,101,1,136,0.7076318860054016,0.0654296875
shallow,saber_v2,101,1,137,0.6705002784729004,0.048828125
shallow,saber_v2,101,1,138,0.6228161454200745,0.0576171875
shallow,saber_v2,101,1,139,0.6909765005111694,0.056640625
shallow,saber_v2,101,1,140,0.6180206537246704,0.0400390625
shallow,saber_v2,101,1,141,0.6828758716583252,0.0595703125
shallow,saber_v2,101,1,142,0.7113074660301208,0.0537109375
shallow,saber_v2,101,1,143,0.616782009601593,0.0546875
shallow,saber_v2,101,1,144,0.720312237739563,0.0458984375
shallow,saber_v2,101,1,145,0.6180009841918945,0.0634765625
shallow,saber_v2,101,1,146,0.5887942314147949,0.06640625
shallow,saber_v2,101,1,147,0.6158229112625122,0.0537109375
shallow,saber_v2,101,1,148,0.6971209049224854,0.048828125
shallow,saber_v2,101,1,149,0.6389914751052856,0.0556640625
shallow,saber_v2,101,1,150,0.6624289155006409,0.0634765625
shallow,saber_v2,101,1,151,0.6338273882865906,0.0576171875
shallow,saber_v2,101,1,152,0.7085714340209961,0.052734375
shallow,saber_v2,101,1,153,0.6573935747146606,0.0546875
shallow,saber_v2,101,1,154,0.6827630996704102,0.0546875
shallow,saber_v2,101,1,155,0.6239979863166809,0.052734375
shallow,saber_v2,101,1,156,0.6248687505722046,0.0673828125
shallow,saber_v2,101,1,157,1.0661699771881104,0.0419921875
shallow,saber_v2,101,1,158,0.6805440187454224,0.0419921875
shallow,saber_v2,101,1,159,0.6998559236526489,0.048828125
shallow,saber_v2,101,1,160,0.6168012619018555,0.0576171875
shallow,saber_v2,101,1,161,0.6673853993415833,0.048828125
shallow,saber_v2,101,1,162,0.7080650925636292,0.048828125
shallow,saber_v2,101,1,163,0.5859009623527527,0.0537109375
shallow,saber_v2,101,1,164,0.7062460780143738,0.052734375
shallow,saber_v2,101,1,165,0.6220373511314392,0.0478515625
shallow,saber_v2,101,1,166,0.6493778228759766,0.0517578125
shallow,saber_v2,101,1,167,0.6818313002586365,0.060546875
shallow,saber_v2,101,1,168,0.5725053548812866,0.0576171875
shallow,saber_v2,101,1,169,0.7057366371154785,0.0537109375
shallow,saber_v2,101,1,170,0.6923248171806335,0.06640625
shallow,saber_v2,101,1,171,0.5864163041114807,0.0546875
shallow,saber_v2,101,1,172,0.6191295385360718,0.0576171875
shallow,saber_v2,101,1,173,0.5950528383255005,0.046875
shallow,saber_v2,101,1,174,0.6267609000205994,0.0576171875
shallow,saber_v2,101,1,175,0.6191372275352478,0.056640625
shallow,saber_v2,101,1,176,0.634363055229187,0.0556640625
shallow,saber_v2,101,1,177,0.8066397905349731,0.0576171875
shallow,saber_v2,101,1,178,0.6183269023895264,0.0537109375
shallow,saber_v2,101,1,179,0.6626313924789429,0.0625
shallow,saber_v2,101,1,180,0.6684722900390625,0.060546875
shallow,saber_v2,101,1,181,0.6474192142486572,0.0625
shallow,saber_v2,101,1,182,0.6428974270820618,0.0517578125
shallow,saber_v2,101,1,183,0.6532555818557739,0.07421875
shallow,saber_v2,101,1,184,0.712070643901825,0.0478515625
shallow,saber_v2,101,1,185,0.6642299890518188,0.0625
shallow,saber_v2,101,1,186,0.6184509992599487,0.0654296875
shallow,saber_v2,101,1,187,0.6096330285072327,0.060546875
shallow,saber_v2,101,1,188,0.6795161962509155,0.0546875
shallow,saber_v2,101,1,189,0.6492352485656738,0.0625
shallow,saber_v2,101,1,190,0.6110530495643616,0.0517578125
shallow,saber_v2,101,1,191,0.7370213866233826,0.0634765625
shallow,saber_v2,101,1,192,0.6400001049041748,0.0537109375
shallow,saber_v2,101,1,193,0.5963656306266785,0.05078125
shallow,saber_v2,101,1,194,0.6647459864616394,0.0556640625
shallow,saber_v2,101,1,195,0.5755919814109802,0.0390625
shallow,saber_v2,101,1,196,0.6396787166595459,0.05078125
shallow,saber_v2,101,1,197,0.6145510077476501,0.0576171875
shallow,saber_v2,101,1,198,0.5784054398536682,0.0634765625
shallow,saber_v2,101,1,199,0.619132936000824,0.0419921875
shallow,saber_v2,101,1,200,0.6047505736351013,0.052734375
shallow,saber_v2,101,1,201,0.6455910205841064,0.05078125
shallow,saber_v2,101,1,202,0.6144346594810486,0.05859375
shallow,saber_v2,101,1,203,0.6082239151000977,0.0673828125
shallow,saber_v2,101,1,204,0.5976652503013611,0.0498046875
shallow,saber_v2,101,1,205,0.6373184323310852,0.0498046875
shallow,saber_v2,101,1,206,0.6030510067939758,0.052734375
shallow,saber_v2,101,1,207,0.5494526624679565,0.0546875
shallow,saber_v2,101,1,208,0.6259101629257202,0.052734375
shallow,saber_v2,101,1,209,0.6055115461349487,0.0517578125
shallow,saber_v2,101,1,210,0.6569438576698303,0.0556640625
shallow,saber_v2,101,1,211,0.5978610515594482,0.0478515625
shallow,saber_v2,101,1,212,0.6267022490501404,0.0556640625
shallow,saber_v2,101,1,213,0.6830300092697144,0.0537109375
shallow,saber_v2,101,1,214,0.6017999649047852,0.04296875
shallow,saber_v2,101,1,215,0.7164230942726135,0.0537109375
shallow,saber_v2,101,1,216,0.6120571494102478,0.0556640625
shallow,saber_v2,101,1,217,0.6168282628059387,0.0439453125
shallow,saber_v2,101,1,218,0.55277019739151,0.052734375
shallow,saber_v2,101,1,219,0.644986093044281,0.056640625
shallow,saber_v2,101,1,220,0.6317026019096375,0.05859375
shallow,saber_v2,101,1,221,0.6359612941741943,0.068359375
shallow,saber_v2,101,1,222,0.6543701887130737,0.0517578125
shallow,saber_v2,101,1,223,0.6137999892234802,0.05859375
shallow,saber_v2,101,1,224,0.6410110592842102,0.0546875
shallow,saber_v2,101,1,225,0.5829256176948547,0.046875
shallow,saber_v2,101,1,226,0.6156494617462158,0.048828125
shallow,saber_v2,101,1,227,0.6729074120521545,0.0478515625
shallow,saber_v2,101,1,228,0.6190784573554993,0.0546875
shallow,saber_v2,101,1,229,0.6489219665527344,0.05078125
shallow,saber_v2,101,1,230,0.5632376074790955,0.052734375
shallow,saber_v2,101,1,231,0.6270354390144348,0.041015625
shallow,saber_v2,101,1,232,0.612520158290863,0.05859375
shallow,saber_v2,101,1,233,0.6512986421585083,0.05859375
shallow,saber_v2,101,1,234,0.6646926403045654,0.0517578125
shallow,saber_v2,101,1,235,0.6514075398445129,0.0595703125
shallow,saber_v2,101,1,236,0.603192150592804,0.0478515625
shallow,saber_v2,101,1,237,0.6444117426872253,0.0595703125
shallow,saber_v2,101,1,238,0.7191634178161621,0.052734375
shallow,saber_v2,101,1,239,0.6651444435119629,0.060546875
shallow,saber_v2,101,1,240,0.6407243609428406,0.060546875
shallow,saber_v2,101,1,241,0.5852083563804626,0.0517578125
shallow,saber_v2,101,1,242,0.6558175683021545,0.060546875
shallow,saber_v2,101,1,243,0.614318311214447,0.0546875
shallow,saber_v2,101,1,244,0.603589653968811,0.0546875
shallow,saber_v2,101,1,245,0.5813340544700623,0.056640625
shallow,saber_v2,101,1,246,0.5793952941894531,0.0791015625
shallow,saber_v2,101,1,247,0.547214686870575,0.06640625
shallow,saber_v2,101,1,248,0.6342246532440186,0.0595703125
shallow,saber_v2,101,1,249,0.6253516674041748,0.0673828125
shallow,saber_v2,101,1,250,0.6745044589042664,0.06309148669242859
shallow,saber_v2,101,2,0,0.6228151917457581,0.0439453125
shallow,saber_v2,101,2,1,0.6208094358444214,0.0498046875
shallow,saber_v2,101,2,2,0.5480293035507202,0.048828125
shallow,saber_v2,101,2,3,0.5807593464851379,0.0537109375
shallow,saber_v2,101,2,4,0.6682512760162354,0.0478515625
shallow,saber_v2,101,2,5,0.580115795135498,0.0537109375
shallow,saber_v2,101,2,6,0.6512898802757263,0.0478515625
shallow,saber_v2,101,2,7,0.6412674188613892,0.0634765625
shallow,saber_v2,101,2,8,0.5946060419082642,0.0537109375
shallow,saber_v2,101,2,9,0.6197841167449951,0.0693359375
shallow,saber_v2,101,2,10,0.6522748470306396,0.0517578125
shallow,saber_v2,101,2,11,0.6056631207466125,0.0517578125
shallow,saber_v2,101,2,12,0.5964939594268799,0.0478515625
shallow,saber_v2,101,2,13,0.6071058511734009,0.0498046875
shallow,saber_v2,101,2,14,0.5952845811843872,0.052734375
shallow,saber_v2,101,2,15,0.5970072150230408,0.0732421875
shallow,saber_v2,101,2,16,0.5757758021354675,0.07421875
shallow,saber_v2,101,2,17,0.6231763958930969,0.048828125
shallow,saber_v2,101,2,18,0.60200035572052,0.056640625
shallow,saber_v2,101,2,19,0.6665500402450562,0.060546875
shallow,saber_v2,101,2,20,0.5809429883956909,0.0595703125
shallow,saber_v2,101,2,21,0.616908609867096,0.064453125
shallow,saber_v2,101,2,22,0.6109115481376648,0.0576171875
shallow,saber_v2,101,2,23,0.5946139097213745,0.04296875
shallow,saber_v2,101,2,24,0.6022151112556458,0.052734375
shallow,saber_v2,101,2,25,0.563127875328064,0.0732421875
shallow,saber_v2,101,2,26,0.6527422666549683,0.0556640625
shallow,saber_v2,101,2,27,0.6512469053268433,0.0595703125
shallow,saber_v2,101,2,28,0.610103964805603,0.048828125
shallow,saber_v2,101,2,29,0.6099405288696289,0.06640625
shallow,saber_v2,101,2,30,0.6316946744918823,0.0654296875
shallow,saber_v2,101,2,31,0.6386165022850037,0.04296875
shallow,saber_v2,101,2,32,0.6405802369117737,0.044921875
shallow,saber_v2,101,2,33,0.6400205492973328,0.0537109375
shallow,saber_v2,101,2,34,0.660853385925293,0.052734375
shallow,saber_v2,101,2,35,0.5674533843994141,0.0595703125
shallow,saber_v2,101,2,36,0.573108434677124,0.046875
shallow,saber_v2,101,2,37,0.611983597278595,0.0546875
shallow,saber_v2,101,2,38,0.5230655074119568,0.060546875
shallow,saber_v2,101,2,39,0.6841973662376404,0.0556640625
shallow,saber_v2,101,2,40,0.6621935367584229,0.0537109375
shallow,saber_v2,101,2,41,0.6065335869789124,0.0517578125
shallow,saber_v2,101,2,42,0.6045407652854919,0.0556640625
shallow,saber_v2,101,2,43,0.5967893004417419,0.0517578125
shallow,saber_v2,101,2,44,0.5951293110847473,0.064453125
shallow,saber_v2,101,2,45,0.6955363154411316,0.0546875
shallow,saber_v2,101,2,46,0.5675566792488098,0.064453125
shallow,saber_v2,101,2,47,0.5665535926818848,0.056640625
shallow,saber_v2,101,2,48,0.5998129844665527,0.0537109375
shallow,saber_v2,101,2,49,0.6452003717422485,0.0537109375
shallow,saber_v2,101,2,50,0.6334586143493652,0.060546875
shallow,saber_v2,101,2,51,0.6024895310401917,0.0634765625
shallow,saber_v2,101,2,52,0.6183848977088928,0.0537109375
shallow,saber_v2,101,2,53,0.5399783253669739,0.060546875
shallow,saber_v2,101,2,54,0.596781313419342,0.0615234375
shallow,saber_v2,101,2,55,0.5959650278091431,0.0478515625
shallow,saber_v2,101,2,56,0.5841083526611328,0.060546875
shallow,saber_v2,101,2,57,0.5912769436836243,0.0751953125
shallow,saber_v2,101,2,58,0.5892415046691895,0.048828125
shallow,saber_v2,101,2,59,0.6060130596160889,0.060546875
shallow,saber_v2,101,2,60,0.5781099200248718,0.0498046875
shallow,saber_v2,101,2,61,0.5696348547935486,0.0537109375
shallow,saber_v2,101,2,62,0.5828776359558105,0.052734375
shallow,saber_v2,101,2,63,0.6966069936752319,0.0478515625
shallow,saber_v2,101,2,64,0.5912280678749084,0.0537109375
shallow,saber_v2,101,2,65,0.6013389825820923,0.068359375
shallow,saber_v2,101,2,66,0.536622166633606,0.0576171875
shallow,saber_v2,101,2,67,0.593744695186615,0.048828125
shallow,saber_v2,101,2,68,0.6327859163284302,0.060546875
shallow,saber_v2,101,2,69,0.5960658192634583,0.0478515625
shallow,saber_v2,101,2,70,0.5725526809692383,0.0634765625
shallow,saber_v2,101,2,71,0.597365140914917,0.0712890625
shallow,saber_v2,101,2,72,0.5812274217605591,0.0439453125
shallow,saber_v2,101,2,73,0.6341332197189331,0.0625
shallow,saber_v2,101,2,74,0.7191222310066223,0.0546875
shallow,saber_v2,101,2,75,0.6411547660827637,0.0546875
shallow,saber_v2,101,2,76,0.6175586581230164,0.0556640625
shallow,saber_v2,101,2,77,0.571410059928894,0.0478515625
shallow,saber_v2,101,2,78,0.6423074007034302,0.0595703125
shallow,saber_v2,101,2,79,0.7635582685470581,0.0595703125
shallow,saber_v2,101,2,80,0.5860609412193298,0.052734375
shallow,saber_v2,101,2,81,0.5582072734832764,0.0361328125
shallow,saber_v2,101,2,82,0.6696656346321106,0.052734375
shallow,saber_v2,101,2,83,0.6659547090530396,0.0712890625
shallow,saber_v2,101,2,84,0.5921787619590759,0.05078125
shallow,saber_v2,101,2,85,0.5761313438415527,0.0654296875
shallow,saber_v2,101,2,86,0.5516561269760132,0.05859375
shallow,saber_v2,101,2,87,0.6206090450286865,0.0498046875
shallow,saber_v2,101,2,88,0.5996469855308533,0.0419921875
shallow,saber_v2,101,2,89,0.603978157043457,0.0576171875
shallow,saber_v2,101,2,90,0.585811197757721,0.056640625
shallow,saber_v2,101,2,91,0.5851863026618958,0.0439453125
shallow,saber_v2,101,2,92,0.5607746839523315,0.0546875
shallow,saber_v2,101,2,93,0.6263852715492249,0.0517578125
shallow,saber_v2,101,2,94,0.5366972088813782,0.04296875
shallow,saber_v2,101,2,95,0.606352686882019,0.05859375
shallow,saber_v2,101,2,96,0.5710760951042175,0.0625
shallow,saber_v2,101,2,97,0.6442309617996216,0.060546875
shallow,saber_v2,101,2,98,0.5268726944923401,0.05859375
shallow,saber_v2,101,2,99,0.6117973923683167,0.05078125
shallow,saber_v2,101,2,100,0.5585761070251465,0.0576171875
shallow,saber_v2,101,2,101,0.6569801568984985,0.0478515625
shallow,saber_v2,101,2,102,0.5561562776565552,0.068359375
shallow,saber_v2,101,2,103,1.1431372165679932,0.0634765625
shallow,saber_v2,101,2,104,0.5385435223579407,0.0595703125
shallow,saber_v2,101,2,105,0.5974810719490051,0.06640625
shallow,saber_v2,101,2,106,0.6532140970230103,0.052734375
shallow,saber_v2,101,2,107,0.5862987637519836,0.048828125
shallow,saber_v2,101,2,108,0.6724676489830017,0.041015625
shallow,saber_v2,101,2,109,0.5806392431259155,0.044921875
shallow,saber_v2,101,2,110,0.6471105217933655,0.0498046875
shallow,saber_v2,101,2,111,0.612442672252655,0.064453125
shallow,saber_v2,101,2,112,0.5671590566635132,0.046875
shallow,saber_v2,101,2,113,0.6226564645767212,0.0478515625
shallow,saber_v2,101,2,114,0.6219379901885986,0.0517578125
shallow,saber_v2,101,2,115,0.6276572942733765,0.0546875
shallow,saber_v2,101,2,116,0.6303467154502869,0.0458984375
shallow,saber_v2,101,2,117,0.6613482236862183,0.0390625
shallow,saber_v2,101,2,118,0.5692914724349976,0.056640625
shallow,saber_v2,101,2,119,0.6494498252868652,0.0517578125
shallow,saber_v2,101,2,120,0.5817802548408508,0.0517578125
shallow,saber_v2,101,2,121,0.5696152448654175,0.0380859375
shallow,saber_v2,101,2,122,0.6226978898048401,0.0419921875
shallow,saber_v2,101,2,123,0.6780210733413696,0.0625
shallow,saber_v2,101,2,124,0.575667679309845,0.064453125
shallow,saber_v2,101,2,125,0.6378902196884155,0.0556640625
shallow,saber_v2,101,2,126,0.583311915397644,0.0546875
shallow,saber_v2,101,2,127,0.5433366894721985,0.052734375
shallow,saber_v2,101,2,128,0.6282680034637451,0.0693359375
shallow,saber_v2,101,2,129,0.6473600268363953,0.05078125
shallow,saber_v2,101,2,130,0.6219726204872131,0.0625
shallow,saber_v2,101,2,131,0.5804386734962463,0.060546875
shallow,saber_v2,101,2,132,0.6590093970298767,0.0595703125
shallow,saber_v2,101,2,133,0.5568498373031616,0.0546875
shallow,saber_v2,101,2,134,0.6149806380271912,0.05859375
shallow,saber_v2,101,2,135,0.5595765113830566,0.056640625
shallow,saber_v2,101,2,136,0.5774699449539185,0.052734375
shallow,saber_v2,101,2,137,0.6298124194145203,0.0390625
shallow,saber_v2,101,2,138,0.6467632055282593,0.0615234375
shallow,saber_v2,101,2,139,0.6467114686965942,0.0556640625
shallow,saber_v2,101,2,140,0.5620114207267761,0.0625
shallow,saber_v2,101,2,141,0.6505028605461121,0.0595703125
shallow,saber_v2,101,2,142,0.5989296436309814,0.0537109375
shallow,saber_v2,101,2,143,0.5953759551048279,0.0673828125
shallow,saber_v2,101,2,144,0.5455387234687805,0.0517578125
shallow,saber_v2,101,2,145,0.5823307037353516,0.0595703125
shallow,saber_v2,101,2,146,0.5924568176269531,0.064453125
shallow,saber_v2,101,2,147,0.6364006400108337,0.0625
shallow,saber_v2,101,2,148,0.6278573870658875,0.064453125
shallow,saber_v2,101,2,149,0.5551432967185974,0.048828125
shallow,saber_v2,101,2,150,0.5575789213180542,0.0498046875
shallow,saber_v2,101,2,151,0.6127899289131165,0.05859375
shallow,saber_v2,101,2,152,0.6207878589630127,0.0703125
shallow,saber_v2,101,2,153,0.8726730346679688,0.044921875
shallow,saber_v2,101,2,154,0.6171988248825073,0.0576171875
shallow,saber_v2,101,2,155,0.5241400599479675,0.0595703125
shallow,saber_v2,101,2,156,0.6082717180252075,0.0732421875
shallow,saber_v2,101,2,157,0.5945238471031189,0.0556640625
shallow,saber_v2,101,2,158,0.5620193481445312,0.0439453125
shallow,saber_v2,101,2,159,0.5767478942871094,0.0419921875
shallow,saber_v2,101,2,160,0.539174497127533,0.0595703125
shallow,saber_v2,101,2,161,0.6030036807060242,0.0478515625
shallow,saber_v2,101,2,162,0.596024215221405,0.0595703125
shallow,saber_v2,101,2,163,0.6456114649772644,0.0751953125
shallow,saber_v2,101,2,164,0.6532918214797974,0.0546875
shallow,saber_v2,101,2,165,0.6091917753219604,0.0673828125
shallow,saber_v2,101,2,166,0.5176780223846436,0.048828125
shallow,saber_v2,101,2,167,0.5722752213478088,0.0341796875
shallow,saber_v2,101,2,168,0.6236692070960999,0.041015625
shallow,saber_v2,101,2,169,0.5806052684783936,0.0517578125
shallow,saber_v2,101,2,170,0.5042663812637329,0.048828125
shallow,saber_v2,101,2,171,0.5457926392555237,0.0458984375
shallow,saber_v2,101,2,172,0.6115906834602356,0.0595703125
shallow,saber_v2,101,2,173,0.5790585875511169,0.0615234375
shallow,saber_v2,101,2,174,0.578170657157898,0.0556640625
shallow,saber_v2,101,2,175,0.5633246302604675,0.060546875
shallow,saber_v2,101,2,176,0.47682756185531616,0.052734375
shallow,saber_v2,101,2,177,0.683333694934845,0.0498046875
shallow,saber_v2,101,2,178,0.5460789799690247,0.0546875
shallow,saber_v2,101,2,179,0.5777741074562073,0.0576171875
shallow,saber_v2,101,2,180,0.5667232871055603,0.0693359375
shallow,saber_v2,101,2,181,0.6214335560798645,0.0380859375
shallow,saber_v2,101,2,182,0.5891596078872681,0.0556640625
shallow,saber_v2,101,2,183,0.6071523427963257,0.0556640625
shallow,saber_v2,101,2,184,0.6246422529220581,0.052734375
shallow,saber_v2,101,2,185,0.5249083638191223,0.060546875
shallow,saber_v2,101,2,186,0.6104007363319397,0.05859375
shallow,saber_v2,101,2,187,0.5835421681404114,0.0400390625
shallow,saber_v2,101,2,188,0.5705018639564514,0.0625
shallow,saber_v2,101,2,189,0.6195167899131775,0.0703125
shallow,saber_v2,101,2,190,0.5207547545433044,0.0556640625
shallow,saber_v2,101,2,191,0.6198268532752991,0.0556640625
shallow,saber_v2,101,2,192,0.5724247694015503,0.048828125
shallow,saber_v2,101,2,193,0.5765669345855713,0.05078125
shallow,saber_v2,101,2,194,0.5291205644607544,0.0537109375
shallow,saber_v2,101,2,195,0.6006378531455994,0.060546875
shallow,saber_v2,101,2,196,0.5757085084915161,0.05859375
shallow,saber_v2,101,2,197,0.5472439527511597,0.0595703125
shallow,saber_v2,101,2,198,0.5808804631233215,0.048828125
shallow,saber_v2,101,2,199,0.6038618683815002,0.052734375
shallow,saber_v2,101,2,200,0.5578370094299316,0.064453125
shallow,saber_v2,101,2,201,0.619682788848877,0.044921875
shallow,saber_v2,101,2,202,0.6033026576042175,0.056640625
shallow,saber_v2,101,2,203,0.6205266118049622,0.0458984375
shallow,saber_v2,101,2,204,0.6079408526420593,0.056640625
shallow,saber_v2,101,2,205,0.5174508690834045,0.0625
shallow,saber_v2,101,2,206,0.5727722644805908,0.05078125
shallow,saber_v2,101,2,207,0.5444185733795166,0.0537109375
shallow,saber_v2,101,2,208,0.5697069764137268,0.0625
shallow,saber_v2,101,2,209,0.5893859267234802,0.0556640625
shallow,saber_v2,101,2,210,0.5458512306213379,0.0537109375
shallow,saber_v2,101,2,211,0.5577337145805359,0.056640625
shallow,saber_v2,101,2,212,0.625306248664856,0.060546875
shallow,saber_v2,101,2,213,0.5875970125198364,0.04296875
shallow,saber_v2,101,2,214,0.5990227460861206,0.0654296875
shallow,saber_v2,101,2,215,0.5883930921554565,0.0615234375
shallow,saber_v2,101,2,216,0.5688684582710266,0.0517578125
shallow,saber_v2,101,2,217,0.6239632964134216,0.041015625
shallow,saber_v2,101,2,218,0.5370573997497559,0.0546875
shallow,saber_v2,101,2,219,0.5546706914901733,0.05078125
shallow,saber_v2,101,2,220,0.5941151976585388,0.0400390625
shallow,saber_v2,101,2,221,0.5319207906723022,0.0537109375
shallow,saber_v2,101,2,222,0.6119022965431213,0.056640625
shallow,saber_v2,101,2,223,0.5994047522544861,0.0576171875
shallow,saber_v2,101,2,224,0.5871812105178833,0.05078125
shallow,saber_v2,101,2,225,0.5727842450141907,0.0498046875
shallow,saber_v2,101,2,226,0.5648847222328186,0.0537109375
shallow,saber_v2,101,2,227,0.6233312487602234,0.0517578125
shallow,saber_v2,101,2,228,0.5195932984352112,0.046875
shallow,saber_v2,101,2,229,0.5617893934249878,0.05859375
shallow,saber_v2,101,2,230,0.6493750214576721,0.0498046875
shallow,saber_v2,101,2,231,0.5876728892326355,0.05078125
shallow,saber_v2,101,2,232,0.6056426763534546,0.0498046875
shallow,saber_v2,101,2,233,0.5660125613212585,0.041015625
shallow,saber_v2,101,2,234,0.5176249146461487,0.0576171875
shallow,saber_v2,101,2,235,0.5472632646560669,0.0537109375
shallow,saber_v2,101,2,236,0.6060218811035156,0.052734375
shallow,saber_v2,101,2,237,0.4770961403846741,0.0556640625
shallow,saber_v2,101,2,238,0.6008086800575256,0.0556640625
shallow,saber_v2,101,2,239,0.6187289953231812,0.0595703125
shallow,saber_v2,101,2,240,0.6130019426345825,0.0546875
shallow,saber_v2,101,2,241,0.5442786812782288,0.0439453125
shallow,saber_v2,101,2,242,0.5981824398040771,0.05859375
shallow,saber_v2,101,2,243,0.5941342711448669,0.0556640625
shallow,saber_v2,101,2,244,0.612427294254303,0.05859375
shallow,saber_v2,101,2,245,0.5528709292411804,0.0517578125
shallow,saber_v2,101,2,246,0.5691907405853271,0.0458984375
shallow,saber_v2,101,2,247,0.6307621002197266,0.0517578125
shallow,saber_v2,101,2,248,0.5254219770431519,0.0576171875
shallow,saber_v2,101,2,249,0.5631394982337952,0.0703125
shallow,saber_v2,101,2,250,0.5703566670417786,0.041009463369846344
shallow,saber_v2,101,3,0,0.5730802416801453,0.046875
shallow,saber_v2,101,3,1,0.6081722378730774,0.0615234375
shallow,saber_v2,101,3,2,0.5773497223854065,0.0419921875
shallow,saber_v2,101,3,3,0.6061236262321472,0.0625
shallow,saber_v2,101,3,4,0.5540235638618469,0.0498046875
shallow,saber_v2,101,3,5,0.606550395488739,0.0498046875
shallow,saber_v2,101,3,6,0.5861996412277222,0.0595703125
shallow,saber_v2,101,3,7,0.6220407485961914,0.05078125
shallow,saber_v2,101,3,8,0.5427257418632507,0.0537109375
shallow,saber_v2,101,3,9,0.561447024345398,0.05859375
shallow,saber_v2,101,3,10,0.5201118588447571,0.0517578125
shallow,saber_v2,101,3,11,0.5944824814796448,0.0576171875
shallow,saber_v2,101,3,12,0.5191918015480042,0.0556640625
shallow,saber_v2,101,3,13,0.5853860378265381,0.052734375
shallow,saber_v2,101,3,14,0.5207498073577881,0.0654296875
shallow,saber_v2,101,3,15,0.6149628758430481,0.0498046875
shallow,saber_v2,101,3,16,0.5516848564147949,0.07421875
shallow,saber_v2,101,3,17,0.6185048818588257,0.05078125
shallow,saber_v2,101,3,18,0.5274338722229004,0.056640625
shallow,saber_v2,101,3,19,0.5519056916236877,0.052734375
shallow,saber_v2,101,3,20,0.5424087643623352,0.064453125
shallow,saber_v2,101,3,21,0.5659967660903931,0.060546875
shallow,saber_v2,101,3,22,0.5952116847038269,0.048828125
shallow,saber_v2,101,3,23,0.5980702638626099,0.0625
shallow,saber_v2,101,3,24,0.6073823571205139,0.0419921875
shallow,saber_v2,101,3,25,0.5823332667350769,0.0517578125
shallow,saber_v2,101,3,26,0.6422848701477051,0.0439453125
shallow,saber_v2,101,3,27,0.5623752474784851,0.0546875
shallow,saber_v2,101,3,28,0.5552084445953369,0.05078125
shallow,saber_v2,101,3,29,0.5519610643386841,0.0615234375
shallow,saber_v2,101,3,30,0.5845022201538086,0.0556640625
shallow,saber_v2,101,3,31,0.5825117826461792,0.044921875
shallow,saber_v2,101,3,32,0.5800706744194031,0.056640625
shallow,saber_v2,101,3,33,0.5912497043609619,0.0556640625
shallow,saber_v2,101,3,34,0.6679242849349976,0.0546875
shallow,saber_v2,101,3,35,0.5794762969017029,0.05078125
shallow,saber_v2,101,3,36,0.6187553405761719,0.037109375
shallow,saber_v2,101,3,37,0.5547086596488953,0.0556640625
shallow,saber_v2,101,3,38,0.5705673098564148,0.04296875
shallow,saber_v2,101,3,39,0.6131539344787598,0.0654296875
shallow,saber_v2,101,3,40,0.5695024132728577,0.0458984375
shallow,saber_v2,101,3,41,0.5933178067207336,0.056640625
shallow,saber_v2,101,3,42,0.5096191167831421,0.0400390625
shallow,saber_v2,101,3,43,0.5222691297531128,0.046875
shallow,saber_v2,101,3,44,0.6151655912399292,0.0634765625
shallow,saber_v2,101,3,45,0.5579843521118164,0.0576171875
shallow,saber_v2,101,3,46,0.630818784236908,0.0625
shallow,saber_v2,101,3,47,0.5459542274475098,0.0556640625
shallow,saber_v2,101,3,48,0.5013531446456909,0.0576171875
shallow,saber_v2,101,3,49,0.514075517654419,0.041015625
shallow,saber_v2,101,3,50,0.5498681664466858,0.0556640625
shallow,saber_v2,101,3,51,0.5497453808784485,0.052734375
shallow,saber_v2,101,3,52,0.5594694018363953,0.0654296875
shallow,saber_v2,101,3,53,0.6358152031898499,0.0546875
shallow,saber_v2,101,3,54,0.6270265579223633,0.060546875
shallow,saber_v2,101,3,55,0.5817423462867737,0.052734375
shallow,saber_v2,101,3,56,0.555723249912262,0.0673828125
shallow,saber_v2,101,3,57,0.5037896037101746,0.0556640625
shallow,saber_v2,101,3,58,0.5487179160118103,0.056640625
shallow,saber_v2,101,3,59,0.5459415912628174,0.0478515625
shallow,saber_v2,101,3,60,0.5458117723464966,0.0517578125
shallow,saber_v2,101,3,61,0.537310004234314,0.056640625
shallow,saber_v2,101,3,62,0.5392860770225525,0.0615234375
shallow,saber_v2,101,3,63,0.5918771028518677,0.05078125
shallow,saber_v2,101,3,64,0.5805120468139648,0.07421875
shallow,saber_v2,101,3,65,0.5438956022262573,0.0576171875
shallow,saber_v2,101,3,66,0.542634129524231,0.0576171875
shallow,saber_v2,101,3,67,0.5277833938598633,0.064453125
shallow,saber_v2,101,3,68,0.5755738615989685,0.0546875
shallow,saber_v2,101,3,69,0.6104365587234497,0.060546875
shallow,saber_v2,101,3,70,0.5513583421707153,0.0556640625
shallow,saber_v2,101,3,71,0.5580805540084839,0.0458984375
shallow,saber_v2,101,3,72,0.5214289426803589,0.0439453125
shallow,saber_v2,101,3,73,0.6162745952606201,0.0634765625
shallow,saber_v2,101,3,74,0.5627730488777161,0.0595703125
shallow,saber_v2,101,3,75,0.5465015769004822,0.0400390625
shallow,saber_v2,101,3,76,0.5013489127159119,0.0517578125
shallow,saber_v2,101,3,77,0.6118100881576538,0.05078125
shallow,saber_v2,101,3,78,0.5489933490753174,0.05078125
shallow,saber_v2,101,3,79,0.51997309923172,0.0498046875
shallow,saber_v2,101,3,80,0.5192641615867615,0.052734375
shallow,saber_v2,101,3,81,0.6202585697174072,0.0546875
shallow,saber_v2,101,3,82,0.5764376521110535,0.0576171875
shallow,saber_v2,101,3,83,0.5879401564598083,0.0595703125
shallow,saber_v2,101,3,84,0.5655951499938965,0.05078125
shallow,saber_v2,101,3,85,0.6220583915710449,0.0703125
shallow,saber_v2,101,3,86,0.6159969568252563,0.06640625
shallow,saber_v2,101,3,87,0.581566333770752,0.0546875
shallow,saber_v2,101,3,88,0.5517436265945435,0.041015625
shallow,saber_v2,101,3,89,0.5591773986816406,0.0634765625
shallow,saber_v2,101,3,90,0.5494318604469299,0.060546875
shallow,saber_v2,101,3,91,0.5305212140083313,0.0498046875
shallow,saber_v2,101,3,92,0.5739038586616516,0.037109375
shallow,saber_v2,101,3,93,0.5563599467277527,0.072265625
shallow,saber_v2,101,3,94,0.5889344811439514,0.0693359375
shallow,saber_v2,101,3,95,0.6030479669570923,0.060546875
shallow,saber_v2,101,3,96,0.5968815088272095,0.052734375
shallow,saber_v2,101,3,97,0.5224915742874146,0.064453125
shallow,saber_v2,101,3,98,0.5500262975692749,0.0517578125
shallow,saber_v2,101,3,99,0.6335979104042053,0.0673828125
shallow,saber_v2,101,3,100,0.5455523729324341,0.060546875
shallow,saber_v2,101,3,101,0.5935238003730774,0.0498046875
shallow,saber_v2,101,3,102,0.6157771944999695,0.0556640625
shallow,saber_v2,101,3,103,0.5982081890106201,0.06640625
shallow,saber_v2,101,3,104,0.575718879699707,0.0498046875
shallow,saber_v2,101,3,105,0.5143029093742371,0.0615234375
shallow,saber_v2,101,3,106,0.6040520668029785,0.056640625
shallow,saber_v2,101,3,107,0.7645138502120972,0.046875
shallow,saber_v2,101,3,108,0.5555239319801331,0.0771484375
shallow,saber_v2,101,3,109,0.5530821084976196,0.0595703125
shallow,saber_v2,101,3,110,0.5304449200630188,0.0634765625
shallow,saber_v2,101,3,111,0.5290765166282654,0.0478515625
shallow,saber_v2,101,3,112,0.561398446559906,0.0517578125
shallow,saber_v2,101,3,113,0.5940343141555786,0.0634765625
shallow,saber_v2,101,3,114,0.5431221127510071,0.0595703125
shallow,saber_v2,101,3,115,0.9511720538139343,0.060546875
shallow,saber_v2,101,3,116,0.627090334892273,0.04296875
shallow,saber_v2,101,3,117,0.5857349038124084,0.0576171875
shallow,saber_v2,101,3,118,0.5367207527160645,0.0537109375
shallow,saber_v2,101,3,119,0.615004301071167,0.0654296875
shallow,saber_v2,101,3,120,0.5381960868835449,0.0595703125
shallow,saber_v2,101,3,121,0.5797415971755981,0.0458984375
shallow,saber_v2,101,3,122,0.5659415125846863,0.060546875
shallow,saber_v2,101,3,123,0.5513105988502502,0.0498046875
shallow,saber_v2,101,3,124,0.5631335377693176,0.04296875
shallow,saber_v2,101,3,125,0.6066505312919617,0.0546875
shallow,saber_v2,101,3,126,0.5596602559089661,0.0556640625
shallow,saber_v2,101,3,127,0.5341505408287048,0.0439453125
shallow,saber_v2,101,3,128,0.5594342947006226,0.048828125
shallow,saber_v2,101,3,129,0.5526816248893738,0.05859375
shallow,saber_v2,101,3,130,0.586030900478363,0.0615234375
shallow,saber_v2,101,3,131,0.6104665398597717,0.056640625
shallow,saber_v2,101,3,132,0.5353904962539673,0.05859375
shallow,saber_v2,101,3,133,0.6204553842544556,0.0478515625
shallow,saber_v2,101,3,134,0.6798086166381836,0.0595703125
shallow,saber_v2,101,3,135,0.5781174898147583,0.05078125
shallow,saber_v2,101,3,136,0.5473305583000183,0.0517578125
shallow,saber_v2,101,3,137,0.6131651401519775,0.0576171875
shallow,saber_v2,101,3,138,0.5641239881515503,0.0478515625
shallow,saber_v2,101,3,139,0.56113201379776,0.068359375
shallow,saber_v2,101,3,140,0.5852659344673157,0.0478515625
shallow,saber_v2,101,3,141,0.5640293955802917,0.048828125
shallow,saber_v2,101,3,142,0.6253129839897156,0.0478515625
shallow,saber_v2,101,3,143,0.5640861988067627,0.0517578125
shallow,saber_v2,101,3,144,0.5127276182174683,0.0625
shallow,saber_v2,101,3,145,0.5996029376983643,0.05859375
shallow,saber_v2,101,3,146,0.5627700686454773,0.05078125
shallow,saber_v2,101,3,147,0.49387723207473755,0.052734375
shallow,saber_v2,101,3,148,0.5610528588294983,0.0634765625
shallow,saber_v2,101,3,149,0.5896593332290649,0.0498046875
shallow,saber_v2,101,3,150,0.5556848049163818,0.0546875
shallow,saber_v2,101,3,151,0.5475619435310364,0.0498046875
shallow,saber_v2,101,3,152,0.6052291989326477,0.0595703125
shallow,saber_v2,101,3,153,0.5734441876411438,0.060546875
shallow,saber_v2,101,3,154,0.5619380474090576,0.0458984375
shallow,saber_v2,101,3,155,0.5002137422561646,0.044921875
shallow,saber_v2,101,3,156,0.5552996397018433,0.0595703125
shallow,saber_v2,101,3,157,0.5678509473800659,0.0595703125
shallow,saber_v2,101,3,158,0.5862585306167603,0.05078125
shallow,saber_v2,101,3,159,0.551627516746521,0.052734375
shallow,saber_v2,101,3,160,0.5561915636062622,0.048828125
shallow,saber_v2,101,3,161,0.5475435256958008,0.05859375
shallow,saber_v2,101,3,162,0.5686917901039124,0.060546875
shallow,saber_v2,101,3,163,0.56231290102005,0.0654296875
shallow,saber_v2,101,3,164,0.5622761845588684,0.0615234375
shallow,saber_v2,101,3,165,0.5589286684989929,0.0478515625
shallow,saber_v2,101,3,166,0.5926840901374817,0.0478515625
shallow,saber_v2,101,3,167,0.5558216571807861,0.0556640625
shallow,saber_v2,101,3,168,0.5964056253433228,0.0615234375
shallow,saber_v2,101,3,169,0.5689014196395874,0.0546875
shallow,saber_v2,101,3,170,0.5570983290672302,0.060546875
shallow,saber_v2,101,3,171,0.5284038186073303,0.0439453125
shallow,saber_v2,101,3,172,0.588678777217865,0.0556640625
shallow,saber_v2,101,3,173,0.6030910611152649,0.0654296875
shallow,saber_v2,101,3,174,0.5718386173248291,0.0751953125
shallow,saber_v2,101,3,175,0.5701954364776611,0.05078125
shallow,saber_v2,101,3,176,0.5475813150405884,0.0595703125
shallow,saber_v2,101,3,177,0.5503602623939514,0.0498046875
shallow,saber_v2,101,3,178,0.5354292392730713,0.0576171875
shallow,saber_v2,101,3,179,0.5477966666221619,0.0537109375
shallow,saber_v2,101,3,180,0.5567595958709717,0.0556640625
shallow,saber_v2,101,3,181,0.4996699392795563,0.056640625
shallow,saber_v2,101,3,182,0.5516213178634644,0.04296875
shallow,saber_v2,101,3,183,0.5618013739585876,0.052734375
shallow,saber_v2,101,3,184,0.5791525840759277,0.0654296875
shallow,saber_v2,101,3,185,0.5260444283485413,0.0576171875
shallow,saber_v2,101,3,186,0.5026789903640747,0.0546875
shallow,saber_v2,101,3,187,0.6260794401168823,0.0517578125
shallow,saber_v2,101,3,188,0.5847524404525757,0.0478515625
shallow,saber_v2,101,3,189,0.504586935043335,0.06640625
shallow,saber_v2,101,3,190,0.5917887091636658,0.0517578125
shallow,saber_v2,101,3,191,0.5815528631210327,0.0615234375
shallow,saber_v2,101,3,192,0.5527163743972778,0.0576171875
shallow,saber_v2,101,3,193,0.5747926235198975,0.0537109375
shallow,saber_v2,101,3,194,0.5438558459281921,0.0537109375
shallow,saber_v2,101,3,195,0.5372600555419922,0.060546875
shallow,saber_v2,101,3,196,0.561241090297699,0.05859375
shallow,saber_v2,101,3,197,0.5700290203094482,0.056640625
shallow,saber_v2,101,3,198,0.5708625316619873,0.046875
shallow,saber_v2,101,3,199,0.5962445139884949,0.046875
shallow,saber_v2,101,3,200,0.5359205007553101,0.0478515625
shallow,saber_v2,101,3,201,0.5413362383842468,0.05078125
shallow,saber_v2,101,3,202,0.5077731013298035,0.05078125
shallow,saber_v2,101,3,203,0.5421965718269348,0.0615234375
shallow,saber_v2,101,3,204,0.6118624806404114,0.0556640625
shallow,saber_v2,101,3,205,0.5382307171821594,0.0595703125
shallow,saber_v2,101,3,206,0.5229015350341797,0.0673828125
shallow,saber_v2,101,3,207,0.5867446660995483,0.048828125
shallow,saber_v2,101,3,208,0.6004710793495178,0.0517578125
shallow,saber_v2,101,3,209,0.633098304271698,0.056640625
shallow,saber_v2,101,3,210,0.4814510643482208,0.0556640625
shallow,saber_v2,101,3,211,0.5868061184883118,0.048828125
shallow,saber_v2,101,3,212,0.5417909622192383,0.046875
shallow,saber_v2,101,3,213,0.5819684267044067,0.05078125
shallow,saber_v2,101,3,214,0.5123134851455688,0.046875
shallow,saber_v2,101,3,215,0.5805244445800781,0.0556640625
shallow,saber_v2,101,3,216,0.5337340831756592,0.0458984375
shallow,saber_v2,101,3,217,0.5481297969818115,0.052734375
shallow,saber_v2,101,3,218,0.5476013422012329,0.0595703125
shallow,saber_v2,101,3,219,0.47943004965782166,0.046875
shallow,saber_v2,101,3,220,0.570155918598175,0.046875
shallow,saber_v2,101,3,221,0.5739251971244812,0.0546875
shallow,saber_v2,101,3,222,0.5976535081863403,0.0478515625
shallow,saber_v2,101,3,223,0.6020888686180115,0.0517578125
shallow,saber_v2,101,3,224,0.5417088866233826,0.0595703125
shallow,saber_v2,101,3,225,0.5423190593719482,0.0595703125
shallow,saber_v2,101,3,226,0.553354024887085,0.052734375
shallow,saber_v2,101,3,227,0.5844013690948486,0.0576171875
shallow,saber_v2,101,3,228,0.5785926580429077,0.046875
shallow,saber_v2,101,3,229,0.5481748580932617,0.0615234375
shallow,saber_v2,101,3,230,0.5423510670661926,0.0517578125
shallow,saber_v2,101,3,231,0.5522707104682922,0.0576171875
shallow,saber_v2,101,3,232,0.5631164908409119,0.05859375
shallow,saber_v2,101,3,233,0.5487043261528015,0.05078125
shallow,saber_v2,101,3,234,0.5442001223564148,0.0478515625
shallow,saber_v2,101,3,235,0.5423545837402344,0.04296875
shallow,saber_v2,101,3,236,0.5648938417434692,0.0556640625
shallow,saber_v2,101,3,237,0.5735042095184326,0.05078125
shallow,saber_v2,101,3,238,0.5943966507911682,0.0625
shallow,saber_v2,101,3,239,0.5928213596343994,0.0576171875
shallow,saber_v2,101,3,240,0.5731763243675232,0.0595703125
shallow,saber_v2,101,3,241,0.547167181968689,0.052734375
shallow,saber_v2,101,3,242,0.6819194555282593,0.05859375
shallow,saber_v2,101,3,243,0.5410894155502319,0.0576171875
shallow,saber_v2,101,3,244,0.5413805842399597,0.0537109375
shallow,saber_v2,101,3,245,0.5324243903160095,0.0546875
shallow,saber_v2,101,3,246,0.5953859090805054,0.0546875
shallow,saber_v2,101,3,247,0.6342848539352417,0.0625
shallow,saber_v2,101,3,248,0.5634292364120483,0.052734375
shallow,saber_v2,101,3,249,0.7160261273384094,0.0615234375
shallow,saber_v2,101,3,250,0.6277285814285278,0.037854891270399094
shallow,saber_v2,101,4,0,0.5725107192993164,0.056640625
shallow,saber_v2,101,4,1,0.5769956111907959,0.0556640625
shallow,saber_v2,101,4,2,0.5973927974700928,0.0693359375
shallow,saber_v2,101,4,3,0.5843147039413452,0.0576171875
shallow,saber_v2,101,4,4,0.5172979235649109,0.0556640625
shallow,saber_v2,101,4,5,0.5311087965965271,0.046875
shallow,saber_v2,101,4,6,0.5290664434432983,0.0517578125
shallow,saber_v2,101,4,7,0.5552733540534973,0.060546875
shallow,saber_v2,101,4,8,0.516280472278595,0.0517578125
shallow,saber_v2,101,4,9,0.5170944333076477,0.0673828125
shallow,saber_v2,101,4,10,0.5741539001464844,0.0478515625
shallow,saber_v2,101,4,11,0.5394912362098694,0.056640625
shallow,saber_v2,101,4,12,0.564111053943634,0.0615234375
shallow,saber_v2,101,4,13,0.6579965353012085,0.052734375
shallow,saber_v2,101,4,14,0.46161961555480957,0.0556640625
shallow,saber_v2,101,4,15,0.5479340553283691,0.0576171875
shallow,saber_v2,101,4,16,0.5822752118110657,0.0517578125
shallow,saber_v2,101,4,17,0.5913726687431335,0.05078125
shallow,saber_v2,101,4,18,0.5707981586456299,0.0439453125
shallow,saber_v2,101,4,19,0.5479035973548889,0.0625
shallow,saber_v2,101,4,20,0.5414003133773804,0.0634765625
shallow,saber_v2,101,4,21,0.6322604417800903,0.056640625
shallow,saber_v2,101,4,22,0.6357952356338501,0.046875
shallow,saber_v2,101,4,23,0.5833393335342407,0.0556640625
shallow,saber_v2,101,4,24,0.5706527829170227,0.0478515625
shallow,saber_v2,101,4,25,0.5948820114135742,0.0458984375
shallow,saber_v2,101,4,26,0.5454115271568298,0.06640625
shallow,saber_v2,101,4,27,0.6033143997192383,0.046875
shallow,saber_v2,101,4,28,0.6295641660690308,0.0791015625
shallow,saber_v2,101,4,29,0.6453535556793213,0.052734375
shallow,saber_v2,101,4,30,0.6284151673316956,0.0556640625
shallow,saber_v2,101,4,31,0.5790120959281921,0.0703125
shallow,saber_v2,101,4,32,0.5355114340782166,0.0517578125
shallow,saber_v2,101,4,33,0.5250542163848877,0.0478515625
shallow,saber_v2,101,4,34,0.5584337115287781,0.0400390625
shallow,saber_v2,101,4,35,0.5807645916938782,0.0634765625
shallow,saber_v2,101,4,36,0.5980556011199951,0.0439453125
shallow,saber_v2,101,4,37,0.5423622131347656,0.0458984375
shallow,saber_v2,101,4,38,0.5755346417427063,0.0517578125
shallow,saber_v2,101,4,39,0.5676897168159485,0.052734375
shallow,saber_v2,101,4,40,0.48557180166244507,0.056640625
shallow,saber_v2,101,4,41,0.5428364872932434,0.05859375
shallow,saber_v2,101,4,42,0.5756377577781677,0.0654296875
shallow,saber_v2,101,4,43,0.5856972932815552,0.0576171875
shallow,saber_v2,101,4,44,0.542049765586853,0.0546875
shallow,saber_v2,101,4,45,0.5544655919075012,0.0556640625
shallow,saber_v2,101,4,46,0.6134461760520935,0.064453125
shallow,saber_v2,101,4,47,0.5065578818321228,0.056640625
shallow,saber_v2,101,4,48,0.5238219499588013,0.0625
shallow,saber_v2,101,4,49,0.5430070161819458,0.044921875
shallow,saber_v2,101,4,50,0.5714595913887024,0.0546875
shallow,saber_v2,101,4,51,0.5851448774337769,0.05078125
shallow,saber_v2,101,4,52,0.6036890745162964,0.05078125
shallow,saber_v2,101,4,53,0.5327158570289612,0.0595703125
shallow,saber_v2,101,4,54,0.5093169212341309,0.0478515625
shallow,saber_v2,101,4,55,0.5411884188652039,0.05078125
shallow,saber_v2,101,4,56,0.5461023449897766,0.0478515625
shallow,saber_v2,101,4,57,0.5354677438735962,0.0615234375
shallow,saber_v2,101,4,58,0.5406574010848999,0.060546875
shallow,saber_v2,101,4,59,0.6477735638618469,0.0439453125
shallow,saber_v2,101,4,60,0.48069682717323303,0.0478515625
shallow,saber_v2,101,4,61,0.5305880308151245,0.0546875
shallow,saber_v2,101,4,62,0.5977378487586975,0.0625
shallow,saber_v2,101,4,63,0.531257152557373,0.0576171875
shallow,saber_v2,101,4,64,0.5220940709114075,0.0478515625
shallow,saber_v2,101,4,65,0.5236776471138,0.0576171875
shallow,saber_v2,101,4,66,0.6123654842376709,0.048828125
shallow,saber_v2,101,4,67,0.5205382704734802,0.0498046875
shallow,saber_v2,101,4,68,0.6135932803153992,0.0546875
shallow,saber_v2,101,4,69,0.508952796459198,0.0517578125
shallow,saber_v2,101,4,70,0.5552141070365906,0.0615234375
shallow,saber_v2,101,4,71,0.5772858262062073,0.06640625
shallow,saber_v2,101,4,72,0.5331764817237854,0.0556640625
shallow,saber_v2,101,4,73,0.5423036217689514,0.046875
shallow,saber_v2,101,4,74,0.6085986495018005,0.0478515625
shallow,saber_v2,101,4,75,0.488752156496048,0.0576171875
shallow,saber_v2,101,4,76,0.5764044523239136,0.0478515625
shallow,saber_v2,101,4,77,0.523125171661377,0.046875
shallow,saber_v2,101,4,78,0.5535171627998352,0.0615234375
shallow,saber_v2,101,4,79,0.5109428763389587,0.0576171875
shallow,saber_v2,101,4,80,0.5134880542755127,0.0556640625
shallow,saber_v2,101,4,81,0.5346801280975342,0.05859375
shallow,saber_v2,101,4,82,0.530461311340332,0.0546875
shallow,saber_v2,101,4,83,0.5348943471908569,0.0546875
shallow,saber_v2,101,4,84,0.5607504844665527,0.052734375
shallow,saber_v2,101,4,85,0.6397359371185303,0.05859375
shallow,saber_v2,101,4,86,0.5542706847190857,0.0625
shallow,saber_v2,101,4,87,0.5601625442504883,0.046875
shallow,saber_v2,101,4,88,0.5012837052345276,0.0478515625
shallow,saber_v2,101,4,89,0.5850235223770142,0.0400390625
shallow,saber_v2,101,4,90,0.752453625202179,0.05859375
shallow,saber_v2,101,4,91,0.544340968132019,0.060546875
shallow,saber_v2,101,4,92,0.58713299036026,0.060546875
shallow,saber_v2,101,4,93,0.558007538318634,0.05859375
shallow,saber_v2,101,4,94,0.5567657947540283,0.0517578125
shallow,saber_v2,101,4,95,0.5838800072669983,0.052734375
shallow,saber_v2,101,4,96,0.5490726232528687,0.0693359375
shallow,saber_v2,101,4,97,0.5790640115737915,0.0498046875
shallow,saber_v2,101,4,98,0.5025426149368286,0.0498046875
shallow,saber_v2,101,4,99,0.4696916341781616,0.06640625
shallow,saber_v2,101,4,100,0.5770023465156555,0.068359375
shallow,saber_v2,101,4,101,0.519499659538269,0.052734375
shallow,saber_v2,101,4,102,0.5786517858505249,0.0576171875
shallow,saber_v2,101,4,103,0.570273756980896,0.0693359375
shallow,saber_v2,101,4,104,0.5098544359207153,0.05859375
shallow,saber_v2,101,4,105,0.531110405921936,0.0546875
shallow,saber_v2,101,4,106,0.5485589504241943,0.044921875
shallow,saber_v2,101,4,107,0.5378443002700806,0.0537109375
shallow,saber_v2,101,4,108,0.5331998467445374,0.0615234375
shallow,saber_v2,101,4,109,0.4835839867591858,0.052734375
shallow,saber_v2,101,4,110,0.5569135546684265,0.0732421875
shallow,saber_v2,101,4,111,0.5545852780342102,0.0546875
shallow,saber_v2,101,4,112,0.5808997750282288,0.0576171875
shallow,saber_v2,101,4,113,0.5148603916168213,0.06640625
shallow,saber_v2,101,4,114,0.5356436967849731,0.0556640625
shallow,saber_v2,101,4,115,0.5108116269111633,0.0654296875
shallow,saber_v2,101,4,116,0.5212041735649109,0.0693359375
shallow,saber_v2,101,4,117,0.7127664089202881,0.064453125
shallow,saber_v2,101,4,118,0.49330446124076843,0.044921875
shallow,saber_v2,101,4,119,0.49904710054397583,0.056640625
shallow,saber_v2,101,4,120,0.5618622899055481,0.052734375
shallow,saber_v2,101,4,121,0.6108389496803284,0.056640625
shallow,saber_v2,101,4,122,0.7858472466468811,0.0595703125
shallow,saber_v2,101,4,123,0.5368963479995728,0.05078125
shallow,saber_v2,101,4,124,0.5660789012908936,0.060546875
shallow,saber_v2,101,4,125,0.5620881915092468,0.052734375
shallow,saber_v2,101,4,126,0.5590753555297852,0.05078125
shallow,saber_v2,101,4,127,0.5162927508354187,0.0556640625
shallow,saber_v2,101,4,128,0.6300482153892517,0.0478515625
shallow,saber_v2,101,4,129,0.5408260822296143,0.05078125
shallow,saber_v2,101,4,130,0.5998217463493347,0.056640625
shallow,saber_v2,101,4,131,0.5274442434310913,0.0556640625
shallow,saber_v2,101,4,132,0.6170271635055542,0.0634765625
shallow,saber_v2,101,4,133,0.521747887134552,0.0478515625
shallow,saber_v2,101,4,134,0.5352175831794739,0.0576171875
shallow,saber_v2,101,4,135,0.55818110704422,0.064453125
shallow,saber_v2,101,4,136,0.5544909834861755,0.064453125
shallow,saber_v2,101,4,137,0.6022226214408875,0.05859375
shallow,saber_v2,101,4,138,0.5745082497596741,0.0517578125
shallow,saber_v2,101,4,139,0.5712631940841675,0.05078125
shallow,saber_v2,101,4,140,0.5076125264167786,0.044921875
shallow,saber_v2,101,4,141,0.5347395539283752,0.05859375
shallow,saber_v2,101,4,142,0.5635002851486206,0.0595703125
shallow,saber_v2,101,4,143,0.6041743159294128,0.05078125
shallow,saber_v2,101,4,144,0.5150297284126282,0.056640625
shallow,saber_v2,101,4,145,0.6273275017738342,0.0625
shallow,saber_v2,101,4,146,0.5548437237739563,0.0615234375
shallow,saber_v2,101,4,147,0.553848385810852,0.06640625
shallow,saber_v2,101,4,148,0.5751608610153198,0.052734375
shallow,saber_v2,101,4,149,0.5687148571014404,0.0546875
shallow,saber_v2,101,4,150,0.49222058057785034,0.05078125
shallow,saber_v2,101,4,151,0.5442468523979187,0.0498046875
shallow,saber_v2,101,4,152,0.5910837054252625,0.0439453125
shallow,saber_v2,101,4,153,0.5669088959693909,0.05859375
shallow,saber_v2,101,4,154,0.5831241011619568,0.064453125
shallow,saber_v2,101,4,155,0.6736533641815186,0.0537109375
shallow,saber_v2,101,4,156,0.559967041015625,0.06640625
shallow,saber_v2,101,4,157,0.5766215324401855,0.052734375
shallow,saber_v2,101,4,158,0.5291769504547119,0.0517578125
shallow,saber_v2,101,4,159,0.5600721836090088,0.0390625
shallow,saber_v2,101,4,160,0.5936399698257446,0.048828125
shallow,saber_v2,101,4,161,0.4995400011539459,0.0634765625
shallow,saber_v2,101,4,162,0.7137604355812073,0.0537109375
shallow,saber_v2,101,4,163,0.5431929230690002,0.0498046875
shallow,saber_v2,101,4,164,0.5226345062255859,0.044921875
shallow,saber_v2,101,4,165,0.5981529355049133,0.046875
shallow,saber_v2,101,4,166,0.5602732300758362,0.0517578125
shallow,saber_v2,101,4,167,0.5429456233978271,0.0517578125
shallow,saber_v2,101,4,168,0.5960198044776917,0.0634765625
shallow,saber_v2,101,4,169,0.5252484083175659,0.056640625
shallow,saber_v2,101,4,170,0.5688044428825378,0.060546875
shallow,saber_v2,101,4,171,0.5798335671424866,0.044921875
shallow,saber_v2,101,4,172,0.586372971534729,0.0478515625
shallow,saber_v2,101,4,173,0.574138343334198,0.056640625
shallow,saber_v2,101,4,174,0.5540356040000916,0.0498046875
shallow,saber_v2,101,4,175,0.48610585927963257,0.0517578125
shallow,saber_v2,101,4,176,0.5276318192481995,0.0595703125
shallow,saber_v2,101,4,177,0.5898638963699341,0.0537109375
shallow,saber_v2,101,4,178,0.502109706401825,0.05859375
shallow,saber_v2,101,4,179,0.5253879427909851,0.048828125
shallow,saber_v2,101,4,180,0.6291887760162354,0.046875
shallow,saber_v2,101,4,181,0.560100257396698,0.0576171875
shallow,saber_v2,101,4,182,0.6026763916015625,0.046875
shallow,saber_v2,101,4,183,0.5348646640777588,0.0439453125
shallow,saber_v2,101,4,184,0.500404417514801,0.0556640625
shallow,saber_v2,101,4,185,0.510719895362854,0.0439453125
shallow,saber_v2,101,4,186,0.541951060295105,0.05078125
shallow,saber_v2,101,4,187,0.6548832058906555,0.0595703125
shallow,saber_v2,101,4,188,0.6053594350814819,0.0537109375
shallow,saber_v2,101,4,189,0.5765025019645691,0.0458984375
shallow,saber_v2,101,4,190,0.5640853643417358,0.0595703125
shallow,saber_v2,101,4,191,0.5397390127182007,0.04296875
shallow,saber_v2,101,4,192,0.6005124449729919,0.0634765625
shallow,saber_v2,101,4,193,0.5664425492286682,0.0576171875
shallow,saber_v2,101,4,194,0.5265569090843201,0.05078125
shallow,saber_v2,101,4,195,0.5664737820625305,0.0517578125
shallow,saber_v2,101,4,196,0.5691761374473572,0.056640625
shallow,saber_v2,101,4,197,0.49487242102622986,0.0625
shallow,saber_v2,101,4,198,0.5795778036117554,0.052734375
shallow,saber_v2,101,4,199,0.4991542100906372,0.0634765625
shallow,saber_v2,101,4,200,0.5507456660270691,0.068359375
shallow,saber_v2,101,4,201,0.5716473460197449,0.0517578125
shallow,saber_v2,101,4,202,0.5456613898277283,0.0439453125
shallow,saber_v2,101,4,203,0.5515257716178894,0.068359375
shallow,saber_v2,101,4,204,0.5996766686439514,0.044921875
shallow,saber_v2,101,4,205,0.5260035991668701,0.046875
shallow,saber_v2,101,4,206,0.6237770318984985,0.046875
shallow,saber_v2,101,4,207,0.5593106746673584,0.052734375
shallow,saber_v2,101,4,208,0.5746150016784668,0.064453125
shallow,saber_v2,101,4,209,0.5636226534843445,0.0615234375
shallow,saber_v2,101,4,210,0.5404919385910034,0.068359375
shallow,saber_v2,101,4,211,0.5002800822257996,0.0498046875
shallow,saber_v2,101,4,212,0.5374306440353394,0.048828125
shallow,saber_v2,101,4,213,0.6217603087425232,0.046875
shallow,saber_v2,101,4,214,0.513416051864624,0.0556640625
shallow,saber_v2,101,4,215,0.568869948387146,0.044921875
shallow,saber_v2,101,4,216,0.5443377494812012,0.052734375
shallow,saber_v2,101,4,217,0.5509636998176575,0.05859375
shallow,saber_v2,101,4,218,0.535287082195282,0.046875
shallow,saber_v2,101,4,219,0.5538288950920105,0.05078125
shallow,saber_v2,101,4,220,0.5415629148483276,0.046875
shallow,saber_v2,101,4,221,0.5981831550598145,0.0703125
shallow,saber_v2,101,4,222,0.5465531945228577,0.0595703125
shallow,saber_v2,101,4,223,0.5350713133811951,0.0732421875
shallow,saber_v2,101,4,224,0.5172054767608643,0.060546875
shallow,saber_v2,101,4,225,0.5114710330963135,0.0400390625
shallow,saber_v2,101,4,226,0.5182523727416992,0.060546875
shallow,saber_v2,101,4,227,0.5626043081283569,0.056640625
shallow,saber_v2,101,4,228,0.5619924664497375,0.0537109375
shallow,saber_v2,101,4,229,0.5743154287338257,0.05078125
shallow,saber_v2,101,4,230,0.5411673188209534,0.056640625
shallow,saber_v2,101,4,231,0.5707105398178101,0.052734375
shallow,saber_v2,101,4,232,0.5413467884063721,0.0458984375
shallow,saber_v2,101,4,233,0.5506110787391663,0.06640625
shallow,saber_v2,101,4,234,0.5158204436302185,0.0400390625
shallow,saber_v2,101,4,235,0.5170771479606628,0.0537109375
shallow,saber_v2,101,4,236,0.554693341255188,0.0556640625
shallow,saber_v2,101,4,237,0.5271414518356323,0.0546875
shallow,saber_v2,101,4,238,0.5886743068695068,0.0517578125
shallow,saber_v2,101,4,239,0.5238263607025146,0.064453125
shallow,saber_v2,101,4,240,0.6657097935676575,0.048828125
shallow,saber_v2,101,4,241,0.49554643034935,0.0478515625
shallow,saber_v2,101,4,242,0.49583131074905396,0.0634765625
shallow,saber_v2,101,4,243,0.5057341456413269,0.0546875
shallow,saber_v2,101,4,244,0.5928656458854675,0.0556640625
shallow,saber_v2,101,4,245,0.5493220686912537,0.060546875
shallow,saber_v2,101,4,246,0.6106860637664795,0.056640625
shallow,saber_v2,101,4,247,0.6035888195037842,0.048828125
shallow,saber_v2,101,4,248,0.5343449115753174,0.052734375
shallow,saber_v2,101,4,249,0.6015284061431885,0.0693359375
shallow,saber_v2,101,4,250,0.4981546998023987,0.022082019597291946
shallow,saber_v2,101,5,0,0.59005206823349,0.0595703125
shallow,saber_v2,101,5,1,0.47928088903427124,0.0625
shallow,saber_v2,101,5,2,0.6260396242141724,0.0537109375
shallow,saber_v2,101,5,3,0.5526577830314636,0.0478515625
shallow,saber_v2,101,5,4,0.5702669620513916,0.0517578125
shallow,saber_v2,101,5,5,0.5753751397132874,0.052734375
shallow,saber_v2,101,5,6,0.5972827672958374,0.0390625
shallow,saber_v2,101,5,7,0.5922912955284119,0.064453125
shallow,saber_v2,101,5,8,0.7982518076896667,0.0625
shallow,saber_v2,101,5,9,0.5360064506530762,0.0625
shallow,saber_v2,101,5,10,0.6138657927513123,0.041015625
shallow,saber_v2,101,5,11,0.6030256748199463,0.0517578125
shallow,saber_v2,101,5,12,0.5937871932983398,0.0625
shallow,saber_v2,101,5,13,0.6577950119972229,0.0576171875
shallow,saber_v2,101,5,14,0.5685105919837952,0.0322265625
shallow,saber_v2,101,5,15,0.5473018884658813,0.060546875
shallow,saber_v2,101,5,16,0.6117337942123413,0.064453125
shallow,saber_v2,101,5,17,0.5786305665969849,0.060546875
shallow,saber_v2,101,5,18,0.5704172253608704,0.044921875
shallow,saber_v2,101,5,19,0.6000730991363525,0.0478515625
shallow,saber_v2,101,5,20,0.5735409259796143,0.0537109375
shallow,saber_v2,101,5,21,0.5832672119140625,0.052734375
shallow,saber_v2,101,5,22,0.5360181331634521,0.048828125
shallow,saber_v2,101,5,23,0.6101140975952148,0.052734375
shallow,saber_v2,101,5,24,0.6057876348495483,0.0595703125
shallow,saber_v2,101,5,25,0.5748011469841003,0.0595703125
shallow,saber_v2,101,5,26,0.5926384925842285,0.0615234375
shallow,saber_v2,101,5,27,0.6347236633300781,0.0556640625
shallow,saber_v2,101,5,28,0.6114090085029602,0.060546875
shallow,saber_v2,101,5,29,0.5157069563865662,0.0595703125
shallow,saber_v2,101,5,30,0.5501301288604736,0.052734375
shallow,saber_v2,101,5,31,0.605542778968811,0.0537109375
shallow,saber_v2,101,5,32,0.5396491289138794,0.068359375
shallow,saber_v2,101,5,33,0.5685339570045471,0.0517578125
shallow,saber_v2,101,5,34,0.5149140357971191,0.060546875
shallow,saber_v2,101,5,35,0.4748568832874298,0.0625
shallow,saber_v2,101,5,36,0.502710223197937,0.0400390625
shallow,saber_v2,101,5,37,0.524742603302002,0.0498046875
shallow,saber_v2,101,5,38,0.5001447796821594,0.0556640625
shallow,saber_v2,101,5,39,0.5367948412895203,0.046875
shallow,saber_v2,101,5,40,0.6037115454673767,0.052734375
shallow,saber_v2,101,5,41,0.4878775179386139,0.0537109375
shallow,saber_v2,101,5,42,0.5299267768859863,0.052734375
shallow,saber_v2,101,5,43,0.5780549049377441,0.0439453125
shallow,saber_v2,101,5,44,0.5512266159057617,0.0478515625
shallow,saber_v2,101,5,45,0.6194378137588501,0.060546875
shallow,saber_v2,101,5,46,0.588028609752655,0.0537109375
shallow,saber_v2,101,5,47,0.5475837588310242,0.0478515625
shallow,saber_v2,101,5,48,0.5185487866401672,0.060546875
shallow,saber_v2,101,5,49,0.5180065035820007,0.0576171875
shallow,saber_v2,101,5,50,0.5714831948280334,0.0517578125
shallow,saber_v2,101,5,51,0.5982304811477661,0.048828125
shallow,saber_v2,101,5,52,0.5912997722625732,0.05859375
shallow,saber_v2,101,5,53,0.5194199681282043,0.0517578125
shallow,saber_v2,101,5,54,0.5577427744865417,0.064453125
shallow,saber_v2,101,5,55,0.5648043751716614,0.060546875
shallow,saber_v2,101,5,56,0.6328819990158081,0.0546875
shallow,saber_v2,101,5,57,0.5638994574546814,0.05859375
shallow,saber_v2,101,5,58,0.568533182144165,0.052734375
shallow,saber_v2,101,5,59,0.54924476146698,0.0712890625
shallow,saber_v2,101,5,60,0.517916738986969,0.052734375
shallow,saber_v2,101,5,61,0.5314638018608093,0.05078125
shallow,saber_v2,101,5,62,0.5460301637649536,0.0537109375
shallow,saber_v2,101,5,63,0.5125954151153564,0.0556640625
shallow,saber_v2,101,5,64,0.5100327134132385,0.0478515625
shallow,saber_v2,101,5,65,0.5090994834899902,0.0556640625
shallow,saber_v2,101,5,66,0.5219045877456665,0.0439453125
shallow,saber_v2,101,5,67,0.5113703012466431,0.056640625
shallow,saber_v2,101,5,68,0.5968897938728333,0.05859375
shallow,saber_v2,101,5,69,0.5600113272666931,0.0673828125
shallow,saber_v2,101,5,70,0.5927769541740417,0.04296875
shallow,saber_v2,101,5,71,0.5041678547859192,0.05859375
shallow,saber_v2,101,5,72,0.4858899414539337,0.0439453125
shallow,saber_v2,101,5,73,0.5213636159896851,0.056640625
shallow,saber_v2,101,5,74,0.535855770111084,0.0595703125
shallow,saber_v2,101,5,75,0.5203345417976379,0.0439453125
shallow,saber_v2,101,5,76,0.5464398264884949,0.0556640625
shallow,saber_v2,101,5,77,0.5756832361221313,0.05078125
shallow,saber_v2,101,5,78,0.5316968560218811,0.041015625
shallow,saber_v2,101,5,79,0.6209384202957153,0.0615234375
shallow,saber_v2,101,5,80,0.5371698141098022,0.0546875
shallow,saber_v2,101,5,81,0.5565109252929688,0.0615234375
shallow,saber_v2,101,5,82,0.5163207054138184,0.0537109375
shallow,saber_v2,101,5,83,0.5567330718040466,0.0556640625
shallow,saber_v2,101,5,84,0.5717595815658569,0.048828125
shallow,saber_v2,101,5,85,0.5263653993606567,0.0458984375
shallow,saber_v2,101,5,86,0.5446588397026062,0.0576171875
shallow,saber_v2,101,5,87,0.5195380449295044,0.0517578125
shallow,saber_v2,101,5,88,0.5262678265571594,0.048828125
shallow,saber_v2,101,5,89,0.516248881816864,0.060546875
shallow,saber_v2,101,5,90,0.5150694251060486,0.0595703125
shallow,saber_v2,101,5,91,0.5936813950538635,0.056640625
shallow,saber_v2,101,5,92,0.5780778527259827,0.056640625
shallow,saber_v2,101,5,93,0.5236954689025879,0.0556640625
shallow,saber_v2,101,5,94,0.5289118885993958,0.05859375
shallow,saber_v2,101,5,95,0.4796096682548523,0.0546875
shallow,saber_v2,101,5,96,0.5871593356132507,0.0517578125
shallow,saber_v2,101,5,97,0.5713173151016235,0.0595703125
shallow,saber_v2,101,5,98,0.5443270206451416,0.072265625
shallow,saber_v2,101,5,99,0.5428825616836548,0.068359375
shallow,saber_v2,101,5,100,0.5336886644363403,0.0595703125
shallow,saber_v2,101,5,101,0.5460764765739441,0.0673828125
shallow,saber_v2,101,5,102,0.5362001657485962,0.0546875
shallow,saber_v2,101,5,103,0.5365853309631348,0.0537109375
shallow,saber_v2,101,5,104,0.534873366355896,0.0595703125
shallow,saber_v2,101,5,105,0.5989349484443665,0.052734375
shallow,saber_v2,101,5,106,0.5391232967376709,0.0615234375
shallow,saber_v2,101,5,107,0.5759917497634888,0.0517578125
shallow,saber_v2,101,5,108,0.6038798093795776,0.056640625
shallow,saber_v2,101,5,109,0.5469232797622681,0.0458984375
shallow,saber_v2,101,5,110,0.5828575491905212,0.0458984375
shallow,saber_v2,101,5,111,0.5690170526504517,0.05859375
shallow,saber_v2,101,5,112,0.6032788157463074,0.0439453125
shallow,saber_v2,101,5,113,0.5759294033050537,0.04296875
shallow,saber_v2,101,5,114,0.5672460198402405,0.0595703125
shallow,saber_v2,101,5,115,0.5038092136383057,0.0400390625
shallow,saber_v2,101,5,116,0.5512089133262634,0.0693359375
shallow,saber_v2,101,5,117,0.5205235481262207,0.0537109375
shallow,saber_v2,101,5,118,0.6174828410148621,0.0537109375
shallow,saber_v2,101,5,119,0.5463796257972717,0.06640625
shallow,saber_v2,101,5,120,0.5274723172187805,0.06640625
shallow,saber_v2,101,5,121,0.5166828036308289,0.0400390625
shallow,saber_v2,101,5,122,0.5369787216186523,0.0625
shallow,saber_v2,101,5,123,0.4975702166557312,0.0654296875
shallow,saber_v2,101,5,124,0.5670227408409119,0.0576171875
shallow,saber_v2,101,5,125,0.5809482932090759,0.05078125
shallow,saber_v2,101,5,126,0.5479926466941833,0.0478515625
shallow,saber_v2,101,5,127,0.5334466099739075,0.0556640625
shallow,saber_v2,101,5,128,0.4772404730319977,0.048828125
shallow,saber_v2,101,5,129,0.5427616238594055,0.0615234375
shallow,saber_v2,101,5,130,0.5397127866744995,0.0537109375
shallow,saber_v2,101,5,131,0.6440955400466919,0.0634765625
shallow,saber_v2,101,5,132,0.5299937725067139,0.064453125
shallow,saber_v2,101,5,133,0.541156530380249,0.05859375
shallow,saber_v2,101,5,134,0.4713640511035919,0.0458984375
shallow,saber_v2,101,5,135,0.6179097890853882,0.0615234375
shallow,saber_v2,101,5,136,0.5402597784996033,0.05859375
shallow,saber_v2,101,5,137,0.5005266666412354,0.0517578125
shallow,saber_v2,101,5,138,0.605808675289154,0.0693359375
shallow,saber_v2,101,5,139,0.5167905688285828,0.046875
shallow,saber_v2,101,5,140,0.5374723076820374,0.0517578125
shallow,saber_v2,101,5,141,0.5241302251815796,0.05078125
shallow,saber_v2,101,5,142,0.5874008536338806,0.0693359375
shallow,saber_v2,101,5,143,0.49953293800354004,0.0478515625
shallow,saber_v2,101,5,144,0.4772878885269165,0.0419921875
shallow,saber_v2,101,5,145,0.5675633549690247,0.0556640625
shallow,saber_v2,101,5,146,0.5370455384254456,0.0595703125
shallow,saber_v2,101,5,147,0.5029722452163696,0.0634765625
shallow,saber_v2,101,5,148,0.521355390548706,0.0439453125
shallow,saber_v2,101,5,149,0.5237678289413452,0.060546875
shallow,saber_v2,101,5,150,0.5315299034118652,0.060546875
shallow,saber_v2,101,5,151,0.5754340291023254,0.0546875
shallow,saber_v2,101,5,152,0.5452511310577393,0.056640625
shallow,saber_v2,101,5,153,0.4826100468635559,0.064453125
shallow,saber_v2,101,5,154,0.5241582989692688,0.048828125
shallow,saber_v2,101,5,155,0.5120536684989929,0.0498046875
shallow,saber_v2,101,5,156,0.5355322360992432,0.0517578125
shallow,saber_v2,101,5,157,0.48315462470054626,0.060546875
shallow,saber_v2,101,5,158,0.5402284860610962,0.048828125
shallow,saber_v2,101,5,159,0.5473006963729858,0.05859375
shallow,saber_v2,101,5,160,0.6061439514160156,0.052734375
shallow,saber_v2,101,5,161,0.517316460609436,0.0556640625
shallow,saber_v2,101,5,162,0.5640774369239807,0.05859375
shallow,saber_v2,101,5,163,0.5763590335845947,0.0634765625
shallow,saber_v2,101,5,164,0.5633704662322998,0.0595703125
shallow,saber_v2,101,5,165,0.4341649115085602,0.0546875
shallow,saber_v2,101,5,166,0.550887405872345,0.0556640625
shallow,saber_v2,101,5,167,0.6288487911224365,0.056640625
shallow,saber_v2,101,5,168,0.5534696578979492,0.0419921875
shallow,saber_v2,101,5,169,0.5152735114097595,0.060546875
shallow,saber_v2,101,5,170,0.5120382905006409,0.0625
shallow,saber_v2,101,5,171,0.5906533598899841,0.0498046875
shallow,saber_v2,101,5,172,0.5217501521110535,0.056640625
shallow,saber_v2,101,5,173,0.6515353918075562,0.046875
shallow,saber_v2,101,5,174,0.45929965376853943,0.056640625
shallow,saber_v2,101,5,175,0.4970944821834564,0.04296875
shallow,saber_v2,101,5,176,0.530206024646759,0.0654296875
shallow,saber_v2,101,5,177,0.534886360168457,0.056640625
shallow,saber_v2,101,5,178,0.8235679268836975,0.0595703125
shallow,saber_v2,101,5,179,0.5177057981491089,0.0712890625
shallow,saber_v2,101,5,180,0.5934690237045288,0.052734375
shallow,saber_v2,101,5,181,0.5369645953178406,0.060546875
shallow,saber_v2,101,5,182,0.56060791015625,0.0390625
shallow,saber_v2,101,5,183,0.5145949721336365,0.0498046875
shallow,saber_v2,101,5,184,0.5168291926383972,0.0576171875
shallow,saber_v2,101,5,185,0.618776798248291,0.056640625
shallow,saber_v2,101,5,186,0.5582299828529358,0.0576171875
shallow,saber_v2,101,5,187,0.4900186359882355,0.05078125
shallow,saber_v2,101,5,188,0.4953050911426544,0.05859375
shallow,saber_v2,101,5,189,0.5565674901008606,0.05078125
shallow,saber_v2,101,5,190,0.5929498672485352,0.056640625
shallow,saber_v2,101,5,191,0.5558925271034241,0.0517578125
shallow,saber_v2,101,5,192,0.5226584672927856,0.05078125
shallow,saber_v2,101,5,193,0.5598949193954468,0.0478515625
shallow,saber_v2,101,5,194,0.5309512615203857,0.0576171875
shallow,saber_v2,101,5,195,0.5388303995132446,0.05078125
shallow,saber_v2,101,5,196,0.502844512462616,0.064453125
shallow,saber_v2,101,5,197,0.544702410697937,0.0673828125
shallow,saber_v2,101,5,198,0.5980855822563171,0.056640625
shallow,saber_v2,101,5,199,0.5560756325721741,0.0625
shallow,saber_v2,101,5,200,0.5485250353813171,0.05078125
shallow,saber_v2,101,5,201,0.525385856628418,0.04296875
shallow,saber_v2,101,5,202,0.5533674955368042,0.0634765625
shallow,saber_v2,101,5,203,0.5579692721366882,0.0498046875
shallow,saber_v2,101,5,204,0.5583657026290894,0.0517578125
shallow,saber_v2,101,5,205,0.5404842495918274,0.0458984375
shallow,saber_v2,101,5,206,0.561915397644043,0.0419921875
shallow,saber_v2,101,5,207,0.595237135887146,0.0576171875
shallow,saber_v2,101,5,208,0.5033345222473145,0.05859375
shallow,saber_v2,101,5,209,0.5425222516059875,0.0634765625
shallow,saber_v2,101,5,210,0.5809794068336487,0.0615234375
shallow,saber_v2,101,5,211,0.526869535446167,0.048828125
shallow,saber_v2,101,5,212,0.4619453549385071,0.0634765625
shallow,saber_v2,101,5,213,0.49198582768440247,0.0654296875
shallow,saber_v2,101,5,214,0.5627055764198303,0.0517578125
shallow,saber_v2,101,5,215,0.5047804713249207,0.048828125
shallow,saber_v2,101,5,216,0.4978494942188263,0.0556640625
shallow,saber_v2,101,5,217,0.5583252310752869,0.05078125
shallow,saber_v2,101,5,218,0.5183246731758118,0.05078125
shallow,saber_v2,101,5,219,0.5763436555862427,0.060546875
shallow,saber_v2,101,5,220,0.5222885012626648,0.0625
shallow,saber_v2,101,5,221,0.5919469594955444,0.060546875
shallow,saber_v2,101,5,222,0.628818154335022,0.04296875
shallow,saber_v2,101,5,223,0.5871747136116028,0.052734375
shallow,saber_v2,101,5,224,0.49373483657836914,0.0556640625
shallow,saber_v2,101,5,225,0.49401092529296875,0.056640625
shallow,saber_v2,101,5,226,0.5571956634521484,0.0625
shallow,saber_v2,101,5,227,0.6190564036369324,0.046875
shallow,saber_v2,101,5,228,0.5259181261062622,0.0546875
shallow,saber_v2,101,5,229,0.5559613704681396,0.05078125
shallow,saber_v2,101,5,230,0.5092678070068359,0.0576171875
shallow,saber_v2,101,5,231,0.5048349499702454,0.0458984375
shallow,saber_v2,101,5,232,0.5501720905303955,0.05078125
shallow,saber_v2,101,5,233,0.5869213938713074,0.0517578125
shallow,saber_v2,101,5,234,0.4870723485946655,0.0595703125
shallow,saber_v2,101,5,235,0.5838273763656616,0.0537109375
shallow,saber_v2,101,5,236,0.5966266989707947,0.0595703125
shallow,saber_v2,101,5,237,0.549990177154541,0.0625
shallow,saber_v2,101,5,238,0.4704958498477936,0.048828125
shallow,saber_v2,101,5,239,0.5989420413970947,0.041015625
shallow,saber_v2,101,5,240,0.5295780897140503,0.0458984375
shallow,saber_v2,101,5,241,0.5324036478996277,0.0615234375
shallow,saber_v2,101,5,242,0.5124756693840027,0.0498046875
shallow,saber_v2,101,5,243,0.489694744348526,0.0517578125
shallow,saber_v2,101,5,244,0.6129211783409119,0.0517578125
shallow,saber_v2,101,5,245,0.500399649143219,0.0625
shallow,saber_v2,101,5,246,0.5101914405822754,0.0556640625
shallow,saber_v2,101,5,247,0.5470858812332153,0.060546875
shallow,saber_v2,101,5,248,0.5468868017196655,0.056640625
shallow,saber_v2,101,5,249,0.521934986114502,0.0615234375
shallow,saber_v2,101,5,250,0.5266444087028503,0.05047318711876869
shallow,saber_v2,101,6,0,0.5694625377655029,0.04296875
shallow,saber_v2,101,6,1,0.6561962366104126,0.056640625
shallow,saber_v2,101,6,2,0.5762697458267212,0.0576171875
shallow,saber_v2,101,6,3,0.4954439699649811,0.0517578125
shallow,saber_v2,101,6,4,0.575080394744873,0.0556640625
shallow,saber_v2,101,6,5,0.5585039258003235,0.046875
shallow,saber_v2,101,6,6,0.5781959295272827,0.0625
shallow,saber_v2,101,6,7,0.5521886944770813,0.0595703125
shallow,saber_v2,101,6,8,0.5437946319580078,0.0478515625
shallow,saber_v2,101,6,9,0.5397015810012817,0.056640625
shallow,saber_v2,101,6,10,0.5052224397659302,0.0576171875
shallow,saber_v2,101,6,11,0.5407862067222595,0.052734375
shallow,saber_v2,101,6,12,0.5170882344245911,0.044921875
shallow,saber_v2,101,6,13,0.5548392534255981,0.0517578125
shallow,saber_v2,101,6,14,0.4910212457180023,0.056640625
shallow,saber_v2,101,6,15,0.5895926356315613,0.056640625
shallow,saber_v2,101,6,16,0.5447339415550232,0.0625
shallow,saber_v2,101,6,17,0.5748668313026428,0.052734375
shallow,saber_v2,101,6,18,0.5604487657546997,0.0498046875
shallow,saber_v2,101,6,19,0.5986502766609192,0.0556640625
shallow,saber_v2,101,6,20,0.5733362436294556,0.0458984375
shallow,saber_v2,101,6,21,0.5414714217185974,0.05859375
shallow,saber_v2,101,6,22,0.53867506980896,0.044921875
shallow,saber_v2,101,6,23,0.5896637439727783,0.068359375
shallow,saber_v2,101,6,24,0.4726335406303406,0.052734375
shallow,saber_v2,101,6,25,0.5445372462272644,0.0576171875
shallow,saber_v2,101,6,26,0.5218987464904785,0.060546875
shallow,saber_v2,101,6,27,0.593251645565033,0.0576171875
shallow,saber_v2,101,6,28,0.5822953581809998,0.0673828125
shallow,saber_v2,101,6,29,0.47984254360198975,0.0654296875
shallow,saber_v2,101,6,30,0.5518184304237366,0.0634765625
shallow,saber_v2,101,6,31,0.6020506620407104,0.0615234375
shallow,saber_v2,101,6,32,0.5181260704994202,0.048828125
shallow,saber_v2,101,6,33,0.5150383114814758,0.0478515625
shallow,saber_v2,101,6,34,0.4954715669155121,0.048828125
shallow,saber_v2,101,6,35,0.5819603204727173,0.044921875
shallow,saber_v2,101,6,36,0.5363449454307556,0.0458984375
shallow,saber_v2,101,6,37,0.48780128359794617,0.064453125
shallow,saber_v2,101,6,38,0.5178266167640686,0.060546875
shallow,saber_v2,101,6,39,0.537168562412262,0.0537109375
shallow,saber_v2,101,6,40,0.5340014100074768,0.0556640625
shallow,saber_v2,101,6,41,0.5262050032615662,0.0537109375
shallow,saber_v2,101,6,42,0.5611630082130432,0.052734375
shallow,saber_v2,101,6,43,0.48913049697875977,0.0546875
shallow,saber_v2,101,6,44,0.5302526354789734,0.0517578125
shallow,saber_v2,101,6,45,0.5746270418167114,0.05078125
shallow,saber_v2,101,6,46,0.5764461159706116,0.0693359375
shallow,saber_v2,101,6,47,0.576492428779602,0.0595703125
shallow,saber_v2,101,6,48,0.511690616607666,0.052734375
shallow,saber_v2,101,6,49,0.553238034248352,0.046875
shallow,saber_v2,101,6,50,0.5184400677680969,0.0625
shallow,saber_v2,101,6,51,0.5501259565353394,0.0576171875
shallow,saber_v2,101,6,52,0.5255956053733826,0.0634765625
shallow,saber_v2,101,6,53,0.5243691205978394,0.0537109375
shallow,saber_v2,101,6,54,0.5729745626449585,0.0537109375
shallow,saber_v2,101,6,55,0.5251275897026062,0.0654296875
shallow,saber_v2,101,6,56,0.5872132778167725,0.05859375
shallow,saber_v2,101,6,57,0.5755146145820618,0.0634765625
shallow,saber_v2,101,6,58,0.5424250364303589,0.048828125
shallow,saber_v2,101,6,59,0.504039466381073,0.0537109375
shallow,saber_v2,101,6,60,0.5176894068717957,0.0498046875
shallow,saber_v2,101,6,61,0.5205086469650269,0.0478515625
shallow,saber_v2,101,6,62,0.5368704199790955,0.0537109375
shallow,saber_v2,101,6,63,0.5144193768501282,0.0458984375
shallow,saber_v2,101,6,64,0.5303340554237366,0.04296875
shallow,saber_v2,101,6,65,0.5900910496711731,0.0537109375
shallow,saber_v2,101,6,66,0.6102470755577087,0.05859375
shallow,saber_v2,101,6,67,0.48104697465896606,0.056640625
shallow,saber_v2,101,6,68,0.5386689305305481,0.0537109375
shallow,saber_v2,101,6,69,0.5341557264328003,0.0478515625
shallow,saber_v2,101,6,70,0.5581386089324951,0.06640625
shallow,saber_v2,101,6,71,0.5832771062850952,0.06640625
shallow,saber_v2,101,6,72,0.47614729404449463,0.0576171875
shallow,saber_v2,101,6,73,0.5073050260543823,0.0595703125
shallow,saber_v2,101,6,74,0.5018832087516785,0.0478515625
shallow,saber_v2,101,6,75,0.5646812915802002,0.072265625
shallow,saber_v2,101,6,76,0.5206505656242371,0.0595703125
shallow,saber_v2,101,6,77,0.507498562335968,0.0595703125
shallow,saber_v2,101,6,78,0.49985164403915405,0.0419921875
shallow,saber_v2,101,6,79,0.48069795966148376,0.05078125
shallow,saber_v2,101,6,80,0.5089211463928223,0.048828125
shallow,saber_v2,101,6,81,0.5200814008712769,0.0751953125
shallow,saber_v2,101,6,82,0.48030897974967957,0.0634765625
shallow,saber_v2,101,6,83,0.5227269530296326,0.046875
shallow,saber_v2,101,6,84,0.5435139536857605,0.0537109375
shallow,saber_v2,101,6,85,0.8131048083305359,0.0439453125
shallow,saber_v2,101,6,86,0.45489320158958435,0.0595703125
shallow,saber_v2,101,6,87,0.502217710018158,0.05859375
shallow,saber_v2,101,6,88,0.5585137605667114,0.0625
shallow,saber_v2,101,6,89,0.49810823798179626,0.046875
shallow,saber_v2,101,6,90,0.5232324004173279,0.052734375
shallow,saber_v2,101,6,91,0.5384930372238159,0.0498046875
shallow,saber_v2,101,6,92,0.5155892372131348,0.060546875
shallow,saber_v2,101,6,93,0.49331653118133545,0.0556640625
shallow,saber_v2,101,6,94,0.453889936208725,0.0537109375
shallow,saber_v2,101,6,95,0.5585681200027466,0.05078125
shallow,saber_v2,101,6,96,0.47439250349998474,0.046875
shallow,saber_v2,101,6,97,0.5753474235534668,0.0576171875
shallow,saber_v2,101,6,98,0.5140094757080078,0.0595703125
shallow,saber_v2,101,6,99,0.49840426445007324,0.0546875
shallow,saber_v2,101,6,100,0.5366637110710144,0.0625
shallow,saber_v2,101,6,101,0.5182337760925293,0.0517578125
shallow,saber_v2,101,6,102,0.5275151133537292,0.0517578125
shallow,saber_v2,101,6,103,0.5750585198402405,0.044921875
shallow,saber_v2,101,6,104,0.5818999409675598,0.0615234375
shallow,saber_v2,101,6,105,0.48541468381881714,0.041015625
shallow,saber_v2,101,6,106,0.5622091293334961,0.06640625
shallow,saber_v2,101,6,107,0.5075361132621765,0.0537109375
shallow,saber_v2,101,6,108,0.5213683843612671,0.0537109375
shallow,saber_v2,101,6,109,0.5680427551269531,0.0458984375
shallow,saber_v2,101,6,110,0.5775915384292603,0.0634765625
shallow,saber_v2,101,6,111,0.6408137083053589,0.05859375
shallow,saber_v2,101,6,112,0.5452367067337036,0.0556640625
shallow,saber_v2,101,6,113,0.4979917109012604,0.048828125
shallow,saber_v2,101,6,114,0.544619083404541,0.080078125
shallow,saber_v2,101,6,115,0.573603093624115,0.060546875
shallow,saber_v2,101,6,116,0.525460958480835,0.0537109375
shallow,saber_v2,101,6,117,0.5159851312637329,0.056640625
shallow,saber_v2,101,6,118,0.5477792024612427,0.0419921875
shallow,saber_v2,101,6,119,0.5169944167137146,0.041015625
shallow,saber_v2,101,6,120,0.5587780475616455,0.0615234375
shallow,saber_v2,101,6,121,0.5066688656806946,0.052734375
shallow,saber_v2,101,6,122,0.5132131576538086,0.0458984375
shallow,saber_v2,101,6,123,0.5765753388404846,0.046875
shallow,saber_v2,101,6,124,0.5299376845359802,0.0576171875
shallow,saber_v2,101,6,125,0.5910404920578003,0.076171875
shallow,saber_v2,101,6,126,0.5115821957588196,0.056640625
shallow,saber_v2,101,6,127,0.580952525138855,0.0673828125
shallow,saber_v2,101,6,128,0.5102123618125916,0.056640625
shallow,saber_v2,101,6,129,0.4763549864292145,0.0517578125
shallow,saber_v2,101,6,130,0.5929590463638306,0.0478515625
shallow,saber_v2,101,6,131,0.6434062719345093,0.0595703125
shallow,saber_v2,101,6,132,0.6040211915969849,0.052734375
shallow,saber_v2,101,6,133,0.5524197816848755,0.05859375
shallow,saber_v2,101,6,134,0.5395438075065613,0.0517578125
shallow,saber_v2,101,6,135,0.4853270351886749,0.048828125
shallow,saber_v2,101,6,136,0.5179635882377625,0.0556640625
shallow,saber_v2,101,6,137,0.5702444314956665,0.05078125
shallow,saber_v2,101,6,138,0.5132673978805542,0.052734375
shallow,saber_v2,101,6,139,0.5536599159240723,0.048828125
shallow,saber_v2,101,6,140,0.5136193037033081,0.072265625
shallow,saber_v2,101,6,141,0.5458552241325378,0.0537109375
shallow,saber_v2,101,6,142,0.49708911776542664,0.0478515625
shallow,saber_v2,101,6,143,0.5465184450149536,0.056640625
shallow,saber_v2,101,6,144,0.5539662837982178,0.060546875
shallow,saber_v2,101,6,145,0.5044258236885071,0.0556640625
shallow,saber_v2,101,6,146,0.5063377022743225,0.046875
shallow,saber_v2,101,6,147,0.5231589078903198,0.0634765625
shallow,saber_v2,101,6,148,0.542029619216919,0.056640625
shallow,saber_v2,101,6,149,0.5532547235488892,0.0537109375
shallow,saber_v2,101,6,150,0.5387694239616394,0.05859375
shallow,saber_v2,101,6,151,0.5468306541442871,0.0556640625
shallow,saber_v2,101,6,152,0.578679084777832,0.052734375
shallow,saber_v2,101,6,153,0.6170943379402161,0.0517578125
shallow,saber_v2,101,6,154,0.5558081865310669,0.056640625
shallow,saber_v2,101,6,155,0.5822330713272095,0.0400390625
shallow,saber_v2,101,6,156,0.5122674703598022,0.05859375
shallow,saber_v2,101,6,157,0.5446420907974243,0.05859375
shallow,saber_v2,101,6,158,0.5663843750953674,0.0537109375
shallow,saber_v2,101,6,159,0.546268105506897,0.0517578125
shallow,saber_v2,101,6,160,0.5368639230728149,0.0546875
shallow,saber_v2,101,6,161,0.4803411364555359,0.052734375
shallow,saber_v2,101,6,162,0.5727946758270264,0.0576171875
shallow,saber_v2,101,6,163,0.5063889622688293,0.048828125
shallow,saber_v2,101,6,164,0.5122618675231934,0.0390625
shallow,saber_v2,101,6,165,0.5670986771583557,0.046875
shallow,saber_v2,101,6,166,0.5380464792251587,0.0576171875
shallow,saber_v2,101,6,167,0.5848091244697571,0.0458984375
shallow,saber_v2,101,6,168,0.59920734167099,0.046875
shallow,saber_v2,101,6,169,0.5723539590835571,0.052734375
shallow,saber_v2,101,6,170,0.5266351699829102,0.0400390625
shallow,saber_v2,101,6,171,0.49130377173423767,0.0615234375
shallow,saber_v2,101,6,172,0.5784516334533691,0.0537109375
shallow,saber_v2,101,6,173,0.5032914280891418,0.0517578125
shallow,saber_v2,101,6,174,0.5658228397369385,0.0546875
shallow,saber_v2,101,6,175,0.5032163858413696,0.0380859375
shallow,saber_v2,101,6,176,0.5096767544746399,0.041015625
shallow,saber_v2,101,6,177,0.4990807771682739,0.0693359375
shallow,saber_v2,101,6,178,0.5866407752037048,0.0625
shallow,saber_v2,101,6,179,0.5410782098770142,0.0537109375
shallow,saber_v2,101,6,180,0.5578372478485107,0.05078125
shallow,saber_v2,101,6,181,0.569618284702301,0.056640625
shallow,saber_v2,101,6,182,0.4986058473587036,0.0537109375
shallow,saber_v2,101,6,183,0.5623356699943542,0.056640625
shallow,saber_v2,101,6,184,0.5530933737754822,0.0546875
shallow,saber_v2,101,6,185,0.5779005289077759,0.0546875
shallow,saber_v2,101,6,186,0.5190529227256775,0.0595703125
shallow,saber_v2,101,6,187,0.5115485787391663,0.0693359375
shallow,saber_v2,101,6,188,0.5555669069290161,0.04296875
shallow,saber_v2,101,6,189,0.4987170994281769,0.056640625
shallow,saber_v2,101,6,190,0.5377395153045654,0.0595703125
shallow,saber_v2,101,6,191,0.5389092564582825,0.044921875
shallow,saber_v2,101,6,192,0.5546228289604187,0.0458984375
shallow,saber_v2,101,6,193,0.565930187702179,0.0478515625
shallow,saber_v2,101,6,194,0.5492263436317444,0.0595703125
shallow,saber_v2,101,6,195,0.4930437505245209,0.056640625
shallow,saber_v2,101,6,196,0.5248396396636963,0.0546875
shallow,saber_v2,101,6,197,0.5190394520759583,0.0419921875
shallow,saber_v2,101,6,198,0.5496091246604919,0.0556640625
shallow,saber_v2,101,6,199,0.47609251737594604,0.0556640625
shallow,saber_v2,101,6,200,0.5363752245903015,0.064453125
shallow,saber_v2,101,6,201,0.5538575649261475,0.0458984375
shallow,saber_v2,101,6,202,0.5876779556274414,0.0634765625
shallow,saber_v2,101,6,203,0.5597394704818726,0.0556640625
shallow,saber_v2,101,6,204,0.4880466163158417,0.056640625
shallow,saber_v2,101,6,205,0.5408328771591187,0.0595703125
shallow,saber_v2,101,6,206,0.48777636885643005,0.0615234375
shallow,saber_v2,101,6,207,0.5456530451774597,0.0517578125
shallow,saber_v2,101,6,208,0.5741122961044312,0.0693359375
shallow,saber_v2,101,6,209,0.5335259437561035,0.0537109375
shallow,saber_v2,101,6,210,0.8050960898399353,0.072265625
shallow,saber_v2,101,6,211,0.5356774926185608,0.04296875
shallow,saber_v2,101,6,212,0.5773438215255737,0.052734375
shallow,saber_v2,101,6,213,0.5784364342689514,0.0615234375
shallow,saber_v2,101,6,214,0.5466848015785217,0.0537109375
shallow,saber_v2,101,6,215,0.534442126750946,0.06640625
shallow,saber_v2,101,6,216,0.5073649883270264,0.05859375
shallow,saber_v2,101,6,217,0.5331833958625793,0.0458984375
shallow,saber_v2,101,6,218,0.5202779769897461,0.048828125
shallow,saber_v2,101,6,219,0.5320977568626404,0.060546875
shallow,saber_v2,101,6,220,0.5233959555625916,0.05859375
shallow,saber_v2,101,6,221,0.5871654152870178,0.05078125
shallow,saber_v2,101,6,222,0.5444478988647461,0.056640625
shallow,saber_v2,101,6,223,0.5107285380363464,0.060546875
shallow,saber_v2,101,6,224,0.5112857818603516,0.05859375
shallow,saber_v2,101,6,225,0.6245035529136658,0.0673828125
shallow,saber_v2,101,6,226,0.46862268447875977,0.0419921875
shallow,saber_v2,101,6,227,0.44537749886512756,0.052734375
shallow,saber_v2,101,6,228,0.5563387274742126,0.06640625
shallow,saber_v2,101,6,229,0.49285444617271423,0.0556640625
shallow,saber_v2,101,6,230,0.5171546936035156,0.0537109375
shallow,saber_v2,101,6,231,0.5643406510353088,0.048828125
shallow,saber_v2,101,6,232,0.591905951499939,0.0458984375
shallow,saber_v2,101,6,233,0.6345171332359314,0.0615234375
shallow,saber_v2,101,6,234,0.5130864381790161,0.06640625
shallow,saber_v2,101,6,235,0.5178692936897278,0.0625
shallow,saber_v2,101,6,236,0.5270637273788452,0.0537109375
shallow,saber_v2,101,6,237,0.4813350737094879,0.048828125
shallow,saber_v2,101,6,238,0.5328899621963501,0.0546875
shallow,saber_v2,101,6,239,0.5594335198402405,0.0400390625
shallow,saber_v2,101,6,240,0.5372350811958313,0.0546875
shallow,saber_v2,101,6,241,0.5200137495994568,0.0478515625
shallow,saber_v2,101,6,242,0.5593310594558716,0.060546875
shallow,saber_v2,101,6,243,0.5438445806503296,0.056640625
shallow,saber_v2,101,6,244,0.6167387366294861,0.0693359375
shallow,saber_v2,101,6,245,0.5331100821495056,0.0703125
shallow,saber_v2,101,6,246,0.5846884250640869,0.0546875
shallow,saber_v2,101,6,247,0.4917501211166382,0.0419921875
shallow,saber_v2,101,6,248,0.6019026041030884,0.0654296875
shallow,saber_v2,101,6,249,0.5810919404029846,0.0595703125
shallow,saber_v2,101,6,250,0.5550088882446289,0.037854891270399094
shallow,saber_v2,101,7,0,0.5196967720985413,0.064453125
shallow,saber_v2,101,7,1,0.55195552110672,0.0419921875
shallow,saber_v2,101,7,2,0.5450522303581238,0.0439453125
shallow,saber_v2,101,7,3,0.5238825082778931,0.0517578125
shallow,saber_v2,101,7,4,0.5539883375167847,0.056640625
shallow,saber_v2,101,7,5,0.5536054968833923,0.0517578125
shallow,saber_v2,101,7,6,0.6537497639656067,0.0673828125
shallow,saber_v2,101,7,7,0.5617067813873291,0.046875
shallow,saber_v2,101,7,8,0.5493828654289246,0.06640625
shallow,saber_v2,101,7,9,0.5268388390541077,0.0400390625
shallow,saber_v2,101,7,10,0.5657721757888794,0.056640625
shallow,saber_v2,101,7,11,0.5039340853691101,0.0478515625
shallow,saber_v2,101,7,12,0.5381225347518921,0.0751953125
shallow,saber_v2,101,7,13,0.5301546454429626,0.0673828125
shallow,saber_v2,101,7,14,0.4948318302631378,0.0615234375
shallow,saber_v2,101,7,15,0.513931155204773,0.0478515625
shallow,saber_v2,101,7,16,0.49142515659332275,0.0537109375
shallow,saber_v2,101,7,17,0.520302414894104,0.052734375
shallow,saber_v2,101,7,18,0.5252593159675598,0.0673828125
shallow,saber_v2,101,7,19,0.5511826872825623,0.064453125
shallow,saber_v2,101,7,20,0.553053617477417,0.0556640625
shallow,saber_v2,101,7,21,0.6094335317611694,0.0556640625
shallow,saber_v2,101,7,22,0.5337241888046265,0.052734375
shallow,saber_v2,101,7,23,0.48248088359832764,0.0625
shallow,saber_v2,101,7,24,0.5491282343864441,0.0615234375
shallow,saber_v2,101,7,25,0.5271120071411133,0.0478515625
shallow,saber_v2,101,7,26,0.5186194181442261,0.048828125
shallow,saber_v2,101,7,27,0.6098538637161255,0.0576171875
shallow,saber_v2,101,7,28,0.5173362493515015,0.0537109375
shallow,saber_v2,101,7,29,0.577446460723877,0.052734375
shallow,saber_v2,101,7,30,0.5275843739509583,0.052734375
shallow,saber_v2,101,7,31,0.570962131023407,0.0478515625
shallow,saber_v2,101,7,32,0.5826405882835388,0.0712890625
shallow,saber_v2,101,7,33,0.5270902514457703,0.060546875
shallow,saber_v2,101,7,34,0.5409296154975891,0.05078125
shallow,saber_v2,101,7,35,0.569383442401886,0.05859375
shallow,saber_v2,101,7,36,0.511197566986084,0.0498046875
shallow,saber_v2,101,7,37,0.5168362855911255,0.056640625
shallow,saber_v2,101,7,38,0.5286945700645447,0.041015625
shallow,saber_v2,101,7,39,0.496924489736557,0.046875
shallow,saber_v2,101,7,40,0.5534311532974243,0.0361328125
shallow,saber_v2,101,7,41,0.5633268356323242,0.0458984375
shallow,saber_v2,101,7,42,0.5116057395935059,0.0673828125
shallow,saber_v2,101,7,43,0.5095807313919067,0.0625
shallow,saber_v2,101,7,44,0.5283077359199524,0.064453125
shallow,saber_v2,101,7,45,0.5844175219535828,0.05859375
shallow,saber_v2,101,7,46,0.5321835875511169,0.056640625
shallow,saber_v2,101,7,47,0.5296050906181335,0.056640625
shallow,saber_v2,101,7,48,0.5274567008018494,0.0537109375
shallow,saber_v2,101,7,49,0.6062997579574585,0.06640625
shallow,saber_v2,101,7,50,0.5182644128799438,0.044921875
shallow,saber_v2,101,7,51,0.5035163164138794,0.0498046875
shallow,saber_v2,101,7,52,0.5355281829833984,0.0556640625
shallow,saber_v2,101,7,53,0.5258528590202332,0.07421875
shallow,saber_v2,101,7,54,0.5800824165344238,0.064453125
shallow,saber_v2,101,7,55,0.5663794279098511,0.064453125
shallow,saber_v2,101,7,56,0.47755682468414307,0.052734375
shallow,saber_v2,101,7,57,0.4631269872188568,0.0439453125
shallow,saber_v2,101,7,58,0.5357053279876709,0.0576171875
shallow,saber_v2,101,7,59,0.5576836466789246,0.044921875
shallow,saber_v2,101,7,60,0.47615256905555725,0.06640625
shallow,saber_v2,101,7,61,0.566406786441803,0.048828125
shallow,saber_v2,101,7,62,0.6096270680427551,0.0556640625
shallow,saber_v2,101,7,63,0.52812659740448,0.056640625
shallow,saber_v2,101,7,64,0.5100966095924377,0.0556640625
shallow,saber_v2,101,7,65,0.5075659155845642,0.05859375
shallow,saber_v2,101,7,66,0.5243191719055176,0.0654296875
shallow,saber_v2,101,7,67,0.49629780650138855,0.052734375
shallow,saber_v2,101,7,68,0.5391848087310791,0.0498046875
shallow,saber_v2,101,7,69,0.5047977566719055,0.0517578125
shallow,saber_v2,101,7,70,0.4994332790374756,0.0517578125
shallow,saber_v2,101,7,71,0.6840336322784424,0.0517578125
shallow,saber_v2,101,7,72,0.5488674640655518,0.0498046875
shallow,saber_v2,101,7,73,0.5350155830383301,0.046875
shallow,saber_v2,101,7,74,0.5212319493293762,0.048828125
shallow,saber_v2,101,7,75,0.5219928026199341,0.0576171875
shallow,saber_v2,101,7,76,0.5274950861930847,0.0537109375
shallow,saber_v2,101,7,77,0.5086899399757385,0.0478515625
shallow,saber_v2,101,7,78,0.514746367931366,0.0615234375
shallow,saber_v2,101,7,79,0.5445922017097473,0.0517578125
shallow,saber_v2,101,7,80,0.5277224779129028,0.056640625
shallow,saber_v2,101,7,81,0.5142214298248291,0.0625
shallow,saber_v2,101,7,82,0.6215681433677673,0.0478515625
shallow,saber_v2,101,7,83,0.5597206354141235,0.05078125
shallow,saber_v2,101,7,84,0.5228031873703003,0.0537109375
shallow,saber_v2,101,7,85,0.5278434157371521,0.0625
shallow,saber_v2,101,7,86,0.515547513961792,0.0517578125
shallow,saber_v2,101,7,87,0.5552220344543457,0.0419921875
shallow,saber_v2,101,7,88,0.5440547466278076,0.05078125
shallow,saber_v2,101,7,89,0.5317296981811523,0.0546875
shallow,saber_v2,101,7,90,0.5785412192344666,0.056640625
shallow,saber_v2,101,7,91,0.5425652265548706,0.0615234375
shallow,saber_v2,101,7,92,0.5374563932418823,0.056640625
shallow,saber_v2,101,7,93,0.5651056170463562,0.05078125
shallow,saber_v2,101,7,94,0.47123652696609497,0.060546875
shallow,saber_v2,101,7,95,0.6746777296066284,0.060546875
shallow,saber_v2,101,7,96,0.5191937685012817,0.052734375
shallow,saber_v2,101,7,97,0.5095810890197754,0.0400390625
shallow,saber_v2,101,7,98,0.5636597275733948,0.0439453125
shallow,saber_v2,101,7,99,0.5120344161987305,0.048828125
shallow,saber_v2,101,7,100,0.4950827956199646,0.064453125
shallow,saber_v2,101,7,101,0.6178819537162781,0.048828125
shallow,saber_v2,101,7,102,0.5625101327896118,0.0615234375
shallow,saber_v2,101,7,103,0.49816519021987915,0.05078125
shallow,saber_v2,101,7,104,0.5449930429458618,0.056640625
shallow,saber_v2,101,7,105,0.546118438243866,0.048828125
shallow,saber_v2,101,7,106,0.5227523446083069,0.046875
shallow,saber_v2,101,7,107,0.5974509119987488,0.0478515625
shallow,saber_v2,101,7,108,0.5035207867622375,0.0673828125
shallow,saber_v2,101,7,109,0.5432456135749817,0.0576171875
shallow,saber_v2,101,7,110,0.5576592087745667,0.048828125
shallow,saber_v2,101,7,111,0.5139171481132507,0.052734375
shallow,saber_v2,101,7,112,0.5332494974136353,0.0625
shallow,saber_v2,101,7,113,0.5035508871078491,0.0556640625
shallow,saber_v2,101,7,114,0.5452567934989929,0.0419921875
shallow,saber_v2,101,7,115,0.49975016713142395,0.0517578125
shallow,saber_v2,101,7,116,0.5618218183517456,0.056640625
shallow,saber_v2,101,7,117,0.5106697082519531,0.0546875
shallow,saber_v2,101,7,118,0.6040720343589783,0.0517578125
shallow,saber_v2,101,7,119,0.4916127622127533,0.0556640625
shallow,saber_v2,101,7,120,0.5472270846366882,0.064453125
shallow,saber_v2,101,7,121,0.6035823225975037,0.0654296875
shallow,saber_v2,101,7,122,0.5581900477409363,0.046875
shallow,saber_v2,101,7,123,0.5396339893341064,0.05859375
shallow,saber_v2,101,7,124,0.5062838196754456,0.0546875
shallow,saber_v2,101,7,125,0.5819730162620544,0.056640625
shallow,saber_v2,101,7,126,0.6005740761756897,0.0400390625
shallow,saber_v2,101,7,127,0.5293728113174438,0.0537109375
shallow,saber_v2,101,7,128,0.47221559286117554,0.0615234375
shallow,saber_v2,101,7,129,0.473704069852829,0.04296875
shallow,saber_v2,101,7,130,0.5910717844963074,0.0634765625
shallow,saber_v2,101,7,131,0.5066589713096619,0.0634765625
shallow,saber_v2,101,7,132,0.49514129757881165,0.0498046875
shallow,saber_v2,101,7,133,0.5252867341041565,0.056640625
shallow,saber_v2,101,7,134,0.5085164904594421,0.0478515625
shallow,saber_v2,101,7,135,0.5243098735809326,0.0556640625
shallow,saber_v2,101,7,136,0.4724991023540497,0.0419921875
shallow,saber_v2,101,7,137,0.5418975353240967,0.05078125
shallow,saber_v2,101,7,138,0.5615451335906982,0.0537109375
shallow,saber_v2,101,7,139,0.5503459572792053,0.05078125
shallow,saber_v2,101,7,140,0.5775205492973328,0.0517578125
shallow,saber_v2,101,7,141,0.5411128997802734,0.05078125
shallow,saber_v2,101,7,142,0.5400951504707336,0.056640625
shallow,saber_v2,101,7,143,0.46738243103027344,0.0478515625
shallow,saber_v2,101,7,144,0.5055367946624756,0.05078125
shallow,saber_v2,101,7,145,0.5430315136909485,0.0595703125
shallow,saber_v2,101,7,146,0.5407921671867371,0.0478515625
shallow,saber_v2,101,7,147,0.5212405920028687,0.0615234375
shallow,saber_v2,101,7,148,0.5381117463111877,0.0703125
shallow,saber_v2,101,7,149,0.5212972164154053,0.06640625
shallow,saber_v2,101,7,150,0.5290313959121704,0.0615234375
shallow,saber_v2,101,7,151,0.47433149814605713,0.056640625
shallow,saber_v2,101,7,152,0.49711084365844727,0.064453125
shallow,saber_v2,101,7,153,0.5398553609848022,0.060546875
shallow,saber_v2,101,7,154,0.5568670034408569,0.0498046875
shallow,saber_v2,101,7,155,0.5517271757125854,0.0537109375
shallow,saber_v2,101,7,156,0.5189201235771179,0.0498046875
shallow,saber_v2,101,7,157,0.5074983835220337,0.0703125
shallow,saber_v2,101,7,158,0.5218366384506226,0.048828125
shallow,saber_v2,101,7,159,0.5401731729507446,0.046875
shallow,saber_v2,101,7,160,0.5404605269432068,0.0498046875
shallow,saber_v2,101,7,161,0.5811954736709595,0.0595703125
shallow,saber_v2,101,7,162,0.5496109127998352,0.0498046875
shallow,saber_v2,101,7,163,0.47663414478302,0.0576171875
shallow,saber_v2,101,7,164,0.5322380065917969,0.056640625
shallow,saber_v2,101,7,165,0.5895681381225586,0.041015625
shallow,saber_v2,101,7,166,0.502967357635498,0.056640625
shallow,saber_v2,101,7,167,0.5091457366943359,0.0498046875
shallow,saber_v2,101,7,168,0.5689876079559326,0.0634765625
shallow,saber_v2,101,7,169,0.4839881360530853,0.0576171875
shallow,saber_v2,101,7,170,0.5242277383804321,0.0537109375
shallow,saber_v2,101,7,171,0.5020471215248108,0.0595703125
shallow,saber_v2,101,7,172,0.5937275886535645,0.064453125
shallow,saber_v2,101,7,173,0.53692227602005,0.0517578125
shallow,saber_v2,101,7,174,0.5075075626373291,0.056640625
shallow,saber_v2,101,7,175,0.5767830014228821,0.0673828125
shallow,saber_v2,101,7,176,0.5336171984672546,0.0595703125
shallow,saber_v2,101,7,177,0.503262996673584,0.044921875
shallow,saber_v2,101,7,178,0.5191633105278015,0.0625
shallow,saber_v2,101,7,179,0.5709774494171143,0.056640625
shallow,saber_v2,101,7,180,0.563816487789154,0.05078125
shallow,saber_v2,101,7,181,0.5095523595809937,0.0556640625
shallow,saber_v2,101,7,182,0.501376748085022,0.0615234375
shallow,saber_v2,101,7,183,0.457234650850296,0.052734375
shallow,saber_v2,101,7,184,0.5292065739631653,0.0556640625
shallow,saber_v2,101,7,185,0.5516740083694458,0.052734375
shallow,saber_v2,101,7,186,0.5519126057624817,0.056640625
shallow,saber_v2,101,7,187,0.5485178828239441,0.056640625
shallow,saber_v2,101,7,188,0.5152677297592163,0.060546875
shallow,saber_v2,101,7,189,0.5232846736907959,0.05859375
shallow,saber_v2,101,7,190,0.547737717628479,0.0517578125
shallow,saber_v2,101,7,191,0.5598005652427673,0.0478515625
shallow,saber_v2,101,7,192,0.5631425976753235,0.0498046875
shallow,saber_v2,101,7,193,0.5654917359352112,0.041015625
shallow,saber_v2,101,7,194,0.5271283984184265,0.0595703125
shallow,saber_v2,101,7,195,0.5386321544647217,0.05078125
shallow,saber_v2,101,7,196,0.5344186425209045,0.0478515625
shallow,saber_v2,101,7,197,0.4960383176803589,0.0546875
shallow,saber_v2,101,7,198,0.527748703956604,0.0556640625
shallow,saber_v2,101,7,199,0.48484006524086,0.0517578125
shallow,saber_v2,101,7,200,0.5859106779098511,0.0537109375
shallow,saber_v2,101,7,201,0.5169402360916138,0.046875
shallow,saber_v2,101,7,202,0.49911749362945557,0.0693359375
shallow,saber_v2,101,7,203,0.5736815929412842,0.060546875
shallow,saber_v2,101,7,204,0.5244125127792358,0.0634765625
shallow,saber_v2,101,7,205,0.542445719242096,0.0517578125
shallow,saber_v2,101,7,206,0.5042405724525452,0.05078125
shallow,saber_v2,101,7,207,0.576400637626648,0.0478515625
shallow,saber_v2,101,7,208,0.581833004951477,0.0517578125
shallow,saber_v2,101,7,209,0.48307621479034424,0.0537109375
shallow,saber_v2,101,7,210,0.5672311782836914,0.0556640625
shallow,saber_v2,101,7,211,0.556588351726532,0.0537109375
shallow,saber_v2,101,7,212,0.5368140935897827,0.0517578125
shallow,saber_v2,101,7,213,0.5409823060035706,0.0537109375
shallow,saber_v2,101,7,214,0.5630314350128174,0.0556640625
shallow,saber_v2,101,7,215,0.5096057057380676,0.0498046875
shallow,saber_v2,101,7,216,0.525282621383667,0.060546875
shallow,saber_v2,101,7,217,0.5270541906356812,0.0517578125
shallow,saber_v2,101,7,218,0.5238344073295593,0.0615234375
shallow,saber_v2,101,7,219,0.5006603002548218,0.068359375
shallow,saber_v2,101,7,220,0.5511316657066345,0.0615234375
shallow,saber_v2,101,7,221,0.4978618025779724,0.0576171875
shallow,saber_v2,101,7,222,0.5769426822662354,0.064453125
shallow,saber_v2,101,7,223,0.5596020817756653,0.037109375
shallow,saber_v2,101,7,224,0.5201411843299866,0.05859375
shallow,saber_v2,101,7,225,0.47889015078544617,0.0673828125
shallow,saber_v2,101,7,226,0.46806424856185913,0.0517578125
shallow,saber_v2,101,7,227,0.49519696831703186,0.068359375
shallow,saber_v2,101,7,228,0.5434239506721497,0.05078125
shallow,saber_v2,101,7,229,0.5379091501235962,0.0478515625
shallow,saber_v2,101,7,230,0.5775465369224548,0.0595703125
shallow,saber_v2,101,7,231,0.48263436555862427,0.0458984375
shallow,saber_v2,101,7,232,0.595365047454834,0.0517578125
shallow,saber_v2,101,7,233,0.5313535928726196,0.05078125
shallow,saber_v2,101,7,234,0.4828525483608246,0.0576171875
shallow,saber_v2,101,7,235,0.5112630128860474,0.06640625
shallow,saber_v2,101,7,236,0.48086053133010864,0.0556640625
shallow,saber_v2,101,7,237,0.4839741885662079,0.0634765625
shallow,saber_v2,101,7,238,0.521245539188385,0.056640625
shallow,saber_v2,101,7,239,0.511239230632782,0.052734375
shallow,saber_v2,101,7,240,0.5175192356109619,0.052734375
shallow,saber_v2,101,7,241,0.4831749498844147,0.056640625
shallow,saber_v2,101,7,242,0.5105195641517639,0.0595703125
shallow,saber_v2,101,7,243,0.5750995874404907,0.046875
shallow,saber_v2,101,7,244,0.6328169107437134,0.0654296875
shallow,saber_v2,101,7,245,0.5581510663032532,0.0400390625
shallow,saber_v2,101,7,246,0.5038570165634155,0.06640625
shallow,saber_v2,101,7,247,0.5413273572921753,0.0615234375
shallow,saber_v2,101,7,248,0.5284544229507446,0.0537109375
shallow,saber_v2,101,7,249,0.5618113875389099,0.0517578125
shallow,saber_v2,101,7,250,0.5297935009002686,0.06309148669242859
shallow,saber_v2,101,8,0,0.5176991820335388,0.04296875
shallow,saber_v2,101,8,1,0.5032169818878174,0.046875
shallow,saber_v2,101,8,2,0.6105532050132751,0.0458984375
shallow,saber_v2,101,8,3,0.5558314919471741,0.048828125
shallow,saber_v2,101,8,4,0.5648172497749329,0.0478515625
shallow,saber_v2,101,8,5,0.5254948735237122,0.05078125
shallow,saber_v2,101,8,6,0.5681679248809814,0.056640625
shallow,saber_v2,101,8,7,0.5798938870429993,0.0576171875
shallow,saber_v2,101,8,8,0.5481821298599243,0.04296875
shallow,saber_v2,101,8,9,0.5314480066299438,0.0556640625
shallow,saber_v2,101,8,10,0.5733045935630798,0.046875
shallow,saber_v2,101,8,11,0.5579627156257629,0.046875
shallow,saber_v2,101,8,12,0.5141738653182983,0.0546875
shallow,saber_v2,101,8,13,0.5199614763259888,0.0556640625
shallow,saber_v2,101,8,14,0.5136829018592834,0.0595703125
shallow,saber_v2,101,8,15,0.5394915342330933,0.048828125
shallow,saber_v2,101,8,16,0.6668574213981628,0.05859375
shallow,saber_v2,101,8,17,0.5353984236717224,0.0439453125
shallow,saber_v2,101,8,18,0.5368110537528992,0.052734375
shallow,saber_v2,101,8,19,0.47265809774398804,0.0703125
shallow,saber_v2,101,8,20,0.5677443146705627,0.0439453125
shallow,saber_v2,101,8,21,0.5597540140151978,0.0625
shallow,saber_v2,101,8,22,0.49862223863601685,0.056640625
shallow,saber_v2,101,8,23,0.5334523320198059,0.0556640625
shallow,saber_v2,101,8,24,0.4846726655960083,0.060546875
shallow,saber_v2,101,8,25,0.5334450006484985,0.0341796875
shallow,saber_v2,101,8,26,0.5181545615196228,0.048828125
shallow,saber_v2,101,8,27,0.5563097596168518,0.044921875
shallow,saber_v2,101,8,28,0.5674315690994263,0.0478515625
shallow,saber_v2,101,8,29,0.62212073802948,0.060546875
shallow,saber_v2,101,8,30,0.4869644343852997,0.0556640625
shallow,saber_v2,101,8,31,0.626529335975647,0.0673828125
shallow,saber_v2,101,8,32,0.6106545329093933,0.0498046875
shallow,saber_v2,101,8,33,0.5242666602134705,0.07421875
shallow,saber_v2,101,8,34,0.5662621855735779,0.048828125
shallow,saber_v2,101,8,35,0.5847234129905701,0.0439453125
shallow,saber_v2,101,8,36,0.5469038486480713,0.0546875
shallow,saber_v2,101,8,37,0.5759942531585693,0.056640625
shallow,saber_v2,101,8,38,0.5663512349128723,0.056640625
shallow,saber_v2,101,8,39,0.4864882826805115,0.0634765625
shallow,saber_v2,101,8,40,0.5942736268043518,0.052734375
shallow,saber_v2,101,8,41,0.5466741323471069,0.0517578125
shallow,saber_v2,101,8,42,0.583920419216156,0.0595703125
shallow,saber_v2,101,8,43,0.5411968231201172,0.060546875
shallow,saber_v2,101,8,44,0.4757639467716217,0.0625
shallow,saber_v2,101,8,45,0.5197972059249878,0.0625
shallow,saber_v2,101,8,46,0.5418148040771484,0.0673828125
shallow,saber_v2,101,8,47,0.5587012767791748,0.052734375
shallow,saber_v2,101,8,48,0.5510003566741943,0.0556640625
shallow,saber_v2,101,8,49,0.5564317107200623,0.064453125
shallow,saber_v2,101,8,50,0.5003987550735474,0.05859375
shallow,saber_v2,101,8,51,0.545295238494873,0.0556640625
shallow,saber_v2,101,8,52,0.5250633358955383,0.048828125
shallow,saber_v2,101,8,53,0.5318169593811035,0.056640625
shallow,saber_v2,101,8,54,0.5109594464302063,0.0546875
shallow,saber_v2,101,8,55,0.5517542958259583,0.05078125
shallow,saber_v2,101,8,56,0.5164215564727783,0.0478515625
shallow,saber_v2,101,8,57,0.5787444710731506,0.0498046875
shallow,saber_v2,101,8,58,0.4878028929233551,0.046875
shallow,saber_v2,101,8,59,0.49640515446662903,0.05859375
shallow,saber_v2,101,8,60,0.5756914615631104,0.06640625
shallow,saber_v2,101,8,61,0.5666806101799011,0.0625
shallow,saber_v2,101,8,62,0.5150629878044128,0.0537109375
shallow,saber_v2,101,8,63,0.4896943271160126,0.05078125
shallow,saber_v2,101,8,64,0.5003798007965088,0.046875
shallow,saber_v2,101,8,65,0.525978684425354,0.0517578125
shallow,saber_v2,101,8,66,0.5135228633880615,0.046875
shallow,saber_v2,101,8,67,0.5088039636611938,0.0654296875
shallow,saber_v2,101,8,68,0.6080796122550964,0.0537109375
shallow,saber_v2,101,8,69,0.5106698870658875,0.064453125
shallow,saber_v2,101,8,70,0.5320284366607666,0.0576171875
shallow,saber_v2,101,8,71,0.5159367322921753,0.05078125
shallow,saber_v2,101,8,72,0.49587732553482056,0.0537109375
shallow,saber_v2,101,8,73,0.5040554404258728,0.0498046875
shallow,saber_v2,101,8,74,0.5335096716880798,0.0498046875
shallow,saber_v2,101,8,75,0.5229460000991821,0.05859375
shallow,saber_v2,101,8,76,0.5333870649337769,0.0458984375
shallow,saber_v2,101,8,77,0.5648019909858704,0.0390625
shallow,saber_v2,101,8,78,0.44211670756340027,0.0537109375
shallow,saber_v2,101,8,79,0.5659137964248657,0.068359375
shallow,saber_v2,101,8,80,0.5166276693344116,0.060546875
shallow,saber_v2,101,8,81,0.49933797121047974,0.0478515625
shallow,saber_v2,101,8,82,0.5828462243080139,0.0537109375
shallow,saber_v2,101,8,83,0.6068478226661682,0.0654296875
shallow,saber_v2,101,8,84,0.5607839226722717,0.0537109375
shallow,saber_v2,101,8,85,0.5142771005630493,0.0419921875
shallow,saber_v2,101,8,86,0.6068004369735718,0.0732421875
shallow,saber_v2,101,8,87,0.5019629001617432,0.044921875
shallow,saber_v2,101,8,88,0.541560709476471,0.04296875
shallow,saber_v2,101,8,89,0.5427731871604919,0.0654296875
shallow,saber_v2,101,8,90,0.5312186479568481,0.048828125
shallow,saber_v2,101,8,91,0.5338173508644104,0.0615234375
shallow,saber_v2,101,8,92,0.5281424522399902,0.0654296875
shallow,saber_v2,101,8,93,0.5578674077987671,0.0556640625
shallow,saber_v2,101,8,94,0.5100205540657043,0.041015625
shallow,saber_v2,101,8,95,0.5431110858917236,0.05078125
shallow,saber_v2,101,8,96,0.5310921669006348,0.0517578125
shallow,saber_v2,101,8,97,0.4732680022716522,0.056640625
shallow,saber_v2,101,8,98,0.5616815686225891,0.0595703125
shallow,saber_v2,101,8,99,0.5820752382278442,0.064453125
shallow,saber_v2,101,8,100,0.5320099592208862,0.0537109375
shallow,saber_v2,101,8,101,0.5467060208320618,0.05859375
shallow,saber_v2,101,8,102,0.5046378374099731,0.052734375
shallow,saber_v2,101,8,103,0.5598633885383606,0.0439453125
shallow,saber_v2,101,8,104,0.6134556531906128,0.0546875
shallow,saber_v2,101,8,105,0.5544800758361816,0.0595703125
shallow,saber_v2,101,8,106,0.533960223197937,0.064453125
shallow,saber_v2,101,8,107,0.4789971113204956,0.0546875
shallow,saber_v2,101,8,108,0.49288350343704224,0.0498046875
shallow,saber_v2,101,8,109,0.5178437829017639,0.052734375
shallow,saber_v2,101,8,110,0.53602534532547,0.05859375
shallow,saber_v2,101,8,111,0.4968707263469696,0.056640625
shallow,saber_v2,101,8,112,0.4803835153579712,0.052734375
shallow,saber_v2,101,8,113,0.5126224756240845,0.05859375
shallow,saber_v2,101,8,114,0.5148985981941223,0.0654296875
shallow,saber_v2,101,8,115,0.6259241104125977,0.05078125
shallow,saber_v2,101,8,116,0.5277207493782043,0.0595703125
shallow,saber_v2,101,8,117,0.527236819267273,0.046875
shallow,saber_v2,101,8,118,0.533140242099762,0.0498046875
shallow,saber_v2,101,8,119,0.552619218826294,0.048828125
shallow,saber_v2,101,8,120,0.5125781297683716,0.0546875
shallow,saber_v2,101,8,121,0.5285162925720215,0.0576171875
shallow,saber_v2,101,8,122,0.45654296875,0.048828125
shallow,saber_v2,101,8,123,0.6208621859550476,0.0595703125
shallow,saber_v2,101,8,124,0.5369548797607422,0.0595703125
shallow,saber_v2,101,8,125,0.5041946172714233,0.0546875
shallow,saber_v2,101,8,126,0.5290852189064026,0.0595703125
shallow,saber_v2,101,8,127,0.5813272595405579,0.0546875
shallow,saber_v2,101,8,128,0.5165562033653259,0.06640625
shallow,saber_v2,101,8,129,0.5267276167869568,0.0595703125
shallow,saber_v2,101,8,130,0.5790354013442993,0.05078125
shallow,saber_v2,101,8,131,0.5772596001625061,0.05859375
shallow,saber_v2,101,8,132,0.5872558951377869,0.0615234375
shallow,saber_v2,101,8,133,0.5502067804336548,0.0517578125
shallow,saber_v2,101,8,134,0.5051925182342529,0.0517578125
shallow,saber_v2,101,8,135,0.5030624270439148,0.0517578125
shallow,saber_v2,101,8,136,0.5564268231391907,0.056640625
shallow,saber_v2,101,8,137,0.5551221966743469,0.056640625
shallow,saber_v2,101,8,138,0.5220261216163635,0.0556640625
shallow,saber_v2,101,8,139,0.48023921251296997,0.046875
shallow,saber_v2,101,8,140,0.5833780765533447,0.0517578125
shallow,saber_v2,101,8,141,0.5118582248687744,0.0556640625
shallow,saber_v2,101,8,142,0.517989456653595,0.060546875
shallow,saber_v2,101,8,143,0.5417908430099487,0.046875
shallow,saber_v2,101,8,144,0.4972286820411682,0.0546875
shallow,saber_v2,101,8,145,0.5279009342193604,0.056640625
shallow,saber_v2,101,8,146,0.6255520582199097,0.0615234375
shallow,saber_v2,101,8,147,0.5960622429847717,0.044921875
shallow,saber_v2,101,8,148,0.5073649883270264,0.052734375
shallow,saber_v2,101,8,149,0.504343569278717,0.0478515625
shallow,saber_v2,101,8,150,0.5303018689155579,0.0615234375
shallow,saber_v2,101,8,151,0.511176586151123,0.0595703125
shallow,saber_v2,101,8,152,0.5590314865112305,0.0576171875
shallow,saber_v2,101,8,153,0.543513298034668,0.041015625
shallow,saber_v2,101,8,154,0.5393144488334656,0.0546875
shallow,saber_v2,101,8,155,0.5278249382972717,0.044921875
shallow,saber_v2,101,8,156,0.5176253914833069,0.064453125
shallow,saber_v2,101,8,157,0.5485380291938782,0.0654296875
shallow,saber_v2,101,8,158,0.5038093328475952,0.0478515625
shallow,saber_v2,101,8,159,0.5203738212585449,0.052734375
shallow,saber_v2,101,8,160,0.5649327039718628,0.0478515625
shallow,saber_v2,101,8,161,0.5949229598045349,0.0546875
shallow,saber_v2,101,8,162,0.5696380734443665,0.0625
shallow,saber_v2,101,8,163,0.5753495097160339,0.0498046875
shallow,saber_v2,101,8,164,0.4973662793636322,0.0595703125
shallow,saber_v2,101,8,165,0.5401902794837952,0.0546875
shallow,saber_v2,101,8,166,0.5339347720146179,0.0673828125
shallow,saber_v2,101,8,167,0.5491926670074463,0.060546875
shallow,saber_v2,101,8,168,0.48779556155204773,0.0634765625
shallow,saber_v2,101,8,169,0.543387234210968,0.064453125
shallow,saber_v2,101,8,170,0.5990312099456787,0.05078125
shallow,saber_v2,101,8,171,0.5245491862297058,0.056640625
shallow,saber_v2,101,8,172,0.4674535095691681,0.046875
shallow,saber_v2,101,8,173,0.5309081077575684,0.0517578125
shallow,saber_v2,101,8,174,0.4963345229625702,0.0634765625
shallow,saber_v2,101,8,175,0.6008399724960327,0.046875
shallow,saber_v2,101,8,176,0.5181427597999573,0.0576171875
shallow,saber_v2,101,8,177,0.4959838390350342,0.0478515625
shallow,saber_v2,101,8,178,0.48126599192619324,0.048828125
shallow,saber_v2,101,8,179,0.5620275735855103,0.0654296875
shallow,saber_v2,101,8,180,0.5496741533279419,0.0615234375
shallow,saber_v2,101,8,181,0.5464556217193604,0.041015625
shallow,saber_v2,101,8,182,0.5569762587547302,0.0546875
shallow,saber_v2,101,8,183,0.49987584352493286,0.0546875
shallow,saber_v2,101,8,184,0.554006040096283,0.0556640625
shallow,saber_v2,101,8,185,0.5273861885070801,0.05078125
shallow,saber_v2,101,8,186,0.5454187393188477,0.0517578125
shallow,saber_v2,101,8,187,0.534535825252533,0.0634765625
shallow,saber_v2,101,8,188,0.522251546382904,0.05859375
shallow,saber_v2,101,8,189,0.5699314475059509,0.0673828125
shallow,saber_v2,101,8,190,0.5480754971504211,0.0703125
shallow,saber_v2,101,8,191,0.5289511680603027,0.04296875
shallow,saber_v2,101,8,192,0.5417243838310242,0.0478515625
shallow,saber_v2,101,8,193,0.509259045124054,0.05859375
shallow,saber_v2,101,8,194,0.467041015625,0.060546875
shallow,saber_v2,101,8,195,0.5590009093284607,0.0478515625
shallow,saber_v2,101,8,196,0.46997547149658203,0.0546875
shallow,saber_v2,101,8,197,0.5218062996864319,0.0498046875
shallow,saber_v2,101,8,198,0.6007501482963562,0.052734375
shallow,saber_v2,101,8,199,0.6124821305274963,0.0615234375
shallow,saber_v2,101,8,200,0.5124073028564453,0.0654296875
shallow,saber_v2,101,8,201,0.5423239469528198,0.05859375
shallow,saber_v2,101,8,202,0.5140761733055115,0.05078125
shallow,saber_v2,101,8,203,0.5089341402053833,0.0576171875
shallow,saber_v2,101,8,204,0.48942071199417114,0.0703125
shallow,saber_v2,101,8,205,0.5064611434936523,0.0498046875
shallow,saber_v2,101,8,206,0.5174248218536377,0.0595703125
shallow,saber_v2,101,8,207,0.5220533013343811,0.0498046875
shallow,saber_v2,101,8,208,0.5243796706199646,0.0625
shallow,saber_v2,101,8,209,0.505909264087677,0.05078125
shallow,saber_v2,101,8,210,0.5607709884643555,0.0595703125
shallow,saber_v2,101,8,211,0.5284311175346375,0.056640625
shallow,saber_v2,101,8,212,0.5132817029953003,0.0751953125
shallow,saber_v2,101,8,213,0.5032990574836731,0.052734375
shallow,saber_v2,101,8,214,0.5517042875289917,0.056640625
shallow,saber_v2,101,8,215,0.5490259528160095,0.0634765625
shallow,saber_v2,101,8,216,0.5890046954154968,0.0478515625
shallow,saber_v2,101,8,217,0.4797557294368744,0.060546875
shallow,saber_v2,101,8,218,0.511843740940094,0.0517578125
shallow,saber_v2,101,8,219,0.5870408415794373,0.0478515625
shallow,saber_v2,101,8,220,0.5462340712547302,0.0546875
shallow,saber_v2,101,8,221,0.5124431252479553,0.056640625
shallow,saber_v2,101,8,222,0.483919620513916,0.048828125
shallow,saber_v2,101,8,223,0.5618690848350525,0.046875
shallow,saber_v2,101,8,224,0.5515263080596924,0.056640625
shallow,saber_v2,101,8,225,0.5648316144943237,0.0546875
shallow,saber_v2,101,8,226,0.48104268312454224,0.052734375
shallow,saber_v2,101,8,227,0.5143248438835144,0.05078125
shallow,saber_v2,101,8,228,0.6440801620483398,0.0517578125
shallow,saber_v2,101,8,229,0.5777941346168518,0.0478515625
shallow,saber_v2,101,8,230,0.47319504618644714,0.064453125
shallow,saber_v2,101,8,231,0.49927276372909546,0.04296875
shallow,saber_v2,101,8,232,0.548273503780365,0.0615234375
shallow,saber_v2,101,8,233,0.5250945091247559,0.0546875
shallow,saber_v2,101,8,234,0.5114637613296509,0.0595703125
shallow,saber_v2,101,8,235,0.5112741589546204,0.06640625
shallow,saber_v2,101,8,236,0.541681706905365,0.060546875
shallow,saber_v2,101,8,237,0.4743804335594177,0.056640625
shallow,saber_v2,101,8,238,0.5157020092010498,0.0576171875
shallow,saber_v2,101,8,239,0.5573259592056274,0.046875
shallow,saber_v2,101,8,240,0.5248913168907166,0.0595703125
shallow,saber_v2,101,8,241,0.5242352485656738,0.060546875
shallow,saber_v2,101,8,242,0.584729015827179,0.052734375
shallow,saber_v2,101,8,243,0.5348817706108093,0.05859375
shallow,saber_v2,101,8,244,0.5107027292251587,0.068359375
shallow,saber_v2,101,8,245,0.5114121437072754,0.0625
shallow,saber_v2,101,8,246,0.4777870178222656,0.046875
shallow,saber_v2,101,8,247,0.6145596504211426,0.0498046875
shallow,saber_v2,101,8,248,0.5097300410270691,0.04296875
shallow,saber_v2,101,8,249,0.5040574669837952,0.05859375
shallow,saber_v2,101,8,250,0.554455041885376,0.05362776294350624
