architecture,method,regime,recovery_seed,epoch,train_loss,val_n,val_fine_accuracy,val_fine_macro_f1,val_binary_accuracy,val_binary_balanced_accuracy,val_binary_attack_recall,val_binary_attack_f1,val_family_accuracy,val_family_macro_f1,val_exact_attack_type_rate,val_attack_to_benign_rate,val_benign_to_attack_rate,val_same_family_attack_substitution_rate,val_cross_family_attack_substitution_rate,val_ece15,val_nll,val_brier,val_hsr_miss_sensitive,val_hsr_balanced_soc,val_hsr_alert_fatigue,val_awbir,val_teacher_correction_fine,val_teacher_degradation_fine,val_net_teacher_correction_fine,val_teacher_correction_family,val_teacher_degradation_family,val_net_teacher_correction_family,val_teacher_correction_binary,val_teacher_degradation_binary,val_net_teacher_correction_binary
shallow,random,minimal_ce,101,1,0.7711324767909263,549253.0,0.6545981542203684,0.4992190607475828,0.9399985070632295,0.9553021185389858,0.938125947164812,0.9672834199329308,0.8270177859747694,0.6026608858114592,0.6362713816137859,0.06187405283518803,0.02752171008684035,0.18236015659149685,0.11949440895952923,0.11196673357540135,0.7796802915446215,0.41948094565895133,0.14410329423174142,0.16167376418517515,0.13927552512230248,0.12301275277534107,0.08175649473011526,0.18257342244830707,-0.10081692771819181,0.07552621469523152,0.10393570904482997,-0.028409494349598455,0.04176945779085412,0.05085816554483999,-0.009088707753985868
shallow,random,minimal_ce,211,1,0.7717188598143975,549253.0,0.7113588819724244,0.5396771805004331,0.9420157923579844,0.9566521831671089,0.9402248740162484,0.9684169815250052,0.8375575554434842,0.5897587322039626,0.6962698796294335,0.05977512598375161,0.026920507682030727,0.13347441716267452,0.11048057722414036,0.07066991666304158,0.6640932577569618,0.33987145262501933,0.13014585263985815,0.1453119054424828,0.12414970878629702,0.13012518718954816,0.0839540248300874,0.12801022479622323,-0.04405619996613583,0.07755260326297717,0.09542232814386084,-0.017869724880883675,0.038801790795862746,0.045873213255093734,-0.007071422459230987
shallow,random,minimal_ce,307,1,0.7753677060856572,549253.0,0.6708893715646523,0.5207441031759621,0.9398437514223864,0.9592962290343403,0.9374635335529825,0.9671793903935076,0.8283759943049924,0.6108704995619734,0.653003102175374,0.0625364664470175,0.018871075484301936,0.16656621343967895,0.11789421793792954,0.09984181276112772,0.7358548464062923,0.3939509711818681,0.1413663952070661,0.15812275945693516,0.13556193593844731,0.12378018843311793,0.08388483995535755,0.16841055032926538,-0.08452571037390784,0.08005418268084107,0.10710546870021648,-0.027051286019375412,0.04088279900155302,0.050126262396381994,-0.009243463394828975
shallow,random,minimal_ce,401,1,0.7703921785496632,549253.0,0.7026488703748546,0.5370737010289276,0.9438710393935036,0.955823502572018,0.9424085281901281,0.9694653237444275,0.8307737964107615,0.5988111430163734,0.6872791553456201,0.05759147180987189,0.030761523046092185,0.13551172414324308,0.11961764870126494,0.08290345191630953,0.6984456599716105,0.36323181490998113,0.13277411927351027,0.14894156244936305,0.12741213976072957,0.1195652655689951,0.08624258765996727,0.13900879922367287,-0.0527662115637056,0.07887986046503159,0.1035333443786379,-0.024653483913606306,0.040178205672067334,0.045394381095779174,-0.00521617542371184
shallow,random,minimal_ce,503,1,0.7747065858860067,549253.0,0.7176929393194029,0.5525666563230397,0.9497171613081767,0.9651470405326272,0.947829151205535,0.9727110501572044,0.840801961937395,0.6100330976329313,0.7024280154742901,0.05217084879446499,0.01753507014028056,0.13020663838571342,0.1151944973455315,0.05758474040361284,0.6793393624149447,0.34344429010911953,0.12454172606552294,0.13987142537227834,0.1194968438952541,0.1298515795496365,0.08777922014080942,0.1255013627599667,-0.03772214261915728,0.07920211632890489,0.09382743471587775,-0.014625318386972855,0.040373015714069836,0.039743069223108475,0.0006299464909613611
shallow,random,full_ce,101,1,0.5869317344551381,549253.0,0.7041454484545373,0.5297325743631186,0.9340012708169095,0.9646260023267136,0.9302540086614431,0.9638380904117569,0.8202449508696357,0.5851694461419286,0.6871462874990613,0.0697459913385569,0.001002004008016032,0.12279299767192425,0.12031472349045759,0.14373705122596123,0.83657527583533,0.41061372951160113,0.14218584149745198,0.1574505737792966,0.13290796773071792,0.10678644064631498,0.09049745745585368,0.14176709093987652,-0.051269633484022845,0.08056396596832426,0.11574629542305641,-0.03518232945473215,0.042344784643870856,0.057430728644176726,-0.01508594400030587
shallow,random,full_ce,101,2,0.5258121619017783,549253.0,0.6973944612045815,0.5213559141278742,0.932553850411377,0.9638448307369589,0.9287250656155344,0.9630157650979441,0.8168767398630503,0.5843673430639612,0.6800080105832128,0.07127493438446562,0.0010354041416165665,0.12637080142418927,0.12234625360813228,0.1623234627998939,0.9447432086000297,0.44184482348081666,0.14515608775312408,0.16072629553229567,0.1357032187352641,0.11858701019203714,0.08848745477949142,0.14650807551347012,-0.05802062073397869,0.08175649473011526,0.12030703519143272,-0.038550540461317465,0.043089432374515936,0.05962279678035441,-0.016533364405838476
shallow,random,full_ce,101,3,0.5105040946613291,549253.0,0.6717487205349811,0.5161347857866383,0.9196545125834542,0.9570075812134726,0.9150839667021623,0.9556286196911197,0.806400693305271,0.5712897373626216,0.6528856392965321,0.08491603329783771,0.0010688042752171009,0.14241507530140782,0.1197832521042223,0.2101232247728732,1.101096334016877,0.48543370230939636,0.15937069680699664,0.1752048691586573,0.1478453463158144,0.12004146792632094,0.08194038084452884,0.1656067422481079,-0.08366636140357905,0.08116478198571514,0.13019136900481199,-0.049026587019096846,0.04146176716376606,0.0708944693975272,-0.029432702233761134
shallow,random,full_ce,101,4,0.501634591304616,549253.0,0.6729139394777999,0.5353692804928909,0.9143782555580033,0.9546107878436862,0.9094553766225764,0.952574192325224,0.8033583794717553,0.6141445894440615,0.6540698961897738,0.09054462337742364,0.00023380093520374083,0.1379649652521697,0.11742051518063287,0.19981151272256442,1.1925278243133808,0.49474526931287655,0.16286286404747297,0.17831746025966175,0.15009877051194986,0.130530112452785,0.08514655359187842,0.16764769605263877,-0.08250114246076035,0.0836481548575975,0.13571705571021006,-0.052068900852612565,0.04043127666121077,0.07514023592042283,-0.034708959259212066
shallow,random,full_ce,101,5,0.4988586062746024,549253.0,0.6739407886711588,0.5048119286275483,0.9296116725807597,0.9627138349181303,0.9255612703706628,0.9613379561248153,0.8119245593560709,0.5713454342542315,0.655150169550926,0.07443872962933722,0.0001336005344021376,0.14593896166666345,0.12447213915307338,0.21232860635445985,1.2995645463290535,0.5000692177844344,0.15222371718194225,0.16859443644367894,0.1427524292083976,0.12974232016442913,0.08394492155709664,0.165419214824498,-0.08147429326740137,0.08251570769754557,0.1260184286658425,-0.04350272096829694,0.043065763864739925,0.06254130610119563,-0.0194755422364557
shallow,random,full_ce,101,6,0.4931826164227395,549253.0,0.6664688222003339,0.5476136258104163,0.9132858627991108,0.9539544152727104,0.9083096321486271,0.9519405220065751,0.8012664473384761,0.6214955350637577,0.6472628260798401,0.09169036785137287,0.0004008016032064128,0.14256912497857746,0.11847768109020956,0.20594813491504635,1.2022347753926146,0.4934051919239411,0.1651737298961802,0.18087657236282734,0.15234491208969272,0.12450111103547853,0.08316386073448848,0.17211012047271476,-0.08894625973822629,0.08233364223773015,0.1364944752236219,-0.05416083298589175,0.04014725454389871,0.0759486065620033,-0.035801352018104596
shallow,random,full_ce,101,7,0.48883519319260466,549253.0,0.6661101532444975,0.5514813920211249,0.9236107950252433,0.9591784546731226,0.9192587129534596,0.9579050548647919,0.8094757789215534,0.6090341497836979,0.6469123630642791,0.08074128704654034,0.0009018036072144289,0.15163109723808185,0.12071525265109866,0.216884640340647,1.3941163094964313,0.5131539532869335,0.15731411571716494,0.1735236767027217,0.1468618287018915,0.12482973503973138,0.08262312631883667,0.17192805501289934,-0.08930492869406267,0.08469321059693802,0.1306447119997524,-0.04595150140281437,0.04151456614711253,0.06699098593908454,-0.025476419791972002
shallow,random,full_ce,101,8,0.4845256928750702,549253.0,0.6595248455629737,0.538957305303084,0.920016822848487,0.9574037648315857,0.9154421322015817,0.9558363902675391,0.8039774020351277,0.6414086460805795,0.6399319870675296,0.0845578677984183,0.0006346025384101537,0.15278069295396032,0.12272945218009178,0.2190807368574456,1.357367631212295,0.5178688241135193,0.1620523693088613,0.1784835039590134,0.15090368190979384,0.1357362724086743,0.08585842953975673,0.1817486659153432,-0.09589023637558647,0.08365725813058827,0.13510713641982838,-0.05144987828924011,0.04115589719127615,0.07022628916000459,-0.02907039196872844
shallow,random,full_ce,211,1,0.5844394271821771,549253.0,0.6853799615113618,0.5333057921375542,0.9212002483372872,0.9582656504898568,0.9166649015141157,0.9565169341931958,0.8112217866811834,0.5886033549666192,0.6672488460716369,0.08333509848588423,0.0001336005344021376,0.1330969954536089,0.1163190599888699,0.16815595760201182,0.9147705683863495,0.44064989344568467,0.15475715805527387,0.16995228064298237,0.143198853715865,0.11674129552166924,0.08869136809448469,0.15872648852168308,-0.0700351204271984,0.08349886118054886,0.12770435482373332,-0.04420549364318446,0.040050759850196536,0.06793772633012474,-0.0278869664799282
shallow,random,full_ce,211,2,0.5219178597818985,549253.0,0.7032806375204141,0.5774756699322633,0.9356726317380151,0.9659662427826952,0.9319658856989907,0.9647840716996778,0.8227428889783033,0.6550120977274586,0.6861757745328925,0.06803411430100922,3.34001336005344e-05,0.12634961959357843,0.11944049157251985,0.1627190640053757,0.9656478852335839,0.43706996520726465,0.14070124939387374,0.15597693594755058,0.1318195804119413,0.11306339426366113,0.09524936595703619,0.1473838103751823,-0.05213444441814612,0.0846185637584137,0.11730295510447826,-0.03268439134606456,0.042650654616360764,0.056065237695561064,-0.0134145830792003
shallow,random,full_ce,211,3,0.5085014577986685,549253.0,0.6762439167378239,0.517683492197165,0.9234159849832408,0.9593272300526028,0.9190218615748114,0.9577918168463472,0.8132499959035272,0.5886421395801523,0.6575995594179233,0.08097813842518867,0.00036740146960587844,0.1449049032086622,0.11651739894822583,0.19851798383411742,1.0749998950713253,0.47663092162115744,0.1544863356837984,0.17007681341749611,0.14375542782652076,0.12556026342697924,0.08325307280979803,0.1624242380105343,-0.07917116520073626,0.08425443283878285,0.12643171725962352,-0.04217728442084066,0.040859130491777015,0.06653036032575152,-0.025671229833974504
shallow,random,full_ce,211,4,0.5008552294076214,549253.0,0.7078413772887904,0.5057507220014548,0.9450144104811444,0.8852327999724717,0.9523293273998533,0.9703712787509259,0.827438357186943,0.5843559236315397,0.7014825355806614,0.047670672600146735,0.1818637274549098,0.12649211554496037,0.12435467627423154,0.08480079378967853,0.9737833979339527,0.4161125118093109,0.12627134793376946,0.14548523176022707,0.12867858709920565,0.12956982993881866,0.10158160264941657,0.14915530729918636,-0.04757370464976979,0.08158171188869245,0.10957063502611729,-0.027988923137424834,0.039928775992120205,0.044001580328191195,-0.00407280433607099
shallow,random,full_ce,211,5,0.49636945886808487,549253.0,0.6734838043670222,0.5023997634899791,0.9225857664864825,0.9587780276784434,0.9181572577616967,0.95731532251426,0.8063970519960747,0.5680198417371315,0.6546937973823108,0.0818427422383033,0.0006012024048096192,0.14057610728019518,0.12288735309919066,0.20892387118119213,1.3308623528834398,0.508350481857926,0.15763621985982174,0.17369700302046598,0.14661494793838176,0.1331905039493591,0.08527582006834737,0.16720709763988545,-0.08193127757153808,0.08330769244774267,0.13233792077603582,-0.04903022832829315,0.04190418623111754,0.06840563456185036,-0.026501448330732827
shallow,random,full_ce,307,1,0.5853285972519304,549253.0,0.6960708453117234,0.5263484863478158,0.9375169548459453,0.9655252167326593,0.9340898456229673,0.965834369515246,0.8292025714925544,0.614397683018303,0.6787236213998109,0.06591015437703274,0.0030394121576486307,0.14080718179594964,0.11455904242720671,0.14129496985846532,0.8506792132368993,0.41699243009640746,0.13870459818456463,0.1540317485748826,0.1308031089497918,0.13354937992887495,0.08846196561511727,0.14780620224195407,-0.0593442366268368,0.08536139083446062,0.11158609966627402,-0.026224708831813395,0.042628806761182914,0.054199066732452984,-0.01157025997127007
shallow,random,full_ce,307,2,0.5249672062661064,549253.0,0.7060407498912159,0.5504018459481749,0.9412729652819375,0.9685658909309685,0.9379333850683499,0.9679496988328905,0.8153874444017603,0.6023989965493692,0.6891393051974436,0.06206661493165008,0.0008016032064128256,0.11565086951414658,0.1331432103567598,0.15737889818236356,0.9236523507580209,0.425857842797692,0.13986147246047512,0.1561102078641355,0.13180246625871866,0.1203680645263668,0.09701175960804947,0.1463860916553938,-0.049374332047344316,0.08314383353390878,0.12318366945651639,-0.04003983592260761,0.04290736691470051,0.05072161644997843,-0.007814249535277915
shallow,random,full_ce,307,3,0.5112767237673401,549253.0,0.6897695597475116,0.5596259276281867,0.9426329942667586,0.9693637966428441,0.9393621958240984,0.9687148452820072,0.8238188958458124,0.6423156117395085,0.6719204025318064,0.06063780417590162,0.0006346025384101537,0.1417776947621184,0.12566409853017352,0.1772928252802067,0.9736362651574951,0.4469304095036956,0.13908966663207423,0.15545149503052327,0.13211743950419935,0.11562757228003254,0.08738595874760811,0.15303148093865668,-0.06564552219104856,0.08439826455203704,0.11600664903059246,-0.03160838447855542,0.044318374228270035,0.05077259477872674,-0.006454220550456705
shallow,random,full_ce,307,4,0.5037895454492535,549253.0,0.6756321767928442,0.5142383364108217,0.9307386577770171,0.9630265439929571,0.926787890925126,0.96198187538226,0.8136432572967285,0.5922479272830747,0.6569737326044216,0.07321210907487392,0.0007348029392117569,0.14596784598113277,0.1238463123395717,0.19543399351668975,1.081158935524513,0.4742429195730216,0.15078084841290504,0.16710477685146918,0.1415670009995394,0.12001072737343371,0.08486981409295898,0.16465271923867508,-0.07978290514571611,0.08347155136157654,0.1252555743892159,-0.04178402302763935,0.041709376189115036,0.06005793322931327,-0.018348557040198235
shallow,random,full_ce,307,5,0.49879546610361053,549253.0,0.6923730958228722,0.5618013976374309,0.9358874689805973,0.9658752700874742,0.932218142045356,0.9649067208801722,0.8240592222527687,0.6435438772691509,0.6746644124063907,0.06778185795464392,0.00046760187040748166,0.13927823875004092,0.1182754908889244,0.18900585136694784,1.087564541960119,0.46253216426278904,0.14195522524835247,0.15753650867632948,0.1335464712982906,0.11533496724987123,0.09066677833348202,0.15370876444917006,-0.06304198611568804,0.08760261664478847,0.11897067471638753,-0.031368058071599064,0.04359375369820465,0.05679349953482275,-0.0131997458366181
shallow,random,full_ce,307,6,0.4936938820498675,549253.0,0.6731214941019894,0.5232948675877462,0.9271847400014201,0.961304510494667,0.9230098225925405,0.9599521757241732,0.8101184699947019,0.5974369727905461,0.6542990450845636,0.07699017740745948,0.0004008016032064128,0.14489527510383912,0.12381550240413777,0.20042765726761777,1.145101451580069,0.47988178962288164,0.15416483842600767,0.17044567803908217,0.1441891077518011,0.12304052484622871,0.08775191032183711,0.1700454981584079,-0.08229358783657077,0.0843363622956998,0.12964517262536573,-0.04530881032966594,0.04222098013119637,0.06412345494699165,-0.021902474815795277
shallow,random,full_ce,307,7,0.4884915043427013,549253.0,0.6776458207784026,0.5199382496114076,0.922944435442319,0.958826066036597,0.9185539356804086,0.9575222535697546,0.8078899887665612,0.5804253239806246,0.659113097496115,0.08144606431959146,0.0009018036072144289,0.13775314694606144,0.12168769123823205,0.20886941286274693,1.3176250488305534,0.5004123152553848,0.15625328097130708,0.17211740309110737,0.14523034011648547,0.12718625652938123,0.08961443997574887,0.1673837011359064,-0.07776926116015752,0.08453299299230045,0.13207028455010714,-0.047537291557806685,0.04240486624560995,0.0685476456205064,-0.026142779374896452
shallow,random,full_ce,307,8,0.4874884613522425,549253.0,0.6709767629853638,0.5031954992997022,0.9262762333569412,0.9590300208437471,0.9222684585211616,0.9594414980193011,0.8067284111329387,0.5888465481575014,0.6522501843782074,0.07773154147883839,0.004208416833667334,0.14357815036403865,0.12644012377891561,0.1845985264420693,1.1683483201250828,0.49270056252170985,0.15595090058679698,0.17251102861522832,0.14594913455183675,0.1355843147620314,0.08226263670840214,0.16670095566159857,-0.08443831895319642,0.08447291139056136,0.13317178058199045,-0.04869886919142909,0.043602856971195425,0.06641383843146965,-0.02281098146027423
shallow,random,full_ce,401,1,0.5852329460428061,549253.0,0.710068037862333,0.5662975080123699,0.933216568685105,0.9644628271099251,0.9293932560902577,0.9633912291049759,0.8247037339805153,0.6319089038033737,0.693379522561538,0.0706067439097423,0.00046760187040748166,0.12124479841636931,0.11476893511235035,0.13999987357813365,0.8714998488940932,0.4129117750561439,0.14012668114693957,0.15480807569553556,0.13061539946072212,0.10702122148788137,0.09066495767888387,0.13601200175511102,-0.04534704407622715,0.080431058182659,0.11115460452651146,-0.030723546343852465,0.042029811398390175,0.057900457530500514,-0.01587064613211034
shallow,random,full_ce,401,2,0.5241773635735428,549253.0,0.6806772106843294,0.510955223685625,0.9250618567399723,0.9603549832917908,0.9207433667171822,0.9587355183324177,0.8046073485260891,0.5583330401325297,0.6622691902571282,0.07925663328281787,3.34001336005344e-05,0.1310750934407573,0.12739908301929664,0.19138853492977406,1.0445726956463457,0.46757881347524566,0.1558190548496473,0.1719961474948703,0.14496416041423535,0.11717284321672282,0.08468046601475095,0.1594183372689817,-0.07473787125423074,0.0825503001349105,0.13337023193318925,-0.05081993179827875,0.04250682290310658,0.06653218098034967,-0.02402535807724309
shallow,random,full_ce,401,3,0.5135774146596673,549253.0,0.67787522325777,0.5083637782730243,0.9249180250267182,0.9602631840073703,0.9205931682819417,0.958653126005749,0.8066646882220033,0.5673727818892876,0.6593075852135417,0.07940683171805828,6.68002672010688e-05,0.1362145757953296,0.12507100727307038,0.20213607384462817,1.100239942360338,0.4863278564203001,0.15567082322111425,0.17179041352527888,0.1449508696356688,0.1291611024511236,0.08200046244626794,0.15954032112705802,-0.07753985868079008,0.08121576031446347,0.12997835241682795,-0.048762592102364485,0.04261424152439768,0.06678343131489496,-0.02416918979049728
shallow,random,full_ce,401,4,0.502320899951257,549253.0,0.6771251135633306,0.5324679030126488,0.937655324595405,0.9591618524952705,0.9350237717908082,0.9659403431329155,0.7798100328992286,0.6009819206917871,0.6594731886164991,0.06497622820919176,0.016700066800267203,0.10860502240459992,0.1669455607697092,0.1784383491058313,1.1451255519629624,0.4840033891898794,0.15769872900102502,0.17722470336984958,0.14951743549875923,0.1512626571735234,0.09705545531840518,0.17534542369363482,-0.07828996837522964,0.08452753102850599,0.16014477845364522,-0.07561724742513923,0.04298019309862668,0.05441208332043703,-0.011431890221810348
shallow,random,full_ce,503,1,0.5839759000538383,549253.0,0.7064995548499508,0.553619375367033,0.9352047235062895,0.9654197926187003,0.9315075879094111,0.9645201714325022,0.8308721117590618,0.6172122607518911,0.6896168591966695,0.06849241209058891,0.0006680026720106881,0.1315430193351601,0.11034770937758154,0.1456113319909984,0.8086158408746489,0.40822246927447514,0.13766303203320387,0.1522547896870841,0.12888432106879708,0.10278079443325798,0.08975645103440491,0.13867197812301435,-0.04891552708860944,0.08443285698940196,0.10898802555470793,-0.02455516856530597,0.042909187569298665,0.05679167888022459,-0.013882491310925928
shallow,random,full_ce,503,2,0.5220209158799468,549253.0,0.6956102196983903,0.5625324810869295,0.9250363675755982,0.9602628176634487,0.9207260361285006,0.9587213172605729,0.8184625300180427,0.6276458938670937,0.6780727615137692,0.07927396387149946,0.0002004008016032064,0.12993512582970193,0.11271814878502945,0.18417629461845736,1.0113231503179958,0.4571472303795007,0.1487177433107633,0.16347402745183004,0.13783047156774747,0.1202589172776182,0.08947242891709285,0.14927729115726268,-0.05980486224016983,0.08413609028990283,0.12110084059622797,-0.036964750306325136,0.0424704098111435,0.06652125705276075,-0.024050847241617254
shallow,random,full_ce,503,3,0.5097721539941702,549253.0,0.6772343528392198,0.5377854437498018,0.9163281766326264,0.9556104833576047,0.9115215679176142,0.953704440573917,0.8072327324566274,0.5957221363773287,0.6586432459807476,0.08847843208238576,0.0003006012024048096,0.13749318811583766,0.11538513382102894,0.2001420772748025,1.184458837494126,0.4922158794061064,0.15987365263973677,0.1751222114399011,0.14748813388365653,0.12065213166257385,0.08653389239567194,0.16471462149501231,-0.07818072909934037,0.08386481275477785,0.13205936062251822,-0.04819454786774037,0.04019641221804888,0.07295545040263776,-0.03275903818458888
shallow,random,full_ce,503,4,0.5021686100812048,549253.0,0.6920380953768118,0.5195967264566497,0.9282425403229477,0.9617380053343456,0.9241440133407021,0.9605575364797504,0.8243523476430716,0.5902367943960833,0.6743216518746883,0.07585598665929796,0.0006680026720106881,0.13994257798283502,0.10987978348317874,0.19032559022562778,1.052449403496625,0.4589420960053825,0.145727621575728,0.1605398605014447,0.13582119715322447,0.13594510093192047,0.08639006068241775,0.14976704724416617,-0.06337698656174842,0.08627353878813589,0.11734847146943211,-0.031074932681296227,0.04286731251354112,0.06371198700780879,-0.020844674494267676
shallow,random,full_ce,503,5,0.49575047688029245,549253.0,0.6717651064263646,0.5048786137133062,0.9175225260490156,0.9559745536765949,0.9128175108268038,0.9543969711398593,0.8008385935079099,0.5689680492021039,0.652891416159426,0.08718248917319613,0.0008684034736138944,0.13651497266581042,0.12341112200156745,0.20594912989686176,1.220400328613643,0.4993671834758105,0.16229618530379747,0.17828359608413608,0.15014811025155986,0.14572180138372717,0.08215885939630735,0.165808834908503,-0.08364997551219566,0.08322212168162942,0.1378108084980874,-0.054588686816457996,0.041665680478759334,0.07323036924695905,-0.03156468876819972
shallow,magnitude,minimal_ce,101,1,0.8296058562757317,549253.0,0.6623268329895331,0.5067510988600451,0.9403517140552714,0.9510037857219362,0.9390483196068652,0.9675006596685587,0.8218398442976188,0.5817455358631185,0.6449944445835171,0.060951680393134776,0.03704074816299265,0.16870942957330165,0.1253444454500465,0.10966747736155236,0.7422309752137866,0.3894907262031554,0.14397539324622108,0.1618503676811961,0.13928098708609693,0.12853743258925326,0.07791673418260801,0.17100498313163515,-0.09308824894902713,0.07318303222740705,0.1067704682541561,-0.03358743602674906,0.03948817757936689,0.04822367834131083,-0.008735500761943946
shallow,magnitude,minimal_ce,211,1,0.8234302094879316,549253.0,0.6636395249548023,0.5173663093118871,0.9415715526360348,0.9581483556044004,0.9395432041947727,0.9681603609788814,0.8360482327816143,0.6083408642075487,0.6455875358406202,0.06045679580522729,0.023246492985971944,0.18234860286570911,0.11160706548844339,0.11453431984537081,0.7614668565087294,0.404464735325929,0.13897451022874097,0.1557173106018538,0.1342395945038079,0.1507196820754552,0.08221712034344829,0.17399267732720622,-0.09177555698375793,0.07826812052005178,0.0976471680628053,-0.01937904754275352,0.0373598323541246,0.044875494535305226,-0.007515662181180625
shallow,magnitude,minimal_ce,307,1,0.8175512825566451,549253.0,0.6752625839094188,0.5234223396928188,0.9467604182407743,0.955321376742428,0.945712893765417,0.9710900024122971,0.8260328118371679,0.6118424852525236,0.6585623699002335,0.054287106234583,0.03507014028056112,0.1594625977011937,0.12768792616398975,0.1115827441053578,0.7652652046102786,0.40052319600435216,0.13729799078627397,0.15506551625571457,0.13349185166034597,0.12128167540361058,0.08133410286334349,0.16148660089248487,-0.08015249802914139,0.07737964107615251,0.10677410956335241,-0.0293944684871999,0.03946997103338534,0.04179676760982644,-0.0023267965764410953
shallow,magnitude,minimal_ce,401,1,0.8231035754499502,549253.0,0.66396724278247,0.5126152596291206,0.9490307745246725,0.9580799897893466,0.9479235066328014,0.9723515184196466,0.8371479081588995,0.5978021765961503,0.6464251809602302,0.052076493367198586,0.03176352705410822,0.18316506615470823,0.11833325951786303,0.11429845150300418,0.7495761801530374,0.4041423525948064,0.13447552099548538,0.1520425013609393,0.13169923514300333,0.13028919990245266,0.08298361592927121,0.1744314550853614,-0.09144783915609019,0.07858309376553246,0.09686246593100083,-0.018279372165468363,0.039551900490302286,0.039608340782845065,-5.6440292542779547e-05
shallow,magnitude,minimal_ce,503,1,0.8243801595796663,549253.0,0.6947126369815003,0.5409069316356178,0.9493839815167145,0.9632240107630712,0.9476905064960823,0.9725312889970033,0.8391706554174488,0.6143855854771935,0.6783365715859222,0.05230949350391768,0.02124248496993988,0.1527864698168542,0.11656746509330597,0.08110583123590494,0.7033766610483337,0.36445520826117334,0.1289305656955902,0.1451724433002642,0.12472266878833616,0.11919021370591663,0.08328038262877034,0.1439828275858302,-0.060702444957059856,0.07813703338898467,0.09439365829590371,-0.016256624906919037,0.03982681933462357,0.039530052635124435,0.0002967666994991361
shallow,magnitude,full_ce,101,1,0.5970587040936849,549253.0,0.6593882964681121,0.506630932381403,0.9345456465417576,0.9649768316861962,0.9308220668460062,0.9641467717534284,0.8257087353186965,0.6190874908939917,0.6398010448419355,0.06917793315399383,0.0008684034736138944,0.17590932636001794,0.11511169564405281,0.19420883922769336,0.9144447814750256,0.4801643712440572,0.147557379446873,0.16400165315437512,0.14005549355215174,0.11669693639803494,0.09857570190786395,0.194602487378312,-0.09602678547044806,0.0841215250531176,0.11384007005878893,-0.029718545005671337,0.0414563051999716,0.05599787347542936,-0.014541568275457759
shallow,magnitude,full_ce,101,2,0.5271273228851847,549253.0,0.6815948206017992,0.5080523262947269,0.9106258864312075,0.9525162746454191,0.9055001511612457,0.9503933546558336,0.8000302228663294,0.5382244815976672,0.663264736295837,0.09449984883875427,0.00046760187040748166,0.12526356936953245,0.11697184549587629,0.1846714016277943,1.0035122023465077,0.46710864198324514,0.164392062188706,0.17940839649487578,0.15048930092325394,0.12810704603900008,0.09583197542844554,0.16965223676520655,-0.073820261336761,0.08088622183219756,0.136283279290236,-0.055397057458038454,0.040114482761131935,0.07857581114713984,-0.0384613283860079
shallow,magnitude,full_ce,101,3,0.5114487161388823,549253.0,0.6705452678456012,0.5348306891240888,0.9342634450790437,0.964843333317756,0.9305216699755253,0.9639865545547942,0.8143769810997846,0.6103838260632832,0.6515993244921656,0.06947833002447465,0.0008350033400133601,0.15212405620502473,0.12679828927833503,0.20104968297271697,1.0388567878229051,0.4776597019014677,0.149617601845901,0.16641656941336688,0.14130792185022203,0.11652231701863287,0.08377742133406645,0.16864723542702542,-0.08486981409295898,0.08111198300236867,0.12216228222695188,-0.04105029922458321,0.0431422313578624,0.057966001096034066,-0.014823769738171663
shallow,magnitude,full_ce,101,4,0.5041157390749302,549253.0,0.6710878229158511,0.507234011303295,0.9133768955290185,0.9541599283600055,0.908386656987212,0.9519924282479628,0.8032855532878291,0.5720208907380713,0.6521288702574363,0.09161334301278805,6.68002672010688e-05,0.1398193382410993,0.11643844848867639,0.19633708869894995,1.0676935792095705,0.48351435262123943,0.16369899967167528,0.1791159993664122,0.15078442903361475,0.12849413403395912,0.08767908413791095,0.17200634316061997,-0.08432725902270902,0.08128494518919333,0.13342667222573204,-0.052141727036538715,0.040300189530143665,0.07601050881834055,-0.03571031928819689
shallow,magnitude,full_ce,101,5,0.4983305123870218,549253.0,0.6630113991184391,0.5021078418678164,0.9239203063069296,0.9597513011193822,0.919536002372365,0.958080576541294,0.8062040626086703,0.5593333654659983,0.6435848900374148,0.08046399762763497,3.34001336005344e-05,0.1514481632464429,0.12450294908850731,0.21672868295847783,1.126714870929304,0.4989677798761473,0.15880189396628996,0.17534724434823296,0.14836077363255185,0.12235186819403235,0.0858912013225235,0.17829488414264463,-0.09240368282012114,0.08222986492563536,0.13145308264133287,-0.049223217715697515,0.04198793634263263,0.06715484485291842,-0.025166908510285795
shallow,magnitude,full_ce,101,6,0.49343974217293096,549253.0,0.667568497577619,0.5281568896960773,0.9110828707353442,0.9529153126396586,0.9059642258137193,0.9506585195333179,0.7974813064289135,0.6088480070638832,0.648410496174754,0.09403577418628072,0.0001336005344021376,0.13740268393050048,0.12015104570846484,0.20849132939194986,1.1336532976934672,0.4980017852586137,0.1673645842626258,0.1830577165714161,0.15391850385887743,0.12437078415100082,0.08897174890260044,0.17681833326354157,-0.08784658436094113,0.08160902170766478,0.13955499560311915,-0.057945973895454375,0.040363912441079064,0.07836825652295026,-0.0380043440818712
shallow,magnitude,full_ce,211,1,0.5967217844556192,549253.0,0.6730777983916337,0.5148296446482465,0.9216863631149944,0.9585069836323157,0.917180967932634,0.9567968566383628,0.8057015619395798,0.5605593806496658,0.6542393508346604,0.08281903206736592,0.00016700066800267202,0.14026993354682052,0.12267168355115315,0.18105851155214908,0.9998083518788766,0.47037513156128724,0.15840317060929418,0.1744256289906473,0.14716988345989918,0.11036897282331644,0.08305462145859922,0.1653919050055257,-0.08233728354692647,0.07962086688648036,0.12934658527126844,-0.04972571838478808,0.04104301660619059,0.0684438683084116,-0.027400851702221014
shallow,magnitude,full_ce,211,2,0.5256233336617367,549253.0,0.6873207793129942,0.5553623160486717,0.9277127298348848,0.961583725534537,0.9235682526722805,0.9602541078296525,0.818041958805869,0.6430758660247662,0.6693169629876394,0.07643174732771951,0.0004008016032064128,0.13825765963879202,0.11599363004584903,0.17699655307506795,1.0632734793326382,0.4582282487924959,0.14889313303705215,0.16422522953902846,0.13881380711621055,0.11148042467135791,0.08574372830007301,0.153838030925639,-0.06809430262556598,0.08294356152811182,0.12032888304661057,-0.03738532151849876,0.04145448454537344,0.06282896952770399,-0.02137448498233055
shallow,magnitude,full_ce,211,3,0.5104402735687107,549253.0,0.669858881062097,0.5039708402256162,0.9265547935104588,0.9605464721472029,0.9223955495048266,0.9595938956132233,0.8050060718830848,0.5674241992392977,0.6509003240820084,0.07760445049517344,0.0013026052104208416,0.1429388442037846,0.1285563812190336,0.20681452920590554,1.2096593511448082,0.4911635029980944,0.15669084495973015,0.17337547541843196,0.1465741652753831,0.12718671015805497,0.08150160308637368,0.1670578039628368,-0.08555620087646311,0.08275603410450193,0.13317724254578492,-0.05042120844128299,0.04285638858595219,0.06538880989270883,-0.022532421306756638
shallow,magnitude,full_ce,211,4,0.5011007902960407,549253.0,0.6287612448179618,0.4512372474359924,0.9341869775859213,0.91472694567376,0.9365681198044339,0.9641705950686495,0.7982569052877272,0.5360404773371472,0.6135336492635463,0.06343188019556606,0.10711422845691383,0.17926760932231622,0.14376686121857146,0.18932206013765426,1.3043830875363605,0.5549234834108978,0.15764820583592623,0.17893466216843604,0.15568235403356923,0.20170639905086538,0.08854025376283789,0.21519409088343622,-0.12665383712059833,0.07610700351204272,0.1332773785486834,-0.057170375036640686,0.03814635514052723,0.05304659237182136,-0.014900237231294133
shallow,magnitude,full_ce,211,5,0.4964444414626574,549253.0,0.6697623863683949,0.5173073735110331,0.9247068290933322,0.9596951175582016,0.9204256392580197,0.95853441127487,0.8119172767376782,0.605774391124445,0.6507828612031665,0.07957436074198027,0.0010354041416165665,0.15035055929660918,0.11929221875824407,0.218080402174471,1.4167393692816765,0.5049036743965202,0.15533809859330158,0.1713753042768997,0.14507157903552642,0.13464747274664318,0.0848971239119313,0.1705498194820966,-0.0856526955701653,0.08274328952231486,0.1262532931090044,-0.04351000358668955,0.041614702150011014,0.06599508787389417,-0.02438038572388316
shallow,magnitude,full_ce,307,1,0.5967024351098797,549253.0,0.6950094036809995,0.5248082603065254,0.9321696922911664,0.9639249483389146,0.9282840984146362,0.9627959368721265,0.8151452973402057,0.5697590275025248,0.6774507859421968,0.07171590158536374,0.0004342017368069472,0.12706209935048804,0.1237712131219515,0.13827856664174287,0.8357014090437336,0.42142233916338534,0.14634740274518301,0.16206265600734088,0.1368083560763437,0.1136296483349817,0.08856028096341759,0.1489659592209783,-0.06040567825756071,0.08020893832168417,0.12049092130584631,-0.040281982984162135,0.043051198627954694,0.05996872115400371,-0.016917522526049014
shallow,magnitude,full_ce,307,2,0.5248560526018792,549253.0,0.6887445312087508,0.538329063231784,0.9237054690643474,0.9595275286882439,0.9193222584452921,0.9579578163547656,0.814948666643605,0.6017049931700345,0.6708150960981143,0.08067774155470786,0.0002672010688042752,0.1334801940255684,0.11502696832160951,0.17797660952699673,0.9994985874410867,0.45432524823787396,0.15169603079091057,0.16678361338035477,0.14065776609322117,0.11675434924209896,0.08777011686781866,0.15444066759762806,-0.0666705507298094,0.08085527070402893,0.1213338843847917,-0.040478613680762776,0.038672524319393796,0.06405427007226178,-0.02538174575286798
shallow,magnitude,full_ce,307,3,0.511195417219885,549253.0,0.6609613420409174,0.520781098286898,0.9224291901910413,0.9587581750022367,0.9179839518748808,0.9572249530143125,0.8054412083320437,0.6217672933741731,0.6414416739037921,0.08201604812511915,0.00046760187040748166,0.15280957726842964,0.12373270070265908,0.1945088373605268,1.1133254575462006,0.4974638261256492,0.1601256615803646,0.17664937651683285,0.14945170986776585,0.12794679331533707,0.09066131636968756,0.18511505626733035,-0.09445373989764279,0.08292535498213027,0.1329114269744544,-0.04998607199232413,0.041428995380999284,0.06808702000717338,-0.0266580246261741
shallow,magnitude,full_ce,307,4,0.503389865253052,549253.0,0.6303160838447855,0.47956155050603566,0.9235670993148877,0.9595015668605422,0.9191701343890871,0.9578781022520331,0.8117352112778629,0.579740493707935,0.6090122912386172,0.08082986561091288,0.00016700066800267202,0.1918785010196163,0.11827934213085364,0.24537612685031424,1.2208252351509083,0.5487835937718798,0.16257853848772788,0.17981221768474637,0.1533479107078159,0.1422976595661688,0.08480427052742542,0.20990326862120007,-0.12509899809377464,0.0818384241870322,0.12553049323353718,-0.04369206904650498,0.039879618317970045,0.06539973382029775,-0.025520115502327703
shallow,magnitude,full_ce,307,5,0.49646371616573964,549253.0,0.6757031823221721,0.5449517582366996,0.9273995772440023,0.9614968084131694,0.9232274177615426,0.9600746522702059,0.8175358168275821,0.636057216453632,0.6570199475075725,0.07677258223845734,0.00023380093520374083,0.15000972438587135,0.11619774586809882,0.20249181441298675,1.1408054121535671,0.48491443988567284,0.15116151694513577,0.16688010807405695,0.14138129423052764,0.12135966158538909,0.08868044416689577,0.16839234378328385,-0.07971189961638808,0.0845712267388617,0.12246269023564732,-0.03789146349678563,0.041479973709747604,0.06316761128296068,-0.021687637573213077
shallow,magnitude,full_ce,307,6,0.4922517989657999,549253.0,0.6775074510289429,0.5129428148917436,0.930678576175278,0.9628531359401793,0.9267416760219752,0.9619483256763603,0.8174884798080302,0.5823629354151159,0.6589744527866623,0.07325832397802481,0.0010354041416165665,0.1480513678648522,0.11971585537046059,0.204576804365212,1.2106892623673582,0.48817652051154153,0.14920431325212,0.165209111283871,0.1400596810577275,0.12420323557855555,0.09295898247255818,0.17086661338217543,-0.07790763090961725,0.08312562698792723,0.12106442750426488,-0.03793880051633765,0.04189690361272492,0.06030554225466224,-0.01840863864193732
shallow,magnitude,full_ce,307,7,0.48822058641575117,549253.0,0.680058188120957,0.504963011372399,0.9324682796452637,0.9641300610269674,0.9285941233899402,0.9629655515329179,0.8143605952084012,0.5794539731603517,0.6616318097178387,0.07140587661005983,0.00033400133600534405,0.14204535607620067,0.12491695759590074,0.20401803599043988,1.286078665502783,0.49849634551293276,0.14895564217825544,0.16524952981595004,0.13994334122890545,0.13286221307474874,0.0958574645928197,0.17121435841042287,-0.07535689381760317,0.08446927008136505,0.12553595519733166,-0.0410666851159666,0.043732123447664376,0.060351058619616094,-0.016618935171951718
shallow,magnitude,full_ce,307,8,0.487643593471622,549253.0,0.6323242658665497,0.4693627679793686,0.8894607767276647,0.9414495008391057,0.8830994024798147,0.9379154208302486,0.7815068829847083,0.5236707520679562,0.6111381767835583,0.11690059752018532,0.0002004008016032064,0.15778345622004455,0.11417776947621185,0.23402752804523075,1.3601061661086382,0.5557395906103725,0.1893717467178149,0.2051437133707053,0.17224703369849598,0.18324085772561338,0.07985573132964226,0.2029465474016528,-0.12309081607201054,0.07867776780463648,0.15259816514429597,-0.0739203973396595,0.03808991484798444,0.09771635293753517,-0.059626438089550725
shallow,magnitude,full_ce,401,1,0.595579290400693,549253.0,0.6789330235792977,0.5305215521877248,0.9278620235119335,0.9616941505067225,0.9237223023494502,0.9603392911481606,0.8119809996486137,0.600714083109991,0.6604417759617033,0.07627769765054986,0.00033400133600534405,0.14071860323157712,0.12256192315616979,0.16528516974141055,0.8780002695881438,0.4371770654452329,0.15223949618845958,0.16826890340152897,0.14226412964517263,0.11053212733085785,0.08221894099804644,0.15870099935730891,-0.07648205835926247,0.07938600244331848,0.12283228311907263,-0.04344628067575415,0.04120687552002447,0.06243206682530637,-0.0212251913052819
shallow,magnitude,full_ce,401,2,0.5279446043094722,549253.0,0.6738078808854936,0.5174853360605917,0.9189280713987907,0.9571270120332054,0.9142540240664108,0.9552065844681152,0.8065681935283011,0.5797108067385551,0.6550018967366501,0.08574597593358918,0.0,0.14041435511916706,0.1188377722105936,0.1936012110389695,1.0746347862658259,0.4771968197108948,0.15937858631025534,0.17503991785206455,0.14758954434477373,0.12106391054627788,0.09294805854496926,0.1745552595980359,-0.08160720105306662,0.08299271920226198,0.13185180599832863,-0.04885908679606665,0.041294266940735874,0.07145341035916053,-0.030159143418424655
shallow,magnitude,full_ce,401,3,0.5113243096164363,549253.0,0.6230644165803373,0.4703913298053004,0.9149608650294127,0.9549975734796154,0.9100619472264319,0.9529116200669004,0.8034148197642981,0.5561952839358901,0.6013367660736396,0.08993805277356816,6.68002672010688e-05,0.19074816151338403,0.11797701963940822,0.25424964471024547,1.228503158107935,0.5528083757085007,0.17086782715190751,0.18803538624276972,0.15987513950765858,0.1367792527150552,0.07946611124563725,0.21181677660386014,-0.13235066535822287,0.08022168290387126,0.13223414346394102,-0.052012460560069765,0.03978130296966972,0.07390765275747242,-0.034126349787802705
shallow,magnitude,full_ce,401,4,0.5026258505761991,549253.0,0.6213894143500354,0.4883186235448553,0.9142052933711787,0.9536537717503792,0.9093783517839915,0.9524791075676641,0.8069578136123061,0.6017608474746061,0.5996807320440659,0.09062164821600846,0.002070808283233133,0.19626699119798657,0.11343062854193907,0.24256085421584128,1.396915990926891,0.5839479436736734,0.17026185261315518,0.18721172210256476,0.15939576115196458,0.1375812956198508,0.08739142071140257,0.22141708829992734,-0.13402566758852477,0.08134320613633426,0.1298126728483959,-0.048469466712061635,0.03728154420640397,0.07216346565244068,-0.03488192144603671
shallow,magnitude,full_ce,503,1,0.6004051197941268,549253.0,0.6852270265251168,0.5214368699892332,0.9301833581245801,0.9629689456406219,0.9261716922164475,0.9616642323799127,0.809209963350223,0.5618243140896236,0.6670928707735027,0.0738283077835525,0.00023380093520374083,0.1311309364487313,0.1279478849942135,0.15895662925591725,0.8700172269240956,0.431619629410659,0.15095760363014252,0.16719216827218059,0.14113914716897313,0.12138604782364701,0.08672141981928183,0.15690947523272517,-0.07018805541344333,0.0799813564969149,0.12619867347105979,-0.046217316974144884,0.04265247527095892,0.06155633196359419,-0.018903856692635272
shallow,magnitude,full_ce,503,2,0.5281147662600946,549253.0,0.6263088230742481,0.5059242072948905,0.910183467363856,0.9524082097487614,0.905016820299126,0.950134740919392,0.8032855532878291,0.6033404612834361,0.604775925116452,0.09498317970087404,0.0002004008016032064,0.18717998586594212,0.11306090931673192,0.2479528335624343,1.3279417857641744,0.5742593104977908,0.17275341843072925,0.18934625755344076,0.16069971397516264,0.13409585537877636,0.08776465490402419,0.21687091376833625,-0.12910625886431207,0.08116842329491145,0.13331015033145016,-0.052141727036538715,0.039779482315071564,0.07868322976843094,-0.03890374745335937
shallow,magnitude,full_ce,503,3,0.5128637291658404,549253.0,0.6702976588202523,0.5273444974505154,0.9178320373307018,0.9563585530470391,0.9131179076972847,0.9545745979694399,0.808396130744848,0.5869143687142332,0.6513124069684372,0.08688209230271532,0.0004008016032064128,0.14606027578743455,0.11574522494141298,0.20104195353334392,1.0766731218625685,0.4810873727900599,0.1598859420582743,0.17544046186365847,0.14807638738432016,0.11549279440832971,0.08480609118202359,0.16992351430033154,-0.08511742311830794,0.08348611659836178,0.1305172661778816,-0.047031149579519815,0.04004529788640208,0.07130047537291558,-0.0312551774865135
shallow,magnitude,full_ce,503,4,0.5029306392732349,549253.0,0.6693145053372489,0.5287730670428521,0.9257846566154395,0.9588172737824772,0.9217427639978202,0.9591597711272015,0.8113929282134098,0.5896781476507764,0.6504863155746149,0.0782572360021798,0.004108216432865732,0.1502696832160951,0.12098676520711016,0.18936023718371922,1.1110319908406794,0.4906517660770745,0.1549229893449224,0.17117648879478126,0.14502861158701,0.11811516037218783,0.09951151837131522,0.18561209497262646,-0.08610057660131124,0.08245562609580649,0.12648997820676447,-0.04403435211095798,0.04115953850047246,0.06446209670224833,-0.023302558201775868
shallow,magnitude,full_ce,503,5,0.4987844888611781,549253.0,0.656329596743213,0.49624101447474944,0.9188934789614258,0.9570772441214056,0.9142212885100123,0.9551867954555057,0.8072655042393942,0.5688290518427294,0.636519786718222,0.08577871148998774,6.68002672010688e-05,0.15963782920897415,0.11806367258281614,0.2136660009237297,1.2375406746017836,0.5157727374565503,0.16207376200038962,0.17826903084735085,0.15088711395295065,0.13390421320421755,0.08361356242023257,0.1826990476155797,-0.09908548519534713,0.08486799343836082,0.13302976952333442,-0.0481617760849736,0.04182771873799506,0.07202145459378465,-0.030193735855789584
shallow,magnitude,full_ce,503,6,0.4928661801842797,549253.0,0.6655439296644715,0.5049180231719261,0.9234323708746243,0.9592729463216717,0.9190468946473515,0.9578015675280278,0.8074730588635838,0.5739080868479461,0.6462903874927067,0.0809531053526486,0.000501002004008016,0.15011178229699623,0.12264472485764848,0.22497399275748847,1.330376954748523,0.5176239782315596,0.15818165763318545,0.17451811824423352,0.14762504710943775,0.12643292274028228,0.08448565597274844,0.17435680824683708,-0.08987115227408864,0.08166182069101124,0.12961604215179526,-0.04795422146078401,0.04231383351570223,0.06796867745829335,-0.02565484394259112
shallow,magnitude,full_ce,503,7,0.48868254938504047,549253.0,0.6530669837033207,0.5018454805238227,0.9242716926443734,0.9599528607987862,0.9199057215975722,0.9582821815147358,0.8131280120454508,0.5860709273598607,0.6330652227076926,0.08009427840242782,0.0,0.16928904148365245,0.11755145740622708,0.22638992798242666,1.3509860773552687,0.529867029023079,0.1579769857121096,0.17442672138340617,0.1481666918523886,0.13551122766788207,0.08830720997427415,0.19065530820951365,-0.1023480982352395,0.0841251663623139,0.1264244346412309,-0.042299268278917,0.04114679391828538,0.0659623160911274,-0.024815522172842025
shallow,taylor,minimal_ce,101,1,0.7498696834227881,549253.0,0.6609668040047119,0.5087146229976882,0.9537062155327326,0.9725600136785205,0.9513992524739415,0.9749135485780529,0.836434211556423,0.6196009897642887,0.6417825088145299,0.04860074752605847,0.006279225116900468,0.18558364608627168,0.12403309757313989,0.12765754355411219,0.7711473584567284,0.41024983808251636,0.13391764208236764,0.15161355513761418,0.13083296768520153,0.1084189116897764,0.08250478376995665,0.17695306170380498,-0.09444827793384833,0.07508743693707635,0.09408050570502119,-0.018993068767944835,0.04078448365325269,0.03616548293773544,0.004619000715517255
shallow,taylor,minimal_ce,211,1,0.7426652971358217,549253.0,0.6726226347420952,0.5134544405960633,0.9573366008014521,0.962881499873913,0.9566581233283203,0.9769596762378778,0.8399262270756828,0.59004003626348,0.6555295168809562,0.0433418766716797,0.030895123580494323,0.17694916168091304,0.12417944476645106,0.11478835991701206,0.7274158650499186,0.3777914842779861,0.12798943898956097,0.14589669969940994,0.12663344578909902,0.12073218088927397,0.0830200290212343,0.16581247621769932,-0.08279244719646502,0.07660586287193698,0.09210691612062201,-0.015501053248685032,0.040329320003714135,0.03207993401947736,0.008249385984236773
shallow,taylor,minimal_ce,307,1,0.7490631415661864,549253.0,0.680411395112999,0.5333867114499506,0.9399657352804628,0.9609029884558149,0.9374038393030792,0.9672417458617545,0.8212572348262094,0.6259806126088798,0.6628853889658067,0.06259616069692074,0.015597862391449566,0.148966037823047,0.12555241251422553,0.09449776763290978,0.8042983677458233,0.4032199885315425,0.1422251372925288,0.15908843465579614,0.13572087908486616,0.12099502806297407,0.0767879283317524,0.15179161515731365,-0.07500368682556126,0.07738328238534883,0.11155332788350723,-0.0341700454981584,0.039444481869011186,0.04856596140576383,-0.009121479536752644
shallow,taylor,minimal_ce,401,1,0.7496177360413191,549253.0,0.672773749073742,0.5230161893149117,0.9551427120106764,0.9644281213294177,0.9540065432600378,0.9757379167183656,0.8381729366976602,0.6155799493749579,0.655358136615105,0.04599345673996222,0.025150300601202404,0.17493496215191995,0.12371344449301289,0.11134011664119557,0.7443048254095533,0.3895887518195176,0.12988049223217715,0.14757060953695292,0.12772474615523266,0.11063572158923418,0.08622984307778019,0.1688711759425984,-0.08264133286481821,0.07781659817970954,0.09507094180641708,-0.01725434362670754,0.04121051682922078,0.03515501963575984,0.006055497193460935
shallow,taylor,minimal_ce,503,1,0.7492852489947445,549253.0,0.6954791325673233,0.5369515190135343,0.9446757687258877,0.9633150928919618,0.9423950488433758,0.969889504678537,0.8220947359413604,0.5967559769998271,0.6788314561738297,0.05760495115662423,0.01576486305945224,0.13391538436357264,0.12964820830597346,0.07386752585688608,0.7337020126509359,0.37585748235195504,0.13707283650096888,0.1538522320315046,0.1310448918804267,0.12547400999849612,0.08946514629870024,0.14940109566993717,-0.05993594937123693,0.07597045441718116,0.10930299880018862,-0.033332544383007465,0.041303370213726646,0.04571481630505432,-0.004411446091327674
shallow,taylor,full_ce,101,1,0.5834974839772986,549253.0,0.7043074867137731,0.5453533544547658,0.9364282033962491,0.9653114129595508,0.9328940350039379,0.9652167416284386,0.8236095205670246,0.6146745788387723,0.687390841361568,0.06710596499606211,0.0022712090848363395,0.12618016494869183,0.11932302869367799,0.1420546941910949,0.8018746557686987,0.39914324694146686,0.1397719569427325,0.15507389126686608,0.13115194637079816,0.10557992929840702,0.0918647690590675,0.14297236428385462,-0.051107595224787125,0.08107192860120928,0.11288968835855244,-0.03181775975734316,0.04143445734479375,0.054093468765760044,-0.012659011420966294
shallow,taylor,full_ce,101,2,0.5217636851898323,549253.0,0.6704087187507396,0.5040331118138888,0.9323353718595984,0.9637765052480355,0.928488214236886,0.9628912939071429,0.822185768671268,0.5595140673073257,0.6514606797827129,0.07151178576311396,0.0009352037408149633,0.16052746609462887,0.11650006835954424,0.18767805935129844,0.9746195965337514,0.47114748923136945,0.14799737097476026,0.16408940870600616,0.1395721097563418,0.11506429107603616,0.08834544372083539,0.17335180690865593,-0.08500636318782054,0.0825503001349105,0.11579181178801026,-0.033241511653099756,0.04182771873799506,0.05857956169561204,-0.01675184295761698
shallow,taylor,full_ce,101,3,0.5099770379000834,549253.0,0.6502941267503318,0.5223893965473451,0.9274359903359654,0.9614688528538617,0.923271707043729,0.9600957158161375,0.815207199596543,0.6099856510325333,0.6301517581882218,0.07672829295627108,0.00033400133600534405,0.17442082135436626,0.11869912750114094,0.21880690631658145,1.1180640872708048,0.5154070951660641,0.15615026226529485,0.17287661605853769,0.14715185897937744,0.11487014843525263,0.08435821015087765,0.18947916533910603,-0.10512095518822838,0.08167456527319833,0.1218946460010232,-0.040220080727824875,0.04222098013119637,0.06387220461244636,-0.021651224481249988
shallow,taylor,full_ce,101,4,0.5009715493774273,549253.0,0.6731032875560079,0.5182921516852756,0.9202899210382101,0.9577212962234298,0.915709793515664,0.9559928472419765,0.8100001274458218,0.5729143175343485,0.6542720863910589,0.08429020648433604,0.0002672010688042752,0.14478936595078498,0.11664834117382003,0.19718901474269396,1.089528106309627,0.48083129639337535,0.15766019181203075,0.17325749700047155,0.14629524099094587,0.12477284993312897,0.08452571037390784,0.16683750475646014,-0.0823117943825523,0.08380837246223508,0.12923552534078103,-0.04542715287854596,0.0409392392940958,0.0697365330731011,-0.0287972937790053
shallow,taylor,full_ce,211,1,0.5827646278732997,549253.0,0.6908346426874319,0.5311834862086691,0.9450817747012761,0.970469929665736,0.9419752634730885,0.9700909447866387,0.8275858302093935,0.5743198147800831,0.6730699982476849,0.058024736526911515,0.0010354041416165665,0.14463531627361534,0.12426994895178822,0.15259492715541037,0.8591853487102248,0.42046655134837235,0.13641573191225173,0.1527434533812287,0.1300440780478213,0.10101452057184737,0.08853297114444528,0.15311341039557363,-0.06458043925112836,0.08236277271130062,0.11020422282627496,-0.02784145011497434,0.043581009116017574,0.04758644923195686,-0.004005440115939285
shallow,taylor,full_ce,211,2,0.5217188953727979,549253.0,0.6860736309132586,0.5734950992875447,0.9312120279725372,0.963591619844717,0.927250039956635,0.9622500119898326,0.8220091651752471,0.6687529307260376,0.6679786564172282,0.07274996004336498,6.68002672010688e-05,0.14377263808146531,0.11549874545794155,0.1716311645100875,1.0207302306421537,0.4597814168490167,0.14604259482120868,0.16149534003455604,0.13681964413485223,0.11836535007817901,0.09686064527640267,0.16620209630170432,-0.06934145102530165,0.08380108984384245,0.11721920499296316,-0.033418115149120714,0.041001141550433044,0.05887632839511118,-0.017875186844678134
shallow,taylor,full_ce,211,3,0.5071658313964477,549253.0,0.6684824661858925,0.5099002343070369,0.926793299262817,0.9609086591651548,0.9226189215367225,0.9597291842978972,0.806387948723084,0.583982259008372,0.6494156703182858,0.07738107846327745,0.0008016032064128256,0.14585615996518478,0.1273470912532519,0.19905349076304896,1.1028287122128264,0.4890630938275325,0.1563608513138147,0.17301352928431887,0.14635787150912238,0.12726040496599045,0.08338598059546329,0.170318596348131,-0.08693261575266772,0.08309831716895492,0.13213764877023884,-0.04903933160128392,0.04312766612107717,0.0654215816754756,-0.022293915554398427
shallow,taylor,full_ce,211,4,0.4994111960945475,549253.0,0.6391498999550298,0.46275114826916613,0.9331546664287678,0.9110335808666987,0.9358614169104182,0.96360256759771,0.7537054872708934,0.5024611020811649,0.6249063666805953,0.06413858308958181,0.11379425517702071,0.12116007109392601,0.18979497913589685,0.1336771574604172,1.1515650682341607,0.49173878052530323,0.1710102933742131,0.19494477044276498,0.16735256794227799,0.11990180107398912,0.07437738164379622,0.19064256362732657,-0.11626518198353035,0.07406240839831553,0.17578420145178997,-0.10172179305347444,0.037563745669117875,0.05349629405756546,-0.015932548388447584
shallow,taylor,full_ce,211,5,0.49442287641180943,549253.0,0.6621302022929324,0.5151530071731145,0.924302643772542,0.9597961187574878,0.9199596389845816,0.958300863228396,0.8156477980092962,0.6057884713542175,0.6426721457001847,0.08004036101541845,0.00036740146960587844,0.16236835973680613,0.11491913354759076,0.21412179702388773,1.2454827612197599,0.5111705101367269,0.15559602466137343,0.17158577194844635,0.145592832446978,0.1223903241641886,0.08777557883161312,0.18106045847724092,-0.0932848796456278,0.08306190407699184,0.1228413863920634,-0.03977948231507157,0.04120505486542632,0.06598962591009971,-0.024784571044673395
shallow,taylor,full_ce,307,1,0.5872222891532988,549253.0,0.6964695686687191,0.5148689683677511,0.9448013938931603,0.9674574762015921,0.9420291808600979,0.9699445046959853,0.8271106393592752,0.5603654072821042,0.6793802581487465,0.05797081913990214,0.007114228456913827,0.13817293231634872,0.12447599039500262,0.12404919965551531,0.8647543356759209,0.4174315624074579,0.13552664558348643,0.1517861531935192,0.12921003617640686,0.1475235749196258,0.0851156024637098,0.14406111573355085,-0.05894551326984104,0.08162176628985185,0.10993840725494444,-0.028316640965092593,0.043151334630853175,0.04743715555490821,-0.0042858209240550366
shallow,taylor,full_ce,307,2,0.5281238082080517,549253.0,0.6176425071870341,0.49688600777836917,0.9209162262199752,0.957910867722483,0.916389537716175,0.9563545054726428,0.8031690313935472,0.5986926365307436,0.5956311511554688,0.08361046228382497,0.0005678022712090849,0.1962227019158003,0.12453568464490587,0.2564514776527165,1.9361898139169742,0.5886748824571337,0.16885524521486453,0.1868250150659168,0.1592521115041702,0.1333033303875407,0.08086983594081416,0.21864241069234033,-0.13777257475152616,0.07887803981043344,0.13113628874125402,-0.05225824893082058,0.03993787926511098,0.06810886786235124,-0.028170988597240258
shallow,taylor,full_ce,307,3,0.5137808086391229,549253.0,0.6817623208248293,0.5311942166381166,0.9325010514280304,0.9638326464892899,0.9286672969865958,0.9629856671046273,0.8159609506001788,0.5876973534514705,0.6634727033600161,0.07133270301340425,0.001002004008016032,0.1419355956812173,0.12325899794536244,0.18257632813654986,1.0312173124045596,0.4596949669691829,0.1480944725533285,0.1642408871685726,0.1391198591541603,0.11022364416269732,0.08745332296773982,0.16110608408147065,-0.07365276111373083,0.08512470573670057,0.12459103546088961,-0.039466329724189037,0.043145872667058716,0.059732036056243665,-0.01658616338918495
shallow,taylor,full_ce,307,4,0.5026849940107659,549253.0,0.6730268200628854,0.5239425356882115,0.9313777075409693,0.9619796119162678,0.9276332385285945,0.9623524828822709,0.8214593274866046,0.61022348667003,0.6543876236489362,0.07236676147140549,0.003674014696058784,0.15699010038262087,0.11625551449703743,0.20680130264167906,1.100883619107607,0.48087628496041174,0.14817002971915189,0.1641797131740746,0.13958357988031017,0.11138981519287537,0.08720935525158716,0.16959761712726193,-0.08238826187567477,0.08340600779604299,0.11737396063380628,-0.0339679528377633,0.04056054313767972,0.05827005041392582,-0.0177095072762461
shallow,taylor,full_ce,307,5,0.49665484452992015,549253.0,0.6802529981629595,0.5513796947590202,0.9294205038479535,0.9625340535358979,0.9253687082742007,0.9612292699709365,0.8218034312056557,0.6484622341533486,0.6618359255400885,0.07463129172579927,0.0003006012024048096,0.14971125313635514,0.11382152959775704,0.19803257785376788,1.0878876609193848,0.46917744507556797,0.14796748189510725,0.16345327198941106,0.13858549702960204,0.11434323634127752,0.08761536122697555,0.16277744500257624,-0.07516208377560069,0.08580745121100841,0.11943130032972055,-0.033623849118712135,0.04078994561704715,0.06045665658630904,-0.01966671096926189
shallow,taylor,full_ce,307,6,0.49206639925972456,549253.0,0.677070493925386,0.5389455463636825,0.930736837122419,0.9632144282582904,0.926762857852586,0.961979926104559,0.8187447314807565,0.6280176956870966,0.6584718657148965,0.07323714214741399,0.00033400133600534405,0.14984219536194934,0.11844879677574026,0.20377923606900478,1.1116384602848577,0.4752916393432289,0.14885793371482117,0.16478599115525996,0.13974507194316646,0.10940629109421704,0.08817430218860889,0.16651889020178315,-0.07834458801317426,0.0839540248300874,0.12063657367369864,-0.03668254884361123,0.04235024660766532,0.06070062430246171,-0.018350377694796388
shallow,taylor,full_ce,307,7,0.4909860098657186,549253.0,0.6134695668480645,0.4830795202630535,0.9223527226979188,0.9587649487309335,0.9178972989314729,0.9571807228915663,0.8074147979164429,0.6073636849639256,0.5912060741787708,0.08210270106852707,0.00036740146960587844,0.2051267732562058,0.12156445149649633,0.2761704552187885,1.734768848597673,0.601934233304033,0.16742542447044742,0.18539106750441053,0.15837983588619453,0.1330412892132565,0.0824355988952268,0.2243811139857224,-0.14194551509049563,0.08180565240426543,0.12981813481219037,-0.04801248240792494,0.04183136004719137,0.06856585216648795,-0.026734492119296578
shallow,taylor,full_ce,307,8,0.4882065004191605,549253.0,0.6453292016611653,0.4842917082486082,0.9212366614292503,0.9576396791904668,0.9167823643929576,0.9565414810312872,0.8055722954631108,0.5600483346182029,0.6249679865514631,0.08321763560704239,0.001503006012024048,0.1694816035801145,0.12233277426137994,0.21912149224667624,1.1910699417572197,0.5179787097081986,0.163241256761456,0.18017780512805576,0.152907858491442,0.13776789773659714,0.0843400036048961,0.19442588388229104,-0.11008588027739494,0.08068048786260612,0.13053547272386315,-0.04985498486125703,0.04197519176044555,0.06982574514841065,-0.027850553387965105
shallow,taylor,full_ce,401,1,0.5868472682583877,549253.0,0.6987508488802064,0.5467556704162695,0.9449488669156109,0.9706357033452966,0.9418058088282019,0.9700154994788883,0.8325398313709711,0.6175127466670794,0.6814137138873858,0.058194191171798124,0.0005344021376085504,0.14150233096417766,0.11888976397663836,0.158521461421772,0.8537543587308305,0.42311455076707116,0.13353196674999196,0.14924269871989776,0.12700904683269823,0.10730603607354051,0.08619160933121894,0.14285584238957275,-0.0566642330583538,0.0827178003579407,0.1056052493113374,-0.0228874489533967,0.04371755821087914,0.047855906112483686,-0.0041383479016045485
shallow,taylor,full_ce,401,2,0.5234148668575425,549253.0,0.6733090215255993,0.5156523251812896,0.9288925140144888,0.9621918894707562,0.9248179806783192,0.9609282149988595,0.8152563572706931,0.5708080928932542,0.6544993096648842,0.07518201932168075,0.0004342017368069472,0.15013103850664242,0.12018763250679262,0.18910149212894878,1.0395612416183582,0.479399450601263,0.15156570226592603,0.167669179776897,0.14209826801128078,0.12180547565107465,0.08768454610170541,0.1697906065146663,-0.08210606041296088,0.08295812676489706,0.12312904981857177,-0.040170923053674715,0.04273804603707217,0.06293274683979878,-0.020194700802726617
shallow,taylor,full_ce,401,3,0.510913152822902,549253.0,0.6863776802311503,0.5151181846874164,0.9368542365722172,0.9665596322730785,0.9332194649469587,0.965453424426938,0.8261365891492627,0.5688739073034212,0.6683021607392844,0.06678053505304123,0.0001002004008016032,0.14781644210716852,0.11710086210050587,0.19038249399931825,0.9727812628557172,0.4536223121920111,0.14179364215276627,0.15752594887966018,0.13382830863008485,0.11402985348412868,0.08683247974976924,0.15586988145717912,-0.06903740170740988,0.0841014978525379,0.113392189027643,-0.029290691175105105,0.042672502471538615,0.05490548071653682,-0.012232978244998208
shallow,taylor,full_ce,401,4,0.5020527411664296,549253.0,0.6400529446357143,0.4764153800452553,0.930312624601049,0.9625966620079631,0.9263623286919449,0.9617400691709482,0.8256941700819113,0.560800808495714,0.6193682807863465,0.07363767130805507,0.001169004676018704,0.1963440160365714,0.11065003186902697,0.2291554067630176,1.3132209854767143,0.5483191280949095,0.1528890147163511,0.16956120403529884,0.1452001172501561,0.1275988652396016,0.0872912847085041,0.20265342201134995,-0.11536213730284585,0.08336231208568728,0.11309542232814386,-0.029733110242456576,0.04036755375027538,0.05914214396644169,-0.018774590216166315
shallow,taylor,full_ce,503,1,0.5841664611490786,549253.0,0.6976311463023416,0.5272108189262006,0.9333185253426016,0.9642806856521651,0.9295299751787458,0.9634502559230544,0.8300327899893127,0.5743226608347153,0.6802544900666843,0.07047002482125424,0.0009686038744154976,0.1400350077891368,0.1092404773229247,0.14609423430050114,0.8111499650232123,0.40786967595622575,0.14035168371102813,0.15511212501342733,0.13147893593662666,0.10793526262356398,0.08738231743841181,0.14516625307463046,-0.057783935636218656,0.0838429648996,0.10923745523465507,-0.025394490335055073,0.04075353252508407,0.05652222199969777,-0.015768689474613705
shallow,taylor,full_ce,503,2,0.5239017882600158,549253.0,0.6838924867046698,0.5667581913403952,0.916191627537765,0.9555854843403853,0.9113713694823738,0.9536251040191174,0.8135394799846337,0.6283226829564437,0.6656794649854711,0.08862863051762618,0.0002004008016032064,0.13712154326966589,0.10857036122723675,0.18892292429269317,1.0349150971521406,0.4654032425790086,0.15673408550643633,0.17132469007907103,0.14430435518786425,0.11552875472940481,0.08655209894165349,0.15807469417554387,-0.07152259523389039,0.08251752835214372,0.12440532869187788,-0.04188780033973416,0.03951002543454474,0.07240561271399519,-0.03289558727945045
shallow,taylor,full_ce,503,3,0.5090067005169117,549253.0,0.6751624479065204,0.5167066707236806,0.9252348189267969,0.9601474424175691,0.9209628875071488,0.9588362481593342,0.8138926869766756,0.5701854735046304,0.6564730711536203,0.07903711249285113,0.0006680026720106881,0.14672846626215788,0.11776135009137072,0.1981366667792843,1.0879226284043448,0.4786415271436485,0.15353064374098396,0.1693019428205217,0.1432365412660468,0.11163479307642288,0.08471323779751772,0.1649658718295576,-0.08025263403203989,0.08172190229275034,0.12325649564044257,-0.04153459334769223,0.040558722483081566,0.06441111837350001,-0.023852395890418446
shallow,taylor,full_ce,503,4,0.502164065202926,549253.0,0.6997340023632097,0.5425498256364069,0.9388387500842053,0.9636747816193075,0.9357997970395503,0.9665920466535858,0.8307501279009856,0.59438730842092,0.682909921376896,0.06420020296044968,0.008450233800935203,0.13856961023506056,0.11432026542759377,0.1651161484991523,1.0594546157028037,0.44000155471383484,0.1366961127203675,0.15203339808794852,0.12926866125446743,0.10554157427105539,0.09420977218149014,0.14989085175684067,-0.055681079575350526,0.0859148698322995,0.11059202225568181,-0.02467715242338231,0.04189326230352861,0.052141727036538715,-0.010248464733010103
shallow,taylor,full_ce,503,5,0.49514704171796925,549253.0,0.610924291719845,0.46599777980962004,0.9251274003055059,0.9602952209312462,0.9208242427976961,0.9587735936065186,0.8163196195560152,0.5714519818984545,0.5885063535863727,0.07917575720230381,0.00023380093520374083,0.21723700350270453,0.1150808857086189,0.26745504251905816,1.4067898540951174,0.5827743639132065,0.1634994862719609,0.18123123587854778,0.1553835846140121,0.12689687274831243,0.08270323512115546,0.2271940253398707,-0.14449079021871525,0.08499725991482977,0.12410492068318243,-0.03910766076835266,0.04161106084081471,0.06557087535252425,-0.02395981451170954
shallow,fisher,minimal_ce,101,1,0.7085493665740389,549253.0,0.7226833535729437,0.5469327878199007,0.9580630419861157,0.9599293629169479,0.9578346777377035,0.9773703021812301,0.8445525104095927,0.62419094162206,0.7088846225686628,0.04216532226229654,0.03797595190380761,0.12889529050880683,0.1200547646602338,0.06202824379167809,0.6766249881791923,0.3357130446850027,0.11745118673301132,0.1335890746158874,0.11509268042231904,0.100108983902604,0.08156350534271092,0.11429523370832749,-0.032731728365616566,0.07345430976253202,0.08432907967730718,-0.010874769914775165,0.03911130207754896,0.030135474908648655,0.008975827168900306
shallow,fisher,minimal_ce,211,1,0.7047557694640524,549253.0,0.6606827818873998,0.5037056682110235,0.9436416369141362,0.9537822431804561,0.9424008257062696,0.9693441095233803,0.8326891250480197,0.5743695295995308,0.6431285178687998,0.05759917429373037,0.03483633934535738,0.18192304063252798,0.11734926720494192,0.12334318008266357,0.7711643467195574,0.4105792153325353,0.13907813581961925,0.15657156173930775,0.13534400358304827,0.13624729081826595,0.08430541116753118,0.17903771121869158,-0.0947323000511604,0.07794040269238402,0.10067855796873208,-0.022738155276348065,0.0378969254605801,0.04334250336365937,-0.005445577903079271
shallow,fisher,minimal_ce,307,1,0.7124011972171009,549253.0,0.7086224381113986,0.5450119671135374,0.9526083608100456,0.9552507354916993,0.952285038117667,0.9743571556637881,0.8371278809583198,0.6218778883145251,0.694232572648865,0.047714961882333005,0.041783567134268534,0.13591417892484878,0.12213828654395326,0.08571253851704358,0.7030661233266826,0.36272116254966386,0.1248412237469193,0.14146996010945775,0.12181016762766886,0.11501153684017526,0.0818620926968082,0.12865473652396983,-0.046792643827161626,0.07688260237085642,0.09518200173690448,-0.01829939936604806,0.040322037385321516,0.03680089139249126,0.003521145992830259
shallow,fisher,minimal_ce,401,1,0.7080666459418248,549253.0,0.7253014548850893,0.5479791320804432,0.9627020699022126,0.9479043282133541,0.9645127312430076,0.9799599708096031,0.8481137108035823,0.5988674916480752,0.7134252368032381,0.03548726875699241,0.06870407481629927,0.12989276216848028,0.12119473227128919,0.06906148151941909,0.6678842214666484,0.3385542055822615,0.11225200408554892,0.12911536213730285,0.11244399211292429,0.09797681192151782,0.08430359051293301,0.11441721756640383,-0.030113627053470815,0.07667140643747053,0.08398497595825603,-0.007313569520785504,0.04040942880603292,0.02679457372103566,0.013614855084997258
shallow,fisher,minimal_ce,503,1,0.7088783309195303,549253.0,0.71392782561042,0.561000002164279,0.9489888994689151,0.968428697061787,0.9466102331349302,0.9722921067413508,0.8396239984123892,0.6289472643845568,0.6979971616346982,0.05338976686506981,0.009752839011356046,0.13294294577643925,0.11567012572379277,0.0691332815556892,0.6775022970084597,0.3424440669581146,0.12624418983601363,0.1415566232683299,0.12073689174205693,0.10911591242378993,0.08598587536162752,0.12747313168976773,-0.04148725632814021,0.07595042721660146,0.0917537091285801,-0.015803281911978634,0.039923314028325746,0.040021629376626074,-9.831534830032768e-05
shallow,fisher,full_ce,101,1,0.5725203100725232,549253.0,0.6957758992668224,0.5296456720660465,0.9392338321320047,0.9675347549597348,0.9357709127250811,0.9667996960087218,0.8294683870638849,0.5974386917830868,0.6782768773360189,0.06422908727491898,0.0007014028056112224,0.14140027305305278,0.1160937623360093,0.1584865557843237,0.8422663723187964,0.4152332659230494,0.13790229639164467,0.15334863896965517,0.13024180113718087,0.11178566266838466,0.08661764250718704,0.14625682517892483,-0.05963918267173779,0.0837592147880849,0.10971810804856778,-0.025958893260482882,0.040921032748114254,0.0507744154333249,-0.009853382685210646
shallow,fisher,full_ce,101,2,0.5234217746473678,549253.0,0.6857768642137594,0.5109475968847894,0.9311446637524056,0.9631940389615585,0.9272230812631304,0.9622133831306571,0.8217651974590945,0.5614199627555472,0.6677090694821812,0.07277691873686967,0.0008350033400133601,0.14382848108943933,0.11568553069150975,0.17507343160582167,0.9800909307605398,0.4577420885581025,0.14617565432809046,0.16166247612666657,0.13698077206678888,0.11839633220538184,0.09013150588162468,0.15976972360642547,-0.06963821772480079,0.08367546467656982,0.1173375475418432,-0.03366208286527338,0.04203163205298833,0.059974183117798174,-0.017942551064809846
shallow,fisher,full_ce,101,3,0.5102169933987631,549253.0,0.6773963910984555,0.5247089330343461,0.929615313889956,0.96229085461851,0.9256171133786367,0.9613421210784887,0.8156878524104556,0.586606583617016,0.6588569899078205,0.07438288662136322,0.0010354041416165665,0.14626439160968432,0.12049573186113192,0.20185112216485496,1.1017941027448521,0.47815379532070257,0.15035466351572044,0.1663768791431271,0.14094105994869394,0.11220243976065324,0.08425443283878285,0.16227312367888752,-0.07801869084010467,0.08184388615082666,0.12158331406473884,-0.039739427913912176,0.0425141055214992,0.06198600644875859,-0.019471900927259388
shallow,fisher,full_ce,101,4,0.5043325889724906,549253.0,0.6784268816010108,0.5166138610781807,0.9313176259392302,0.9635373020584652,0.9273752053193354,0.9623106741797546,0.816991441102734,0.5864228490683634,0.6599045277125741,0.07262479468066464,0.0003006012024048096,0.14655323475437743,0.12091744285238382,0.19025490686205054,1.0996194595366666,0.47476786956175576,0.14892727031076755,0.16498444250645877,0.13982518074548522,0.11455680669783787,0.08351706772653039,0.16050526806407975,-0.07698820033754936,0.08302731163962691,0.12146315086126065,-0.03843583922163374,0.04327695979812582,0.06104654867611101,-0.017769588877985187
shallow,fisher,full_ce,211,1,0.5743086451497913,549253.0,0.6859680329465656,0.5129382413372323,0.9352830116540101,0.9656185660326191,0.9315711334012435,0.9645638520586183,0.8160447007116939,0.5486380221161499,0.6678823753689971,0.06842886659875644,0.00033400133600534405,0.13757598981731634,0.12611276821493012,0.17278490508355326,0.8558907590733108,0.42745411652862547,0.14600193353518323,0.1622680258460127,0.13741172101017202,0.11078907277532249,0.08470049321533064,0.1541475422073252,-0.06944704899199457,0.08093902081554402,0.12032160042821796,-0.03938257961267394,0.04263608937957553,0.05644029254278083,-0.013804203163205297
shallow,fisher,full_ce,211,2,0.5233948819703821,549253.0,0.6906179847902515,0.5634070749602982,0.9287632475380199,0.9619976318759684,0.9246966665575481,0.9608550324598991,0.8198043524568823,0.6552474804306967,0.6728215931432489,0.07530333344245185,0.0007014028056112224,0.1366343611656169,0.11524071224868239,0.16665616304468617,0.9770054576701128,0.4479908187678218,0.1472185859703998,0.16243406954536435,0.1373137697927913,0.1151121693570305,0.09316835775134592,0.15796545489965463,-0.06479709714830871,0.08273418624932408,0.11835711411680956,-0.035622927867485485,0.0410266307148072,0.06135059799400276,-0.02032396727919556
shallow,fisher,full_ce,211,3,0.5118585589765495,549253.0,0.6737386960107637,0.49708261886217986,0.9332074654121143,0.9644737503138314,0.9293817023644699,0.9633859831571131,0.8210369356198327,0.5684156782082825,0.6549537562125346,0.07061829763553001,0.0004342017368069472,0.15579043852166227,0.11863750763027307,0.19783532492782183,1.0622032403967243,0.4799590026929104,0.147409754703206,0.16354503298115805,0.13898367419021834,0.12879328942556395,0.0822244029618409,0.16390078888963738,-0.08167638592779648,0.08366272009438273,0.1180530647989178,-0.03439034470453507,0.04360649828039173,0.05948624768549284,-0.01587974940510111
shallow,fisher,full_ce,211,4,0.5025388480262114,549253.0,0.6052711591925761,0.4378747043965614,0.9522842842915742,0.9270040899546128,0.9553775853868476,0.9742677380587694,0.7825319115234691,0.5252419891391706,0.588358080772097,0.044622414613152375,0.10136940547762191,0.18748038273642292,0.1795391218783277,0.15143577933081434,1.3347891273358181,0.557769985082777,0.1579910957852453,0.18280901515330822,0.1596060467580514,0.11980688114643172,0.0802562753412362,0.2304001980872203,-0.1501439227459841,0.07928222513122368,0.15217759393212235,-0.07289536880089867,0.04257600777783644,0.039378938303477634,0.003197069474358806
shallow,fisher,full_ce,211,5,0.5014243679842015,549253.0,0.6698443158253118,0.5155070064884096,0.9276016699043974,0.9615092568387982,0.9234527154144032,0.9601906922404636,0.8220419369580139,0.6105122310919016,0.6508348529692113,0.07654728458559674,0.0004342017368069472,0.1609722845374562,0.1116455779077358,0.20848635482485006,1.1708967830032315,0.48712697169206387,0.150526715375246,0.1661642266860627,0.14114278847816944,0.12590580104000657,0.08407236737896744,0.1696431334922158,-0.08557076611324836,0.08333682292131313,0.11672216628766707,-0.033385343366353945,0.04076081514347669,0.06224636005629464,-0.021485544912817955
shallow,fisher,full_ce,307,1,0.5743450215310411,549253.0,0.6928883410741498,0.515172684718573,0.948928817867176,0.9708204617888362,0.9462501420145462,0.9722501140128466,0.8384842686339447,0.5823214129009525,0.6754481401389913,0.05374985798545386,0.004609218436873747,0.15398998291974203,0.11681201895581278,0.14287868482175553,0.8563951080028899,0.4321287446541462,0.1303710069251632,0.1463565970509037,0.12524865590174292,0.11204510495047959,0.08943601582512976,0.15196275668954015,-0.06252674086441039,0.08545424421896648,0.10239725590938967,-0.016943011690423185,0.044108998949482295,0.044267395899521715,-0.00015839695003942028
shallow,fisher,full_ce,307,2,0.5231120175252667,549253.0,0.6977021518316695,0.5468190022596136,0.9392866311153513,0.9676413627453117,0.9358171276282319,0.9668291702766607,0.8333700498677294,0.6238491935114878,0.6803045562117644,0.06418287237176809,0.0005344021376085504,0.1434895717996661,0.11202299961680143,0.1722444007326604,0.978910794877853,0.446263690345334,0.13626112799262513,0.15138524505100565,0.128668391433456,0.11262986705574132,0.08990210340225725,0.14761503350914787,-0.05771293010689062,0.08430176985833486,0.10635900031497325,-0.02205723045663839,0.040358450477284605,0.05015903417914877,-0.009800583701864166
shallow,fisher,full_ce,307,3,0.5133222526323195,549253.0,0.6815074291810878,0.532081116640984,0.9313121639754357,0.9631724567317054,0.9274137177386278,0.9623092961478097,0.817462990643656,0.5965710634783171,0.6632069676668984,0.07258628226137223,0.0010688042752171009,0.14379381991207615,0.12041293015965324,0.174792480319588,1.009452662099402,0.4575986650932348,0.1482279872238598,0.16416514793728937,0.1390776199674831,0.11097167696677548,0.08911922192505094,0.16302687468252336,-0.07390765275747242,0.08443831895319644,0.12240260863390824,-0.037964289680711805,0.043185927068218104,0.06096097790999776,-0.017775050841779653
shallow,fisher,full_ce,307,4,0.5032053181395292,549253.0,0.683198817302773,0.5113112865472138,0.930217950561945,0.9629557645271498,0.9262121302567046,0.9616841078219283,0.8219254150637321,0.5780181829197771,0.6649515802608447,0.07378786974329547,0.0003006012024048096,0.14672461502022865,0.11453593497563126,0.19410563740613543,1.0689241584096905,0.4665433355755408,0.1470371273954504,0.1624963359326212,0.13772050403001895,0.11434724440058412,0.08640280526460484,0.15861906990039198,-0.07221626463578715,0.08204779946581994,0.11554966472645575,-0.03350186526063581,0.0395154873983392,0.05838475165360954,-0.018869264255270343
shallow,fisher,full_ce,307,5,0.4997246233854428,549253.0,0.676706363005755,0.5318942814940281,0.9324518937538803,0.9642315565268523,0.9285633134545063,0.9629557148006402,0.8216814473475793,0.6198823396147328,0.65807326217522,0.07143668654549376,0.0001002004008016032,0.15333334617080643,0.11715670510847986,0.1993516378060552,1.1677936276974175,0.4849951242587306,0.14709174703339506,0.16300320617274736,0.13841981746117,0.11448505992773338,0.08568728800753023,0.16439600694033532,-0.0787087189328051,0.08535592887066616,0.11910176184745463,-0.03374583297678847,0.0420207081253994,0.05865602918873452,-0.016635321063335116
shallow,fisher,full_ce,401,1,0.5738368151973492,549253.0,0.6955920131524088,0.546937854817728,0.9340777383100319,0.9649811854933297,0.9302963723226647,0.9638800604127138,0.8235203084917151,0.6180290815279537,0.6780612077879814,0.06970362767733525,0.00033400133600534405,0.13530375707906406,0.11693140745561925,0.16342364265530904,0.8591457105743289,0.4205719568324298,0.14250870424619136,0.15783509603042678,0.13360582463819043,0.11235408270612145,0.08627718009733219,0.14610024888348358,-0.05982306878615139,0.08136869530070842,0.11327566713336112,-0.0319069718326527,0.04151820745630884,0.05652768396349223,-0.015009476507183393
shallow,fisher,full_ce,401,2,0.5242725929875767,549253.0,0.6457443109095444,0.485708876910646,0.9340631730732467,0.9645800516015224,0.9303291078790633,0.9638735934881494,0.818324160268583,0.5653433551521605,0.6253877719217504,0.0696708921209367,0.001169004676018704,0.18252961123638345,0.12241172472092939,0.2165926930977522,1.1406201818940815,0.512608012186845,0.15252184937239002,0.16987071531698508,0.1451476823977293,0.11976483744477699,0.0862844627157248,0.19595523374474058,-0.10967077102901578,0.08273236559472592,0.11983548565051079,-0.037103120055784866,0.04314951397625502,0.058173555720223646,-0.015024041743968625
shallow,fisher,full_ce,401,3,0.5131151342606911,549253.0,0.666139283718068,0.5148095858866519,0.9330945848270287,0.9645399541144719,0.9292469088969465,0.9633212494809799,0.8245125652477091,0.600052105647158,0.6469008093384915,0.07075309110305346,0.00016700066800267202,0.16750399084944917,0.11484210870900594,0.19302633363350685,1.0582965974742928,0.4873571583120347,0.14758514442949486,0.16372564191729494,0.13949181888856318,0.12411207464215378,0.08525761352236583,0.17453341174285802,-0.0892757982204922,0.08362266569322334,0.114537380769882,-0.03091471507665866,0.0431185628480864,0.059111192838273076,-0.015992629990186677
shallow,fisher,full_ce,401,4,0.5051979094452725,549253.0,0.629258283523258,0.49785238910867735,0.9372274707648388,0.966426526039275,0.933654655284963,0.9656660651904608,0.8107866502322245,0.6411659382346756,0.6079300922565004,0.06634534471503697,0.0008016032064128256,0.19199403827749353,0.13373052475096908,0.2202822074215589,1.5917434361219411,0.5753049193257614,0.15621489550352932,0.1749252166123808,0.14975284613830056,0.14354699795357634,0.08671959916468366,0.21287639757998592,-0.12615679841530225,0.08540508654481632,0.13004571663695966,-0.044640630092143335,0.04326239456134059,0.055122138613717175,-0.011859744052376588
shallow,fisher,full_ce,503,1,0.5732478479351094,549253.0,0.6944450007555717,0.5225634935591089,0.9386803531341659,0.9669273154467535,0.9352240363711288,0.9664884958429019,0.8305425732767959,0.5716514194398734,0.6769077608301737,0.06477596362887122,0.0013694054776219105,0.14394401834731654,0.11437225719363851,0.15581788571251307,0.8594013098517245,0.427478374886164,0.13801548041916326,0.1533919705490912,0.130359051293302,0.10630130480709993,0.08823620444494613,0.14920628562793467,-0.060970081182988536,0.08411788374392129,0.10900259079149317,-0.024884707047571883,0.04270527425430539,0.053112135937354914,-0.010406861683049523
shallow,fisher,full_ce,503,2,0.5201429947108116,549253.0,0.6444898798914162,0.5277311614802559,0.912344584371865,0.9533464814591301,0.9073275654566706,0.9513941681078303,0.8079955867332541,0.6078032237443828,0.6240302091416929,0.09267243454332937,0.0006346025384101537,0.17293231634871456,0.11036503996626312,0.20589858901266883,1.0752593097092913,0.49732503145564944,0.16705492125972307,0.18295211860472313,0.155006891177654,0.12340976541312612,0.0858475056121678,0.19677270765931182,-0.11092520204714403,0.08198043524568824,0.12941212883680198,-0.04743169359111374,0.03845222511301714,0.07519485555836745,-0.03674263044535032
shallow,fisher,full_ce,503,3,0.5125052113859346,549253.0,0.6780682126451745,0.5293902115827832,0.9313303705214173,0.9628516024538514,0.927473411988531,0.9623212439374035,0.8160556246392828,0.5937405824592036,0.6596099077049872,0.072526588011469,0.0017702070808283234,0.1459428129085927,0.12192069137495114,0.1981739854227779,1.0792846046228155,0.4769364796601133,0.1492325333983914,0.1653933615292042,0.14018985786149551,0.11201606188035516,0.08573644568168039,0.16308331497506615,-0.07734686929338576,0.08333500226671497,0.1227066579518,-0.03937165568508502,0.041895082958126766,0.059651927253924875,-0.01775684429579811
shallow,fisher,full_ce,503,4,0.5047396301033611,549253.0,0.6916011382732548,0.5182220933765025,0.9467294671126056,0.9693898533688001,0.943956727445683,0.971021425663851,0.8339417354115499,0.5985640918297368,0.6741194616734031,0.05604327255431695,0.005177020708082832,0.15054697263500047,0.11929029313727944,0.17403953347422282,1.1146346129246714,0.4572222446963646,0.13317618049726931,0.14929841075060127,0.12753485188064517,0.11664980913876447,0.08898085217559121,0.15279479584089664,-0.06381394366530543,0.08639552264621222,0.10788106755903018,-0.021485544912817955,0.043823156177572084,0.0461809038821818,-0.002357747704609718
shallow,fisher,full_ce,503,5,0.4985795082638106,549253.0,0.6721638297833603,0.5049340831457982,0.9302106679435524,0.9629676505415385,0.9262025021518814,0.9616798792374364,0.8202995705075803,0.5792483509214041,0.6532784659733147,0.07379749784811858,0.0002672010688042752,0.15667622416538773,0.11624781201317895,0.2063135293449114,1.1759604175637224,0.4854947712320475,0.14942324696754805,0.16535731256816075,0.14041707555534516,0.11851558370495273,0.08601864714439429,0.16926989929959418,-0.08325125215519989,0.08416340010887514,0.11929110992566268,-0.03512770981678753,0.04158375102184239,0.06046029789550535,-0.018876546873662955
shallow,fisher,full_ce,503,6,0.494492105844389,549253.0,0.6773982117530537,0.5226772030394874,0.9328342312194926,0.964229162396004,0.9289927269296167,0.9631740714158082,0.8200701680282129,0.6046827381589233,0.6588300312143158,0.07100727307038338,0.0005344021376085504,0.1508974356505614,0.11926526006473938,0.20634646277734964,1.225275474745043,0.4927032335257785,0.14730461190016259,0.16334694576087888,0.1386548639697917,0.11770542131887778,0.08728582274470963,0.16530269293021613,-0.0780168701855065,0.08523394501258982,0.12059105730874478,-0.03535711229615496,0.042029811398390175,0.0582827949961129,-0.016252983597722724
shallow,saber_v2,minimal_ce,101,1,0.6890001349284294,549253.0,0.6796849539283354,0.5160771056411153,0.9496188459598764,0.9594138992358,0.9484203168416735,0.9726757286768583,0.8468301493118836,0.6115591211900349,0.6629239013850992,0.05157968315832648,0.02959251837007348,0.17678163265699107,0.1087147827995833,0.10841334626491787,0.7058477723847995,0.3841163904176989,0.1284232099475712,0.14483817111604308,0.12545093062759785,0.10805828626555665,0.08203505488363286,0.15776518289385766,-0.0757301280102248,0.07504009991752435,0.08363723093000858,-0.00859713101248423,0.03798067557209519,0.037449044429434156,0.0005316311426610335
shallow,saber_v2,minimal_ce,211,1,0.6823678600607523,549253.0,0.7180534289298375,0.5353880155000867,0.9472720221828557,0.9431122822278173,0.9477810106814195,0.9714205640493768,0.836882092587569,0.5653166968727638,0.7053472568566549,0.05221898931858051,0.061556446225784905,0.12567950349789048,0.11675425032687416,0.0864506862599745,0.671729964758576,0.34439725050471093,0.12521112007277763,0.14138548173610338,0.12181417306778479,0.13197519634291477,0.08060948233327811,0.11797113534200086,-0.03736165300872275,0.07281525999857989,0.09136044773537878,-0.01854518773679889,0.03695746768793252,0.03877266032229228,-0.0018151926343597594
shallow,saber_v2,minimal_ce,307,1,0.6857498025432521,549253.0,0.7013179718636039,0.5415910183165246,0.950629309261852,0.9581542118332351,0.9497085572670046,0.9732444408485765,0.8387209537317047,0.6249249800065102,0.6860236504766875,0.05029144273299532,0.033400133600534405,0.1453246885789495,0.1183602182113677,0.09364005538610821,0.7191459278675355,0.37257855906660353,0.1268598745326228,0.14326803859059487,0.12329545764884306,0.11712189834548663,0.08058399316890395,0.1346811032438603,-0.05409711007495634,0.0774124128589193,0.09411873945158242,-0.01670632659266312,0.03834480649172604,0.03680271204708941,0.001542094444636627
shallow,saber_v2,minimal_ce,401,1,0.6806342109704163,549253.0,0.6710441272054954,0.5177955003610147,0.9472010166535276,0.9565143495145424,0.9460614311600133,0.9713326558613845,0.8398479389279622,0.5946815738809331,0.6539832432463659,0.05393856883998668,0.03303273213092853,0.1785358733557604,0.11354231455788706,0.10650430634036047,0.7288822466230894,0.3841285557391626,0.13325902028148534,0.1502513413672752,0.13003661336396888,0.13673388180038618,0.08323668691841464,0.16760764165147937,-0.08437095473306473,0.07763271206529596,0.09321205346170162,-0.015579341396405669,0.0388272799602369,0.04071347812392467,-0.0018861981636877703
shallow,saber_v2,minimal_ce,503,1,0.6853056500805954,549253.0,0.7213633789892818,0.5546162905026913,0.9614713073938604,0.9716934273890996,0.9602205221128683,0.9792218146399705,0.8498487946356232,0.6206394119579532,0.7062696292987081,0.03977947788713165,0.016833667334669337,0.13589299709423797,0.11805789571992228,0.07715936647471851,0.6445936899530192,0.3353202732438196,0.11506597748821278,0.13083223942336228,0.11251481557679248,0.11423970966075067,0.0822007344520649,0.11625243740134328,-0.03405170294927838,0.07582116074013251,0.08139964642887704,-0.005578485688744528,0.039693911548958315,0.027309818972313306,0.012384092576645009
shallow,saber_v2,full_ce,101,1,0.5668134660317191,549253.0,0.6265837419185694,0.47846740723531567,0.9166231226775274,0.9554831880420157,0.9118681796912459,0.9538768336715733,0.7963106255223003,0.5643457482403563,0.6051071319223666,0.08813182030875406,0.0009018036072144289,0.17951216318482302,0.12724888458405625,0.2334451160305912,1.284437750241502,0.5584944371703223,0.17178407157842865,0.18949008926669494,0.16081295869116782,0.1396896008002577,0.0853504669068717,0.21418180692686248,-0.12883134001999078,0.0778894243636357,0.13700607916570323,-0.05911665480206753,0.03830293143596849,0.0707670235756564,-0.03246409213968791
shallow,saber_v2,full_ce,101,2,0.5234859278037591,549253.0,0.6732635051606455,0.5015008129779273,0.9194851917058259,0.9549351455425552,0.9151475121939947,0.9555422184556643,0.8089951261076408,0.5407747878291276,0.6547303841806387,0.08485248780600524,0.005277221108884436,0.1435569685334278,0.1168601594799283,0.19423537167179972,1.141593148049892,0.48254972849178474,0.1581660303478846,0.17384010647188092,0.1468607363091326,0.11179110765632638,0.08549611927472403,0.16764769605263877,-0.08215157677791474,0.08116478198571514,0.12759693620244222,-0.046432154216727084,0.04095380453088103,0.0705558276422705,-0.029602023111389472
shallow,saber_v2,full_ce,101,3,0.508155500904563,549253.0,0.6654000979512174,0.5417283792901331,0.9229207669325429,0.9463181679838693,0.9200578456537772,0.9575762677216484,0.8095813768882464,0.6293890032302988,0.6476903139339859,0.0799421543462228,0.027421509686038743,0.15249377543023188,0.11987375628955947,0.20570896354112853,1.201214224742043,0.49986840719463965,0.15665807317696337,0.17332121991140695,0.14746828874853665,0.118534839700796,0.08309103455056231,0.1731060185379051,-0.0900149839873428,0.08076423797412122,0.12661014141024263,-0.04584590343612141,0.03982499868002542,0.06599144656469787,-0.02616644788467245
shallow,saber_v2,full_ce,101,4,0.5031913534713415,549253.0,0.6764150582700504,0.5021511835650625,0.9357509198857357,0.9454547868821828,0.9345635483802639,0.9649197624934017,0.8153455693460027,0.559979477828092,0.6602761725587459,0.06543645161973607,0.04365397461589846,0.14694028456826616,0.1273470912532519,0.1856915920624199,1.1817380930258023,0.48449147222125266,0.1458221438936155,0.16332655442937954,0.13986396068842594,0.12568895819745668,0.08161084236226293,0.1606108660307727,-0.07900002366850978,0.0798266008560718,0.11990831183443695,-0.04008171097836516,0.04178948499143382,0.05512577992291348,-0.013336294931479663
shallow,saber_v2,full_ce,101,5,0.49783181409242344,549253.0,0.6536969301942821,0.5050421667392896,0.9197291594219785,0.9528137344937169,0.9156809092011946,0.9556956364889729,0.8017234316426128,0.5759395464002817,0.6343110994718022,0.08431909079880534,0.010053440213760855,0.1565606869075105,0.12480912282188199,0.22434768704691807,1.5742185899770664,0.5272126038182897,0.1635337752668928,0.18046037072168927,0.15293444004857507,0.11899334890426205,0.08092991754255326,0.1826480692868314,-0.10171815174427813,0.08155440206972014,0.13525825075147518,-0.05370384868175504,0.04151274549251438,0.07087080088775118,-0.029358055395236796
shallow,saber_v2,full_ce,101,6,0.49192999134173215,549253.0,0.6559217701132265,0.5158658661505968,0.9180978529020324,0.9540755859044912,0.9136955939866709,0.9547422314288215,0.807440287080817,0.6029416666864033,0.6364042494603447,0.08630440601332914,0.00554442217768871,0.16025402791765275,0.11703731660867338,0.20848726983724106,1.3278913788327003,0.5192380992542105,0.16225734467237016,0.1784794985188975,0.15121464971515858,0.1226907172342605,0.08308921389596416,0.18258252572129782,-0.09949331182533366,0.08282339832463363,0.13081039156818441,-0.04798699324355078,0.03902026934764125,0.07000963126282424,-0.030989361915182985
shallow,saber_v2,full_ce,211,1,0.5646929999496287,549253.0,0.6818224024265684,0.5124642024428707,0.9327850735453425,0.9641716920003458,0.9289445864055011,0.9631462729000623,0.8143132581888493,0.5656426898202548,0.6635131414002731,0.07105541359449889,0.0006012024048096192,0.1401293632164032,0.12530208178882485,0.17686990910492106,0.902291428722617,0.44251104641004846,0.14850806458954252,0.1647830781079029,0.13951257435098213,0.11497482932617992,0.08371733973232737,0.15731001924431912,-0.07359267951199175,0.07950252433760034,0.12061654647311895,-0.04111402213551861,0.04204801794437172,0.05835015921624461,-0.01630214127187289
shallow,saber_v2,full_ce,211,2,0.5176957618236643,549253.0,0.6910695071305938,0.5676862550037842,0.9301250971774392,0.9627492886293725,0.926133179797155,0.9616319348985539,0.8219563661919006,0.6541475289510149,0.6732952959005455,0.07386682020284491,0.0006346025384101537,0.13843289114657248,0.11440499275003707,0.1768956689282154,1.0126376644212218,0.4485470215038424,0.1457478004975242,0.16093967625119937,0.1361685780505523,0.11514701225572507,0.09291346610760433,0.15725904091557077,-0.06434557480796645,0.0836918505679532,0.11716276470042039,-0.033470914132467194,0.03988325962716635,0.058845377266942556,-0.018962117639776205
shallow,saber_v2,full_ce,211,3,0.509722225321247,549253.0,0.6599308515383621,0.4903932135365307,0.927243000948561,0.9612723714048291,0.9230791449472668,0.9599858215112507,0.8115458631996548,0.563915812918415,0.6403556236797461,0.07692085505273313,0.0005344021376085504,0.16035608582877764,0.12236743543874311,0.19986682963142235,1.0927548382823162,0.4943111730903197,0.15585288868092967,0.17248663184361307,0.14638299654257692,0.13454703709240018,0.08024717206824541,0.17573140246844351,-0.0954842304001981,0.08325125215519988,0.1271326692799129,-0.043881417124713024,0.04275443192845556,0.06459864579710989,-0.02184421386865433
shallow,saber_v2,full_ce,211,4,0.5083758513528301,549253.0,0.6371544625154528,0.4661846527020784,0.9183891576377371,0.9547804395527892,0.9139362966072484,0.9549072845483636,0.7638465333826124,0.5496565042920394,0.6164875518232742,0.08606370339275157,0.004375417501670006,0.13399626044408672,0.16345248433988752,0.15857439158443665,1.269411336451111,0.5157144863275486,0.17981862032008322,0.19957942878782636,0.16794610134127624,0.12479456112300003,0.07786029389006524,0.1961209133131726,-0.11826061942310737,0.0791220075265861,0.17070275446834154,-0.09158074694175544,0.04255598057725675,0.07325403775673506,-0.030698057179478308
shallow,saber_v2,full_ce,211,5,0.49904515448571235,549253.0,0.6519563843984466,0.5092855700985932,0.9210218241866681,0.9581398205499545,0.9164800419015122,0.9564143604830502,0.8121539618354383,0.6171795876364325,0.6319021476450618,0.0835199580984878,0.0002004008016032064,0.169433463055999,0.11514443120045137,0.22245910465503158,1.2752937787498595,0.5222696997407211,0.16010351028275374,0.17633403914043255,0.14965817209919655,0.13260641066242496,0.08158717385248693,0.1850458713926005,-0.10345869754011358,0.08335320881269652,0.12662652730162602,-0.0432733184889295,0.039500922161553965,0.06756631279210128,-0.02806539063054731
shallow,saber_v2,full_ce,307,1,0.5656236959295707,549253.0,0.694414049627403,0.5054885164717335,0.941480519906127,0.9681405846111414,0.9382183769711138,0.9680687462745877,0.829162517091395,0.5580113859649992,0.6769077608301737,0.06178162302888624,0.0019372077488309953,0.1425171332125327,0.11879348292840734,0.143823901595543,0.8439364842836499,0.4241440046503914,0.1370573609368846,0.15281773608883337,0.12994539856860135,0.15445330739324778,0.08542875505459233,0.1464297873657495,-0.061001032311157166,0.08450568317332814,0.11077044640630092,-0.026264763232972776,0.0431422313578624,0.050748926268950736,-0.007606694911088334
shallow,saber_v2,full_ce,307,2,0.5195900570119705,549253.0,0.6916102415462455,0.5451993458813805,0.9408141603232026,0.9685750587905136,0.9374173186498316,0.9676901883844498,0.8312034708959259,0.6382918565291024,0.673846023496427,0.0625826813501684,0.0002672010688042752,0.14764121059938803,0.11593008455401656,0.17570498461299883,0.9815995940573008,0.4543652015348003,0.13724579868779355,0.1528650731083854,0.13007557537236938,0.11952404133344625,0.08603139172658138,0.14983623211889602,-0.06380484039231464,0.08336777404948174,0.10759158347792365,-0.024223809428441906,0.04225375191396315,0.050526806407975924,-0.008273054494012777
shallow,saber_v2,full_ce,307,3,0.5086930358987126,549253.0,0.6865215119444045,0.5315269144332572,0.9377882323810703,0.9666601226425549,0.9342554490259246,0.9659834825268389,0.8262549316981428,0.6072507919907211,0.6685024253196049,0.06574455097407536,0.0009352037408149633,0.14778948341366382,0.11796354029265588,0.1882978120251379,1.0186723751156994,0.46249822326754386,0.14122908750612195,0.15705804064793455,0.13349294405310486,0.11328115461350897,0.09000223940515573,0.15889580939931142,-0.06889356999415569,0.08779924734138912,0.1169715959676142,-0.029172348626225073,0.04394331938105026,0.055242301817195354,-0.011298982436145091
shallow,saber_v2,full_ce,307,4,0.5036994065062675,549253.0,0.6782247889406157,0.5131521837223398,0.9385310594571172,0.9673834317020145,0.9350006643392328,0.9664018915729073,0.8231015579341396,0.5943215971866407,0.659686932543572,0.06499933566076721,0.00023380093520374083,0.15322936263871692,0.12208436915694389,0.19806419830142133,1.0119989162491068,0.46844504698841677,0.1433202610333186,0.1596968974224993,0.13586780591093722,0.12288604182555717,0.08503549366139102,0.16222578665933549,-0.07719029299794447,0.08320573579024602,0.11553145818047421,-0.032325722390228184,0.04185502855696737,0.05241118391706554,-0.010556155360098171
shallow,saber_v2,full_ce,307,5,0.4971273075183236,549253.0,0.6664761048187265,0.5343497472151907,0.924763269385875,0.960197082372692,0.9204275648789844,0.9585642893240176,0.8193346235705585,0.6423622938639412,0.6472493467330878,0.07957243512101565,3.34001336005344e-05,0.16167128494761349,0.11150693319828311,0.20573232030074529,1.101163266984958,0.4912442386307112,0.1534261078228066,0.169064893591842,0.14347577528024427,0.12180515824776063,0.08331861637533158,0.17225759349516526,-0.08893897711983367,0.08445470484457981,0.12054736159838908,-0.036092656753809266,0.039648395184004454,0.06397234061534485,-0.024323945431340394
shallow,saber_v2,full_ce,401,1,0.5669183671569613,549253.0,0.6923858404050592,0.5430529127663983,0.9329962694787284,0.9643463270415655,0.9291602559535386,0.9632660313100139,0.8249331364598828,0.615870525074338,0.6746778917531431,0.07083974404646139,0.00046760187040748166,0.14018905746630644,0.11429330673408908,0.16555251647526645,0.8369975955243188,0.41629692638886906,0.14310739616655105,0.15834087387779403,0.13414910797027962,0.11633935964309901,0.08418160665485669,0.14721084818835764,-0.06302924153350095,0.08016524261132847,0.11065938647581351,-0.03049414386448504,0.04026377643818058,0.05635472177666758,-0.016090945338486998
shallow,saber_v2,full_ce,401,2,0.5225599250217544,549253.0,0.675158806597324,0.5128668206595929,0.9213695692149155,0.9583237173520758,0.9168478355057548,0.9566145964136823,0.8163214402106134,0.5752162768414413,0.6564422612181864,0.08315216449424528,0.0002004008016032064,0.14930109587089097,0.11110447841667742,0.20055573856229547,1.0510955512498392,0.477565866077649,0.15467340794375875,0.16988746533928809,0.14366312063839431,0.11649129932196113,0.0843563894962795,0.1646126648375157,-0.0802562753412362,0.08346791005238023,0.12257375016613473,-0.039105840113754495,0.040942880603292105,0.06866052620559196,-0.027717645602299855
shallow,saber_v2,full_ce,401,3,0.5095677459876178,549253.0,0.6660154792053935,0.495701080555986,0.9320076540319306,0.9640123680254866,0.9280915363181742,0.9627029267391402,0.8153473900006009,0.5488149491805208,0.6467640902500034,0.0719084636818258,6.68002672010688e-05,0.15794135713914345,0.12338608892902739,0.19229713692143352,1.0570728160674172,0.48240878782165314,0.15120839880103826,0.1678534300222302,0.14259111921100112,0.12846672820818797,0.08289076254476535,0.17229036527793204,-0.08939960273316669,0.08206600601180149,0.1221458963355685,-0.040079890323767006,0.04244856195596565,0.05952812274125039,-0.01707956078528474
shallow,saber_v2,full_ce,401,4,0.5000069345028205,549253.0,0.6738879896878124,0.5151931701424123,0.9335442865127728,0.9647148192783308,0.9297302397590663,0.9635770543724798,0.8334956750350021,0.62732164711198,0.655103954647775,0.07026976024093369,0.0003006012024048096,0.1688095618634619,0.10581672324782934,0.17959960458002105,1.067183447924422,0.46577430500564215,0.14306901069877329,0.15839986308677423,0.13511369077638175,0.11988233804057878,0.08755710027983461,0.16908419253058243,-0.08152709225074782,0.08635182693585652,0.10828343222522226,-0.021931605289365733,0.04106850577056475,0.05661143407500733,-0.01554292830444258
shallow,saber_v2,full_ce,503,1,0.5660649610161825,549253.0,0.6756958997037795,0.501782576045965,0.940122311575904,0.9682406653198716,0.9366817314413466,0.9673000248570718,0.8237242218067083,0.5477874871426948,0.6570103194027495,0.06331826855865345,0.0002004008016032064,0.15656261252847511,0.12310879951012203,0.16576422563765325,0.8662532589773654,0.437034644200445,0.14273992738015692,0.1593178371351636,0.13570904482997817,0.14319954983597996,0.08677057749343199,0.16648975972821267,-0.07971918223478068,0.08233000092853385,0.11403305944619328,-0.031703058517659435,0.043664759227532664,0.05262966246884405,-0.008964903241311384
shallow,saber_v2,full_ce,503,2,0.5215702043148944,549253.0,0.6863958867771318,0.5364471948045538,0.9291856394047916,0.961685937193054,0.9252088817341372,0.9610988147115391,0.8203359835995434,0.6079135069823379,0.6684215492390909,0.07479111826586278,0.001837007348029392,0.1416621575042412,0.11512517499080516,0.18086382835614717,0.9747746846117373,0.4541871136992173,0.14748743596606056,0.16287211904168025,0.1378843629438528,0.11791854413210356,0.08540326589021817,0.1544224610516465,-0.06901919516142833,0.08251934900674189,0.11761064573156632,-0.03509129672482443,0.04174760993567627,0.06164918534810006,-0.019901575412423787
shallow,saber_v2,full_ce,503,3,0.5081365643149867,549253.0,0.670330430603019,0.5058121439584543,0.9293476776640274,0.9624011175786977,0.9253032371614036,0.961188178226734,0.8145790737601797,0.570398233263841,0.6513528450086942,0.07469676283859637,0.000501002004008016,0.15256502340592282,0.12138536874678663,0.20740331059399378,1.1026227835870919,0.4833855082228514,0.1520575824498607,0.16835228938212446,0.14276135041592855,0.11382476961800504,0.08292717563672843,0.1680118269722696,-0.08508465133554118,0.0815562227243183,0.1224044292885064,-0.0408482065641881,0.04131429414131557,0.061053831294503626,-0.019739537153188054
shallow,saber_v2,full_ce,503,4,0.5012509047956614,549253.0,0.6716558671504753,0.5326212098991647,0.9232921804705664,0.9591830726582158,0.9189005474540403,0.957721123181934,0.8101494211228705,0.6197178363733682,0.6527566226919026,0.08109945254595975,0.0005344021376085504,0.1464781355367572,0.11966578922538046,0.1896734665488304,1.143721567646122,0.4811615991981007,0.1563396103435029,0.17228053374310198,0.14564217218658798,0.11992414768853353,0.08348065463456732,0.16723986942265223,-0.08375921478808492,0.08081703695746768,0.126094896158965,-0.04527785920149731,0.040194591563450725,0.06598962591009971,-0.02579503434664899
shallow,saber_v2,full_ce,503,5,0.49836898794512674,549253.0,0.6613618860525113,0.49239000059320626,0.9287195518276641,0.9622735322944342,0.9246138648560694,0.9608285916962738,0.8095504257600777,0.5523857294163886,0.6418422030644332,0.07538613514393054,6.68002672010688e-05,0.15673206717336172,0.12603959461827452,0.216202710533062,1.2156815581252047,0.5028297971062247,0.1555603701754929,0.17241817523072245,0.14624735777501444,0.13750268044024994,0.08325853477359249,0.17731173065964137,-0.09405319588604888,0.08387209537317047,0.12974894993746053,-0.045876854564290054,0.041687528333937185,0.06205519132348845,-0.020367662989551262
deep,random,minimal_ce,101,1,0.4708061491219166,549253.0,0.6626436268896119,0.4905716624540609,0.9162644537216911,0.9556869457849495,0.9114406918371002,0.9536668956860407,0.7977671492008237,0.5514247472128546,0.6431978402235261,0.08855930816289984,6.68002672010688e-05,0.14291381113124454,0.12532904048232954,0.23818996194143383,1.6088355028300385,0.5400575994300569,0.165502054608714,0.1818571769293932,0.15326252200716245,0.17823868564756504,0.024329407395134846,0.009483789801785334,0.014845617593349512,0.04183682201098583,0.008265771875620161,0.03357105013536567,0.008835636764842432,0.00355027646640073,0.005285360298441701
deep,random,minimal_ce,211,1,0.47138124887906907,549253.0,0.6451234676915738,0.48500459500080106,0.9196180994914912,0.9570355367727803,0.915039677419976,0.955607349773864,0.7830216676103726,0.5729261497299638,0.6247195814470271,0.08496032258002399,0.0009686038744154976,0.1458484574813263,0.1444716384916226,0.25029253468044704,1.650121030516878,0.5556189938138951,0.17162355053135803,0.18989828002760112,0.16019393612779537,0.09383862577074072,0.020731793909182106,0.023406335513870658,-0.0026745416046885517,0.03214365693041276,0.013318088385498122,0.01882556854491464,0.01124618345279862,0.0026071773845568434,0.008639006068241776
deep,random,minimal_ce,307,1,0.4724440871289079,549253.0,0.6671424644016509,0.48454352331763295,0.9296571889457136,0.9627221679238701,0.9256113365157429,0.961364,0.8099673556630551,0.5781769066172809,0.6479618264899973,0.07438866348425709,0.00016700066800267202,0.15105918781158953,0.126590322214156,0.2368920507510196,1.6145337039540917,0.531199673715931,0.15398504878443994,0.17071804796696605,0.14468596439163736,0.12519250824913775,0.03450322528962063,0.01515877018423204,0.01934445510538859,0.054406621356642565,0.008635364759045467,0.0457712565975971,0.0210303812632794,0.002352285740815253,0.018678095522464147
deep,random,minimal_ce,401,1,0.47027477611777035,549253.0,0.6647392003320874,0.5517161790660516,0.9169908949063547,0.9560868444237094,0.9122070889810192,0.9540872174696763,0.7956606518307592,0.6355651073002333,0.6454123043328397,0.08779291101898085,3.34001336005344e-05,0.13846947794490028,0.12832530670327913,0.23936595760163018,1.672770279021668,0.5406420338030409,0.16549310305693976,0.18199081297689773,0.15325706004336798,0.07386831725064125,0.030459551427120108,0.013518360391295087,0.01694119103582502,0.043295166344107364,0.011830613578806125,0.03146455276530124,0.009463762601205638,0.0034519611181004018,0.006011801483105236
deep,random,minimal_ce,503,1,0.469812568315214,549253.0,0.6716649704234661,0.5328371346461068,0.9175461945587917,0.9562860780829062,0.9128059571010162,0.9544089104365824,0.8037716680655362,0.5823083373792972,0.6527489202080441,0.08719404289898385,0.00023380093520374083,0.13972305719286826,0.12033397970010379,0.23287224198448672,1.5452381114156342,0.5275880511926891,0.16134929319154076,0.17713476303270076,0.14927419604444583,0.08421525222331327,0.033660262210675224,0.009793301083471552,0.02386696112720367,0.048041612881495416,0.008466043881417125,0.03957556900007829,0.010756427365895134,0.004189326230352861,0.006567101135542273
deep,random,standard_ce,101,1,0.44337254711587853,549253.0,0.6595703619279276,0.5626352118192928,0.9150610010323111,0.9550662653124604,0.9101659307585214,0.9529695808866151,0.7996697332558949,0.6590167976606736,0.639945466414282,0.08983406924147865,3.34001336005344e-05,0.14817653322755256,0.12204393111668685,0.2488587223995208,1.873190749786578,0.5570835594371998,0.16598316258627627,0.18219290563729282,0.15366707145887232,0.05179126256099439,0.025967996533473644,0.014195643901808457,0.011772352631665187,0.04404345538394874,0.008569821193511915,0.03547363419043683,0.008260309911825697,0.004178402302763936,0.004081907609061761
deep,random,standard_ce,101,2,0.4283995634126778,549253.0,0.666044609678964,0.5824558721628067,0.9132858627991108,0.9536239328900333,0.9083500701888841,0.9519425587045842,0.7874076245373262,0.6434886958894475,0.6468545944353405,0.09164992981111585,0.0011022044088176352,0.1283599678806423,0.13313550787290132,0.24448570438775988,2.1232513413855254,0.5564070443393923,0.1698353642735376,0.1864896504889368,0.15659504818362394,0.06861208675595842,0.028160064669651326,0.00991346428694973,0.018246600382701594,0.035557384301951926,0.012345858830083769,0.02321152547186816,0.008378652460705722,0.006071883084844325,0.002306769375861397
deep,random,standard_ce,211,1,0.4436198754015004,549253.0,0.655821634110328,0.49512876029886027,0.9105548809018794,0.9526990466250604,0.9053980932501209,0.9503505818101704,0.790770373580117,0.5634867311884686,0.6359786872271636,0.09460190674987917,0.0,0.14272895151864098,0.1266904545043163,0.2565506351325855,1.9123155271474492,0.5647474577568894,0.17182882933729993,0.18830557138513582,0.15843809683333546,0.11923099804326544,0.01878369348915709,0.010760068675091442,0.008023624814065648,0.03592697718537723,0.00935270267071823,0.026574274514659005,0.0053727517191531045,0.005796964240523038,-0.00042421252136993354
deep,random,standard_ce,211,2,0.42915495781420704,549253.0,0.6541502731892225,0.5727893844080129,0.917538911940399,0.9563923876352027,0.9127847752704054,0.9544040574469413,0.7926802402535807,0.6692491595713305,0.6342109671816419,0.08721522472959467,0.0,0.14651664795604963,0.1320571601327138,0.262505754206529,2.0878499052803647,0.5733253884265617,0.1679787517470698,0.1850822844845636,0.15610419970396155,0.054738923930299395,0.018963938294374358,0.012611674401414285,0.0063522638929600726,0.03831021405436111,0.009826072866238328,0.02848414118812278,0.009649469370217368,0.003089650853067712,0.006559818517149656
deep,random,standard_ce,307,1,0.44336351227976895,549253.0,0.6485972766648521,0.5126513368732867,0.9076873499097866,0.9511668828591038,0.9023671658518081,0.9486772781334616,0.7922196146402477,0.6168524595583909,0.6283397488605138,0.09763283414819193,3.34001336005344e-05,0.15190260979409334,0.12212480719720092,0.26985750435817674,2.094454454101165,0.5830247293556414,0.17398220856326685,0.1903170305851766,0.1603088194329389,0.10628546198719732,0.016234777051741183,0.01543550968315148,0.0007992673685897032,0.03677358157351894,0.008750065998729182,0.028023515574789756,0.002951281103607991,0.006243024617070821,-0.00329174351346283
deep,random,standard_ce,307,2,0.4294611241282262,549253.0,0.6548439425911192,0.534053874313759,0.9206285627934667,0.9578689044605037,0.9160718102570127,0.956188175279458,0.7922159733310514,0.6057329202530527,0.6349638849788085,0.08392818974298737,0.00033400133600534405,0.14529195302255093,0.13581597225565314,0.2614300027506749,2.0148728741077715,0.566678345006065,0.1664594154849101,0.18388611441357625,0.15518149195361702,0.05283198050892491,0.01836494293158162,0.011319009636724789,0.007045933294856831,0.03549912335481099,0.007479249089217537,0.02801987426559345,0.010527024886527701,0.0008775555163103342,0.009649469370217368
deep,random,standard_ce,401,1,0.4436951397099279,549253.0,0.6437161016872006,0.5153836024528329,0.913324096545672,0.9541634813686544,0.9083269627373087,0.9519615668317156,0.7898764321724233,0.5889577857490129,0.6231752334334014,0.09167303726269128,0.0,0.15458692541877442,0.13056480388513286,0.26963687458616,2.173925052040794,0.5856783825462291,0.1727597907218228,0.18997656817532177,0.1602966210471313,0.08686013106219069,0.013769610725840369,0.01785151833490213,-0.004081907609061762,0.03754918043233264,0.011868847325367363,0.02568033310696528,0.00637593240273608,0.004030929280313444,0.0023450031224226354
deep,random,standard_ce,401,2,0.4292337167138351,549253.0,0.6445699886937349,0.584699253296887,0.9158457031641156,0.9554969738866541,0.9109939477733082,0.9534242103014499,0.7865009385474453,0.6577897137750937,0.6240783496658084,0.0890060522266918,0.0,0.15011370791796083,0.13680189018953887,0.2626774850207595,2.2315295550301864,0.5864226432889353,0.17248183745317125,0.19014734557662863,0.16038200974778472,0.06463257544209144,0.018663530285678912,0.021891550888206344,-0.0032280206025274323,0.039551900490302286,0.01724706100831493,0.022304839481987356,0.008333136095751866,0.003466526354885636,0.00486660974086623
deep,random,standard_ce,503,1,0.4442228402805969,549253.0,0.6533000274918844,0.5290625634391957,0.9183600271641666,0.9568108779064066,0.9136551559464138,0.9548786611215482,0.7896834427850189,0.6229979514190813,0.6333136278121287,0.08634484405358618,3.34001336005344e-05,0.14424634083876198,0.1360951872955231,0.2588499687549891,2.1219378123139054,0.5703908924025354,0.16870746874998102,0.18612187826010965,0.15692731764778708,0.09654262244166165,0.022193779551499947,0.016691761355877893,0.005502018195622054,0.04139804425283066,0.01591070053326973,0.02548734371956093,0.010344959426712281,0.002964025685795071,0.0073809337409172105
deep,random,standard_ce,503,2,0.42892204790143945,549253.0,0.6446082224402961,0.5611275035623602,0.9070464794912363,0.9499938989844788,0.9017914051833865,0.9483081041512476,0.7609881056635103,0.6142728810456348,0.6242227712381551,0.09820859481661348,0.0018036072144288577,0.12308954330047582,0.15447909064475568,0.26994410059802254,2.3438453791490126,0.5952855527938129,0.1853056181152705,0.20382519531072202,0.17068764303517686,0.07646392200185334,0.013250724165366415,0.01644051102133261,-0.0031897868559661955,0.015200645239989586,0.01840863864193732,-0.0032079934019477348,0.0018625296539117675,0.005795143585924883,-0.003932613932013116
deep,magnitude,minimal_ce,101,1,0.6321240557549437,549253.0,0.6943211962428971,0.5672006379151764,0.9367868723520855,0.9661305768772841,0.9331963574953833,0.9654170177755732,0.830779258374556,0.6741109272070838,0.6767517855320394,0.06680364250461668,0.0009352037408149633,0.14432529129831143,0.11211928066503246,0.16822860587308605,0.9442109359465367,0.4287391915602537,0.1389217112453945,0.15408891712926465,0.1308761171991778,0.05216144815319124,0.06846571616358946,0.021942529216954665,0.04652318694663479,0.07544246458371642,0.008859305274618437,0.06658315930909799,0.03011180639887265,0.004304027470036577,0.025807778928836074
deep,magnitude,minimal_ce,211,1,0.62818912825806,549253.0,0.6929830151132538,0.5518870922464625,0.9413366881928729,0.9660029420053865,0.938318509261274,0.9679960825719147,0.8280173253491561,0.6555824718960382,0.6756464790983472,0.06168149073872597,0.006312625250501002,0.14281945570397814,0.11985257445894865,0.1695817223960675,1.0190942068794346,0.43547168154394916,0.13757063381234755,0.15352415007291723,0.1306660136585508,0.06179805934244316,0.0600488299563225,0.014863824139331055,0.04518500581699145,0.07343610321655047,0.009614876932852437,0.06382122628369803,0.032640695635708865,0.0022831008660853924,0.03035759476962347
deep,magnitude,minimal_ce,307,1,0.6389046341857849,549253.0,0.6909493439271156,0.5176859259715719,0.9382124449024403,0.9665382378459381,0.9347464823719028,0.9662247496738121,0.8231488949536917,0.5888863759416806,0.6732278991667838,0.06525351762809713,0.0016700066800267202,0.13982126386206392,0.12169731934305515,0.1680245425002141,1.0063114314859072,0.4431340409905173,0.14128431402893263,0.15722918218016108,0.13341993580371886,0.11395855899272385,0.059437090011342675,0.0162857553804895,0.043151334630853175,0.06819990059225894,0.009247104704025285,0.058952795888233656,0.03006082807012433,0.002827476590933504,0.02723335147919083
deep,magnitude,minimal_ce,401,1,0.6407887164557097,549253.0,0.676988564468469,0.5447331636778286,0.9308114839609433,0.9627660485422085,0.9269015025620387,0.9620248104837984,0.8165508426899808,0.6365438457463397,0.6584449070213917,0.0730984974379613,0.0013694054776219105,0.1476084750429895,0.12084812049765749,0.17273238114010322,1.0275550574236385,0.45897506618565453,0.14952323124923003,0.16562749771052684,0.14040851847873384,0.07428486764454374,0.05631466737550819,0.027124112203301576,0.029190555172206617,0.06779025330767424,0.01543550968315148,0.05235474362452276,0.025592941686253874,0.0057605511485599534,0.019832390537693922
deep,magnitude,minimal_ce,503,1,0.6357648766235626,549253.0,0.6755466060267309,0.5348055083400152,0.940630274208789,0.9678483246790821,0.9372998557709897,0.9675891276625985,0.8311415686395887,0.6198625914897717,0.6569332945641646,0.06270014422901025,0.0016032064128256513,0.1645654932574382,0.11580106794938698,0.18840308877835427,1.052283281121533,0.4612951693206619,0.13998102877908722,0.1561469850870182,0.1333766042242828,0.08470200442351812,0.06716576878050734,0.03941717205003887,0.02774859673046847,0.07337784226940955,0.006432372695278861,0.0669454695741307,0.031433601637132616,0.0017824208515929817,0.029651180785539633
deep,magnitude,standard_ce,101,1,0.482236361822482,549253.0,0.6847918900761579,0.5566827259596422,0.933617112696699,0.9634314021669148,0.9299690167586793,0.9636245187564036,0.8033183250705959,0.6356453200485932,0.6667982507659157,0.07003098324132075,0.0031062124248496994,0.12535985041776346,0.13781091557500005,0.21279535273960154,1.615973776539852,0.5102128713362893,0.15115969629053763,0.16819971852679913,0.1419948548301056,0.05691042196465797,0.053563658277697164,0.01656977749780156,0.0369938807798956,0.04843123296550041,0.009309006960362529,0.039122226005137886,0.025804137619639764,0.0031661183461901892,0.022638019273449574
deep,magnitude,standard_ce,101,2,0.44132944213364983,549253.0,0.670801980143941,0.5874165140435236,0.9251419655422911,0.9600983390829713,0.9208646808379533,0.958783018395068,0.8156150262265295,0.664185717115283,0.651861208943354,0.07913531916204677,0.0006680026720106881,0.1531619659049552,0.11584150598964402,0.24367084553759205,1.8372911262860632,0.5414133468881086,0.15372970197704883,0.16952224202689836,0.14361978905895825,0.059614854115259554,0.03750366406737878,0.01449969321970021,0.023003970847678572,0.05803336531616578,0.006614438155094282,0.05141892716107149,0.017136001077827524,0.0029731289587858417,0.014162872119041683
deep,magnitude,standard_ce,211,1,0.4837360766017062,549253.0,0.6759453293837266,0.5455575703786075,0.9241187576581285,0.9596516631298206,0.9197709281300488,0.9581955834443356,0.8140929589824726,0.6178097142033496,0.6572895344426194,0.08022907186995126,0.00046760187040748166,0.1461122675534793,0.11636912613395005,0.2266251605936585,1.591862132589161,0.513925515966875,0.15389962973954321,0.16951605180126464,0.1433525169639492,0.07100769937398392,0.041907827540313844,0.013760507452849598,0.028147320087464248,0.05725412514815577,0.007357265231141204,0.04989685991701456,0.01785515964409844,0.004715495409219431,0.01313966423487901
deep,magnitude,standard_ce,211,2,0.44203549519115,549253.0,0.6642767540641562,0.5788941287765892,0.9264765053627381,0.96107161252391,0.9222434254486216,0.9595461653355024,0.8106792316109334,0.690952234103452,0.6449270478497553,0.07775657455137845,0.0001002004008016032,0.15484303300706895,0.12247334459179723,0.2417405964295801,1.8171646394365486,0.5484726389253005,0.15581844796478125,0.17228016961218234,0.1459990204878262,0.05688774707558418,0.03543540044387559,0.018956655675981742,0.016478744767893846,0.05678985822562644,0.010306725680151042,0.0464831325454754,0.018403176678142858,0.0029057647386541356,0.015497411939488722
deep,magnitude,standard_ce,307,1,0.48395211477973404,549253.0,0.6539336152920421,0.5563088964284111,0.9398838058235458,0.9679256900708735,0.9364525825465567,0.9671662806781333,0.8245125652477091,0.6812229074567382,0.6340164794642152,0.0635474174534433,0.0006012024048096192,0.18041335379626544,0.12202274928607602,0.24517984172447682,1.6633138394792735,0.5537725841123826,0.14620706061990862,0.1634416197999829,0.13990091997676846,0.06985077889599275,0.048626043007502916,0.0424904370117232,0.006135605995779718,0.06896457552348371,0.008648109341232547,0.06031646618225117,0.031266101414102423,0.002361389013806024,0.0289047124002964
deep,magnitude,standard_ce,307,2,0.44612951202420953,549253.0,0.6687337165204378,0.5639431497675976,0.9281769967574142,0.961892191232798,0.9240515835344002,0.9605191389451287,0.8070069712864564,0.663614607887308,0.6496505960759696,0.07594841646559974,0.0002672010688042752,0.14624513540003814,0.12815585205839253,0.23836644851668431,1.7726591104703753,0.5403289043150694,0.1554426345114789,0.17217384338365016,0.14570097933010834,0.06498209209514283,0.036156379664744664,0.015220672440569282,0.020935707224175384,0.050262811491243564,0.007451939270245224,0.04281087222099834,0.019242498447891956,0.0020445951137271893,0.017197903334164766
deep,magnitude,standard_ce,401,1,0.4833987210857757,549253.0,0.6645061565435236,0.5767796799312765,0.9220559559984197,0.9586552223912708,0.9175776458513459,0.9570097737467502,0.8115495045088511,0.7010468651405798,0.6451793041961207,0.08242235414865409,0.0002672010688042752,0.15552085158661538,0.11687749006860987,0.2418269796245904,1.6371833053179599,0.5383077353255277,0.1576935704796636,0.17365075839367286,0.14702004358647108,0.050456697263125745,0.03169577589926682,0.014987628652005543,0.01670814724726128,0.05509664944934302,0.007743244005949899,0.04735340544339312,0.013971703386235487,0.0028948408110652103,0.011076862575170276
deep,magnitude,standard_ce,401,2,0.44176442856145093,549253.0,0.6641456669330891,0.533204492735397,0.9279676214786264,0.9615454091825629,0.9238590214379382,0.9604006774042446,0.8145772531055816,0.6309036552363136,0.644826915559595,0.0761409785620618,0.0007682030728122912,0.15910443220177425,0.11992767367656886,0.24525544387980255,1.8164319897328736,0.5427558249934579,0.1537680874448266,0.17013616675739596,0.1444157792492713,0.0608367683191219,0.0359797761687237,0.019632118531896958,0.016347657636826742,0.05985037860512368,0.0094692245650001,0.05038115404012358,0.019151465717984244,0.0021629376626072136,0.016988528055377032
deep,magnitude,standard_ce,503,1,0.484386422175177,549253.0,0.6701265172880257,0.5782788621456882,0.9206631552308316,0.9579816213975753,0.9160968433295527,0.9562075778497334,0.8073310478049278,0.673706404551482,0.6511159936300458,0.0839031566704473,0.0001336005344021376,0.14511479589380585,0.11986605380570099,0.22251404107966313,1.5867168583449127,0.5232851724818839,0.1588648582711428,0.17477410228073403,0.14757789215534553,0.05181557113043476,0.03938986223106656,0.0170613542393032,0.02232850799176336,0.052292841368185516,0.009157892628715728,0.04313494873946979,0.013531104973482165,0.0038470431658998677,0.009684061807582297
deep,magnitude,standard_ce,503,2,0.4405583616482443,549253.0,0.6601620746723277,0.5883657155923495,0.9224109836450597,0.958953131229547,0.9179396625926945,0.957213366907226,0.8121120867796807,0.6776392391833153,0.6405712932277836,0.08206033740730542,3.34001336005344e-05,0.16071040008626783,0.11665796927864314,0.24801007854463122,1.89980028917148,0.5515700694755842,0.1580621013145733,0.174157628633799,0.14761102806903195,0.07395889799891078,0.03508037279723552,0.022716307421170208,0.012364065376065311,0.0544849095043632,0.006568921790140427,0.04791598771422277,0.015000373234192621,0.0035684830123822718,0.01143189022181035
deep,taylor,minimal_ce,101,1,0.4797304733679183,549253.0,0.6869293385743911,0.5139018192488813,0.9248470194973901,0.9602413716548781,0.9205161434433569,0.9586123226550358,0.8183642146697424,0.5846020943875344,0.6688817726496352,0.0794838565566431,3.34001336005344e-05,0.13901250305692328,0.11262186773679843,0.20519110718345862,1.1934155985759147,0.48457429596262447,0.1502988301080437,0.16532891035642955,0.1396511261659017,0.14204468335431084,0.04907574469324701,0.009944415415118351,0.039131329278128665,0.06048396640528136,0.0063158508009969905,0.05416811560428437,0.015384531354403163,0.0015166052802624657,0.013867926074140698
deep,taylor,minimal_ce,211,1,0.48007900396862835,549253.0,0.6808119391245928,0.5246275828967226,0.925566178063661,0.9606059445390728,0.9212786893453466,0.9590246826099201,0.8083833861626609,0.5983166880311456,0.6624136118294747,0.07872131065465336,6.68002672010688e-05,0.13492633536999843,0.12393874214587348,0.2040266613130433,1.2407638001163153,0.49316926567733865,0.15428439474461983,0.17025632996087414,0.1436534711690241,0.05100121642064339,0.04524872872792684,0.01223479889959636,0.03301392982833048,0.05197422681350853,0.0077869397163056004,0.04418728709720293,0.016817386523150533,0.00223030188273892,0.014587084640411613
deep,taylor,minimal_ce,307,1,0.4803061193375037,549253.0,0.6818041958805869,0.5526905698680538,0.9292566449341196,0.9625890358993516,0.9251780717987033,0.9611350610640448,0.8178908444742222,0.62728182133049,0.6634592240132636,0.07482192820129671,0.0,0.14393246462152884,0.11778638316391078,0.2046066649985093,1.2367189312938227,0.49291210557697646,0.1491073633947683,0.16478016506054588,0.13949491400138006,0.033292313852184015,0.048997456545526376,0.01499126996120185,0.03400618658432453,0.05892548606926134,0.005230740660497075,0.05369474540876426,0.020222010621698927,0.0019444591108287073,0.01827755151087022
deep,taylor,minimal_ce,401,1,0.4785615244171521,549253.0,0.6885497211667483,0.5533404326533784,0.9221870431294867,0.9588504427965407,0.9177008855930816,0.9570844885012054,0.8165126089434195,0.6166985551087558,0.6705936496871828,0.08229911440691837,0.0,0.13534034387739186,0.1117668920285069,0.20720368220798957,1.2177679715063168,0.48517813846651603,0.15197732192632538,0.16681019493748783,0.14068016014477844,0.05548777054515956,0.050084387340624446,0.009332675470138534,0.040751711870485915,0.05847578438351725,0.006159274505555728,0.05231650987796152,0.013410941770003987,0.0022029920637666065,0.01120794970623738
deep,taylor,minimal_ce,503,1,0.4804286729485931,549253.0,0.691710377549144,0.5380909615673819,0.9233595446906981,0.9594547554908307,0.9189429111152619,0.9577585488889981,0.818052882733458,0.5967799283017775,0.6739384533027288,0.0810570888847381,3.34001336005344e-05,0.13362654121887957,0.11137791659365354,0.20078026248775305,1.1663682825291146,0.4790622448690669,0.150349504994359,0.1650922252586695,0.13923456039384402,0.08649904844636107,0.054450317066998266,0.010537948814116627,0.04391236825288164,0.062175354526966625,0.008318570858966633,0.053856783667999994,0.014672655406524862,0.0022922041390761633,0.0123804512674487
deep,taylor,standard_ce,101,1,0.44911817249344366,549253.0,0.6641747974066596,0.5501444194807814,0.9213495420143358,0.958407549974678,0.9168150999493562,0.9566025434311105,0.8064298237788414,0.6338509335981579,0.6448134362128427,0.08318490005064383,0.0,0.15045646844966332,0.12154519528685012,0.24335182336885153,1.723645889106806,0.5440602227545387,0.15981948816544167,0.17605329420139718,0.1488312307807149,0.037737035794162904,0.030091779198292954,0.013714991087895742,0.016376788110397212,0.049499957214616946,0.007266232501233493,0.04223372471338345,0.012862924735959567,0.002492476144873128,0.01037044859108644
deep,taylor,standard_ce,101,2,0.4317367473567115,549253.0,0.6646681948027594,0.5941520453488134,0.9189790497275391,0.95715397072671,0.9143079414534202,0.9552360115679618,0.8039537335253517,0.6637950053580901,0.645335279494255,0.08569205854657981,0.0,0.14731578065636716,0.12165688130279811,0.24691695590750423,1.893908464723227,0.5483008741463835,0.16174786482732,0.17789324773829182,0.1501865260635809,0.039227079851280496,0.028802755742799765,0.01193257023630276,0.016870185506497007,0.04574212612402663,0.005984491664132922,0.039757634459893706,0.010601671725052025,0.0026017154207623808,0.007999956304289645
deep,taylor,standard_ce,211,1,0.4487041041566813,549253.0,0.6589003610358068,0.5185425206869454,0.9159949968411643,0.9555759243462035,0.9111518486924071,0.9535106792438383,0.7963506799234596,0.5932624637291886,0.639234912278337,0.08884815130759291,0.0,0.14537475472402964,0.1265421816900405,0.2533476893296546,1.6838410151269987,0.5541146875208176,0.16673554809896352,0.18328165708698904,0.15451622476345145,0.05376197002998201,0.024859217883197726,0.013756866143653288,0.011102351739544438,0.03690831001378236,0.0047537291557806696,0.032154580858001686,0.006969465801734355,0.0019535623838194786,0.005015903417914877
deep,taylor,standard_ce,211,2,0.4326057700474358,549253.0,0.6494238538524141,0.5484084572658396,0.9180177440997136,0.9565826577667784,0.913298916067959,0.9546811861856572,0.7982569052877272,0.6479257433971989,0.6292197576413454,0.08670108393204098,0.0001336005344021376,0.1574137369948374,0.1266654214317762,0.260960164956671,1.9212997239167333,0.5760563817900254,0.16666272191503734,0.1836024564271838,0.15523429093696348,0.05502233540449139,0.01982328726470315,0.018197442708551434,0.0016258445561517162,0.04249589897551766,0.008435092753248503,0.034060806222269153,0.009634904133432135,0.002596253456967918,0.007038650676464217
deep,taylor,standard_ce,307,1,0.4481346698623503,549253.0,0.6558398406563096,0.5429819081730551,0.9147150766586618,0.9548833313208215,0.9098000627752435,0.9527689973129256,0.8021312582725993,0.6528234439569752,0.6359998690577744,0.09019993722475655,3.34001336005344e-05,0.1547255701282271,0.11907462358924194,0.2620709451946854,1.7778829463955497,0.5708198794311758,0.16595736997946908,0.18209276963439436,0.15377849552027936,0.058300467130253816,0.024702641587756462,0.01666081022770927,0.008041831360047193,0.04459329307259132,0.0066581338654499835,0.037935159207141335,0.006849302598256177,0.0031133193628437167,0.0037359832354124604
deep,taylor,standard_ce,307,2,0.4324611082271681,549253.0,0.6478781180985812,0.5593942040600415,0.9157328225790301,0.9554215423804329,0.9108764848944664,0.9533589158598228,0.7910216239146622,0.6351354740583776,0.6275791285794887,0.08912351510553365,3.34001336005344e-05,0.15139617148039813,0.13190118483457952,0.2729516354155995,1.9734452670124136,0.5854632741160181,0.17047866223155206,0.18772186952096756,0.1583984065630957,0.04222963611546332,0.01835219834939454,0.018272089547075755,8.010880231878667e-05,0.03351643049742104,0.00669090564821676,0.02682552484920428,0.006750987249955849,0.00199725809417518,0.0047537291557806696
deep,taylor,standard_ce,401,1,0.44841760365573463,549253.0,0.6563350587070075,0.5287299262972875,0.9146404298201375,0.9548595933473647,0.9097191866947294,0.9527256080714541,0.8006765552486741,0.5964075050721247,0.6365217123391865,0.09028081330527062,0.0,0.15266323007511848,0.12053424428042434,0.2543819616381865,1.9083740925329118,0.5612658435139527,0.16639842355587195,0.18260619423107385,0.154137892737955,0.06878538241068652,0.02286013913442439,0.01432308972367925,0.008537049410745139,0.04405619996613582,0.007575743782919711,0.03648045618321611,0.007424629451272911,0.0037632930543847736,0.003661336396888137
deep,taylor,standard_ce,401,2,0.4328485144932582,549253.0,0.6535585604448223,0.581088453656035,0.9136973307382936,0.954360857517528,0.9087217150350559,0.9521783169091951,0.7987703298844067,0.6483416757268415,0.6335851403681402,0.09127828496494407,0.0,0.1535836768962071,0.12155289777070862,0.26083332511769153,2.022421293710713,0.5704467064000976,0.1679681312619139,0.18430122366195542,0.15554798972422545,0.038802848504315736,0.021314403380591457,0.015553852232031505,0.005760551148559952,0.042787203711222334,0.008212972892273688,0.03457423081894864,0.0060991929038166385,0.0033809555887723873,0.002718237315044251
deep,taylor,standard_ce,503,1,0.4487752868356924,549253.0,0.6481075205779486,0.5332306991105104,0.9176026348513344,0.9564260860020835,0.912852172004167,0.9544408975919321,0.7980894050646969,0.63809817217008,0.6278198312000662,0.08714782799583295,0.0,0.158628803823513,0.12640353698058782,0.25816085336641026,1.7383074330993697,0.5701369211389644,0.16715096078977568,0.1841016799179977,0.15567088390960088,0.05434485897109821,0.021472800330630874,0.02116328904894466,0.00030951128168621445,0.0453616093130124,0.011468303313773433,0.03389330599923897,0.010079143855381764,0.00345560242729671,0.006623541428085054
deep,taylor,standard_ce,503,2,0.43090429201672636,549253.0,0.643153519416371,0.5363557258411478,0.9089527048555037,0.9518517734006273,0.9037035468012548,0.9494162558237863,0.7798100328992286,0.5970221589441665,0.6225802165553337,0.09629645319874526,0.0,0.14453518398345505,0.136588146262466,0.2692438354526112,2.0921322262918216,0.5874441261359454,0.1783947167031101,0.19586420101483287,0.16474047479030612,0.07231586564687978,0.013427327661387375,0.018071817541278793,-0.004644489879891418,0.02638492643645096,0.010770992602680367,0.015613933833770594,0.003948999823396504,0.0059753883911421515,-0.002026388567745648
deep,fisher,minimal_ce,101,1,0.4817303348151594,549253.0,0.6817131631506792,0.5048797592721348,0.9198456813162604,0.9575807940036538,0.9152283882745088,0.9557361967816369,0.8128822236747,0.55863471187563,0.6633667942069619,0.08477161172549118,6.68002672010688e-05,0.1387313623960887,0.11313023167145825,0.20978570777236716,1.1144389413262743,0.48014386164994116,0.15549482660995934,0.17056474884980147,0.1438397241344153,0.1913747986179514,0.04274896996466109,0.008833816110244277,0.03391515385441682,0.05511121468612825,0.0064250900768862435,0.04868612460924201,0.011348140110295255,0.0024815522172842025,0.008866587893011053
deep,fisher,minimal_ce,211,1,0.4811179181288109,549253.0,0.666587164749214,0.49774161767822633,0.9259958525488254,0.9608489050692159,0.9217312102720324,0.9592707676799458,0.8122504565291405,0.5815651071757073,0.6473668096119296,0.07826878972796752,3.34001336005344e-05,0.154061230895433,0.12030316976466986,0.2214935827471882,1.2007753785703246,0.5034912898113723,0.15515269526672287,0.1713833151571316,0.14520903845768707,0.10675418659072083,0.034069909495259926,0.015280754042308371,0.018789155452951553,0.0565968688382221,0.008542511374539602,0.048054357463682494,0.018374046204572392,0.0033572870789963824,0.015016759125576009
deep,fisher,minimal_ce,307,1,0.48160100179434856,549253.0,0.6787418548464915,0.5417671077049215,0.9248888945531476,0.9600431947075199,0.9205873914190479,0.958637498859536,0.8077261298527273,0.6080380908911933,0.6602492138652412,0.07941260858095214,0.000501002004008016,0.136420617238544,0.12391756031526266,0.21341167731459176,1.2544552573827894,0.49543093324310244,0.15516938460053928,0.17119469534076281,0.1444725836727337,0.037705969499709904,0.04017092305367472,0.00922707750344559,0.03094384555022913,0.047455362100889756,0.003925331313620499,0.043530030787269254,0.015779613402202627,0.0018698122723043843,0.013909801129898243
deep,fisher,minimal_ce,401,1,0.48128434190837854,549253.0,0.6865324358719934,0.5463054288093414,0.9269061798479025,0.9613303103103711,0.9226940207543427,0.9597919239324534,0.8164598099600731,0.6075178438448163,0.6684619872793479,0.07730597924565724,3.34001336005344e-05,0.13741808889821747,0.11681394457677739,0.20318370885015966,1.136044760584696,0.47703832394091017,0.1499702019530769,0.16534638864057183,0.1396840800141283,0.040132952461971565,0.047118541000231225,0.008384114424500185,0.03873442657573104,0.057501734173504744,0.005238023278889692,0.052263710894615054,0.017964398919987693,0.0020373124953345727,0.01592708642465312
deep,fisher,minimal_ce,503,1,0.48273728383629366,549253.0,0.6893926842456937,0.5204222327064929,0.9255588954452684,0.9605863560408257,0.9212729124824528,0.9590205914336829,0.8200501408276332,0.5762087812053637,0.671490989056696,0.07872708751754721,0.0001002004008016032,0.1381902629050303,0.11159166052072642,0.2064343656785709,1.1363091123125741,0.47728354998058226,0.14896762815435996,0.16387566385618285,0.1384398446617497,0.12988635873122667,0.050555936881546394,0.008961261932115073,0.04159467494943132,0.06223361547410756,0.006379573711932388,0.05585404176217517,0.01738543075777465,0.0028056287357556536,0.014579802022018995
deep,fisher,standard_ce,101,1,0.4461314166992081,549253.0,0.6661356424088717,0.565669378580505,0.915283120893286,0.9551994654476202,0.9103989308952405,0.9530982415998468,0.8045818593617149,0.6624232824010058,0.646887329991739,0.08960106910475955,0.0,0.14642806939167707,0.11708353151182428,0.24350726653765561,1.7231048459809886,0.5399521217814856,0.1631418793646401,0.1788268794162253,0.1508133774417254,0.0374062686674314,0.02935623474063865,0.011018601628029341,0.01833763311260931,0.04579856641656942,0.005412806120312497,0.04038576029625692,0.008496995009585746,0.00419296753954917,0.004304027470036576
deep,fisher,standard_ce,101,2,0.4299352757146172,549253.0,0.6627073498005472,0.5621306374291709,0.9139667876188204,0.9544876162125919,0.9090086325587844,0.95233484033271,0.7983024216526811,0.6250206126027257,0.6432633113363232,0.09099136744121561,3.34001336005344e-05,0.14341254696108127,0.12233277426137994,0.25196008225192135,1.9984351661770743,0.5540330379612951,0.16646320851532292,0.1825501180694507,0.15377813138935975,0.07179979235765466,0.023504650862170986,0.008595310357886075,0.01490934050428491,0.042237366022579756,0.008131043435356748,0.03410632258722301,0.007020444130482674,0.004032749934911598,0.0029876941955710758
deep,fisher,standard_ce,211,1,0.44678496667031525,549253.0,0.6705835015921624,0.510910053284287,0.9175461945587917,0.9563962388771319,0.9127924777542638,0.9544082678806207,0.801585061893153,0.5752646442155896,0.6515916220083071,0.08720752224573619,0.0,0.13855420526734358,0.12264665047861309,0.2398656030130681,1.677168589016396,0.5353667118658503,0.16226796515752606,0.17823079710078962,0.1501439227459841,0.11387887261510679,0.03349276198764504,0.01070726969174497,0.022785492295900066,0.043966987890826266,0.0065780250631311986,0.03738896282769507,0.00961123562365613,0.0030441344881138566,0.006567101135542272
deep,fisher,standard_ce,211,2,0.4303969659238683,549253.0,0.6593737312313269,0.5575877948475425,0.9149626856840108,0.9550300108027336,0.9100600216054672,0.9529124857977315,0.7950033955208256,0.6439023765495999,0.6397355737291383,0.08993997839453277,0.0,0.14344913375940907,0.12687531411691985,0.2542284247603815,1.9204087556169382,0.5582221392157494,0.16762190344583158,0.18413882127180006,0.1551354293922837,0.05014540850882072,0.018927525202411276,0.007351803267346742,0.011575721935064533,0.03768755018179236,0.006880253726424799,0.03080729645536756,0.00642326942228809,0.0024396771615266552,0.003983592260761434
deep,fisher,standard_ce,307,1,0.4486239745998346,549253.0,0.6479145311905442,0.5198660665611596,0.9148152126615603,0.9549362858973485,0.9099059719282976,0.9528270688820778,0.799919162935842,0.6408213185675624,0.627617640998781,0.09009402807170243,3.34001336005344e-05,0.16076816871520644,0.12152016221431006,0.26302106872717607,1.7859243777920608,0.5704787864074864,0.1679655520012332,0.18452261526109098,0.1559971452135901,0.0603372279305894,0.02271812807576836,0.022601606181486492,0.00011652189428186868,0.044210955606978936,0.008487891736594975,0.03572306387038396,0.007481069743815691,0.0036449505055047493,0.003836119238310942
deep,fisher,standard_ce,307,2,0.43175076918617333,549253.0,0.6315814387905028,0.5210635811429689,0.9148407018259345,0.9549655025004189,0.9099310050008377,0.9528417546166162,0.7982951390342884,0.5988031866858903,0.6103409697042054,0.09006899499916235,0.0,0.176325260488376,0.12326477480825629,0.28014041903632075,2.0135348807739555,0.6038783655872065,0.17121769627718617,0.1884293758978103,0.1597429599838326,0.058473445985712455,0.020105488727417055,0.0363220592331767,-0.016216570505759642,0.040351167858891986,0.006252127890061593,0.034099039968830396,0.006623541428085054,0.0027619330253999524,0.0038616084026851013
deep,fisher,standard_ce,401,1,0.4457439285057412,549253.0,0.655619541449933,0.5154788500739206,0.9162152960475409,0.955692424414563,0.9113848488291262,0.9536382475642424,0.7989505746896239,0.591200884959616,0.6357649433000907,0.08861515117087383,0.0,0.15159451043975405,0.12402539508928141,0.2545331786591564,1.7511670426737587,0.5566501390349128,0.16630557017136607,0.1828097434151475,0.15432633048886396,0.08026750158867862,0.019384509506547985,0.011562977352877453,0.007821532153670532,0.04257964908703275,0.00782517346286684,0.03475447562416591,0.007908923574381933,0.0026727209500903956,0.005236202624291537
deep,fisher,standard_ce,401,2,0.4304805532702497,549253.0,0.6543651104318047,0.5330047825426543,0.9156636377043003,0.9553692183257871,0.9108052369187754,0.9533189292034328,0.799731635512232,0.6100048949762129,0.6344420416973964,0.08919476308122462,6.68002672010688e-05,0.15374735467819986,0.12261584054317916,0.26065185892471515,1.9260990152195954,0.562696818398847,0.16652738658990787,0.18296741210334763,0.15450912421051866,0.0494149842490753,0.019721330607206516,0.013154229471664242,0.006567101135542274,0.04299111702621561,0.007455580579441533,0.035535536446774076,0.007776015788716675,0.003091471507665866,0.004684544281050809
deep,fisher,standard_ce,503,1,0.44654256900118394,549253.0,0.6606063143942773,0.5761160593318689,0.9173368192800039,0.9562225666463944,0.9125787338271909,0.9542875725787858,0.8004362288417177,0.6566572213161278,0.6410469216060449,0.08742126617280907,0.0001336005344021376,0.1478915413247887,0.1236402708963573,0.2475367315992254,1.7801558844224286,0.5504405912286896,0.16441299971658477,0.18076660482509882,0.15254827920830655,0.047070240925057884,0.024702641587756462,0.011894336489741522,0.01280830509801494,0.04474440740423812,0.008504277627978363,0.03624012977625976,0.009857023994406949,0.0034992981376524117,0.006357725856754537
deep,fisher,standard_ce,503,2,0.4300982589065114,549253.0,0.6475886340174747,0.53699793463498,0.9098011298982436,0.952300443085384,0.904600886170768,0.9499112309975695,0.7923215712977444,0.6008938008548633,0.6272710292251494,0.09539911382923208,0.0,0.1530772385825119,0.12425261836310664,0.2666977513582235,2.0385637987562353,0.5821041534102651,0.17306080561538428,0.18963319271810988,0.15984546283770867,0.09100225154518907,0.016049070282729453,0.016258445561517187,-0.0002093752787877337,0.03776765898411115,0.00964218675182475,0.028125472232286397,0.004418728709720293,0.005596692234726073,-0.00117796352500578
deep,saber_v2,minimal_ce,101,1,0.5375318228740347,549253.0,0.6704050774415433,0.49276586717437676,0.9199876923749165,0.9576873677339099,0.91537473546782,0.9558179070835918,0.8021531061277771,0.5388700727106507,0.6514029111537744,0.08462526453218001,0.0,0.139343709862838,0.12462811445120765,0.2044246926827524,1.1738833495308705,0.49053898940061735,0.16088760552969214,0.17706266511061386,0.14927674496088322,0.18585185258063677,0.03400618658432453,0.011399118439043574,0.022607068145280955,0.046688866515066825,0.008731859452747641,0.037957007062319185,0.010801943730848989,0.001793344779181907,0.009008598951667082
deep,saber_v2,minimal_ce,211,1,0.5383531662294979,549253.0,0.6704688003524787,0.4956836518706337,0.9189408159809778,0.9571022771939457,0.9142713546550923,0.9552141216044937,0.8009696806389769,0.5725770755959413,0.6514741591294653,0.0857286453449076,6.68002672010688e-05,0.13802465950207293,0.12477253602355419,0.20741098053921544,1.2295431167956548,0.49937057023163295,0.16179216742254177,0.17794058475784386,0.1499338192053571,0.10468607201635242,0.03616548293773544,0.013494691881519081,0.022670791056216354,0.0484876732580432,0.011714091684524254,0.03677358157351895,0.011018601628029341,0.003056879070300936,0.007961722557728406
deep,saber_v2,minimal_ce,307,1,0.5406325506060912,549253.0,0.6742648651896302,0.5121461749980677,0.9238001431034514,0.9597034928838677,0.9194069857677355,0.95801150312057,0.8024061771169206,0.5948319575478798,0.6554852275987699,0.08059301423226455,0.0,0.13552905473192467,0.12839270343704087,0.2009923835749921,1.2167656136605411,0.49171967548557066,0.15825372521102904,0.17466449887392513,0.14728513089596235,0.06872695412501638,0.035371677532940196,0.008904821639572291,0.026466855893367905,0.045044815412933564,0.006834737361470943,0.03821007805146262,0.014765508791030727,0.0019444591108287073,0.01282104968020202
deep,saber_v2,minimal_ce,401,1,0.538097377220692,549253.0,0.6714701603814636,0.528062102231246,0.9218047056638744,0.9586325153389377,0.9172984308114759,0.9568646119884019,0.7988176669039586,0.5900360887622653,0.652531325039042,0.08270156918852407,3.34001336005344e-05,0.1346894839913501,0.13007762178108387,0.19715214096332803,1.2090404129204992,0.49310106378386914,0.1609120326455507,0.1774562906347348,0.149519620284277,0.06438307657643035,0.0355264331737833,0.011854282088582128,0.023672151085201175,0.045860468672906655,0.011238900834406002,0.03462156783850065,0.013379990641835366,0.0025543784012103713,0.010825612240624994
deep,saber_v2,minimal_ce,503,1,0.5376758188355867,549253.0,0.6727082055082084,0.5334107273190946,0.9202535079462469,0.9577807262953735,0.9156616529915484,0.9559714162505993,0.7948377159523935,0.5870405223101813,0.6538445985369132,0.08433834700845155,0.0001002004008016032,0.12917065430674757,0.1326464001478877,0.20813872429466013,1.2851168048702328,0.500446177364729,0.16280520998519807,0.17941968455338433,0.15093208412152506,0.06308433727302881,0.03344542496809303,0.008535228756146986,0.024910196211946047,0.03627108090442838,0.005629464017492849,0.03064161688693553,0.011002215736645954,0.001727801213648355,0.009274414522997598
deep,saber_v2,standard_ce,101,1,0.4634264169208936,549253.0,0.6499900774324401,0.518041180017001,0.9197164148397915,0.9575439089720458,0.9150878179440916,0.9556614682312248,0.798963319271811,0.612151348202536,0.6298109232774839,0.08491218205590848,0.0,0.1575620098091132,0.1277148848574944,0.25084671564027994,1.7434712413135638,0.5643349823229407,0.1654890065840939,0.182530090868871,0.15439806428003125,0.05690015256382395,0.02897753858422257,0.02678547044804489,0.0021920681361776786,0.04570207172286724,0.010934851516514247,0.03476722020635299,0.012098249804734795,0.0033609283881926907,0.008737321416542104
deep,saber_v2,standard_ce,101,2,0.4381327873396655,549253.0,0.6548457632457174,0.5756088437477442,0.9126213238707845,0.9536659384719389,0.9075990780126821,0.9515539812789393,0.7896925460580096,0.6391799879977893,0.6349619593578439,0.09240092198731786,0.0002672010688042752,0.14262111674462222,0.130016001910216,0.2596536016094298,2.1018093684442625,0.5721841416332277,0.1713066049100627,0.18809947328462476,0.15833959941957532,0.04897049084403753,0.018714508614427233,0.011666754664972244,0.007047753949454989,0.03520599796450816,0.009709550971956457,0.0254964469925517,0.006355905202156383,0.004713674754621276,0.0016422304475351068
deep,saber_v2,standard_ce,211,1,0.46256653101068235,549253.0,0.6672298558223624,0.4822632654945375,0.9149426584834311,0.9550194198874282,0.9100388397748564,0.9529008738713671,0.792399859445465,0.5450006830951737,0.648044628191476,0.0899611602251436,0.0,0.13238644131766392,0.12960777026571643,0.24432594124135,1.764663122506185,0.5434350123965813,0.16719040830606902,0.18361702166396907,0.15435127345685867,0.19318145968555064,0.03112591101004455,0.011694064483944557,0.019431846526099993,0.03866524170100118,0.01046148132099415,0.028203760380007027,0.008961261932115073,0.004997696871933335,0.003963565060181738
deep,saber_v2,standard_ce,211,2,0.43740733034502555,549253.0,0.6618352562480314,0.5616337952948194,0.9192485066080659,0.9572020431401842,0.9146044870819717,0.9553920656552196,0.7976324207605603,0.6538371241154457,0.642350566999093,0.08539551291802824,0.0002004008016032064,0.14362629088815415,0.12862762919472456,0.24590130537143426,1.8158224017676416,0.5512796880803773,0.16418420412208337,0.1808762082319077,0.15257085532532366,0.05231475272441319,0.026417698219217738,0.0123804512674487,0.014037246951769038,0.041671142442553794,0.008234820747451538,0.03343632169510226,0.011085965848161048,0.002816552663344579,0.00826941318481647
deep,saber_v2,standard_ce,307,1,0.46244756679772825,549253.0,0.65149940009431,0.5177236781093038,0.9147096146948674,0.9548961801456926,0.909792360291385,0.9527657343362439,0.7953402166214841,0.6223672867759282,0.6314072630571543,0.09020763970861503,0.0,0.1521336843098478,0.1262514129243828,0.2577925990866327,1.7568142960556719,0.564888512320833,0.16894855376301995,0.1856801874545974,0.15668517058623257,0.07819034629747028,0.01922793321110672,0.015526542413059192,0.0037013907980475297,0.038965649709696626,0.00782153215367053,0.031144117556026096,0.00821843485606815,0.004487913584450153,0.0037305212716179977
deep,saber_v2,standard_ce,307,2,0.436492078180128,549253.0,0.660413325006873,0.5740675590047083,0.9208779924734138,0.9576703271139031,0.9163760583694227,0.9563337118053113,0.7926401858524214,0.6296277587410017,0.6408947975498399,0.08362394163057732,0.0010354041416165665,0.13985014817653324,0.13563111264304956,0.2448787560610946,1.75038962173988,0.5525251735787051,0.1652363907586,0.18248748755127417,0.15387316955938338,0.023897874518756076,0.026570633205462692,0.013955317494852099,0.012615315710610593,0.03666980426142415,0.008225717474460768,0.028444086786963384,0.01199265183804185,0.0020937527878773536,0.009898899050164497
deep,saber_v2,standard_ce,401,1,0.4628794012360912,549253.0,0.6475431176525208,0.4832402644053381,0.9097483309148972,0.952256784325079,0.9045469687837585,0.9498805427796376,0.7826320475263676,0.5305873563316346,0.6272248143219985,0.09545303121624146,3.34001336005344e-05,0.14287722433291675,0.1344449301288433,0.26072437826792816,2.0080694372569123,0.5810841616722098,0.1763232669340601,0.19353849683115068,0.16277762706803606,0.1650904141917779,0.01834309507640377,0.01859798672014536,-0.00025489164374159143,0.032325722390228184,0.013889773929318547,0.018435948460909637,0.0037450865084032313,0.004975849016755484,-0.001230762508352253
deep,saber_v2,standard_ce,401,2,0.4371162047949097,549253.0,0.6532963861826881,0.5874759290619713,0.9147514897506249,0.9549183247867856,0.9098366495735712,0.952790019792237,0.7940766823303651,0.6539655756617297,0.6333078509492348,0.09016335042642876,0.0,0.14889671546832065,0.12763208315601574,0.25748887976456514,2.0288915339513074,0.5721806346580222,0.1690492966507845,0.18580945393106638,0.15669227113916537,0.04703124431709138,0.02062437528789101,0.015125998401465264,0.005498376886425746,0.03981953671623095,0.009938953451323888,0.029880583264907064,0.006716394812590919,0.002943998485215374,0.0037723963273755446
deep,saber_v2,standard_ce,503,1,0.462520404115149,549253.0,0.6582576699626583,0.56378817652788,0.9196818224024266,0.957494141060246,0.915055082387693,0.9556416946954043,0.7976597305795325,0.6296567259175013,0.6385590193197551,0.08494491761230703,6.68002672010688e-05,0.1474390203981029,0.12905704266983495,0.24085650234335804,1.7584009084442875,0.5549596431968277,0.16456016929660225,0.18141038829100614,0.15314672837471985,0.04509008180438063,0.03145544949231047,0.02099578882591447,0.010459660666395997,0.04370481362869206,0.010241182114617489,0.03346363151407457,0.011508357714932827,0.0028056287357556536,0.008702728979177173
deep,saber_v2,standard_ce,503,2,0.4364628151126565,549253.0,0.6452509135134447,0.5196432173684027,0.9081315896317362,0.9514175458731055,0.9028350917462109,0.9489367687850333,0.7835532987530337,0.5890741644404719,0.6247985319065765,0.09716490825378914,0.0,0.14627594533547206,0.13176061450416224,0.26938184218891525,2.0972728567484538,0.5890264425135219,0.17720795334754658,0.19427586194340313,0.1634443507818801,0.09163063960358776,0.01693754972662871,0.019484645509446466,-0.0025470957828177543,0.03347637609626165,0.01411917640868598,0.01935719968757567,0.0036485918147010576,0.006496095606214258,-0.0028475037915132004
