architecture,regime,method,seed,epoch,eval_b2a,eval_a2b,eval_family_f1,eval_fine_f1,eval_awbir,eval_ece,eval_hsr_miss,eval_hsr_balanced,eval_hsr_fatigue,eval_teacher_correction_family,eval_teacher_degradation_family,batch_b2a,batch_a2b,batch_family_f1,batch_fine_f1,batch_awbir,batch_ece,batch_hsr_miss,batch_hsr_balanced,batch_hsr_fatigue,batch_teacher_correction_family,batch_teacher_degradation_family,is_collapse,bn_var_max
shallow,minimal_ce,random,101,1,0.057,0.027729069967337115,0.7961035404343856,0.701649247154966,0.08427876193016187,0.057885577177780555,0.12182188622593963,0.14209747466623773,0.12087341161331833,0.038716422711918934,0.04463567637124015,0.23575,0.025700532920749527,0.619806689482577,0.5178129108126744,0.2648001850654464,0.05524392773350842,0.1729330866977642,0.20726073668972173,0.18128840276660768,0.08669776419494933,0.19950136721891587,False,2.6057655811309814
shallow,minimal_ce,random,211,1,0.068,0.024153343647928486,0.7951743515068439,0.6845213393194873,0.10754954479999058,0.03843622499965914,0.12433381588118599,0.14599324433006272,0.12460672350008042,0.04796525655460833,0.062393437349203794,0.444,0.017448856799037304,0.6046860533560091,0.4989470031102656,0.2539383518026007,0.08547986798322142,0.17594498954479654,0.216438796847354,0.19587582435258163,0.08698729290654657,0.22041177416760496,False,3.3810579776763916
shallow,minimal_ce,random,307,1,0.0625,0.025322331098504385,0.8027700919789562,0.6993583967820373,0.1130163625777767,0.023359600893544205,0.11807141708219399,0.13815345021714653,0.11781405822744088,0.06614122567154576,0.06723500080424642,0.198,0.024153343647928486,0.656600443724732,0.5447975091934477,0.24117852580623447,0.0496955985929299,0.1664441584901614,0.1990349042946759,0.1732378960913624,0.08935177738459064,0.18970564580987614,False,3.0618717670440674
shallow,minimal_ce,random,401,1,0.06875,0.02281244627815025,0.7969108327465967,0.7045571673205853,0.11016053573039551,0.0320368768981149,0.11705136453809446,0.13751970403731703,0.1175566993726878,0.08833842689400032,0.09002734437831751,0.23975,0.024514354478253394,0.6303052255354405,0.5133875607059769,0.25253652610182303,0.07475510521055206,0.17325746608760925,0.20794917162618626,0.1821360784944507,0.08800064339713688,0.20160849284220686,False,3.5642409324645996
shallow,minimal_ce,random,503,1,0.05875,0.02521918514698298,0.7915873602182565,0.6782212550108159,0.13428021377521382,0.0330609604209227,0.12718755026540132,0.1490397297732025,0.12684574553643235,0.04350973138169535,0.062039568923918285,0.23225,0.024376826542891524,0.6412022964851279,0.510040956246034,0.25842550637511036,0.05724242549808431,0.17046405018497668,0.20447804407270387,0.17893356924561685,0.08592568763069004,0.19456329419334084,False,3.3788444995880127
shallow,minimal_ce,magnitude,101,1,0.061,0.025047275227780642,0.7968458992020521,0.7013861890032388,0.08836609526693895,0.05540020624699325,0.12061551659428449,0.14122888853144605,0.12037638732507641,0.04418529837542223,0.05018497667685379,0.18775,0.02882929345023208,0.6516826638723352,0.5496610527330347,0.22822057241529464,0.053522456615773976,0.17181250335102674,0.20440405340196235,0.1773668972173074,0.08558790413382661,0.19067074151520025,False,3.133070230484009
shallow,minimal_ce,magnitude,211,1,0.088,0.020801100223482895,0.7929903639659385,0.6828367556567643,0.12464791539661574,0.03497544237204337,0.12315157364216396,0.1455879041338266,0.1250281486247386,0.036287598520186586,0.0520186585169696,0.2665,0.02068076328004126,0.6329735337623393,0.5493343282535093,0.21553062199064546,0.04157918905930905,0.17518899790895928,0.21150072382177898,0.18579218272478687,0.06450056297249478,0.18925526781405821,False,3.93878173828125
shallow,minimal_ce,magnitude,307,1,0.08975,0.020113460546673543,0.8076254423073713,0.711708700930696,0.09645494963160002,0.045556192271520975,0.11152082998230657,0.13179346951906062,0.11354833520990833,0.07503619108894966,0.06882740871803121,0.19775,0.027969743854220387,0.6251848509846539,0.5330250542705134,0.2428274563019723,0.08288927368043779,0.187591818133076,0.22369309956570693,0.19327167444104873,0.08616696155702107,0.229113720443944,False,4.14573860168457
shallow,minimal_ce,magnitude,401,1,0.066,0.0234485129791989,0.7925758257826074,0.6964818572654499,0.11131384039973351,0.046547702597778004,0.1203688810251461,0.14132861508766287,0.12062892070130289,0.0771111468553965,0.08468714814219076,0.256,0.027643115007735947,0.5966614354505859,0.5328298108975037,0.22389228844432327,0.08439037896092157,0.19046163744571334,0.22832234196557827,0.1988515361106643,0.0866655943381052,0.2391507157793148,False,3.3718173503875732
shallow,minimal_ce,magnitude,503,1,0.07275,0.022915592229671652,0.7899979190706627,0.6755516919378144,0.1381615309069734,0.05388375849867093,0.12658168462817007,0.1490139938877272,0.12733955283898984,0.043767090236448446,0.06376065626507962,0.14175,0.03319580539797146,0.6141513183056212,0.526067133217837,0.24311731710782047,0.08311456242075907,0.18846576591067501,0.22268296606080104,0.19067074151520025,0.08578092327489142,0.22173073829821457,False,2.5994603633880615
shallow,minimal_ce,taylor,101,1,0.0825,0.01942582086986419,0.8133617303747823,0.7134568972881069,0.07811915838141757,0.052608601713395806,0.11098600611227281,0.13114042142512466,0.1127971690525977,0.064790091684092,0.057873572462602545,0.2035,0.019924359635550972,0.6541207486990084,0.5555369698973593,0.24694258094136493,0.04827880794692254,0.16315479062784838,0.1959852018658517,0.17078816149268136,0.08489625221167765,0.184976676853788,False,0.848065972328186
shallow,minimal_ce,taylor,211,1,0.05925,0.024634691421695033,0.8077162199842828,0.7118935288718307,0.0680025217193012,0.0323519808395185,0.11377540078279985,0.13306417886440405,0.1134743445391668,0.0289207013028792,0.02211677658034422,0.181,0.023379749011517965,0.6380735835938478,0.5397360495482366,0.2722421496910275,0.057655315835340684,0.17167712187014103,0.20513109216663988,0.1775872607366897,0.08627955605597555,0.19935660286311727,False,0.4529207646846771
shallow,minimal_ce,taylor,307,1,0.0695,0.022846828261990717,0.8118126894730239,0.7112310145070297,0.092101230299021,0.04506134533407748,0.11298589887941667,0.1326491877111147,0.11351294836737977,0.06741193501688918,0.06104230336175004,0.11975,0.03051401065841499,0.6606753998050809,0.5564681854264139,0.24618944929262093,0.049091513953659065,0.1707080049327114,0.2014508605436706,0.17228727682161815,0.08706771754865691,0.18996300466462923,False,0.6933916211128235
shallow,minimal_ce,taylor,401,1,0.0605,0.024634691421695033,0.7940563819077008,0.7036480499586752,0.0927835317433855,0.02276141665984063,0.11978446195914427,0.14029917966865046,0.11953997104712884,0.05798616696155702,0.06327810841241756,0.12175,0.03518996046071858,0.6509665060082755,0.5470903814199334,0.25842662582244813,0.06567344429733576,0.172726663449681,0.20303683448608653,0.17359819848801672,0.08956088145407753,0.1914749879363037,False,0.7027993202209473
shallow,minimal_ce,taylor,503,1,0.05675,0.025494241017706722,0.7910043035229731,0.6812735261402658,0.1393414777774929,0.04035947641792298,0.12702670098118063,0.1487566350329741,0.12645649026861833,0.045504262506031845,0.06419494933247546,0.1725,0.0210073921265257,0.6545734772815688,0.5715685348184198,0.21329925107513079,0.04668711025652326,0.15778242453487748,0.18873733311886762,0.16381856200739905,0.07157793147820492,0.15788965739102462,False,0.6157578229904175
shallow,minimal_ce,fisher,101,1,0.07675,0.021849750730617158,0.8006540413068871,0.702511622342416,0.07124687282405218,0.024625891167774094,0.11802182188622594,0.13901881936625382,0.11910406948689078,0.03514556860221972,0.03982628277304166,0.22525,0.014010658414990544,0.6345980591673405,0.5398872532941755,0.2626715566812962,0.056288466332692695,0.1662658838668168,0.2012449734598681,0.17608171143638413,0.08311082515682805,0.19538362554286634,False,0.5139256119728088
shallow,minimal_ce,fisher,211,1,0.06725,0.022846828261990717,0.8021737111123928,0.6969710996696246,0.09374617523983032,0.04631514750417995,0.11883679159294408,0.13962682966060802,0.1192729612353225,0.03741354350973138,0.04249638089110504,0.2975,0.009042461750042977,0.6209400363182674,0.5053283597147281,0.2128497110065372,0.05892436012125337,0.16658088038174898,0.2039472414347756,0.18076081711436384,0.0875824352581631,0.20797812449734598,False,0.5103578567504883
shallow,minimal_ce,fisher,307,1,0.0805,0.02308750214887399,0.8082110221656267,0.7009807529610402,0.12137153436965771,0.03798906779376755,0.11347917001769342,0.13340839633263632,0.11454720926491876,0.08200096509570533,0.07619430593533859,0.23575,0.012910434932095581,0.6612112643025133,0.5504973559978904,0.23285766614489037,0.04591479462242236,0.16366548710524906,0.19853305452790734,0.17426089753900595,0.08991474987936304,0.19768377030722215,False,0.48237234354019165
shallow,minimal_ce,fisher,401,1,0.08025,0.020973010142685232,0.7834844281816933,0.6840797792423574,0.09606264496259281,0.0459549153127384,0.12321189212374672,0.14547852662055655,0.12461315747144926,0.045086054367058065,0.06121923757439279,0.1485,0.022245143544782534,0.653882187535237,0.5547168957764996,0.22248881872988113,0.04483413676109773,0.16697496112808966,0.19907350812288885,0.1715763229853627,0.0867138491233714,0.1899308348077851,False,0.49697980284690857
shallow,minimal_ce,fisher,503,1,0.04875,0.029327832215918857,0.7872756519993614,0.6786140973684817,0.1471706917339207,0.0417734717788707,0.12966999088520723,0.1510567797973299,0.12802798777545438,0.04495737493968152,0.06477400675566994,0.20425,0.016176723396940002,0.632632394637977,0.5381837366796706,0.246748152798018,0.05975106363502419,0.16522036351938232,0.19917966865047448,0.17366414669454722,0.0893678623130127,0.1963808911050346,False,0.49991506338119507
shallow,minimal_ce,saber_v2,101,1,0.07275,0.022296716520543235,0.807566970405706,0.7110831639953146,0.05998811757639192,0.034430081269454606,0.11317757760977964,0.13304487695029757,0.11398101978446196,0.03133344056618948,0.02580022518899791,0.1725,0.02929345023207839,0.636551560675483,0.5387907573849054,0.2719875804817137,0.06633035089208611,0.17207120261648168,0.20433327971690524,0.17668811323789607,0.08521795078011903,0.19104069486890785,False,0.51105797290802
shallow,minimal_ce,saber_v2,211,1,0.06075,0.026009970775313737,0.7882207324787665,0.675076564794445,0.13814250998968247,0.04814985181952118,0.1273752077636588,0.14915554125784142,0.12691169374296285,0.030304005147177095,0.049235965899951745,0.16825,0.02888086642599278,0.6285956405593031,0.5244417058525925,0.2535206866586323,0.05647340619850692,0.17272934427108466,0.2051182242239022,0.17714170821939842,0.08558790413382661,0.19374296284381534,False,0.518110990524292
shallow,minimal_ce,saber_v2,307,1,0.072,0.024015815712566616,0.8050082314184049,0.7005842847832524,0.10738214405118535,0.03241765888644844,0.11679534609404323,0.13705002412739262,0.11719961396171788,0.06572301753257198,0.06620556538523403,0.13775,0.02815884476534296,0.6468210087852223,0.5129884326177179,0.25477717339903494,0.06042106223425555,0.17292236341214948,0.20489625221167765,0.1760093292584848,0.08600611227280039,0.194129001125945,False,0.4831770956516266
shallow,minimal_ce,saber_v2,401,1,0.06,0.024737837373216436,0.7974622318775472,0.7104106914917994,0.06773160926358561,0.03182745602075733,0.11657551873894162,0.13641949493324754,0.1162924239987132,0.04548817757760978,0.0442013833038443,0.11375,0.03345367027677497,0.6415259742761409,0.5456077785701792,0.2645553501090646,0.058904206583983675,0.1713648061766125,0.2015731059996783,0.17224867299340518,0.0884510213929548,0.18827408718031205,False,0.49363476037979126
shallow,minimal_ce,saber_v2,503,1,0.06025,0.026130307718755373,0.7958011623447704,0.6874468012480491,0.14291904993534008,0.02921940292493408,0.12327087019462764,0.1441981663181599,0.12273926331027826,0.06527263953675407,0.0760817114363841,0.1525,0.029912325941206807,0.630441369131841,0.5307242885879501,0.2657187449742294,0.05800654235960279,0.17237949707790468,0.2042013833038443,0.1763599806980859,0.08658516969599485,0.18735724626025413,False,0.49466854333877563
deep,minimal_ce,random,101,1,0.04825,0.025648959944988826,0.7974064879850399,0.6997927574242709,0.10236352985422324,0.048193180218353164,0.12117982949975874,0.14154737011420299,0.12010294354190124,0.0442013833038443,0.07157793147820492,0.2005,0.017139418944473097,0.6427859605283373,0.5343503952908688,0.2615105996062186,0.03631982190198298,0.18536271513591765,0.2230979572140904,0.19355316068843492,0.06750844458742158,0.23282933890944185,False,28.12051010131836
deep,minimal_ce,random,211,1,0.04125,0.029568506102802133,0.7916169630512764,0.6835312774535591,0.13698769370425543,0.05725147571237904,0.1250134041070184,0.14527907350812289,0.12288241917323468,0.045005629724947725,0.0759852018658517,0.17175,0.015403128760529482,0.6322235242637883,0.49513269128875725,0.2924069580529093,0.04974093948554664,0.19627231783818563,0.2359594659803764,0.20326363197683772,0.06339070291137204,0.25259771594016406,False,33.824012756347656
deep,minimal_ce,random,307,1,0.053,0.025098848203541343,0.7918512929930807,0.6834080938105809,0.16612084673743027,0.07390136340099618,0.12635515521955928,0.14795238861187068,0.12558790413382662,0.04423355316068844,0.08285346630207495,0.1755,0.01684717208182912,0.6776833070806637,0.5288016581415418,0.26626867405680743,0.04987234422397252,0.1753257198005469,0.21062570371561845,0.18224867299340516,0.07058066591603668,0.2164548817757761,False,31.098257064819336
deep,minimal_ce,random,401,1,0.0495,0.024875365308578305,0.7992840746789831,0.6972080059004021,0.11795040410451117,0.0815443780721659,0.11829928690150661,0.1382596107447322,0.11743123693099566,0.05180955444748271,0.07415152002573588,0.18225,0.01569537562317346,0.6130825511549755,0.5309894326052715,0.24053410983503462,0.050798734562296013,0.18791887834432472,0.2260833199292263,0.19501688917484317,0.06245777706289207,0.2384751487855879,False,31.37944793701172
deep,minimal_ce,random,503,1,0.048,0.02625064466219701,0.7915427287529698,0.6752420707379784,0.17939962251372432,0.07508665063243297,0.12456704734330598,0.1454946115489786,0.1234019623612675,0.06454881775776097,0.09776419494933247,0.1335,0.025734914904589994,0.6750416001557341,0.5101963455560314,0.299769862400581,0.07301755356034434,0.18699801619216128,0.22215859739424157,0.19163744571336658,0.06311725912819688,0.20860543670580667,False,33.01698303222656
deep,minimal_ce,magnitude,101,1,0.06075,0.02638817259755888,0.7943611777880558,0.6814096833020117,0.13918377529215678,0.04775751025324064,0.12340759208621521,0.14432362875985202,0.12285346630207497,0.06414669454720927,0.09511018175969117,0.2165,0.01964930376482723,0.5912458482019556,0.5111850502595171,0.2197388183662027,0.05096277573240707,0.2021768269797866,0.24311404214251248,0.21055332153771916,0.03981019784461959,0.23808911050345827,False,3.0611982345581055
deep,minimal_ce,magnitude,211,1,0.04775,0.030634347601856626,0.7929352117757623,0.6972886641394994,0.13956411405256028,0.021853403865675327,0.12250415527317571,0.14219398423677015,0.1205420620878237,0.03744571336657552,0.06207173878076243,0.23775,0.02037132542547705,0.5403430490106618,0.42085704926170725,0.3153121140637557,0.11968211820549801,0.23050372634175112,0.2773813736528873,0.2411468553964935,0.08110020910406948,0.3222776258645649,False,2.7651121616363525
deep,minimal_ce,magnitude,307,1,0.061,0.026783565411724258,0.7943136394850064,0.6776187948362515,0.15040332564211348,0.050849111476018685,0.12328293389094419,0.14410487373331188,0.1226524046967991,0.06950297571175808,0.1,0.2025,0.014406051229155923,0.5755574899967103,0.49913054430549886,0.27581752732723835,0.0820223942327776,0.2112567690740443,0.2547209264918771,0.21946437188354512,0.06226475792182725,0.28790413382660446,False,3.053119421005249
deep,minimal_ce,magnitude,401,1,0.053,0.02793536187037992,0.7972365275887139,0.7017319362816854,0.09221760553330423,0.045189380251202,0.11935016889174843,0.1390156023805694,0.11814219076725108,0.02580022518899791,0.04685539649348561,0.18175,0.019116383015299984,0.5871753039425404,0.4386364320497565,0.2631512606559663,0.11649053053948442,0.22991662645434563,0.2758307865529998,0.23927617822100694,0.07009811806337461,0.29763551552195594,False,3.147836446762085
deep,minimal_ce,magnitude,503,1,0.061,0.027780642943097816,0.7829233338539533,0.6647937374932408,0.1973969534693699,0.046442372393133785,0.12781084124175648,0.14935177738459066,0.12702589673475953,0.06490268618304648,0.10320090075599164,0.1825,0.021299638989169676,0.5510468038891061,0.48337853522190544,0.30691579095222593,0.0940143581715904,0.21762103908637606,0.2606820009650957,0.22356924561685704,0.06425928904616375,0.29557664468393113,False,3.026545524597168
deep,minimal_ce,taylor,101,1,0.042,0.02829637270070483,0.7833597092188237,0.6833324902938434,0.15288643248154885,0.09020100628580065,0.1268618304648544,0.1477497185137526,0.12496380891105034,0.0514556860221972,0.08775936947080586,0.1125,0.018583462265772736,0.6823115997254866,0.5928959814227823,0.19056725031369154,0.06316911915564345,0.16355691383840007,0.19496220041820814,0.16691812771433168,0.0670419816631816,0.18769502975711758,False,26.708396911621094
deep,minimal_ce,taylor,211,1,0.064,0.022692109334708613,0.7880844609284329,0.6751932417912073,0.17838093217023332,0.07625879221243356,0.12378692831483566,0.14553321537719158,0.12400193019141066,0.06104230336175004,0.09712079781244974,0.17725,0.011964930376482724,0.6291104042866623,0.4948069933401806,0.300697456620074,0.08676786021995835,0.2000040212321055,0.24118706771754866,0.20825800225188998,0.06876306900434292,0.26528872446517615,False,30.710758209228516
deep,minimal_ce,taylor,307,1,0.0515,0.02286401925391095,0.7968518337889243,0.696229834429956,0.1227750675175552,0.05677910218203147,0.12080317409254195,0.14167926652726395,0.12035869390381213,0.046388933569245616,0.07617822100691651,0.1215,0.016623689186866082,0.6984173460052531,0.5940747171976541,0.17978754305986397,0.04465685159690412,0.17245724089861134,0.20618304648544314,0.17654978285346629,0.060157632298536275,0.2014315586295641,False,29.70326805114746
deep,minimal_ce,taylor,401,1,0.04775,0.02386109678528451,0.8004010842438946,0.6960404098263583,0.11340042013843532,0.04783610957168114,0.1192496380891105,0.13955605597555093,0.11845906385716583,0.05951423516165353,0.08492842206852179,0.1095,0.0210589651022864,0.6833868634482577,0.571721105667718,0.19514660758782162,0.03820910651167932,0.17917269851482495,0.21317999034904295,0.18201865851696958,0.06532089432202026,0.21386520829982306,False,30.76498794555664
deep,minimal_ce,taylor,503,1,0.0505,0.02475502836513667,0.7849994453113972,0.6737100650237945,0.186663205328511,0.06843249807365644,0.1259878826872554,0.14752774650152806,0.12517291298053723,0.05907994209425768,0.09712079781244974,0.1445,0.014853017019082001,0.6807792284322701,0.5650228428058645,0.27326827480058286,0.04754618227064948,0.1763631976837703,0.2116454881775776,0.18213929548013513,0.07214090397297732,0.2211999356602863,False,32.46569061279297
deep,minimal_ce,fisher,101,1,0.0415,0.028399518652226233,0.7978902054221222,0.6990508687359264,0.11153296952035799,0.04559699344530137,0.1211892123746716,0.1409136239343735,0.11928422068521796,0.045504262506031845,0.06998552356442014,0.13125,0.016881554065669588,0.6480148431515238,0.5306578531051822,0.2878604426834982,0.08087875840422741,0.19651627258592033,0.2351938233874859,0.20128036030239665,0.08531446035065143,0.27228566832877593,False,32.699851989746094
deep,minimal_ce,fisher,211,1,0.046,0.02666322846828262,0.8046508882397166,0.6975164245442703,0.11645768843356381,0.046308897905880976,0.11850302932818617,0.13810197844619593,0.11712723178381856,0.056972816470966706,0.07797973299018819,0.1335,0.019546157813305827,0.6500855829768928,0.5308454624569031,0.286988223551739,0.06970658121748197,0.1905554661948421,0.22758565224384752,0.19507962039568924,0.06993726877915393,0.24106482226154094,False,29.591609954833984
deep,minimal_ce,fisher,307,1,0.05075,0.024050197696407084,0.8051192985068277,0.7058929221000999,0.11168310681315477,0.05480793176599397,0.11973486676317624,0.14016084928422068,0.11904616374457133,0.027714331671224064,0.05409361428341644,0.13,0.01768953068592058,0.711716406944209,0.6099120031725621,0.19736105843421603,0.04732172278337236,0.15508015655996998,0.18529515843654495,0.15958661733955284,0.06750844458742158,0.1712723178381856,False,26.193185806274414
deep,minimal_ce,fisher,401,1,0.04775,0.023706377858002406,0.8009635938427603,0.6991573605494412,0.09390910827930847,0.05690145045861741,0.118037906814648,0.13813093131735563,0.11728647257519705,0.04691973620717388,0.06995335370757601,0.06975,0.025425477050025787,0.6695013030962923,0.5701490735324121,0.23644869129841695,0.08210635003202149,0.1811417618358265,0.21395850088467108,0.18111629403249158,0.061685700498632784,0.2101656747627473,False,30.5417537689209
deep,minimal_ce,fisher,503,1,0.047,0.02485817431665807,0.8018077022194666,0.694200960723229,0.16711156299862934,0.07714550588551083,0.12158865476381964,0.142161814379926,0.12059192536593213,0.041611709827891266,0.07058066591603668,0.119,0.019632112772906996,0.6935494260803489,0.5621927423233117,0.2730726718580521,0.05800094368722251,0.1655862956409844,0.1973266848962522,0.16944828695512304,0.06453273282933891,0.18463889335692457,False,33.00960159301758
deep,minimal_ce,saber_v2,101,1,0.0425,0.027402441120852675,0.7866436252725503,0.6822525499287505,0.13426181542695084,0.06732267183089195,0.1283711329151252,0.1497378156667203,0.1266832877593695,0.040019301914106485,0.08000643397136882,0.0935,0.022520199415506276,0.6621444500468684,0.5570094199172011,0.22422675621936777,0.09590547522258555,0.19011849230604258,0.2257326684896252,0.19195753578896574,0.06857004986327811,0.2367379765160045,False,41.43975830078125
deep,minimal_ce,saber_v2,211,1,0.053,0.02643974557331958,0.8115179658973184,0.7139855609055611,0.09868649286676369,0.052796813415906335,0.11418958768966812,0.13310278269261702,0.11322502814862474,0.02654013189641306,0.0390381212803603,0.104,0.020697954271961493,0.6676660273110938,0.5408704220280743,0.2552151026637159,0.05508690578414478,0.18066591603667362,0.2149332475470484,0.18359980698085893,0.07563133344056619,0.22446517612996622,False,32.14195251464844
deep,minimal_ce,saber_v2,307,1,0.0485,0.02444559051057246,0.8036497982072514,0.6817034522948393,0.14105621301145083,0.05656875800750857,0.11973084553107072,0.14003860382821295,0.11887566350329741,0.060221972012224546,0.08599002734437831,0.08475,0.021884132714457626,0.6983630401101832,0.5889822364904321,0.23866061134961344,0.07018611561825935,0.1725309634872125,0.20457777062892069,0.1739713688274087,0.06644683931156506,0.20070773685057103,False,41.6111946105957
deep,minimal_ce,saber_v2,401,1,0.04825,0.0235000859549596,0.7954158914418369,0.6945594481774368,0.10387475417191966,0.05894419746779231,0.12045332689936196,0.14107769020427857,0.11975711758082677,0.04268940003216986,0.07083802477078976,0.08325,0.022898401237751418,0.6879415670231949,0.6012336905599063,0.15010601223974687,0.04367330927903383,0.16152082998230657,0.19114685539649348,0.16272156988901398,0.05893517773845906,0.169953353707576,False,38.31340408325195
deep,minimal_ce,saber_v2,503,1,0.0455,0.025889633831872098,0.7884518174571893,0.6775148365562558,0.17437149811797972,0.058619212876151856,0.12460457884295749,0.14555895126266688,0.12335209908315907,0.0601415473701142,0.09403249155541257,0.1345,0.017586384734399173,0.6809025271914181,0.5522551742799143,0.26374585943624873,0.051526303581153,0.175666184118814,0.21010455203474346,0.18037317033939199,0.07413543509731382,0.2196718674601898,False,37.67047882080078
deep,standard_ce,random,101,1,0.06275,0.020697954271961493,0.8102199181276114,0.7046485869847479,0.11404847795012041,0.05186755075408946,0.11398986649509409,0.13412578414026058,0.11453273282933892,0.06340678783979412,0.08156667202830947,0.17525,0.01585009455045556,0.6721020657235405,0.5514577195039491,0.18999244375696153,0.04991749911810848,0.18004530588172216,0.2164709667041982,0.18700820331349527,0.03894161170982789,0.1965256554608332,False,33.367088317871094
deep,standard_ce,random,101,2,0.0335,0.0322503008423586,0.7911313915379656,0.688045550410196,0.148020943568142,0.08046306553794373,0.12646774971851374,0.14637284864082353,0.12348077851053563,0.04938073025575036,0.08031204761138813,0.3365,0.0073749355337802995,0.6138636361887658,0.5194817527182235,0.182479529726049,0.07962872111868913,0.1890863760656265,0.2320186585169696,0.20519864886601255,0.04685539649348561,0.2378156667202831,False,53.73059844970703
deep,standard_ce,random,211,1,0.03175,0.03402097301014269,0.7796069955227966,0.6826960639208025,0.17302576069831083,0.07133627013677639,0.12847970618197416,0.14842206852179507,0.12500723821778995,0.05813093131735564,0.09207013028792022,0.12725,0.021351211964930377,0.6643001012843466,0.557307085689476,0.20780825645248155,0.06870096924106688,0.17037022143584793,0.2029049380730256,0.17440727038764678,0.04790091684092006,0.17524529515843654,False,34.26877212524414
deep,standard_ce,random,211,2,0.04,0.030995358432181538,0.7792007621118194,0.6700081102950622,0.19555775823932778,0.07878653093269136,0.1305479598949118,0.15162940324915555,0.12811002091040696,0.05935338587743284,0.09982306578735725,0.2115,0.013305827746260959,0.6637313831508399,0.5346801093656144,0.24618721102327076,0.042673879577685335,0.17890193555305345,0.21627473057744892,0.1878687469840759,0.046324593855557344,0.20738298214572945,False,37.74612808227539
deep,standard_ce,random,307,1,0.0615,0.021024583118445933,0.805086535030922,0.7086424164576705,0.110139201214341,0.08294335226783327,0.11383303844297893,0.13385234035708543,0.11426572301753257,0.055669937268779154,0.07305774489303522,0.22125,0.01887570912841671,0.6448963954415099,0.5131193344068723,0.2521169682320359,0.08314229656302846,0.1900823012170929,0.22883705967508444,0.19902364484478044,0.057873572462602545,0.23093131735563777,False,43.4937629699707
deep,standard_ce,random,307,2,0.05575,0.023293794051916797,0.7892917089604329,0.7048282901281396,0.1150267613340021,0.06518821752215212,0.11867058066591603,0.13912176290815506,0.11838346469358212,0.05322502814862474,0.07815666720283095,0.2245,0.007598418428743339,0.5974694598842439,0.46362226039227844,0.25283665290735974,0.07722004707169597,0.20055761085196502,0.24358050506675247,0.21139778027987774,0.05335370757600129,0.26170178542705486,False,46.129058837890625
deep,standard_ce,random,401,1,0.04475,0.03328176035757263,0.7959347086331459,0.7157672590595079,0.11895124271922607,0.06585716077280888,0.11991448179722268,0.13853305452790735,0.11729451503940806,0.027666076885957857,0.04471610101335049,0.206,0.018188069451607357,0.6669962825108029,0.4948916476165747,0.23327082138276925,0.040645539917953416,0.17259128196879525,0.2076821618143799,0.18253981019784463,0.042383786392150555,0.16446839311565065,False,39.02131271362305
deep,standard_ce,random,401,2,0.05225,0.023568849922640536,0.7988328102301656,0.6896553370328239,0.12481744514318334,0.055966353600867234,0.11808616159991421,0.13830143155862956,0.11766285990027345,0.06665594338105195,0.08920701302879203,0.141,0.026594464500601683,0.6820216337503126,0.49469805928714233,0.2360577740701939,0.07480211814076282,0.193820706664522,0.2303297410326524,0.19891748431719478,0.0737333118867621,0.2297410326524047,False,45.24324035644531
deep,standard_ce,random,503,1,0.04075,0.0271617672339694,0.8023439914715187,0.697622781133418,0.13346508555387895,0.05516761822731778,0.1202763926867192,0.14003538684252853,0.11853948849927617,0.0643879684735403,0.0884510213929548,0.2195,0.01684717208182912,0.5612342108874364,0.43686713990667275,0.2537714289813245,0.07983662193948744,0.24219612889389308,0.29171947884831917,0.25203956892391827,0.054479652565546086,0.3275373974585813,False,39.88780975341797
deep,standard_ce,random,503,2,0.049,0.026869520371325426,0.8048314860488199,0.7010362363393714,0.12462984274401682,0.053130605692632754,0.11936089217736313,0.1391507157793148,0.11816310117419977,0.03453434132218112,0.05644201383303844,0.18275,0.01652054323534468,0.5736256820663114,0.44870028432786835,0.2922006688792839,0.0876526883961674,0.22780950083105464,0.27380730255750363,0.23477722374135435,0.049155541257841405,0.3041981663181599,False,43.06387710571289
deep,standard_ce,magnitude,101,1,0.068,0.020044696578992608,0.8074989284628761,0.7154311913027748,0.11033776888481436,0.06774358843448074,0.11206637713795507,0.1320411774167605,0.11298375422229372,0.07001769342126428,0.08512144120958662,0.17525,0.01918514698298092,0.5520081291697416,0.4853230159952655,0.2495815315240252,0.09179976287478071,0.22837515414723072,0.2738426894000322,0.2352131253015924,0.06118706771754866,0.30731864243204116,False,3.446000814437866
deep,standard_ce,magnitude,101,2,0.04275,0.02802131682998109,0.8214644047900811,0.7307532182027031,0.07081024168021313,0.060752904931297654,0.10723955820063268,0.12426894000321698,0.10553321537719158,0.024304326845745537,0.020604793308669777,0.193,0.015712566615093692,0.5755817289077975,0.5014622074212,0.31688806162866967,0.08288577221609458,0.20691651922148946,0.2490847675727843,0.21442013833038445,0.08184011581148463,0.29728164709667043,False,5.520448207855225
deep,standard_ce,magnitude,211,1,0.037,0.03151108818978855,0.8033834464124121,0.717226760899678,0.11970568982985345,0.03643386230525646,0.11862366629135167,0.13716583561203152,0.11589190928100371,0.03640019301914107,0.052967669293871644,0.18475,0.019391438886023724,0.6121116672482124,0.5288613843149231,0.24119373622598433,0.0734947359962406,0.19689963004664632,0.23621682483512946,0.20321055171304486,0.07252694225510696,0.26528872446517615,False,6.126939296722412
deep,standard_ce,magnitude,211,2,0.049,0.025047275227780642,0.7874209467830178,0.6844272189556957,0.16656313142171048,0.08257798295691868,0.1282344110235376,0.150139938877272,0.12737333118867622,0.0433810519543188,0.08478365771272318,0.17675,0.029757607013924704,0.6065466346202439,0.540499171986159,0.2127732784408498,0.07267448111980876,0.1947093989598413,0.23149428985041015,0.19876789448286955,0.0662699050989223,0.24396010937751328,False,7.953575134277344
deep,standard_ce,magnitude,307,1,0.062,0.021334020973010143,0.8107803535781629,0.7261253316681779,0.09190117329975823,0.04031076058936514,0.10757868210819795,0.12629885797008203,0.10796686504745054,0.06215216342287277,0.06686504745053884,0.189,0.020354134433556815,0.6014138289459144,0.5195524857330224,0.27333795685595874,0.07233226843010482,0.20632673851268027,0.24743123693099567,0.21300466462924242,0.0870194627633907,0.29445069969438636,False,4.700665473937988
deep,standard_ce,magnitude,307,2,0.04825,0.025494241017706722,0.8042158234562692,0.7298217883615026,0.07368253429779797,0.022712548860280946,0.11231167229639161,0.13093453434132218,0.11123210551713045,0.027698246742801993,0.03779958179186103,0.16,0.022073233625580196,0.6053016829762784,0.5330885633103967,0.24105683436033923,0.05049886228347977,0.19120958661733956,0.2284092005790574,0.19579057423194465,0.06551391346308509,0.24392793952066913,False,5.595912456512451
deep,standard_ce,magnitude,401,1,0.03675,0.03491490458999484,0.7904975218720898,0.7078035775487465,0.14180907074469523,0.051821585076779884,0.12193582113559594,0.14049863278108413,0.11861026218433328,0.04050184976676854,0.05994852822904938,0.2395,0.015867285542375795,0.5784885862866073,0.525927108455366,0.2178457852524738,0.08446393496627545,0.20426518685325182,0.24677175486569083,0.21365288724465176,0.04291458903007882,0.25771272317838184,False,3.5877339839935303
deep,standard_ce,magnitude,401,2,0.049,0.025201994155062746,0.8080165064815015,0.7089471701513427,0.10494495462484808,0.0667983823422695,0.1129564098439762,0.13177738459063856,0.11207495576644684,0.04918771111468554,0.059803763873250766,0.2465,0.016090768437338834,0.5812797102906766,0.4472152383106059,0.2602853308975054,0.15376161992478538,0.22058066591603667,0.26644362232588065,0.233997104712884,0.06480617661251407,0.27492359658999516,False,6.406344890594482
deep,standard_ce,magnitude,503,1,0.048,0.02630221763795771,0.8005382946010605,0.6985706303843372,0.1265889884747191,0.04550479180306132,0.1199292263149429,0.13991957535788965,0.11870838024770788,0.06458098761460511,0.08893356924561685,0.1915,0.017895822588963384,0.6340972929004174,0.5426443412576417,0.20937452356361555,0.03294461067799067,0.18209747466623774,0.21886440405340196,0.18922148946437187,0.06374457133665755,0.22644362232588064,False,3.4103527069091797
deep,standard_ce,magnitude,503,2,0.06625,0.022296716520543235,0.735939892250982,0.623186872914357,0.2055142810504569,0.18501327564337816,0.14937670902364483,0.1763583722052437,0.14984719317999035,0.08283738137365289,0.1698085893517774,0.253,0.012566615093690905,0.49883472575844684,0.46561426714118204,0.26695552834027747,0.10241516492007487,0.22969813950994586,0.2781695351455686,0.24040694868907836,0.07473057744893036,0.34339713688274087,False,5.753050327301025
deep,standard_ce,taylor,101,1,0.07125,0.017259755887914733,0.8032612314247204,0.692989244958309,0.13678566871176587,0.06777882218403115,0.11946142298000106,0.14149911532893678,0.12102782692617017,0.053241113077046806,0.08613479170017693,0.1635,0.017775485645521748,0.683349017512374,0.5606501455515804,0.22788123881859843,0.04013670085934071,0.1701839043482923,0.20405018497667685,0.17617982949975872,0.07997426411452468,0.21605275856522438,False,29.0678653717041
deep,standard_ce,taylor,101,2,0.03675,0.030445246690734055,0.8094196589273127,0.7248976415305427,0.10332522036872192,0.06867120386049062,0.11571095383625542,0.13386520829982307,0.11321537719157149,0.03308669776419495,0.044330062731220844,0.12425,0.02353446793880007,0.658852651058691,0.4980097790346527,0.2764753442282895,0.07433775067824727,0.1926156774435687,0.2291330223580505,0.1972108734116133,0.06406626990509892,0.22264757921827247,False,43.72732162475586
deep,standard_ce,taylor,211,1,0.04325,0.02747120508853361,0.8038422339250454,0.7068924272937235,0.1309422920868261,0.06712732575963977,0.11847488070344753,0.1378639215055493,0.11679266527263954,0.04296284381534502,0.06329419334083963,0.25675,0.0064638129620079076,0.5827267076569685,0.49479152877367677,0.2688372220950138,0.07620188146308984,0.2130462173609994,0.25940164066269905,0.22519864886601254,0.08081068039247226,0.3207978124497346,False,36.38139343261719
deep,standard_ce,taylor,211,2,0.03925,0.028605810555269038,0.8151892012504413,0.7172216196443287,0.13369211086278174,0.04408709098944553,0.1116629135167015,0.12940003216985685,0.10965417403892552,0.05428663342448126,0.05901560238056941,0.198,0.011758638473439918,0.6637867530839047,0.5267444658153263,0.25196675544774116,0.08249043325912364,0.1905340196236127,0.23026218433327972,0.19938233874859257,0.06628599002734438,0.24918771111468555,False,44.111717224121094
deep,standard_ce,taylor,307,1,0.06225,0.019632112772906996,0.7933407509857441,0.6914038170292598,0.11719466651904202,0.07520991150575396,0.12007265026003967,0.14161492681357568,0.12078333601415474,0.046308508927135277,0.07769020427859095,0.1725,0.012429087158329036,0.6670568293223188,0.5557895905305773,0.18162773283990977,0.056577326532861315,0.18254785266205564,0.22006112272800388,0.18991153289367863,0.06371240147981341,0.23048093935981984,False,45.49924087524414
deep,standard_ce,taylor,307,2,0.04375,0.02784940691077875,0.8001099705509636,0.7110222268937313,0.1001341909045146,0.03342620067763319,0.11804326845745537,0.13728486408235482,0.11629885797008203,0.049107286472575194,0.06839311565063536,0.231,0.01095066185318893,0.6526507912931284,0.5335633488618916,0.20284106800251275,0.07382928479516798,0.1845584687148142,0.22387968473540293,0.19507801190284704,0.0638732507640341,0.2373652887244652,False,56.05253601074219
deep,standard_ce,taylor,401,1,0.033,0.03319580539797146,0.7858455195509134,0.6928767697319802,0.14591118296113356,0.057080279143695976,0.12728003860382822,0.1471610101335049,0.1240839633263632,0.04658195271031044,0.07831751648705164,0.166,0.01793020457280385,0.6063130438984072,0.5013489228517146,0.2819649659235868,0.10853606065985424,0.20737225886011476,0.24869551230497025,0.21350973138169532,0.06744410487373331,0.27733633585330547,False,41.79323196411133
deep,standard_ce,taylor,401,2,0.04875,0.025150421179302045,0.809452170612925,0.7195269131884142,0.07520578733596003,0.06150952317538928,0.11237869283148356,0.13108894965417403,0.11147016245777705,0.028792021875502654,0.03853948849927618,0.1725,0.011294481691593606,0.6229136020330142,0.5149671450017257,0.18122840561273923,0.04708797856229328,0.2001367218915876,0.24138008685861348,0.20738459063857168,0.07004986327810842,0.2763390702911372,False,46.56135559082031
deep,standard_ce,taylor,503,1,0.0605,0.026405363589479112,0.7930799482675054,0.6716395289479119,0.1437954057327813,0.07252301328856231,0.12265830250388719,0.14341643879684735,0.12199453112433649,0.04371883545118224,0.07410326524046967,0.10675,0.019546157813305827,0.68528927704859,0.5868965489826138,0.16800752241902575,0.037731303915950073,0.1642096938501957,0.19545439922792343,0.16726395367540614,0.046067235000804244,0.16543348882097475,False,41.616371154785156
deep,standard_ce,taylor,503,2,0.05,0.023379749011517965,0.7924730335437123,0.6848094381390147,0.15525695793751784,0.0850282397855811,0.12130180687362607,0.1421521634228728,0.12070934534341322,0.06311725912819688,0.09316390542062088,0.06025,0.02951693312704143,0.6850463765308286,0.5549677213794038,0.2666295213543014,0.026696508495186146,0.18247144925205083,0.2146051150072382,0.18200900755991636,0.0643879684735403,0.203522599324433,False,54.69292068481445
deep,standard_ce,fisher,101,1,0.06525,0.01918514698298092,0.8272865835065906,0.7374103208862256,0.06718907861459678,0.03016479516065831,0.10131494289850411,0.11924722534984719,0.10225188997908959,0.048142190767251083,0.04254463567637124,0.20325,0.014767062059480833,0.6766771561409587,0.5413912539398417,0.25628751601058913,0.03901735596625196,0.17164361160259503,0.20713205726234518,0.18041016567476276,0.06733151037477883,0.20752774650152808,False,36.568695068359375
deep,standard_ce,fisher,101,2,0.038,0.030342100739212653,0.8012829807051265,0.6956150241685992,0.1378519419738752,0.07545992668372153,0.12112487266098332,0.14040534019623613,0.118732507640341,0.06260254141869069,0.0845745536432363,0.155,0.016829981089908887,0.6643390188495193,0.5648655330428657,0.1795007872412198,0.060597702159060005,0.16801780065412042,0.20146372848640826,0.17393115650635355,0.03482387003377835,0.16567476274730578,False,53.462947845458984
deep,standard_ce,fisher,211,1,0.03775,0.03109850438370294,0.8062041217829711,0.7256955909509786,0.08727898033578581,0.05175613096862037,0.11600316336925633,0.1341129161975229,0.1133553160688435,0.023097957214090397,0.03512948367379765,0.11925,0.020508853360838922,0.6628572167943148,0.5458063282456324,0.2667628668397807,0.041563379020809935,0.17975577717012492,0.21417082193984238,0.1832153771915715,0.06601254624416922,0.2161492681357568,False,28.35085105895996
deep,standard_ce,fisher,211,2,0.04375,0.02527075812274368,0.7905776584800216,0.6860232799533226,0.17358635221382726,0.06418885351166104,0.12310734008900327,0.1438442978928744,0.12187550265401319,0.06123532250281486,0.09276178221006917,0.12175,0.022331098504383702,0.6686144285644101,0.5405585398197105,0.2691387305593661,0.06715313714366064,0.18550077743820706,0.2207720765642593,0.18864243204117742,0.07764194949332476,0.23861991314138653,False,46.35459518432617
deep,standard_ce,fisher,307,1,0.06025,0.020560426336599623,0.7578724475543015,0.6539275054515489,0.2081437049223505,0.11167289707397925,0.13681437992600934,0.16149268135756795,0.13726717066109057,0.06589995174521474,0.12970886279556057,0.2545,0.013769984528107272,0.6329999065050925,0.5254680001093912,0.2413938232210136,0.07543202775309162,0.1985550372634175,0.24060157632298534,0.2096027022679749,0.08166318159884188,0.28204921988097154,False,25.208873748779297
deep,standard_ce,fisher,307,2,0.0505,0.023826714801444042,0.8047132701400462,0.7243995365756908,0.0819170093900164,0.03676135755801807,0.11238003324218541,0.13137204439440245,0.11172269583400354,0.03944024449091202,0.05129483673797652,0.14975,0.014543579164517793,0.6095424974981999,0.5057316042334254,0.19713572431614906,0.10294913082822033,0.20612165567529891,0.2475148785587904,0.21329741032652402,0.0566672028309474,0.25481743606240953,False,47.44627380371094
deep,standard_ce,fisher,401,1,0.0375,0.031339178270586215,0.810569472146598,0.7299363146930241,0.098799815564012,0.053677883613125484,0.11182242239022037,0.12904616374457134,0.10919414508605436,0.03167122406305292,0.034341322181116296,0.207,0.0160735774454186,0.6489849546475874,0.5162056976880871,0.2508541998768109,0.059651212313825815,0.19095222776258647,0.23013028792021878,0.19973299018819365,0.06803924722534985,0.2449734598681036,False,37.598854064941406
deep,standard_ce,fisher,401,2,0.05325,0.02331098504383703,0.8164150099882933,0.7170735592314437,0.09479726791348342,0.06247045903062584,0.10971127553482386,0.12831912497989384,0.10937912176290816,0.04312369309956571,0.04925205082837381,0.277,0.00850954100051573,0.6572104282092549,0.5388639943466544,0.2360709749343158,0.05324236473836629,0.18271138276768004,0.2230078816149268,0.1959594659803764,0.0704680714170822,0.24350973138169535,False,55.61400604248047
deep,standard_ce,fisher,503,1,0.05275,0.02305312016503352,0.7878808439125377,0.680744867750305,0.16639276757186394,0.08044011410665548,0.12368639751219773,0.14512787518095543,0.12328132539810197,0.058147016245777707,0.09342126427537398,0.13475,0.018755372184975073,0.6945028086788394,0.5743475674714836,0.2097934867931397,0.04655560613380669,0.17456838775400782,0.20857326684896252,0.17918288563615892,0.04864082354833521,0.18975390059514236,False,29.4371280670166
deep,standard_ce,fisher,503,2,0.04725,0.025992779783393503,0.7934720274689316,0.690389027712318,0.1402084827277965,0.06918454650415383,0.12157927188890677,0.14194305935338586,0.12036834486086537,0.06347112755348239,0.09150715779314782,0.158,0.0161251504211793,0.6156472689778275,0.446554825973853,0.25840278843789793,0.10194157405875072,0.21694815291405287,0.26036995335370755,0.2251117902525334,0.0638249959787679,0.27355637767411933,False,40.07965087890625
deep,standard_ce,saber_v2,101,1,0.09575,0.01407942238267148,0.8003737486150394,0.6959873909798695,0.14062601211104436,0.06141243361941354,0.11887968473540293,0.14186906868264437,0.12225349847193182,0.0656104230336175,0.10080424642110343,0.09125,0.02643974557331958,0.6935407488496459,0.5709185239284231,0.2356979278599871,0.03374697083677349,0.16735965899951744,0.19764516647900915,0.16858452629885795,0.08047289689560881,0.19710471288402767,False,47.249874114990234
deep,standard_ce,saber_v2,101,2,0.044,0.026903902355165894,0.815032238466126,0.7212167822772093,0.10861430370230322,0.055726287849421755,0.11264543456114955,0.1309892230979572,0.1111758082676532,0.04288241917323468,0.051407431236931,0.2325,0.008990888774282276,0.6502025071459193,0.5411793810207861,0.23434584854806537,0.10505578548791217,0.17224009436491342,0.20949332475470483,0.18347112755348238,0.0453273282933891,0.19334083963326362,False,78.27040100097656
deep,standard_ce,saber_v2,211,1,0.0375,0.030342100739212653,0.8174729314781648,0.7438190293177952,0.07180990814062063,0.05384713029680413,0.10753310814433542,0.1240855718192054,0.10502332314621199,0.042721569889013995,0.0384268940003217,0.131,0.01615953240501977,0.6928620345849579,0.5712891466580722,0.2161859580474567,0.043750279166867134,0.17968205458152378,0.21512304970242885,0.1844394402444909,0.053466302074955764,0.2087341161331832,False,55.52590560913086
deep,standard_ce,saber_v2,211,2,0.04525,0.026989857314767062,0.7914533771516695,0.6856626393084742,0.18034760873342837,0.07618045441064585,0.1232387003377835,0.143709184494129,0.12178703554769181,0.06802316229692777,0.0979572140903973,0.1565,0.02325941206807633,0.6800364615808325,0.5544124470932658,0.2441066986685872,0.03620871099356443,0.18094472146265617,0.21580183368184008,0.18668489625221169,0.05509087984558469,0.19625221167765802,False,80.98189544677734
deep,standard_ce,saber_v2,307,1,0.0655,0.018910091112257176,0.8066405478611701,0.7123696006481985,0.09751497185168798,0.04766179696813546,0.11359712615945526,0.13404214251246582,0.11460994048576482,0.04962200418208139,0.06873089914749879,0.1375,0.01646897025958398,0.7187739262583204,0.5577776032938135,0.22407826911866024,0.021592157686181772,0.16325398101978447,0.19547691812771434,0.16861187067717548,0.07389416117098278,0.19277786713849124,False,43.76985549926758
deep,standard_ce,saber_v2,307,2,0.05075,0.025958397799553033,0.7933912578201544,0.690516848264143,0.1421514482166106,0.06496991972648916,0.12409120154415314,0.145031365610423,0.12307222132861509,0.061878719639697606,0.09491716261862634,0.174,0.011793020457280385,0.5788003708679302,0.3997839919020163,0.28243602318163563,0.15170500711805357,0.24320143692027238,0.2929934051793469,0.25224063052919415,0.06712240630529194,0.34100048254785265,False,49.38155746459961
deep,standard_ce,saber_v2,401,1,0.053,0.026370981605638645,0.7886141839879447,0.6880634533169416,0.1367963091334863,0.06801495226931395,0.12558307865529997,0.14678783979411292,0.12463406787839795,0.04146694547209265,0.07678944828695512,0.173,0.015420319752449717,0.6569998821346253,0.5295590933945441,0.2658394191253758,0.040277378104785336,0.17759369470805855,0.2135660286311726,0.18471288402766609,0.07318642432041178,0.22435258163101174,False,47.97499465942383
deep,standard_ce,saber_v2,401,2,0.0465,0.02544266804194602,0.8102058527915181,0.7090213568946038,0.11101488864118036,0.0566073661862964,0.11205565385234036,0.13060318481582758,0.11098922309795722,0.05668328775936947,0.06538523403570855,0.24375,0.011638301529998282,0.6246153068309824,0.5059932283216371,0.2154544241728724,0.10921503739885412,0.20072516218969494,0.24339713688274087,0.2121553804085572,0.06857004986327811,0.2699211838507319,False,74.10247039794922
deep,standard_ce,saber_v2,503,1,0.05025,0.02475502836513667,0.815165499881784,0.7296366745645972,0.0829373823849057,0.059186398982632234,0.11001688917484316,0.1283577288081068,0.10916519221489465,0.03910246099404858,0.04543992279234357,0.13425,0.017706721677840813,0.6931851535881358,0.6017726230655308,0.13358232796658123,0.044315883903187296,0.17146935821135598,0.20504101656747625,0.17595464050184978,0.03979411291619752,0.1786874698407592,False,40.336185455322266
deep,standard_ce,saber_v2,503,2,0.049,0.02485817431665807,0.8140633239010361,0.7223287149650058,0.0854145733194003,0.034321212000139906,0.11031848158275696,0.12867621039086377,0.10940324915554125,0.0482387003377835,0.0548817757760978,0.27225,0.008664259927797834,0.6271880318976407,0.5018453551490313,0.2122109817910591,0.04619169830518828,0.1935083909709935,0.2358436544957375,0.20628116454881776,0.06565867781888371,0.2621682483512948,False,64.52897644042969
shallow,full_ce,random,101,1,0.085,0.017981777548564552,0.812423502796685,0.7123850022693619,0.08474715802631981,0.03268477388076603,0.10885475309634872,0.1289013993887727,0.11105999678301433,0.08179186102621844,0.07201222454560077,0.37425,0.010125494241017706,0.5785103102113485,0.4849716006630506,0.2610881602418818,0.09216836180872139,0.1824258752881883,0.22423998713205728,0.2000160849284221,0.08383464693582114,0.23828212964452308,False,5.004889011383057
shallow,full_ce,random,101,2,0.0695,0.021832559738696924,0.8111294331548962,0.7126324562181542,0.09148106569590304,0.0290289553957002,0.11204761138812931,0.1317130448769503,0.11282290493807304,0.07495576644683931,0.06707415152002573,0.40175,0.008715832903558535,0.576183772515817,0.4867399242234315,0.23812040968719722,0.12266019525038689,0.1825599163583722,0.22519543188032812,0.20175808267653209,0.08438153450217147,0.2411291619752292,False,4.982125759124756
shallow,full_ce,random,101,3,0.0495,0.027127385250128932,0.8040102006510227,0.7252141006198543,0.08593569326000243,0.046219003392184835,0.11242292638464425,0.13078655299983916,0.11113720443944024,0.08248351294836738,0.07080585491394563,0.42125,0.010073921265257005,0.5887609508435833,0.5035664020827028,0.2419929556597133,0.10370568266178486,0.17653611066430755,0.21808911050345828,0.1967878397941129,0.0838507318642432,0.22423998713205726,False,11.384819984436035
shallow,full_ce,random,101,4,0.05575,0.02693828433900636,0.7851148145744519,0.6671108204803867,0.17995374631615205,0.08586297258991593,0.1304072167712187,0.15252372526942254,0.12957374939681518,0.08077851053562812,0.10429467588869229,0.7565,0.0011346054667354306,0.5069001519027662,0.45297369338795523,0.24658287135670703,0.15973358898047776,0.191780601576323,0.2445262988579701,0.2299774811002091,0.08315907994209426,0.2722374135435097,False,12.481396675109863
shallow,full_ce,random,101,5,0.0595,0.025184803163142512,0.8049728137664082,0.7172091898334555,0.04731695901003717,0.049389146864803446,0.1136185727306847,0.1327778671384912,0.11323628759852018,0.032073347273604634,0.02435258163101174,0.53925,0.005862128244799725,0.5994442462849555,0.5103548254216773,0.2137421126763351,0.09819494429952977,0.17790064875877967,0.22279234357407113,0.204268940003217,0.08562007399067074,0.24013189641306096,False,10.9640474319458
shallow,full_ce,random,101,6,0.05275,0.026147498710675607,0.7946427928353114,0.7025759587495596,0.08348191280438469,0.07073542226287585,0.11993860918985577,0.14005147177095062,0.11904616374457133,0.03796043107608171,0.04180472896895609,0.804,0.0020801100223482895,0.48346615761199657,0.430120011917129,0.24657177901949326,0.1842138186418109,0.2052356442013833,0.26141225671545765,0.24564580987614604,0.08261219237574392,0.2982628277304166,False,13.241181373596191
shallow,full_ce,random,211,1,0.044,0.03046243768265429,0.7910321839640891,0.6997395587265542,0.11871359309720761,0.031144248044093038,0.1231462119993566,0.14292423998713205,0.12100530802637928,0.06787839794112917,0.07400675566993727,0.26175,0.019339865910263022,0.5951728747195469,0.49110733885519986,0.26769318323299385,0.0923238271541977,0.1859136239343735,0.2245295158436545,0.19657069326041499,0.08475148785587903,0.2317355637767412,False,4.956086158752441
shallow,full_ce,random,211,2,0.0665,0.02276087330238955,0.8153119345271507,0.7239332118063946,0.043450384838825074,0.04753795941238245,0.10883598734652299,0.12762747305774488,0.10930191410648223,0.048142190767251083,0.032781084124175644,0.41875,0.0086470689358776,0.577162542635365,0.4664977308725507,0.2706028430371169,0.14104780744069081,0.18453836255428666,0.2279105677979733,0.20512626668811323,0.0830304005147177,0.2387807624256072,False,4.559941291809082
shallow,full_ce,random,211,3,0.0525,0.02643974557331958,0.7868634062785391,0.6862834534753228,0.1269580196930771,0.05889988411429983,0.12319178596321913,0.143895769663825,0.12225028148624739,0.07543831429950136,0.08533054527907351,0.49775,0.010073921265257005,0.5845737605871083,0.4873238067314355,0.26171900387714514,0.12862867000805392,0.17887378692831482,0.22237091844941287,0.20296445230818722,0.08562007399067074,0.23167122406305293,False,8.710664749145508
shallow,full_ce,random,211,4,0.058,0.023912669761045214,0.7776070470124381,0.6848360724604631,0.12274547317683247,0.06773472358563684,0.12247868746984075,0.1436191088949654,0.12228566832877594,0.07635515521955927,0.08726073668972173,0.45875,0.008131339178270585,0.562737214455515,0.4776705992772978,0.26831555107852384,0.12697577601719356,0.18688676210390864,0.2315972333923114,0.2092247064500563,0.08389898664950941,0.24888209747466625,False,8.451019287109375
shallow,full_ce,random,211,5,0.0655,0.02195289668213856,0.8089651594646039,0.7148459833978577,0.09341117477476568,0.0374967988073044,0.11221918395796472,0.13181920540453596,0.11269744249638089,0.07653208943220202,0.06956731542544636,0.40025,0.01402784940691078,0.5883292820626139,0.48057265092185264,0.24895741247396186,0.16474905624821137,0.18693769771057853,0.22942576805533216,0.20587743284542387,0.0857970082033135,0.23820170500241275,False,9.189749717712402
shallow,full_ce,random,211,6,0.05925,0.02508165721162111,0.7925036388277175,0.7002102884820781,0.11133788089511527,0.03812350887912886,0.11978312154844245,0.1401898021553804,0.11937268779153934,0.06894000321698568,0.0739906707415152,0.6625,0.008475159016675261,0.5562298905321709,0.47343029795254105,0.24785655581720967,0.17586304102480807,0.18796579271888905,0.2367604954157954,0.22048576483834648,0.08479974264114525,0.2540292745697282,False,14.811982154846191
shallow,full_ce,random,307,1,0.075,0.022898401237751418,0.7730144680183143,0.6676042591101606,0.11597859588012545,0.04511050058370968,0.12701731810626776,0.14958340035386844,0.12780601576322986,0.049927617822100694,0.0716905259771594,0.31025,0.01633144232422211,0.5779106279313901,0.4790277649818883,0.26496123136449506,0.11394376607943586,0.1876507962039569,0.22811323789609136,0.20113237896091363,0.0861026218433328,0.24172430432684575,False,5.310320854187012
shallow,full_ce,random,307,2,0.058,0.025098848203541343,0.7748947514689078,0.6808090170735609,0.12645752250886685,0.0561613686667505,0.1251541472307115,0.14660768859578574,0.12471288402766607,0.08029596268296606,0.09570532411130771,0.5185,0.00556988138215575,0.5644764942083402,0.478633629258825,0.2593547462176924,0.14605958246963066,0.18588547530963487,0.23202830947402284,0.21175486569084767,0.08590960270226798,0.2515200257358855,False,6.703372001647949
shallow,full_ce,random,307,3,0.05425,0.025064466219700876,0.7915455031318959,0.692146014197228,0.1324601081027589,0.049671541044975,0.11868130395153074,0.13877432845423837,0.11817918610262183,0.09860061122728003,0.09983915071577931,0.664,0.003919546157813306,0.502591549196405,0.4624052962396701,0.24029900328025536,0.15891135727747605,0.19452844351509302,0.2455171304487695,0.22689721730738296,0.08764677497185137,0.2850731864243204,False,7.772705554962158
shallow,full_ce,random,307,4,0.069,0.0210073921265257,0.8169755978370977,0.7236259945500642,0.055898065986087445,0.04201504667630489,0.10986274194413169,0.12923596589995173,0.11067717548656908,0.04872124819044555,0.03813736528872447,0.33575,0.010434932095581915,0.5806917905259222,0.49303759167178995,0.2470501205886761,0.11537364997713835,0.19181143102246526,0.2347016245777706,0.2073910246099405,0.08618304648544314,0.2588225832395046,False,11.012077331542969
shallow,full_ce,random,307,5,0.05475,0.02386109678528451,0.8013196808223316,0.6907729504164203,0.13392951193439165,0.07156545081696238,0.12090638571658356,0.14167926652726395,0.12054527907350812,0.07452147337944347,0.08243525816310117,0.481,0.008457968024755028,0.5719719561345964,0.4785333582941585,0.2604659260995265,0.13376056594802285,0.18461208514288777,0.22923596589995174,0.20817596911693742,0.08381856200739907,0.24252855074794918,False,12.06302547454834
shallow,full_ce,random,307,6,0.05675,0.025425477050025787,0.7869041742994235,0.6928275501349561,0.11513004527957543,0.049790696469629886,0.12037826390005897,0.1407913784783658,0.1198825800225189,0.07191571497506836,0.07675727843011099,0.52725,0.004177411036616813,0.5544360794775449,0.46160528896862607,0.24970504434906785,0.1312106577444319,0.18877942201490538,0.23593051310921664,0.21568923918288566,0.0834486086536915,0.25285507479491715,False,8.497773170471191
shallow,full_ce,random,401,1,0.06525,0.024703455389375968,0.7913003255380909,0.6868100786138638,0.12804847668509192,0.0389384769254355,0.12154174038925526,0.14248672993405181,0.12157953997104713,0.0713849123371401,0.07962039568923918,0.339,0.01131167268351384,0.5788050848692264,0.4595198598766124,0.26540847180645516,0.10426773463222214,0.18677282719425234,0.22855396493485602,0.20310599967830142,0.084976676853788,0.23921505549300306,False,6.45261812210083
shallow,full_ce,random,401,2,0.06425,0.024823792332817604,0.7873660628339237,0.6824642495267536,0.14232058856059046,0.056013722715151225,0.12075357889657391,0.14149911532893678,0.12071095383625544,0.08801672832555896,0.09462763390702911,0.59025,0.006016847172081829,0.5749394649466338,0.4752433445615512,0.2689642050274098,0.11324243457692483,0.1774958447268243,0.2232620234839955,0.2065690847675728,0.08436544957374939,0.23683448608653693,False,4.389004707336426
shallow,full_ce,random,401,3,0.05475,0.025992779783393503,0.7917757383130501,0.6844862422446818,0.11384809711425743,0.053310947651382716,0.12321457294515038,0.14405018497667685,0.12253981019784461,0.050747949171626186,0.060431076081711436,0.6255,0.008836169847000173,0.5580219383490207,0.47131356081142056,0.2807478936646233,0.13203850967703784,0.1817221596697228,0.22848640823548333,0.2119961396171787,0.08434936464532733,0.2434936464532733,False,3.52323579788208
shallow,full_ce,random,401,4,0.07175,0.020560426336599623,0.8081709352391234,0.7154986160558693,0.08049178287895842,0.04648767427040443,0.11154763819634335,0.13139456329419336,0.11261380086858615,0.06760495415795399,0.06054367058066592,0.343,0.00828605810555269,0.5949929173567653,0.5046293804016401,0.21212516689194136,0.09824598407443483,0.1767331510374779,0.21714975068360945,0.19310921666398584,0.059047772237413546,0.2033295801833682,False,11.180928230285645
shallow,full_ce,random,401,5,0.0595,0.023568849922640536,0.8022634586223916,0.7186104387835565,0.0750224435507393,0.02536929623330566,0.11422175754651226,0.1338040855718192,0.11412256715457617,0.0580987614605115,0.05328936786231301,0.29775,0.014509197180677325,0.5872562431572703,0.49143151642205796,0.266312291502593,0.1050044115564221,0.18213098493378369,0.2215891909281004,0.19522921023001447,0.08531446035065143,0.23241113077046807,False,7.9023213386535645
shallow,full_ce,random,401,6,0.056,0.026009970775313737,0.8000732643407705,0.7054680294299438,0.11965487060001198,0.030059207945538135,0.1157337408181867,0.1350940968312691,0.11510374778832236,0.08801672832555896,0.0828856361589191,0.52325,0.004383702939659618,0.543112462968684,0.46762960004183346,0.23233401176916255,0.127931432078065,0.1881976837703072,0.23511661573105996,0.21402123210551713,0.08544313977802799,0.26191088949654173,False,14.262056350708008
shallow,full_ce,random,503,1,0.05725,0.026611655492521917,0.7880810726704853,0.6894044898816943,0.12150945077024171,0.05192321546488635,0.12305104283952602,0.14378639215055494,0.12237413543509731,0.0705645809876146,0.07949171626186263,0.25875,0.020113460546673543,0.6077429699558944,0.4997770496229737,0.2629932369305885,0.10362355794673848,0.178672725323039,0.21563776741193502,0.18919575357889656,0.08714814219076725,0.2172752131253016,False,4.000136375427246
shallow,full_ce,random,503,2,0.06175,0.023826714801444042,0.7983248799853078,0.6954879442401466,0.11674561844695337,0.053081073859316,0.11852313548871374,0.13896091362393437,0.11854592247064502,0.07069326041499115,0.07370114202991797,0.34025,0.011466391610795943,0.6177750205801716,0.5208403401059151,0.20365880478858023,0.09908508960381339,0.16920674494665167,0.2074698407592086,0.18518256393759047,0.0597876789448287,0.18267653208943221,False,8.096259117126465
shallow,full_ce,random,503,3,0.067,0.02281244627815025,0.7859633687027751,0.6997388678246637,0.09400032691041739,0.046215862902905844,0.11523242721569889,0.13530320090075598,0.11570371561846551,0.07931478204921988,0.0768055332153772,0.34625,0.006566958913529311,0.636198690218256,0.5266145166199917,0.20267283445858333,0.07731680730988552,0.15964425499973192,0.19702750522760173,0.1768328775936947,0.09115328936786231,0.19963004664629241,False,6.536252498626709
shallow,full_ce,random,503,4,0.06325,0.024514354478253394,0.781524555002333,0.6806011995204364,0.1307511056732545,0.0678225305960014,0.12312074419602166,0.14437831751648705,0.12305774489303523,0.08294997587260737,0.09485282290493807,0.474,0.012686952037132543,0.5988563396138445,0.5244329971641313,0.21849859245752062,0.10551550070270613,0.1664897324540239,0.20656265079620395,0.18893196075277466,0.06565867781888371,0.18386681679266528,False,12.003264427185059
shallow,full_ce,random,503,5,0.05175,0.026869520371325426,0.7917452493242277,0.6946803822779483,0.08276330785786336,0.07439270632412151,0.1226140689507265,0.14310760817114362,0.12153289367862312,0.028212964452308188,0.03675406144442657,0.389,0.005174488567990373,0.6006585196696248,0.5173583220838303,0.21499976293529705,0.08953836118005604,0.16918127714331674,0.2095576644683931,0.18883866816792666,0.060318481582756954,0.18909441852983755,False,10.331000328063965
shallow,full_ce,random,503,6,0.05575,0.02974041602200447,0.7854178957038002,0.7090313616587872,0.08374889986232836,0.038719630982773486,0.12121736099941022,0.14097152967669294,0.11980215538040855,0.05023323146211999,0.05332153771915715,0.5725,0.0035757263194086297,0.5748583824395372,0.4932242317506197,0.21620982954656326,0.10265918102366012,0.17258055868318053,0.21747788322341965,0.20154576162136079,0.076290815505871,0.2177255911211195,False,11.217549324035645
shallow,full_ce,magnitude,101,1,0.088,0.017259755887914733,0.804746600632117,0.6982937673468205,0.09815855184012202,0.03053041612637075,0.1145461369363573,0.13592407913784782,0.11705002412739263,0.06524046967990993,0.06742801994531124,0.369,0.012188413271445762,0.58610302755431,0.538410285083503,0.22231050937938565,0.09359155543100313,0.18117527210337248,0.2222518899790896,0.1977255911211195,0.08536271513591764,0.23921505549300306,False,3.8010787963867188
shallow,full_ce,magnitude,101,2,0.05675,0.02590682482379233,0.8081074386704623,0.7144528426003047,0.06648628859436036,0.027729441595998647,0.11530614980430004,0.13461476596429145,0.11469036512787519,0.04317194788483191,0.03771915714975068,0.412,0.009867629362214199,0.5652663076649245,0.5136686464516567,0.23742912734885777,0.11603214902285736,0.18581577395313922,0.2290847675727843,0.20499115328936787,0.08261219237574392,0.24814219076725108,False,3.7805604934692383
shallow,full_ce,magnitude,101,3,0.0525,0.02643974557331958,0.7784035321507684,0.6895644322720855,0.11077570602262761,0.061173999739037546,0.12618358264972387,0.1474859256876307,0.12519704037317034,0.02710310439118546,0.04342930673958501,0.22675,0.017500429774798005,0.6114087389391093,0.5684891973343346,0.19451056643345782,0.06846598088727476,0.17068119671867463,0.2059192536593212,0.1796943863599807,0.05446356763712402,0.17456972816470967,False,4.701751232147217
shallow,full_ce,magnitude,101,4,0.051,0.02829637270070483,0.7843935181464804,0.6798594519934973,0.16058628814323875,0.06400779127819757,0.1275132700659482,0.1487051632620235,0.12615731059996782,0.07786713849123371,0.09456329419334084,0.549,0.005982465188241362,0.563456619274617,0.509819744736828,0.2104133006523477,0.10703612058490145,0.18247547048415635,0.22844780440727036,0.20908959305131095,0.049911532893678626,0.2157953997104713,False,4.066165924072266
shallow,full_ce,magnitude,101,5,0.04525,0.027952552862300153,0.7926000404123329,0.7118417849344643,0.0755639658655453,0.022462712326900405,0.11882606830732938,0.13823387485925687,0.11721891587582436,0.046614122567154574,0.04645327328293389,0.424,0.010538078047103317,0.5720108686162323,0.5231740121454395,0.19887586338512311,0.10372687692425875,0.1830545279073508,0.22587743284542383,0.2028438153450217,0.056297249477239825,0.2144603506514396,False,4.4934234619140625
shallow,full_ce,magnitude,101,6,0.0415,0.033488052260615436,0.7909733354294651,0.7019306140505615,0.11320506991259789,0.04102774465465552,0.12326684896252212,0.14245456007720764,0.1204471610101335,0.0696477400675567,0.07302557503619109,0.53275,0.010108303249097473,0.5625091089302524,0.5339007678156483,0.22617707583018984,0.11402115313937346,0.18574741300734546,0.2312884027666077,0.21092005790574234,0.04447482708701946,0.21137204439440244,False,4.749293327331543
shallow,full_ce,magnitude,211,1,0.04325,0.035069623517276945,0.7711539821215111,0.6798888193020443,0.148855361512749,0.05788284247746254,0.13255455471556485,0.15333762264757922,0.12952227762586457,0.06845745536432363,0.08899790895930514,0.23075,0.02092143716692453,0.5861552183733426,0.5207282119574715,0.26383970203162066,0.10939887640465291,0.1900474505388451,0.22859578574875342,0.19849284220685218,0.08486408235483352,0.24183689882580023,False,6.1700873374938965
shallow,full_ce,magnitude,211,2,0.058,0.025047275227780642,0.7989046325875905,0.6977678060520167,0.07646016833954716,0.06420830671834174,0.12088627955605598,0.14149589834325238,0.12049541579539971,0.03292584847997426,0.03944024449091202,0.39875,0.010417741103661681,0.5886082176874867,0.5158234678703371,0.22814103698342697,0.09060995339812701,0.18047423730631065,0.22231622969277787,0.19941933408396334,0.08158275695673155,0.23036834486086538,False,6.947885513305664
shallow,full_ce,magnitude,211,3,0.0595,0.02377514182568334,0.7793667029284898,0.6815176231606251,0.12916132924734527,0.05745098958351209,0.123942415956249,0.14543027183529034,0.12383303844297892,0.07960431076081712,0.09375904777223741,0.381,0.008165721162111055,0.6200574268931132,0.5790227533660087,0.16691703309218967,0.07517075180907003,0.16806337461798296,0.20750201061605278,0.1865899951745215,0.05644201383303844,0.18177577609779635,False,9.246661186218262
shallow,full_ce,magnitude,211,4,0.06025,0.024961320268179474,0.7795437231894703,0.698887323726399,0.11055767631627125,0.04391939040819672,0.12262211141493755,0.1436384108090719,0.12230657873572463,0.06713849123371401,0.0777706289207013,0.3885,0.00801100223482895,0.6129541143709697,0.5481390177501687,0.2128069661788653,0.10204764661249478,0.17967401211731274,0.22160849284220685,0.19842528550747948,0.08307865529998391,0.23368184011581147,False,11.173015594482422
shallow,full_ce,magnitude,211,5,0.0805,0.01937424789410349,0.8084499074323311,0.7140895487731101,0.0906025979696987,0.05605469762682748,0.11213875931585437,0.13249477239826282,0.11381212803603025,0.07114363841080908,0.06702589673475953,0.302,0.013047962867457453,0.6218422492564338,0.5461205476001586,0.20005949144914134,0.11237484902364263,0.17914320947938447,0.218359337300949,0.19296606080102943,0.06211999356602863,0.20228405983593373,False,14.097142219543457
shallow,full_ce,magnitude,211,6,0.05075,0.028451091627986935,0.7765001225437617,0.6858330516770047,0.1287509950310018,0.06061040716275114,0.1287906814648008,0.15020427859096025,0.12732990188193663,0.05748753418047289,0.07722374135435098,0.46875,0.007220216606498195,0.5845136973448046,0.5164810343936647,0.20222239698033684,0.10742661380037848,0.1824526835022251,0.2266398584526299,0.2049782853466302,0.06046324593855557,0.22240630529194144,False,13.829094886779785
shallow,full_ce,magnitude,307,1,0.0955,0.017913013580883617,0.8041891005041837,0.7126398105760616,0.07108464879452796,0.022239755609747072,0.11061873357996889,0.13123371400997266,0.11331992922631495,0.06839311565063536,0.06277947563133345,0.38075,0.011053807804710332,0.6064187042375802,0.5631272916439635,0.16316980080827886,0.06754101825110824,0.16645354136507426,0.20502493163905422,0.18411613318320735,0.0638732507640341,0.18639215055493003,False,5.412319660186768
shallow,full_ce,magnitude,307,2,0.076,0.022692109334708613,0.761408545872697,0.66859292609522,0.14057260390665047,0.06773172620190943,0.12985630797276285,0.15304809393598198,0.1307254302718353,0.07933086697764195,0.10706128357728809,0.506,0.00936909059652742,0.5611968887747566,0.5223704486930737,0.26148859012973313,0.11925735809378941,0.18903007881614928,0.23484960591925366,0.21308187228566836,0.0844137043590156,0.2573910246099405,False,6.038898944854736
shallow,full_ce,magnitude,307,3,0.0505,0.026783565411724258,0.7849977102603437,0.6913029784381872,0.10647924201151596,0.041241977433585764,0.12261540936142834,0.1431011741997748,0.12151841724304327,0.05882258323950459,0.06712240630529194,0.51325,0.004916623689186866,0.5676608037077193,0.532322144846782,0.165060137681715,0.08648874996561268,0.17931344163851803,0.22416277947563135,0.20439922792343573,0.05805050667524529,0.21748431719478847,False,8.786140441894531
shallow,full_ce,magnitude,307,4,0.07825,0.018755372184975073,0.829329271858006,0.7365111619149884,0.043118915781381856,0.04038849402483166,0.10051873894161172,0.11862313012707093,0.10218111629403248,0.05631333440566189,0.029644523081872286,0.3475,0.00828605810555269,0.6212497106091045,0.5583482865159041,0.19485539182127679,0.08073050555704149,0.1763980483620181,0.2168344860865369,0.19298857970082034,0.03231462119993566,0.1760977963648062,False,18.326417922973633
shallow,full_ce,magnitude,307,5,0.05925,0.02353446793880007,0.8040694177048966,0.7017934098077295,0.11499250186531652,0.037967786016171595,0.11672162350544207,0.1368055332153772,0.11661894804568121,0.07701463728486409,0.0772076564259289,0.31,0.015678184631253225,0.6181654421011006,0.5521313449298819,0.2306385118146861,0.08966716816618807,0.1811940378531982,0.22048254785266205,0.1947418368988258,0.055316068843493646,0.19906707415152003,False,17.545331954956055
shallow,full_ce,magnitude,307,6,0.04475,0.028949630393673716,0.7997810565808954,0.7227621553893537,0.06703298173210753,0.023700744894637173,0.11498445123585867,0.1334276982467428,0.11317355637767412,0.06068843493646453,0.05182563937590478,0.3455,0.010916279869348462,0.6282529434449802,0.5467323108232103,0.23108877306421943,0.08693964766371338,0.1745804514503244,0.21412256715457617,0.1908621521634229,0.08388290172108734,0.2187067717548657,False,20.606658935546875
shallow,full_ce,magnitude,401,1,0.0625,0.02367199587416194,0.7932419536351732,0.6913421106417307,0.1273616168345789,0.04616331459064775,0.12058602755884403,0.14147981341483032,0.12065948206530482,0.07551873894161171,0.08296606080102943,0.30625,0.015489083720130652,0.6109110343358963,0.5138866284123093,0.21691076971393722,0.11267739141779097,0.17491153289367864,0.21290654656586777,0.1884510213929548,0.05985201865851697,0.1897217307382982,False,3.4531760215759277
shallow,full_ce,magnitude,401,2,0.0675,0.02164345882757435,0.7847442633263388,0.6720947159817611,0.14266390004008705,0.08969169498980371,0.1252881883008954,0.14759852018658517,0.12596750844458743,0.07493968151841725,0.09400032169856844,0.304,0.011019425820869864,0.6673762406766105,0.5809327490443341,0.15588193205066234,0.06143334671731777,0.1568280521151681,0.1919993566028631,0.1709860061122728,0.06033456651117902,0.15924079137847835,False,3.058116912841797
shallow,full_ce,magnitude,401,3,0.055,0.025752105896510228,0.7844211042367141,0.6683546926514708,0.1486835633157698,0.06802896205444685,0.12891265883866818,0.1509377513270066,0.12829821457294516,0.07799581791861027,0.09927617822100691,0.40925,0.008715832903558535,0.6242205645609297,0.5321440530595092,0.17731274755706744,0.08135146602599043,0.1725121977373867,0.2132829338909442,0.19200418208138975,0.029950136721891587,0.16752452951584365,False,3.0187900066375732
shallow,full_ce,magnitude,401,4,0.05325,0.025098848203541343,0.804194631482663,0.7117217074885787,0.08916830875445024,0.048151717764820336,0.11648303040051472,0.13611066430754384,0.11579057423194468,0.0665272639536754,0.06466141225671546,0.37325,0.008578304968196665,0.6429795170655734,0.5430445641574508,0.19389798086851073,0.09255524121428531,0.16880194091469625,0.20816149268135758,0.18688434936464532,0.032764999195753576,0.15887083802477078,False,4.406239032745361
shallow,full_ce,magnitude,401,5,0.06275,0.022520199415506276,0.8062580691996933,0.7213805207382843,0.07014273110910334,0.01781039356983425,0.11229022572516219,0.13174521473379444,0.112534984719318,0.05682805211516809,0.04933247547048416,0.31825,0.010314595152140279,0.6332059390731654,0.5608231069429062,0.20274109441085245,0.08079807821786722,0.1709975336443086,0.2094096831269101,0.18583239504584204,0.04627633907029114,0.17606562650796204,False,3.940978765487671
shallow,full_ce,magnitude,401,6,0.03975,0.033058277462609593,0.7704150399875589,0.6731853731093804,0.1544810576870158,0.07579289823505804,0.1324500026808214,0.15352099083159082,0.1297185137526138,0.071127553482387,0.09229531928582918,0.3435,0.007254598590338663,0.6370248304039122,0.5310712481241805,0.18532441000283442,0.09971299965568729,0.17182992869015068,0.21146855396493486,0.18888048898182402,0.07492359658999517,0.20580665916036672,False,4.615156173706055
shallow,full_ce,magnitude,503,1,0.08025,0.020508853360838922,0.7956986084830335,0.6905325817391186,0.12111423773331961,0.0391199286701261,0.12131923221274998,0.14329419334083965,0.12278269261701787,0.0695994852822905,0.082628277304166,0.398,0.009867629362214199,0.5945411583258277,0.5175265962735124,0.2244817581903566,0.09671040215582744,0.17949707790466998,0.22123210551713046,0.19839311565063536,0.08672993405179347,0.235209908315908,False,2.487928867340088
shallow,full_ce,magnitude,503,2,0.05875,0.02513323018738181,0.7915460756211324,0.6882702688600639,0.11728784104713914,0.04697664871112635,0.12377218379711542,0.14495737493968153,0.12339070291137204,0.056007720765642595,0.06834486086536914,0.423,0.007409317517620767,0.5938774004569524,0.5512005884146887,0.17969521135525335,0.06440502052438758,0.17181116294032492,0.21295158436544956,0.1920492198809715,0.061074473218594175,0.20053080263792827,False,3.324068069458008
shallow,full_ce,magnitude,503,3,0.05775,0.023620422898401237,0.777809553544022,0.7012163066897144,0.08236161804828152,0.04747229306021398,0.11664656050613909,0.1366704198166318,0.11649348560398906,0.0710792986971208,0.07061283577288081,0.28575,0.012790097988653945,0.6422267368293424,0.5721016658957837,0.16516956686918927,0.043107055759927564,0.1604538630636427,0.19566672028309473,0.1733086697764195,0.06855396493485603,0.1733794434614766,False,3.4633538722991943
shallow,full_ce,magnitude,503,4,0.0555,0.026611655492521917,0.7822929240746975,0.688238494712708,0.12121047039852041,0.03868971980755244,0.12191035333226101,0.14238378639215055,0.12105999678301431,0.07939520669133023,0.08687469840759209,0.36375,0.012910434932095581,0.6192150372817385,0.5771126650273194,0.20682646140936994,0.06726546437400042,0.16520964023376764,0.20285668328775935,0.18209264918771112,0.06496702589673475,0.17883223419655783,False,5.045502662658691
shallow,full_ce,magnitude,503,5,0.061,0.022571772391266978,0.8109652647147989,0.7165712194403976,0.052185133531285864,0.05005708149021161,0.1123317784569192,0.13175164870516326,0.11248512144120959,0.034695190606401805,0.027151359176451666,0.234,0.017913013580883617,0.6119934598487403,0.5555906317043451,0.20260754769385114,0.07468769202316312,0.17601201007988845,0.2123789609136239,0.18532250281486246,0.030609618787196397,0.16097796364806177,False,3.574563503265381
shallow,full_ce,magnitude,503,6,0.0485,0.030892212480660135,0.7799189414081921,0.7017614672757462,0.10705280402698238,0.04316082708593626,0.12341697496112809,0.14325558951262668,0.1214090397297732,0.05459224706450056,0.06104230336175004,0.518,0.006498194945848376,0.6030445818758173,0.5381029312300778,0.21098492154223303,0.08208610404850941,0.16487051632620234,0.20662699050989222,0.19017532571980053,0.04265723017532572,0.16902042785909602,False,4.841218948364258
shallow,full_ce,taylor,101,1,0.08275,0.018308406395048993,0.8090709294034389,0.7060537031241183,0.08801870369382368,0.033390213519430716,0.11289609136239344,0.13364645327328292,0.11492359658999518,0.06993726877915393,0.06794273765481744,0.27775,0.01629706034038164,0.6359905227196617,0.5312090112433154,0.23567106998586074,0.05984583628107646,0.16493887727199613,0.2002380569406466,0.1767315425446357,0.08426894000321698,0.19472414347756153,False,0.8901271820068359
shallow,full_ce,taylor,101,2,0.0695,0.02200446965789926,0.8133766356049704,0.7177909394936378,0.09254517145560925,0.05268889566281159,0.11048737333118867,0.1298085893517774,0.11122728003860383,0.08296606080102943,0.07183529033295802,0.24475,0.014732680075640365,0.6348303917224951,0.5505866208922994,0.2312327486203542,0.062350340357135166,0.16716663985845262,0.20256715457616212,0.17770146372848641,0.08393115650635355,0.198825800225189,False,0.8520684242248535
shallow,full_ce,taylor,101,3,0.04825,0.02766030599965618,0.808697719187731,0.7259896181357238,0.07599354440464917,0.048575101477857686,0.11271915714975068,0.13101817596911694,0.1112932282451343,0.07062892070130287,0.05880649831108251,0.19625,0.021798177754856454,0.6558305956316227,0.5654584954040719,0.26440531884624435,0.06742336092159945,0.1687483244866227,0.20220685217950782,0.17574071095383625,0.0855396493485604,0.1942255106964774,False,0.9629906415939331
shallow,full_ce,taylor,101,4,0.059,0.02635379061371841,0.7889309013265454,0.683768389725677,0.1408715490716658,0.07086409017718105,0.1274301646024342,0.14912337140099727,0.12681840115811485,0.0566189480456812,0.07527746501528068,0.32075,0.011260099707753138,0.6452391339124145,0.5531784551428366,0.25705283232195747,0.07060318494329942,0.16634362768752345,0.20369631655139134,0.1813093131735564,0.08261219237574392,0.2004182081389738,False,1.8361858129501343
shallow,full_ce,taylor,101,5,0.04475,0.028072889805741793,0.8002922919966045,0.7180960588278612,0.060405707899869765,0.024365316573406695,0.11592810036995337,0.1347241434775615,0.11428180794595463,0.036914910728647256,0.030754383142995015,0.24825,0.018583462265772736,0.6625578800836526,0.5673036967258591,0.26150188679211006,0.0854200966469982,0.16923623398209212,0.2043976194305935,0.1794627633907029,0.08661733955283898,0.19972655621682484,False,1.835677146911621
shallow,full_ce,taylor,101,6,0.04875,0.026989857314767062,0.7962467211900984,0.7022928702116438,0.1061176683890053,0.0523815876861033,0.11930593533858774,0.1390574231944668,0.11808750201061606,0.06889174843171948,0.0703072221328615,0.29175,0.016950318033350523,0.6279498878143207,0.5301219790504141,0.29119454092690317,0.10018293258030356,0.1752091040694869,0.21271031043911853,0.18803924722534984,0.08422068521795079,0.21021392954801352,False,1.6110819578170776
shallow,full_ce,taylor,211,1,0.0555,0.025047275227780642,0.8056072078471659,0.7200716041037457,0.08177860027541661,0.038762773051772455,0.11329151251943596,0.13233392311404216,0.11270709345343413,0.06890783336014154,0.06088145407752935,0.14025,0.034657039711191336,0.6364018099380294,0.5370022299982281,0.2643557955024215,0.07528958695305846,0.17609377513270066,0.2075341804728969,0.17805694064661412,0.08611870677175487,0.19486890783336014,False,0.6204509735107422
shallow,full_ce,taylor,211,2,0.057,0.02485817431665807,0.8003033848079157,0.6977238800685934,0.07597734487431225,0.037850699183534786,0.12003109752828267,0.14048576483834646,0.11960591925365933,0.021055171304487696,0.02621843332797169,0.2405,0.018222451435447824,0.6310151910830641,0.5175895774333842,0.2504626139580931,0.08284554604948055,0.17087823709184494,0.20628599002734438,0.18069969438635997,0.0847193179990349,0.2021875502654013,False,0.8569635152816772
shallow,full_ce,taylor,211,3,0.0505,0.026852329379405192,0.7750916173284885,0.6754946877354804,0.15807029991219548,0.0725219851054692,0.12933890944185297,0.15115650635354672,0.1281904455525173,0.08129322824513431,0.10336175004021232,0.23275,0.02241705346398487,0.6371587157487391,0.5386763446630708,0.25086297597182927,0.08433924838138752,0.17347997426411452,0.2084735402927457,0.1824159562489947,0.08307865529998391,0.19884188515361106,False,1.1512036323547363
shallow,full_ce,taylor,211,4,0.0685,0.021282447997249442,0.7859653267962595,0.6980179378837,0.10982214544880474,0.04167252789145934,0.11960216610369417,0.14086215216342288,0.12037799581791861,0.07563133344056619,0.08388290172108734,0.2275,0.018188069451607357,0.652991881936524,0.5388943141203874,0.24969828906014122,0.06970779240679385,0.16621092702804138,0.2004407270387647,0.17548496059192537,0.08296606080102943,0.18997908959305132,False,0.9002051949501038
shallow,full_ce,taylor,211,5,0.057,0.02454873646209386,0.8007070779257943,0.7059085631795301,0.11620430401466668,0.03811877279732138,0.11684092005790575,0.1367154576162136,0.11640823548335211,0.08055332153771916,0.080279877754544,0.1665,0.03018738181193055,0.6698341166501497,0.5798597591459709,0.2369857585232736,0.08110236161918528,0.16654871052490483,0.19742319446678464,0.170606401801512,0.07226958340035387,0.1670419816631816,False,1.2946445941925049
shallow,full_ce,taylor,211,6,0.0615,0.023414130995358433,0.8045831548700862,0.7154214222084218,0.07523281178864948,0.021359421921732905,0.11432899040265937,0.13400032169856843,0.11432684574553645,0.052549461154897864,0.04844780440727039,0.43625,0.006412239986247206,0.6031759997487526,0.515108423308942,0.2645156283190734,0.10456106901790732,0.17422524261433703,0.216290815505871,0.19583561203152647,0.08306257037156185,0.223242721569889,False,1.6543846130371094
shallow,full_ce,taylor,307,1,0.08175,0.019597730789066528,0.8072727190384593,0.7063054716989846,0.08447651802299129,0.035478799487365015,0.11472441155970188,0.13557986166961558,0.11646292423998714,0.06316551391346309,0.06358372205243687,0.2395,0.023276603059996563,0.6517861414899037,0.5505993765526712,0.23489528603235565,0.07487586490961089,0.1689158758243526,0.20296606080102944,0.1777223741354351,0.08677818883705968,0.19576966382499597,False,0.7008229494094849
shallow,full_ce,taylor,307,2,0.07,0.0221763795771016,0.7962666526120135,0.7005899410508317,0.11187646792460079,0.041571398758402524,0.11824567047343305,0.13909602702267976,0.11891105034582597,0.07014637284864082,0.07505227601737172,0.30675,0.012824479972494413,0.6273049572509698,0.529239181172056,0.26192522735117196,0.09938226268726745,0.17111548978607047,0.20885957857487533,0.18509892230979572,0.08594177255911212,0.21151680875020107,False,0.9988134503364563
shallow,full_ce,taylor,307,3,0.0515,0.026542891524840982,0.7909478510592555,0.7009910716123618,0.08606995956775758,0.03795438631406991,0.12052704948796311,0.14065948206530482,0.11953836255428663,0.04907511661573106,0.05330545279073508,0.372,0.011982121368402958,0.6192620744407881,0.5732409311315522,0.16585103801715523,0.06851575578203493,0.15790842314085035,0.19442818079459548,0.17486408235483353,0.08224223902203635,0.1876306900434293,False,0.9741036891937256
shallow,full_ce,taylor,307,4,0.06325,0.023414130995358433,0.808185464152523,0.7114708552423158,0.08696421539900606,0.06139476485264354,0.11345370221435848,0.13298375422229372,0.11353868425285507,0.02732829338909442,0.021505549300305613,0.1645,0.02590682482379233,0.6636001000330604,0.5650901015490053,0.263659244019586,0.07794889433510513,0.1718486944399764,0.20454560077207656,0.17669615570210712,0.08473540292745697,0.19319607527746502,False,1.241416096687317
shallow,full_ce,taylor,307,5,0.058,0.023173457108475157,0.809504663518291,0.7116263719931863,0.1041494885200483,0.03509909329785006,0.11409039729773203,0.13369149107286474,0.113989062248673,0.07698246742801995,0.07226958340035387,0.27425,0.01493897197868317,0.6606680011367757,0.5838493275286032,0.2051064806536768,0.05950270194752432,0.15967374403517237,0.1941064822261541,0.1716197522921023,0.06020588708380248,0.1606080102943542,False,1.682996392250061
shallow,full_ce,taylor,307,6,0.0545,0.024909747292418773,0.799954686273561,0.7027570316247097,0.1087105326903957,0.05167681387469783,0.11902042785909601,0.13921505549300306,0.11847032330706128,0.0777706289207013,0.08073025575036191,0.26475,0.013168299810899089,0.6308798864113814,0.5643159080637574,0.23362731049166355,0.08752169096962609,0.17323065787357247,0.21052276017371724,0.1852613800868586,0.0771111468553965,0.20386038282129645,False,2.105531692504883
shallow,full_ce,taylor,401,1,0.05825,0.02771187897541688,0.7998448559420028,0.7106851069042789,0.08094028133943014,0.025088625659322284,0.11823628759852019,0.13782210069165193,0.11732025092488338,0.048479974264114524,0.04759530320090075,0.27025,0.013271445762420491,0.61576702417791,0.5380757749956401,0.2400216218749615,0.08370672380241378,0.17206718138437616,0.20921344700016084,0.18425928904616376,0.08951262666881132,0.2148624738619913,False,0.5874788761138916
shallow,full_ce,taylor,401,2,0.064,0.023431321987278667,0.7909662132231426,0.6896859737837773,0.12458574697932288,0.05361044824986064,0.1197442496380891,0.1405436705806659,0.11993887727199615,0.0823709184494129,0.08837059675084447,0.24825,0.01402784940691078,0.6396680449399871,0.5624002485932885,0.21115512733954564,0.06624716407702093,0.15791512519435955,0.19166479009168408,0.16873894161170983,0.09031687308991475,0.18759852018658518,False,0.8775477409362793
shallow,full_ce,taylor,401,3,0.05625,0.024514354478253394,0.783048447912523,0.6695422819168506,0.1268657114588603,0.06483128935692732,0.13140180151198327,0.1541804728968956,0.13104391185459224,0.030641788644040532,0.05845262988579701,0.27325,0.01471548908372013,0.6372621775969279,0.5392998063108747,0.265643408234787,0.07365423674047171,0.16902176826979787,0.2053466302074956,0.18105356281164547,0.08368988258002252,0.2020427859096027,False,0.974198043346405
shallow,full_ce,taylor,401,4,0.0555,0.024239298607529654,0.8096022959077827,0.7199258412850138,0.1011668894556266,0.021033366543938253,0.11136936357299876,0.13017854270548496,0.11094257680553321,0.08615087662859901,0.07497185137526138,0.373,0.006498194945848376,0.6676503792558411,0.6013356704390539,0.17779610433687895,0.04875446108717242,0.14873733311886764,0.18446839311565064,0.16702911372044393,0.07212481904455526,0.1617178703554769,False,1.0228652954101562
shallow,full_ce,taylor,401,5,0.05425,0.024875365308578305,0.8096365082966764,0.727254089486603,0.06801836917870942,0.02381417399328709,0.11147525601844405,0.1301624577770629,0.11085410969921183,0.05901560238056941,0.04756313334405662,0.34925,0.01782705862128245,0.6516738293772205,0.5603156118346677,0.2532573794873865,0.05426528257185524,0.16412122674387433,0.2003506514396011,0.17916680070773686,0.08539488499276178,0.19419334083963327,False,1.299111247062683
shallow,full_ce,taylor,401,6,0.03425,0.03439917483238783,0.7752392066209469,0.6757462001765839,0.15781516545463284,0.08226883714578202,0.1317637124014798,0.15234035708541097,0.12848158275695673,0.07712723178381856,0.09583400353868425,0.29125,0.01593604951005673,0.6526128901779567,0.554299638230067,0.2516669385425353,0.07723122347900664,0.16629537290225724,0.20219398423677015,0.1790332958018337,0.08518578092327489,0.19686343895769665,False,1.4382610321044922
shallow,full_ce,taylor,503,1,0.054,0.02606154375107444,0.790122786584912,0.6834397414587275,0.14991254084522063,0.06282236121831622,0.12697174414240522,0.14853144603506513,0.1261074473218594,0.07473057744893036,0.09324433006273122,0.12425,0.03635894791129448,0.6415408804166093,0.5313221201355369,0.2607805284135194,0.08289342788596162,0.17898906224867298,0.21038121280360303,0.17980537236609298,0.08689078333601416,0.19988740550104553,False,1.363214135169983
shallow,full_ce,taylor,503,2,0.05625,0.027144576242049166,0.7897646060481746,0.686019452678942,0.13235548173109155,0.04324222156987029,0.12478553428770577,0.1457487534180473,0.12384590638571658,0.07058066591603668,0.0835933730094901,0.16925,0.027144576242049166,0.662555925731002,0.5828835019182379,0.2033124903264478,0.05653166855874561,0.16212401479813415,0.19273604632459385,0.16674601898021554,0.06329419334083963,0.15353064178864403,False,3.0262906551361084
shallow,full_ce,taylor,503,3,0.0525,0.026542891524840982,0.7801138493489406,0.7025503856866621,0.09404596566616989,0.05847380832560949,0.11828588279448822,0.13798938394724142,0.11732668489625223,0.07165835612031526,0.07162618626347113,0.23875,0.017225373904074266,0.6284446873387286,0.5441234255981403,0.23809667441452667,0.07586260161209786,0.1709626829660608,0.20654013189641307,0.18069969438635997,0.08481582756956732,0.20519543188032813,False,2.527308464050293
shallow,full_ce,taylor,503,4,0.05225,0.02766030599965618,0.7779396270289188,0.6909184546305627,0.12754308509428094,0.03788149723264668,0.1222226690257895,0.14249959787678945,0.12099083159079942,0.08515361106643075,0.09245616857004986,0.26225,0.01643458827574351,0.639116466623637,0.5680959827700908,0.21147383340980458,0.06478844092504615,0.161225939627902,0.19545761621360785,0.17217146533697925,0.07641949493324755,0.1795560559755509,False,5.325869560241699
shallow,full_ce,taylor,503,5,0.048,0.02798693484614062,0.7946704533636755,0.7071651896743305,0.1063074839040537,0.053891352182068274,0.11985416331563992,0.13951423516165354,0.11836898825800227,0.06939038121280361,0.0713849123371401,0.30425,0.014973353962523637,0.6199670640622691,0.5465408093703943,0.2574916913429657,0.08197236039471927,0.1751099136775508,0.21320250924883383,0.1884976676853788,0.08396332636319769,0.21616535306417886,False,5.484855651855469
shallow,full_ce,taylor,503,6,0.04675,0.030943785456420837,0.7835920140929259,0.6997147452189993,0.11705058422520193,0.049376288234203265,0.12353627151359176,0.1433553160688435,0.12144442657230174,0.05864564902686183,0.06512787518095545,0.30075,0.011758638473439918,0.6140863895124538,0.547514393354061,0.2201375432579535,0.0939705811719018,0.17098412953729022,0.20878558790413382,0.18445552517291297,0.059755509087984555,0.1900916840920058,False,5.100867748260498
shallow,full_ce,fisher,101,1,0.09375,0.016193914388860236,0.803096896049616,0.6983959410310835,0.09094118783637152,0.026708337332894697,0.11499517452147338,0.13677336335853305,0.11793791217629082,0.07302557503619109,0.0776741193501689,0.259,0.011277290699673372,0.6513784212571708,0.5511578037446855,0.23594667722662888,0.08417582545262667,0.16601790788697657,0.20211034260897537,0.17787839794112917,0.08681035869390381,0.20318481582756956,False,0.5917274951934814
shallow,full_ce,fisher,101,2,0.066,0.023104693140794223,0.8068606986440977,0.7140833674962985,0.07200172629696461,0.056237796825494804,0.11557021071256234,0.1356345504262506,0.11593533858774327,0.05578253176773364,0.053675406144442654,0.304,0.008114148186350352,0.6139604329250777,0.513736563708979,0.22321604235748102,0.0909283588349889,0.17330974210498096,0.21232105517130448,0.1878607045198649,0.08533054527907351,0.22142512465819528,False,0.6110411286354065
shallow,full_ce,fisher,101,3,0.05525,0.02580367887227093,0.793387746573934,0.7060944822200204,0.08960895303441099,0.05196239647436631,0.12216905259771593,0.14284059835933732,0.12142351616535307,0.04260897539005951,0.05169695994852823,0.244,0.01598762248581743,0.6423373822220088,0.5259934237509608,0.24660390790480205,0.08561280308047134,0.17384054474290922,0.210326524046968,0.18433167122406305,0.08603828212964452,0.21080907189963005,False,0.7026607394218445
shallow,full_ce,fisher,101,4,0.072,0.021299638989169676,0.7958858555838066,0.6800717278050492,0.1630422379498436,0.06412336539124913,0.1237708433864136,0.14592890461637448,0.12475953032009009,0.07871963969760334,0.09493324754704842,0.39675,0.004039883101254942,0.613155286543667,0.5161812062808901,0.20887981301483965,0.10695659969137215,0.17330304005147176,0.21486569084767573,0.1935032974103265,0.0586617339552839,0.19742641145246903,False,0.7797675728797913
shallow,full_ce,fisher,101,5,0.04975,0.026714801444043323,0.7709257864579889,0.6721810280275893,0.13460331252568966,0.04626432287421078,0.12916599646131574,0.1509602702267975,0.12801994531124336,0.05335370757600129,0.07505227601737172,0.293,0.012016503352243425,0.5935953896124734,0.5061754202902992,0.27262473295983414,0.10979941489307686,0.1857219452040105,0.22627312208460673,0.1990413382660447,0.08468714814219076,0.24130609618787197,False,0.8378592729568481
shallow,full_ce,fisher,101,6,0.06675,0.021093347086126868,0.8046301427253443,0.709427698945483,0.08252014208425142,0.03198875869935296,0.11329821457294514,0.13329901881936626,0.11404535949815023,0.07477883223419655,0.07033939198970565,0.341,0.009455045556128588,0.6096624240258123,0.5230723448217491,0.2599215666731907,0.11729052688378122,0.17969277786713847,0.22044394402444908,0.19601576322985365,0.08423677014637285,0.2306578735724626,False,0.8984217643737793
shallow,full_ce,fisher,211,1,0.0455,0.0320440089393158,0.7763241979555874,0.6827786542181951,0.14286908888984634,0.0593121531777581,0.12953729022572516,0.150326524046968,0.12716744410487374,0.07189963004664629,0.08943220202670098,0.32025,0.009094034725803678,0.6160455185970912,0.49267074366140073,0.24780349233014226,0.10415653747999376,0.17430834807785103,0.21364967025896733,0.19003056136400193,0.08479974264114525,0.21679266527263955,False,0.561026394367218
shallow,full_ce,fisher,211,2,0.06025,0.02403300670448685,0.8055377978876037,0.7060171028033957,0.07679099317436656,0.06367443406897799,0.11489866495094098,0.13454399227923436,0.114790091684092,0.02816470966704198,0.023886118706771754,0.21875,0.017276946879834967,0.6363915314646744,0.5427419627365162,0.2066596360863,0.07557649391601552,0.16617205511768807,0.20039568923918288,0.1751407431236931,0.08708380247707898,0.19512626668811323,False,0.6444929838180542
shallow,full_ce,fisher,211,3,0.05675,0.02566615093690906,0.7881454335689279,0.6905050110559068,0.11930085251795304,0.05889760321322931,0.12119323360677713,0.14172430432684574,0.12059835933730094,0.07809232748914267,0.08488016728325559,0.38625,0.007134261646897026,0.6171214972051193,0.49272871927731954,0.21748917921964425,0.11607734849850067,0.17536459171090021,0.21655782531767734,0.19431236930995657,0.08578092327489142,0.22710310439118547,False,0.9498369097709656
shallow,full_ce,fisher,211,4,0.0655,0.02200446965789926,0.7809179358772306,0.6765324513387522,0.1542219576832887,0.07790103249756739,0.12642217575465123,0.14885314460350652,0.12691973620717387,0.07659642914589031,0.0976998552356442,0.39075,0.007598418428743339,0.6134022449198183,0.5033404871698398,0.2211429538956605,0.0946208256111578,0.17394107554554716,0.21484960591925364,0.19285024931639055,0.08602219720122245,0.22589673475953032,False,0.8486171364784241
shallow,full_ce,fisher,211,5,0.065,0.02155750386797318,0.8055071278666394,0.7209935420211075,0.07764374697367324,0.04678742576916655,0.11328615087662859,0.1331639054206209,0.11380247707897699,0.061750040212321056,0.057391024609940486,0.3085,0.009265944645006017,0.6314755508282218,0.5154668695806697,0.22191064612723732,0.10819227588689863,0.16682751595088738,0.2044137043590156,0.1816165353064179,0.08373813736528872,0.20357085410969922,False,0.871185839176178
shallow,full_ce,fisher,211,6,0.058,0.0246175004297748,0.7940917417080356,0.6968488413443649,0.11542598134746511,0.052203346212760134,0.11940914696262935,0.13980376387325077,0.11901560238056941,0.07492359658999517,0.0797169052597716,0.5915,0.0019769640708268868,0.5800160365516951,0.5187449303441406,0.1871409778118901,0.11959855335707854,0.1698059085303737,0.2148142190767251,0.19926170178542707,0.059755509087984555,0.2050024127392633,False,1.0531452894210815
shallow,full_ce,fisher,307,1,0.10275,0.015729757607013926,0.8201254369994487,0.7230312679926845,0.03594511390495162,0.04622304990331483,0.104813414830304,0.1248158275695673,0.10829982306578737,0.046388933569245616,0.031172591281968795,0.3375,0.007048306687295857,0.6141672725254398,0.5165247947207695,0.21370431212898375,0.07170285120774884,0.16864243204117743,0.20756635032974105,0.18515682805211517,0.08795238861187067,0.21531285185780924,False,0.5673906207084656
shallow,full_ce,fisher,307,2,0.05425,0.026147498710675607,0.7821632437228873,0.6708085039855739,0.16733443344233218,0.07519753643470799,0.13018470859471343,0.1523757439279395,0.1293646453273283,0.07913784783657712,0.103522599324433,0.2645,0.014612343132198728,0.6247011550201713,0.5118001494127181,0.24735068822119952,0.10326299718539057,0.17862849176987827,0.21672510857326682,0.1902557503619109,0.08539488499276178,0.2227923435740711,False,0.6056163907051086
shallow,full_ce,fisher,307,3,0.06325,0.023225030084235862,0.793141073082519,0.6924695905041995,0.12594009361995442,0.058422958857115494,0.11796820545815238,0.13843654495737495,0.11817757760977962,0.0881454077529355,0.09063857165835612,0.35075,0.006446621970087674,0.612693583596183,0.5198836501704743,0.16998992094129675,0.08591308087280479,0.16956061337193717,0.2090365127875181,0.18682483512948367,0.06797490751166158,0.19818240308830626,False,0.7155502438545227
shallow,full_ce,fisher,307,4,0.0555,0.025425477050025787,0.8087619701825656,0.7228055180539853,0.06125423758337569,0.02876939243582828,0.1129054742373063,0.13179990349042947,0.11223741354350973,0.04063052919414509,0.03160688434936464,0.20875,0.01665807117070655,0.619007995970061,0.5423330652189439,0.2603881957295572,0.08509888679662532,0.17327623183743499,0.2088434936464533,0.18200096509570532,0.08291780601576323,0.20419816631815987,False,0.7940013408660889
shallow,full_ce,fisher,307,5,0.0605,0.024101770672167785,0.8015160645651037,0.6989885273782402,0.12091172008349634,0.05909631324181584,0.11969867567422658,0.14029596268296607,0.11956570693260415,0.07305774489303522,0.07855879041338266,0.25125,0.012790097988653945,0.637927781457724,0.5267394567819409,0.22711669967380196,0.07513231566123961,0.16754195485496756,0.20350651439601095,0.17874215859739423,0.08304648544313978,0.20083641627794757,False,0.8377783298492432
shallow,full_ce,fisher,307,6,0.05775,0.024703455389375968,0.7970322659035868,0.6997016377982407,0.10990798024988252,0.06020549510522228,0.11827918074097904,0.1384268940003217,0.11795399710471288,0.07900916840920058,0.08048898182403089,0.2265,0.017913013580883617,0.6303718142922341,0.5272535575713974,0.22204969138516384,0.08825438684432016,0.17248672993405179,0.2080038603828213,0.1818047289689561,0.05854913945632942,0.177931478204922,False,0.924832820892334
shallow,full_ce,fisher,401,1,0.072,0.02236548048822417,0.7986675939748249,0.698764970109198,0.09473812511232589,0.053694978298463196,0.11991314138652083,0.14110020910406948,0.12067717548656909,0.04616374457133666,0.05391668007077369,0.29225,0.010469314079422382,0.6144374805150992,0.5093886948816178,0.2244606180068114,0.10475238905252032,0.17343708112165568,0.2118063374617983,0.1874682322663664,0.08459063857165836,0.21347917001769343,False,0.5459955334663391
shallow,full_ce,fisher,401,2,0.06225,0.02386109678528451,0.779171742264681,0.6738573346890123,0.14220603652059807,0.0713114941834606,0.1257211409575894,0.1476017371722696,0.12576966382499596,0.07590477722374135,0.09321216020588709,0.3105,0.009283135636926251,0.6279142399433929,0.5434456539721982,0.18888863475122372,0.08787555108591373,0.1688515361106643,0.2068779153932765,0.18367862313012706,0.08605436705806659,0.21053562811645488,False,0.8130373954772949
shallow,full_ce,fisher,401,3,0.05725,0.024239298607529654,0.7933306619731129,0.6828760354967609,0.13922282965527003,0.06823452883952262,0.12324674280199453,0.1444651761299662,0.12294193340839635,0.07534180472896895,0.08759852018658516,0.3815,0.006893587760013753,0.6232918531236168,0.5009828103476304,0.23176561283766017,0.09237058379319021,0.17444909120154417,0.21541257841402608,0.1931478204921988,0.08290172108734116,0.22311404214251246,False,0.642512321472168
shallow,full_ce,fisher,401,4,0.06625,0.021746604779095752,0.8116100215436272,0.7267230802192873,0.037583353659614786,0.025174817902676186,0.10976489196289742,0.12892713527424804,0.11033778349686343,0.039118545922470646,0.027263953675406145,0.36225,0.009283135636926251,0.6190976845528741,0.5140022325469724,0.22122620109555025,0.10398768588931258,0.1776674172966597,0.2184558468714814,0.1949235965899952,0.0829821457294515,0.2274408878880489,False,0.7444722056388855
shallow,full_ce,fisher,401,5,0.07075,0.02014784253051401,0.8070187892812131,0.7170413746277969,0.064285807002725,0.042652539727103825,0.11311323789609136,0.13333118867621038,0.11420299179668651,0.04211034260897539,0.03858774328454238,0.343,0.008836169847000173,0.624971730836874,0.541706296475433,0.2223689884033911,0.10332379483294012,0.17284864082354834,0.21238539488499275,0.18940485764838347,0.08402766607688596,0.21719478848319124,False,0.7739447355270386
shallow,full_ce,fisher,401,6,0.06475,0.02250300842358604,0.7980002148980024,0.6980803941063783,0.10927147244506025,0.0609352975091934,0.11873223955820063,0.13951745214733796,0.11912819687952389,0.07165835612031526,0.07661251407431237,0.39875,0.006532576929688843,0.5748453323426866,0.4926445761570182,0.2505573463602189,0.12839404936226026,0.19011715189534073,0.23461476596429148,0.20952549461154896,0.07230175325719801,0.24664629242399871,False,0.827506422996521
shallow,full_ce,fisher,503,1,0.05925,0.025356713082344853,0.7931242639155526,0.6848486263336975,0.1398386198423246,0.04556081601090362,0.1241930727574929,0.14543027183529034,0.12380408557181921,0.07479491716261863,0.08767894482869551,0.2455,0.01793020457280385,0.6254779818507478,0.5025908616655769,0.2538918839229634,0.11218024526698406,0.1789207013028792,0.21608814540775292,0.1888016728325559,0.08602219720122245,0.22237413543509732,False,0.5503385066986084
shallow,full_ce,fisher,503,2,0.0605,0.024686264397455734,0.8031969354122478,0.7049145440557648,0.1031959067334566,0.05871253141734911,0.11629135167015174,0.13609779636480618,0.11605275856522439,0.07908959305131093,0.07719157149750684,0.22975,0.016726835138387484,0.6398740798716251,0.5181608119645927,0.22430823586798926,0.09013569490714607,0.1674481261058388,0.20224223902203634,0.17689400032169858,0.08763069004342931,0.20065948206530482,False,0.6465826034545898
shallow,full_ce,fisher,503,3,0.054,0.02585525184803163,0.7814106192555804,0.7004299393526252,0.11906149892390741,0.049843126618603364,0.11836630743659858,0.1382435258163101,0.11757600128679427,0.09059031687308991,0.09173234679105678,0.30725,0.00973010142685233,0.61094541803697,0.5122955224440503,0.23226588250502428,0.0945023828181958,0.1716489732454024,0.21008846710632137,0.18599324433006273,0.0872768216181438,0.21925365932121602,False,0.7710397243499756
shallow,full_ce,fisher,503,4,0.0735,0.022159188585181365,0.8046561653803832,0.718446379017608,0.08390428005782613,0.03774339734246896,0.1106562650796204,0.13005951423516166,0.1114798134148303,0.07759369470805855,0.06758886922953193,0.419,0.004504039883101255,0.6187143035811655,0.5004502836079318,0.239760004167106,0.09928467720384258,0.17170929172698515,0.21329580183368183,0.19237735242078174,0.08605436705806659,0.22710310439118547,False,0.8546996712684631
shallow,full_ce,fisher,503,5,0.0525,0.02539109506618532,0.7981086594823195,0.7097050911291444,0.09161040084383544,0.052789378357637404,0.11624309688488553,0.1357535788965739,0.11546565867781888,0.07124014798134148,0.06853788000643397,0.53975,0.002372356884992264,0.5599713240135534,0.47047176586103295,0.2728214986020058,0.1602820800088748,0.1938515361106643,0.24259610744732188,0.22097796364806177,0.08391507157793147,0.2728003860382821,False,0.8990287780761719
shallow,full_ce,fisher,503,6,0.04825,0.02846828261990717,0.7908002816958873,0.7121867440346396,0.11774528631417862,0.030245507407025654,0.11611843868961451,0.13494611548978608,0.11457777062892069,0.08767894482869551,0.08153450217146534,0.475,0.00878459687123947,0.5795843647148747,0.47825720516638487,0.2701889492068555,0.13050675188280045,0.18471663717763123,0.2291844941290011,0.20749396815184173,0.08590960270226798,0.2486890783336014,False,1.0229449272155762
shallow,full_ce,saber_v2,101,1,0.0695,0.02320783909231563,0.8010697379994433,0.7042482398142463,0.09196743865684452,0.04955948065511247,0.11671492145193287,0.13705645809876146,0.11717066109055814,0.06684896252211678,0.06763712401479813,0.09475,0.03874849578820698,0.6406366798102382,0.539689580194081,0.25880083370723705,0.08663569703047266,0.17402954265186854,0.20341322181116292,0.17335049059031687,0.08920701302879203,0.1853466302074956,False,0.6226692795753479
shallow,full_ce,saber_v2,101,2,0.06175,0.02435963555097129,0.8022227302081029,0.7114637557746877,0.06721027888132719,0.023639251401008067,0.11706476864511285,0.1371111468553965,0.11699050989223099,0.04426572301753257,0.043831429950136724,0.148,0.024050197696407084,0.6526790483945453,0.5651660472276308,0.21343895055879505,0.0607672948588469,0.1623451825639376,0.19317033939198971,0.16679588225832395,0.08869229531928582,0.17883223419655783,False,0.9460535049438477
shallow,full_ce,saber_v2,101,3,0.05575,0.02494412927625924,0.8150187891846347,0.7347083797920454,0.06484478693615432,0.04912500752774842,0.10608144335424374,0.12370596750844458,0.10556860221972013,0.07990992440083641,0.05716583561203153,0.1605,0.02081829121540313,0.662544013641974,0.5719823665985475,0.21957119887622228,0.05768182342411897,0.16028631172591282,0.19154576162136078,0.16589834325237254,0.0831912497989384,0.17310599967830143,False,1.3653188943862915
shallow,full_ce,saber_v2,101,4,0.0595,0.02508165721162111,0.7879623523491,0.6762907599911037,0.1653047016553944,0.0788070642513847,0.1277330974210498,0.14973459868103586,0.1273701142029918,0.08114846388933569,0.10175325719800547,0.221,0.018720990201134605,0.6499066356175813,0.5408067375129905,0.23439312018312725,0.09666944133654871,0.16726985148249426,0.20148624738619914,0.17695673154254463,0.08463889335692457,0.18479974264114524,False,2.4234325885772705
shallow,full_ce,saber_v2,101,5,0.04725,0.027952552862300153,0.7949886277271644,0.7035480061638586,0.09925446663879114,0.04113726238746468,0.1193112969813951,0.1388547530963487,0.11781888370596752,0.03845906385716583,0.03915071577931478,0.288,0.013615265600825167,0.6257540417153654,0.5276132330697422,0.22312959459810014,0.11085988178244985,0.1680580129751756,0.20468071417082193,0.18165996461315748,0.08571658356120315,0.19712079781244973,False,2.549711227416992
shallow,full_ce,saber_v2,101,6,0.053,0.02896682138559395,0.7835745544287089,0.6793566805275888,0.15054778259087082,0.06719893340578746,0.12779207549193072,0.14895287115972333,0.12639697603345665,0.07888048898182404,0.09567315425446357,0.264,0.01385593948770844,0.6250859280807246,0.5395851084978602,0.22620865881060895,0.11792934958683345,0.17300680928636536,0.21011098600611228,0.18498311082515684,0.0857970082033135,0.210326524046968,False,2.7235569953918457
shallow,full_ce,saber_v2,211,1,0.06475,0.023293794051916797,0.8050500741340457,0.7132118497863674,0.09352811350666662,0.035675672309487205,0.11570023055064071,0.135731059996783,0.1158484799742641,0.06339070291137204,0.06253820170500242,0.20775,0.016761217122227952,0.6443966664518319,0.5347245675618563,0.25837324596549904,0.08991578062526469,0.16717200150126,0.2014798134148303,0.17599806980858934,0.084976676853788,0.19223097957214091,False,1.084585428237915
shallow,full_ce,saber_v2,211,2,0.05225,0.026405363589479112,0.794227448419885,0.6917950070145056,0.1072629850438721,0.06306357135091244,0.12355235644201383,0.14433006273122084,0.1225591121119511,0.024127392633102783,0.03522599324433006,0.14,0.025992779783393503,0.6417091173377727,0.5448782150287493,0.25892225547555286,0.07835997125984388,0.17207388343788535,0.20432684574553642,0.17585491394563296,0.08566832877593694,0.19239182885636158,False,1.2637357711791992
shallow,full_ce,saber_v2,211,3,0.052,0.027505587072374077,0.7826392258462417,0.6895300593567594,0.12425537393787463,0.06543269874701214,0.12329097635515522,0.14380569406466143,0.12209586617339552,0.08171143638410809,0.09108894965417404,0.29075,0.01100223482894963,0.6178976461857584,0.5167432017871444,0.21920671073014286,0.10875994504574948,0.17210203206262398,0.21007559916358373,0.18669937268779152,0.08578092327489142,0.20406948689078333,False,4.4145331382751465
shallow,full_ce,saber_v2,211,4,0.05975,0.02441120852673199,0.777513529429814,0.6989061063851687,0.10862259215962215,0.05274413404868393,0.12033537075760013,0.140987614605115,0.12011098600611228,0.07416760495415796,0.08060157632298537,0.2085,0.016675262162626783,0.6669108528234138,0.5873401214045287,0.1823846210353128,0.07819517487572869,0.15831590799420944,0.19088306257037155,0.16759369470805854,0.06868264436223259,0.15433488820974747,False,5.256565570831299
shallow,full_ce,saber_v2,211,5,0.05625,0.02458311844593433,0.7991342645965626,0.7050569194355016,0.11097905458995208,0.051902112092485714,0.11884215323575144,0.13909602702267976,0.11837059675084445,0.07244651761299663,0.0760817114363841,0.2545,0.01416537734227265,0.6657146450416515,0.5645436432923351,0.2356784156007178,0.09767776784203773,0.16828320197308455,0.2042013833038443,0.18037317033939199,0.08311082515682805,0.19129805372366093,False,7.547674655914307
shallow,full_ce,saber_v2,211,6,0.0545,0.02683513838748496,0.7959594489461616,0.7024291134805873,0.1280450418654611,0.039732407928178164,0.11806337461798294,0.13770628920701303,0.11706450056297249,0.09252050828373813,0.09264918771111469,0.274,0.011260099707753138,0.6709785353257427,0.5858965190683806,0.19237035830593208,0.08465357487622008,0.16015763229853627,0.19537075760012867,0.17326845745536432,0.06226475792182725,0.1621843332797169,False,9.023432731628418
shallow,full_ce,saber_v2,307,1,0.1025,0.01715660993639333,0.798266368154063,0.7023920977713116,0.046938339871115474,0.05018064789794397,0.11629135167015174,0.13831751648705165,0.11946115489786072,0.029338909441852985,0.03611066430754383,0.201,0.017466047790957537,0.6599730512738899,0.560617364524276,0.20027285502052308,0.06450074707291498,0.16264811538255322,0.19578896573910248,0.17087502010616054,0.08438153450217147,0.18312691008525012,False,0.6768994331359863
shallow,full_ce,saber_v2,307,2,0.055,0.02683513838748496,0.7682984167215303,0.672136547848468,0.1522914472661642,0.05979791622420619,0.13065251192965524,0.15282290493807302,0.12973620717387807,0.0789930834807785,0.10373170339391989,0.17475,0.02576929688843046,0.6475271594784663,0.5545633026606053,0.23594261668945282,0.0930628434403232,0.17053107072006865,0.20318803281325398,0.17630529194145086,0.08742158597394242,0.18964130609618787,False,1.325897455215454
shallow,full_ce,saber_v2,307,3,0.04725,0.02779783393501805,0.7757711750521376,0.6843753144012285,0.12459743016083205,0.053976552914066736,0.12653342984290386,0.14755026540131896,0.12508766285990028,0.07704680714170822,0.09215055493003056,0.16875,0.023345367027677498,0.6459742013959829,0.5635780938296485,0.20983030054058355,0.08616705245062262,0.16789582328025307,0.20036351938233876,0.1743364967025897,0.06454881775776097,0.15854913945632942,False,1.3833250999450684
shallow,full_ce,saber_v2,307,4,0.06575,0.022021660649819495,0.8068330377695432,0.7150347938383588,0.06823062659264299,0.030982493796818698,0.11691732346791056,0.13744893035225994,0.11738780762425607,0.04132218111629403,0.043767090236448446,0.086,0.037132542547705004,0.6797284491481949,0.5946911900708279,0.22862362221031646,0.07554069416016675,0.1677738459063857,0.19603989062248672,0.16676692938716423,0.07151359176451665,0.158452629885797,False,2.2711939811706543
shallow,full_ce,saber_v2,307,5,0.05025,0.02621626267835654,0.7996974784092524,0.6984153556794804,0.13075151733805104,0.07474003197657898,0.1211959144281808,0.14149911532893678,0.12015119832716745,0.07140099726556216,0.07780279877754544,0.25325,0.011294481691593606,0.6571137831814321,0.5909590963028674,0.17176130830524663,0.04719759568844747,0.1528832234196558,0.18623451825639376,0.1649332475470484,0.06850571014958984,0.1537075760012868,False,3.3373310565948486
shallow,full_ce,saber_v2,307,6,0.056,0.02435963555097129,0.7926138483756923,0.6949990562632186,0.12456559791777508,0.04244233123259567,0.12130984933783712,0.14209425768055334,0.12093131735563775,0.07355637767411935,0.08169535145568602,0.1445,0.025012893243940175,0.6411120420468522,0.5698732712849471,0.22015988301376985,0.09000692728851067,0.17000697013564955,0.20211677658034422,0.17425768055332153,0.0659160366736368,0.1688756635032974,False,2.1925930976867676
shallow,full_ce,saber_v2,401,1,0.0515,0.028227608733023896,0.7990974402245988,0.7115088701548475,0.07176023896767056,0.0199504325558792,0.11930191410648222,0.1388740550104552,0.11797812449734599,0.039247225349847197,0.03964934856039891,0.22525,0.015403128760529482,0.625696932535591,0.5282040388279912,0.2548524455192515,0.07853408130305578,0.1716489732454024,0.2074441048737333,0.1822277625864565,0.08648866012546244,0.19798938394724144,False,0.5563468337059021
shallow,full_ce,saber_v2,401,2,0.076,0.02086986419116383,0.7881397834279831,0.6837346462241287,0.12572198090831335,0.046537975501022386,0.11793201436920271,0.1390799420942577,0.11920057905742318,0.08708380247707898,0.09208621521634229,0.21,0.017070654976792162,0.6576286501817509,0.5727121557438913,0.20301018014255234,0.06552254692417882,0.16196986756742265,0.19522277625864565,0.17078494450699694,0.08745375583078656,0.18470323307061284,False,0.6653239130973816
shallow,full_ce,saber_v2,401,3,0.053,0.02590682482379233,0.7845060357429509,0.6700861041956735,0.1541973961710451,0.06556903528956426,0.12944882311940378,0.15151359176451665,0.1286874698407592,0.07883223419655783,0.10119028470323307,0.16325,0.022795255286230016,0.6573300386651891,0.5373549737862943,0.2831290503863334,0.07634280905849537,0.17179909924400838,0.20504423355316068,0.17729129805372365,0.08817757760977964,0.19818240308830626,False,0.7138720750808716
shallow,full_ce,saber_v2,401,4,0.052,0.025924015815712565,0.8061119916961355,0.715254781470222,0.07342205786474167,0.02606737478943957,0.11719746930459492,0.1367894482869551,0.11630046646292425,0.0427698246742802,0.041418690686826444,0.17,0.0184115523465704,0.6531410756375607,0.5677494767288835,0.23858188469463668,0.08777475088863028,0.16337461798294997,0.19588547530963488,0.17024931639054205,0.06105838829017211,0.1561685700498633,False,0.8499802350997925
shallow,full_ce,saber_v2,401,5,0.05425,0.025459859033866255,0.7966599968820028,0.7034051215416569,0.09816491052232325,0.03933956513270511,0.12118519114256608,0.14170500241273926,0.12048415634550427,0.05412578414026058,0.06125140743123693,0.1535,0.01884132714457624,0.6808800646260066,0.6021774508548224,0.19464686066308037,0.06974814198980278,0.15300251997211947,0.18304005147177096,0.15885797008203312,0.06998552356442014,0.14484478044072704,False,1.0144200325012207
shallow,full_ce,saber_v2,401,6,0.0495,0.02815884476534296,0.7865458863168322,0.6832079426442221,0.1424133433916352,0.07525462252302335,0.12565546083319928,0.14647257519704038,0.1242737654817436,0.07769020427859095,0.09054206208782371,0.2235,0.01266976104521231,0.6461192642886426,0.5738445003008734,0.19934096135192397,0.07938533551544318,0.16298589887941664,0.19752613800868585,0.17346469358211355,0.06318159884188515,0.16512787518095545,False,1.6740440130233765
shallow,full_ce,saber_v2,503,1,0.05675,0.024926938284339006,0.7961049544486892,0.68654600700681,0.13993015925021615,0.05888486557787423,0.12399201115221704,0.14522116776580346,0.12355316068843494,0.07580826765320894,0.0887083802477079,0.123,0.029448169159360497,0.6408394684194516,0.530881124550321,0.266889479822498,0.08604307989462642,0.17645434561149534,0.20860865369149106,0.17895287115972333,0.08679427376548174,0.19665433488820974,False,1.0111947059631348
shallow,full_ce,saber_v2,503,2,0.048,0.028399518652226233,0.7921402562215256,0.6992507672544728,0.09986219659693327,0.050217608361891285,0.12321591335585223,0.1434711275534824,0.12164870516326202,0.05174521473379443,0.06012546244169213,0.152,0.027436823104693142,0.6574662840027268,0.5727521228044816,0.2130236278192632,0.07568207283604768,0.16720819259020966,0.1984494129001126,0.17165353064178865,0.061750040212321056,0.154222293710793,False,1.704689383506775
shallow,full_ce,saber_v2,503,3,0.0545,0.024875365308578305,0.7787675674424017,0.6937488282608792,0.11354748557455459,0.0709551548041883,0.12211409575894054,0.1429338909441853,0.12156345504262507,0.06951906064018015,0.07876789448286955,0.15075,0.021334020973010143,0.6950927569736698,0.5996352003652562,0.1823822254644046,0.08009881202348618,0.1560975282826658,0.18623451825639376,0.16130609618787198,0.06191088949654174,0.14101656747627472,False,1.0753406286239624
shallow,full_ce,saber_v2,503,4,0.0495,0.03090940347258037,0.773465269389737,0.6928641300787559,0.12601169494851736,0.05822390106798833,0.12621039086376065,0.1466237735242078,0.12421585973942414,0.07165835612031526,0.08402766607688596,0.242,0.013305827746260959,0.6338136786158253,0.5510304947190355,0.21264622607403333,0.09305906360275121,0.1649884724679642,0.2001672832555895,0.1764597072543027,0.06146051150072382,0.16522438475148785,False,2.2108309268951416
shallow,full_ce,saber_v2,503,5,0.05725,0.02394705174488568,0.7953586099897603,0.7011364605652998,0.0978290400337588,0.05936334847556231,0.12109940485764838,0.14194305935338586,0.12083319929226315,0.05583078655299984,0.0642271191893196,0.24525,0.017414474815196836,0.6621568945587567,0.5695687992985542,0.2011309697521825,0.07420491369975625,0.16162806283845368,0.19542866334244813,0.17255428663342448,0.07387807624256072,0.16651117902525334,False,3.147003650665283
shallow,full_ce,saber_v2,503,6,0.05525,0.02638817259755888,0.782607304611279,0.6903856351536961,0.12260967148194263,0.06576782256378148,0.12474532196665057,0.1458227440887888,0.12390220363519382,0.02494772398262828,0.03852340357085411,0.2375,0.01787863159704315,0.665363429358877,0.5839168813573721,0.17874237521049935,0.05524151968439808,0.15821671760227332,0.19109860061122727,0.16859578574875342,0.0673475953032009,0.15333762264757922,False,3.232820749282837
