set_id,architecture,budget,set_seed,module_path,channel_index,group_id
shallow_b25_s22276,shallow,0.25,22276,conv.3,102,conv.3:out:102
shallow_b25_s22276,shallow,0.25,22276,conv.3,101,conv.3:out:101
shallow_b25_s22276,shallow,0.25,22276,conv.0,15,conv.0:out:15
shallow_b25_s22276,shallow,0.25,22276,conv.0,18,conv.0:out:18
shallow_b25_s22276,shallow,0.25,22276,conv.3,120,conv.3:out:120
shallow_b25_s22276,shallow,0.25,22276,conv.3,40,conv.3:out:40
shallow_b25_s22276,shallow,0.25,22276,conv.0,63,conv.0:out:63
shallow_b25_s22276,shallow,0.25,22276,conv.3,82,conv.3:out:82
shallow_b25_s22276,shallow,0.25,22276,conv.0,12,conv.0:out:12
shallow_b25_s22276,shallow,0.25,22276,conv.3,114,conv.3:out:114
shallow_b25_s22276,shallow,0.25,22276,conv.3,100,conv.3:out:100
shallow_b25_s22276,shallow,0.25,22276,conv.3,21,conv.3:out:21
shallow_b25_s22276,shallow,0.25,22276,conv.0,56,conv.0:out:56
shallow_b25_s22276,shallow,0.25,22276,conv.3,11,conv.3:out:11
shallow_b25_s22276,shallow,0.25,22276,conv.3,122,conv.3:out:122
shallow_b25_s22276,shallow,0.25,22276,conv.0,46,conv.0:out:46
shallow_b25_s22276,shallow,0.25,22276,conv.3,98,conv.3:out:98
shallow_b25_s22276,shallow,0.25,22276,conv.3,36,conv.3:out:36
shallow_b25_s22276,shallow,0.25,22276,conv.3,46,conv.3:out:46
shallow_b25_s22276,shallow,0.25,22276,conv.0,42,conv.0:out:42
shallow_b25_s22276,shallow,0.25,22276,conv.3,78,conv.3:out:78
shallow_b25_s22276,shallow,0.25,22276,conv.0,35,conv.0:out:35
shallow_b25_s22276,shallow,0.25,22276,conv.0,31,conv.0:out:31
shallow_b25_s22276,shallow,0.25,22276,conv.3,61,conv.3:out:61
shallow_b25_s22276,shallow,0.25,22276,conv.3,65,conv.3:out:65
shallow_b25_s22277,shallow,0.25,22277,conv.0,35,conv.0:out:35
shallow_b25_s22277,shallow,0.25,22277,conv.3,30,conv.3:out:30
shallow_b25_s22277,shallow,0.25,22277,conv.0,33,conv.0:out:33
shallow_b25_s22277,shallow,0.25,22277,conv.3,39,conv.3:out:39
shallow_b25_s22277,shallow,0.25,22277,conv.0,50,conv.0:out:50
shallow_b25_s22277,shallow,0.25,22277,conv.0,1,conv.0:out:1
shallow_b25_s22277,shallow,0.25,22277,conv.3,8,conv.3:out:8
shallow_b25_s22277,shallow,0.25,22277,conv.0,56,conv.0:out:56
shallow_b25_s22277,shallow,0.25,22277,conv.0,38,conv.0:out:38
shallow_b25_s22277,shallow,0.25,22277,conv.3,118,conv.3:out:118
shallow_b25_s22277,shallow,0.25,22277,conv.3,2,conv.3:out:2
shallow_b25_s22277,shallow,0.25,22277,conv.3,42,conv.3:out:42
shallow_b25_s22277,shallow,0.25,22277,conv.3,28,conv.3:out:28
shallow_b25_s22277,shallow,0.25,22277,conv.3,51,conv.3:out:51
shallow_b25_s22277,shallow,0.25,22277,conv.3,104,conv.3:out:104
shallow_b25_s22277,shallow,0.25,22277,conv.3,53,conv.3:out:53
shallow_b25_s22277,shallow,0.25,22277,conv.3,114,conv.3:out:114
shallow_b25_s22277,shallow,0.25,22277,conv.0,46,conv.0:out:46
shallow_b25_s22277,shallow,0.25,22277,conv.3,25,conv.3:out:25
shallow_b25_s22277,shallow,0.25,22277,conv.0,4,conv.0:out:4
shallow_b25_s22277,shallow,0.25,22277,conv.3,116,conv.3:out:116
shallow_b25_s22277,shallow,0.25,22277,conv.0,49,conv.0:out:49
shallow_b25_s22277,shallow,0.25,22277,conv.0,25,conv.0:out:25
shallow_b25_s22277,shallow,0.25,22277,conv.3,21,conv.3:out:21
shallow_b25_s22278,shallow,0.25,22278,conv.3,52,conv.3:out:52
shallow_b25_s22278,shallow,0.25,22278,conv.0,14,conv.0:out:14
shallow_b25_s22278,shallow,0.25,22278,conv.3,40,conv.3:out:40
shallow_b25_s22278,shallow,0.25,22278,conv.3,117,conv.3:out:117
shallow_b25_s22278,shallow,0.25,22278,conv.3,16,conv.3:out:16
shallow_b25_s22278,shallow,0.25,22278,conv.3,2,conv.3:out:2
shallow_b25_s22278,shallow,0.25,22278,conv.3,29,conv.3:out:29
shallow_b25_s22278,shallow,0.25,22278,conv.3,109,conv.3:out:109
shallow_b25_s22278,shallow,0.25,22278,conv.3,30,conv.3:out:30
shallow_b25_s22278,shallow,0.25,22278,conv.3,125,conv.3:out:125
shallow_b25_s22278,shallow,0.25,22278,conv.3,43,conv.3:out:43
shallow_b25_s22278,shallow,0.25,22278,conv.0,41,conv.0:out:41
shallow_b25_s22278,shallow,0.25,22278,conv.3,31,conv.3:out:31
shallow_b25_s22278,shallow,0.25,22278,conv.0,13,conv.0:out:13
shallow_b25_s22278,shallow,0.25,22278,conv.3,74,conv.3:out:74
shallow_b25_s22278,shallow,0.25,22278,conv.0,25,conv.0:out:25
shallow_b25_s22278,shallow,0.25,22278,conv.3,111,conv.3:out:111
shallow_b25_s22278,shallow,0.25,22278,conv.3,92,conv.3:out:92
shallow_b25_s22278,shallow,0.25,22278,conv.0,12,conv.0:out:12
shallow_b25_s22278,shallow,0.25,22278,conv.3,45,conv.3:out:45
shallow_b25_s22278,shallow,0.25,22278,conv.3,63,conv.3:out:63
shallow_b25_s22278,shallow,0.25,22278,conv.3,41,conv.3:out:41
shallow_b25_s22278,shallow,0.25,22278,conv.3,3,conv.3:out:3
shallow_b25_s22278,shallow,0.25,22278,conv.3,94,conv.3:out:94
shallow_b25_s22278,shallow,0.25,22278,conv.3,69,conv.3:out:69
shallow_b25_s22278,shallow,0.25,22278,conv.0,46,conv.0:out:46
shallow_b25_s22278,shallow,0.25,22278,conv.0,17,conv.0:out:17
shallow_b25_s22279,shallow,0.25,22279,conv.3,63,conv.3:out:63
shallow_b25_s22279,shallow,0.25,22279,conv.0,38,conv.0:out:38
shallow_b25_s22279,shallow,0.25,22279,conv.3,68,conv.3:out:68
shallow_b25_s22279,shallow,0.25,22279,conv.0,19,conv.0:out:19
shallow_b25_s22279,shallow,0.25,22279,conv.0,57,conv.0:out:57
shallow_b25_s22279,shallow,0.25,22279,conv.3,21,conv.3:out:21
shallow_b25_s22279,shallow,0.25,22279,conv.3,121,conv.3:out:121
shallow_b25_s22279,shallow,0.25,22279,conv.3,101,conv.3:out:101
shallow_b25_s22279,shallow,0.25,22279,conv.0,6,conv.0:out:6
shallow_b25_s22279,shallow,0.25,22279,conv.3,37,conv.3:out:37
shallow_b25_s22279,shallow,0.25,22279,conv.3,71,conv.3:out:71
shallow_b25_s22279,shallow,0.25,22279,conv.3,117,conv.3:out:117
shallow_b25_s22279,shallow,0.25,22279,conv.3,28,conv.3:out:28
shallow_b25_s22279,shallow,0.25,22279,conv.0,25,conv.0:out:25
shallow_b25_s22279,shallow,0.25,22279,conv.3,69,conv.3:out:69
shallow_b25_s22279,shallow,0.25,22279,conv.3,41,conv.3:out:41
shallow_b25_s22279,shallow,0.25,22279,conv.3,103,conv.3:out:103
shallow_b25_s22279,shallow,0.25,22279,conv.3,60,conv.3:out:60
shallow_b25_s22279,shallow,0.25,22279,conv.3,48,conv.3:out:48
shallow_b25_s22279,shallow,0.25,22279,conv.3,125,conv.3:out:125
shallow_b25_s22279,shallow,0.25,22279,conv.0,36,conv.0:out:36
shallow_b25_s22279,shallow,0.25,22279,conv.3,23,conv.3:out:23
shallow_b25_s22279,shallow,0.25,22279,conv.3,97,conv.3:out:97
shallow_b25_s22279,shallow,0.25,22279,conv.3,91,conv.3:out:91
shallow_b25_s22279,shallow,0.25,22279,conv.3,72,conv.3:out:72
shallow_b25_s22279,shallow,0.25,22279,conv.3,112,conv.3:out:112
shallow_b25_s22279,shallow,0.25,22279,conv.3,88,conv.3:out:88
shallow_b25_s22279,shallow,0.25,22279,conv.0,31,conv.0:out:31
shallow_b25_s22280,shallow,0.25,22280,conv.0,54,conv.0:out:54
shallow_b25_s22280,shallow,0.25,22280,conv.3,27,conv.3:out:27
shallow_b25_s22280,shallow,0.25,22280,conv.0,18,conv.0:out:18
shallow_b25_s22280,shallow,0.25,22280,conv.3,49,conv.3:out:49
shallow_b25_s22280,shallow,0.25,22280,conv.3,32,conv.3:out:32
shallow_b25_s22280,shallow,0.25,22280,conv.0,45,conv.0:out:45
shallow_b25_s22280,shallow,0.25,22280,conv.3,14,conv.3:out:14
shallow_b25_s22280,shallow,0.25,22280,conv.0,27,conv.0:out:27
shallow_b25_s22280,shallow,0.25,22280,conv.3,72,conv.3:out:72
shallow_b25_s22280,shallow,0.25,22280,conv.3,76,conv.3:out:76
shallow_b25_s22280,shallow,0.25,22280,conv.0,56,conv.0:out:56
shallow_b25_s22280,shallow,0.25,22280,conv.3,17,conv.3:out:17
shallow_b25_s22280,shallow,0.25,22280,conv.3,114,conv.3:out:114
shallow_b25_s22280,shallow,0.25,22280,conv.0,37,conv.0:out:37
shallow_b25_s22280,shallow,0.25,22280,conv.3,63,conv.3:out:63
shallow_b25_s22280,shallow,0.25,22280,conv.3,77,conv.3:out:77
shallow_b25_s22280,shallow,0.25,22280,conv.3,11,conv.3:out:11
shallow_b25_s22280,shallow,0.25,22280,conv.3,37,conv.3:out:37
shallow_b25_s22280,shallow,0.25,22280,conv.3,106,conv.3:out:106
shallow_b25_s22280,shallow,0.25,22280,conv.3,91,conv.3:out:91
shallow_b25_s22280,shallow,0.25,22280,conv.3,75,conv.3:out:75
shallow_b25_s22280,shallow,0.25,22280,conv.0,23,conv.0:out:23
shallow_b25_s22280,shallow,0.25,22280,conv.3,43,conv.3:out:43
shallow_b25_s22280,shallow,0.25,22280,conv.0,10,conv.0:out:10
shallow_b25_s22280,shallow,0.25,22280,conv.0,14,conv.0:out:14
shallow_b25_s22281,shallow,0.25,22281,conv.3,42,conv.3:out:42
shallow_b25_s22281,shallow,0.25,22281,conv.0,7,conv.0:out:7
shallow_b25_s22281,shallow,0.25,22281,conv.3,34,conv.3:out:34
shallow_b25_s22281,shallow,0.25,22281,conv.3,109,conv.3:out:109
shallow_b25_s22281,shallow,0.25,22281,conv.3,9,conv.3:out:9
shallow_b25_s22281,shallow,0.25,22281,conv.0,35,conv.0:out:35
shallow_b25_s22281,shallow,0.25,22281,conv.3,114,conv.3:out:114
shallow_b25_s22281,shallow,0.25,22281,conv.0,52,conv.0:out:52
shallow_b25_s22281,shallow,0.25,22281,conv.0,54,conv.0:out:54
shallow_b25_s22281,shallow,0.25,22281,conv.3,35,conv.3:out:35
shallow_b25_s22281,shallow,0.25,22281,conv.3,24,conv.3:out:24
shallow_b25_s22281,shallow,0.25,22281,conv.3,74,conv.3:out:74
shallow_b25_s22281,shallow,0.25,22281,conv.3,18,conv.3:out:18
shallow_b25_s22281,shallow,0.25,22281,conv.0,45,conv.0:out:45
shallow_b25_s22281,shallow,0.25,22281,conv.0,10,conv.0:out:10
shallow_b25_s22281,shallow,0.25,22281,conv.0,48,conv.0:out:48
shallow_b25_s22281,shallow,0.25,22281,conv.0,61,conv.0:out:61
shallow_b25_s22281,shallow,0.25,22281,conv.3,88,conv.3:out:88
shallow_b25_s22281,shallow,0.25,22281,conv.3,81,conv.3:out:81
shallow_b25_s22281,shallow,0.25,22281,conv.3,104,conv.3:out:104
shallow_b25_s22281,shallow,0.25,22281,conv.3,21,conv.3:out:21
shallow_b25_s22281,shallow,0.25,22281,conv.0,8,conv.0:out:8
shallow_b25_s22281,shallow,0.25,22281,conv.0,4,conv.0:out:4
shallow_b25_s22281,shallow,0.25,22281,conv.3,120,conv.3:out:120
shallow_b25_s22282,shallow,0.25,22282,conv.0,13,conv.0:out:13
shallow_b25_s22282,shallow,0.25,22282,conv.0,59,conv.0:out:59
shallow_b25_s22282,shallow,0.25,22282,conv.3,96,conv.3:out:96
shallow_b25_s22282,shallow,0.25,22282,conv.0,2,conv.0:out:2
shallow_b25_s22282,shallow,0.25,22282,conv.3,4,conv.3:out:4
shallow_b25_s22282,shallow,0.25,22282,conv.3,125,conv.3:out:125
shallow_b25_s22282,shallow,0.25,22282,conv.3,65,conv.3:out:65
shallow_b25_s22282,shallow,0.25,22282,conv.3,102,conv.3:out:102
shallow_b25_s22282,shallow,0.25,22282,conv.0,23,conv.0:out:23
shallow_b25_s22282,shallow,0.25,22282,conv.3,93,conv.3:out:93
shallow_b25_s22282,shallow,0.25,22282,conv.3,118,conv.3:out:118
shallow_b25_s22282,shallow,0.25,22282,conv.0,57,conv.0:out:57
shallow_b25_s22282,shallow,0.25,22282,conv.3,76,conv.3:out:76
shallow_b25_s22282,shallow,0.25,22282,conv.3,37,conv.3:out:37
shallow_b25_s22282,shallow,0.25,22282,conv.3,84,conv.3:out:84
shallow_b25_s22282,shallow,0.25,22282,conv.3,104,conv.3:out:104
shallow_b25_s22282,shallow,0.25,22282,conv.3,47,conv.3:out:47
shallow_b25_s22282,shallow,0.25,22282,conv.0,15,conv.0:out:15
shallow_b25_s22282,shallow,0.25,22282,conv.3,46,conv.3:out:46
shallow_b25_s22282,shallow,0.25,22282,conv.3,52,conv.3:out:52
shallow_b25_s22282,shallow,0.25,22282,conv.0,46,conv.0:out:46
shallow_b25_s22282,shallow,0.25,22282,conv.3,97,conv.3:out:97
shallow_b25_s22282,shallow,0.25,22282,conv.3,5,conv.3:out:5
shallow_b25_s22282,shallow,0.25,22282,conv.0,1,conv.0:out:1
shallow_b25_s22282,shallow,0.25,22282,conv.3,1,conv.3:out:1
shallow_b25_s22282,shallow,0.25,22282,conv.0,16,conv.0:out:16
shallow_b25_s22283,shallow,0.25,22283,conv.0,58,conv.0:out:58
shallow_b25_s22283,shallow,0.25,22283,conv.3,89,conv.3:out:89
shallow_b25_s22283,shallow,0.25,22283,conv.0,10,conv.0:out:10
shallow_b25_s22283,shallow,0.25,22283,conv.0,44,conv.0:out:44
shallow_b25_s22283,shallow,0.25,22283,conv.3,109,conv.3:out:109
shallow_b25_s22283,shallow,0.25,22283,conv.0,54,conv.0:out:54
shallow_b25_s22283,shallow,0.25,22283,conv.3,95,conv.3:out:95
shallow_b25_s22283,shallow,0.25,22283,conv.3,42,conv.3:out:42
shallow_b25_s22283,shallow,0.25,22283,conv.3,15,conv.3:out:15
shallow_b25_s22283,shallow,0.25,22283,conv.3,124,conv.3:out:124
shallow_b25_s22283,shallow,0.25,22283,conv.3,119,conv.3:out:119
shallow_b25_s22283,shallow,0.25,22283,conv.0,30,conv.0:out:30
shallow_b25_s22283,shallow,0.25,22283,conv.3,48,conv.3:out:48
shallow_b25_s22283,shallow,0.25,22283,conv.0,12,conv.0:out:12
shallow_b25_s22283,shallow,0.25,22283,conv.3,98,conv.3:out:98
shallow_b25_s22283,shallow,0.25,22283,conv.0,48,conv.0:out:48
shallow_b25_s22283,shallow,0.25,22283,conv.3,57,conv.3:out:57
shallow_b25_s22283,shallow,0.25,22283,conv.3,108,conv.3:out:108
shallow_b25_s22283,shallow,0.25,22283,conv.0,36,conv.0:out:36
shallow_b25_s22283,shallow,0.25,22283,conv.3,112,conv.3:out:112
shallow_b25_s22283,shallow,0.25,22283,conv.0,52,conv.0:out:52
shallow_b25_s22283,shallow,0.25,22283,conv.3,91,conv.3:out:91
shallow_b25_s22283,shallow,0.25,22283,conv.3,59,conv.3:out:59
shallow_b25_s22283,shallow,0.25,22283,conv.3,44,conv.3:out:44
shallow_b25_s22283,shallow,0.25,22283,conv.3,102,conv.3:out:102
shallow_b25_s22284,shallow,0.25,22284,conv.0,62,conv.0:out:62
shallow_b25_s22284,shallow,0.25,22284,conv.0,24,conv.0:out:24
shallow_b25_s22284,shallow,0.25,22284,conv.3,16,conv.3:out:16
shallow_b25_s22284,shallow,0.25,22284,conv.3,32,conv.3:out:32
shallow_b25_s22284,shallow,0.25,22284,conv.3,59,conv.3:out:59
shallow_b25_s22284,shallow,0.25,22284,conv.3,65,conv.3:out:65
shallow_b25_s22284,shallow,0.25,22284,conv.3,114,conv.3:out:114
shallow_b25_s22284,shallow,0.25,22284,conv.3,101,conv.3:out:101
shallow_b25_s22284,shallow,0.25,22284,conv.3,0,conv.3:out:0
shallow_b25_s22284,shallow,0.25,22284,conv.3,67,conv.3:out:67
shallow_b25_s22284,shallow,0.25,22284,conv.0,11,conv.0:out:11
shallow_b25_s22284,shallow,0.25,22284,conv.3,26,conv.3:out:26
shallow_b25_s22284,shallow,0.25,22284,conv.0,50,conv.0:out:50
shallow_b25_s22284,shallow,0.25,22284,conv.3,4,conv.3:out:4
shallow_b25_s22284,shallow,0.25,22284,conv.3,119,conv.3:out:119
shallow_b25_s22284,shallow,0.25,22284,conv.3,102,conv.3:out:102
shallow_b25_s22284,shallow,0.25,22284,conv.0,25,conv.0:out:25
shallow_b25_s22284,shallow,0.25,22284,conv.0,21,conv.0:out:21
shallow_b25_s22284,shallow,0.25,22284,conv.3,123,conv.3:out:123
shallow_b25_s22284,shallow,0.25,22284,conv.3,25,conv.3:out:25
shallow_b25_s22284,shallow,0.25,22284,conv.0,31,conv.0:out:31
shallow_b25_s22284,shallow,0.25,22284,conv.0,15,conv.0:out:15
shallow_b25_s22284,shallow,0.25,22284,conv.0,48,conv.0:out:48
shallow_b25_s22284,shallow,0.25,22284,conv.3,2,conv.3:out:2
shallow_b25_s22284,shallow,0.25,22284,conv.3,97,conv.3:out:97
shallow_b25_s22285,shallow,0.25,22285,conv.3,52,conv.3:out:52
shallow_b25_s22285,shallow,0.25,22285,conv.0,34,conv.0:out:34
shallow_b25_s22285,shallow,0.25,22285,conv.3,105,conv.3:out:105
shallow_b25_s22285,shallow,0.25,22285,conv.0,39,conv.0:out:39
shallow_b25_s22285,shallow,0.25,22285,conv.3,89,conv.3:out:89
shallow_b25_s22285,shallow,0.25,22285,conv.3,91,conv.3:out:91
shallow_b25_s22285,shallow,0.25,22285,conv.0,29,conv.0:out:29
shallow_b25_s22285,shallow,0.25,22285,conv.3,10,conv.3:out:10
shallow_b25_s22285,shallow,0.25,22285,conv.3,69,conv.3:out:69
shallow_b25_s22285,shallow,0.25,22285,conv.3,64,conv.3:out:64
shallow_b25_s22285,shallow,0.25,22285,conv.3,95,conv.3:out:95
shallow_b25_s22285,shallow,0.25,22285,conv.3,102,conv.3:out:102
shallow_b25_s22285,shallow,0.25,22285,conv.3,46,conv.3:out:46
shallow_b25_s22285,shallow,0.25,22285,conv.3,43,conv.3:out:43
shallow_b25_s22285,shallow,0.25,22285,conv.3,84,conv.3:out:84
shallow_b25_s22285,shallow,0.25,22285,conv.0,51,conv.0:out:51
shallow_b25_s22285,shallow,0.25,22285,conv.0,10,conv.0:out:10
shallow_b25_s22285,shallow,0.25,22285,conv.0,49,conv.0:out:49
shallow_b25_s22285,shallow,0.25,22285,conv.0,15,conv.0:out:15
shallow_b25_s22285,shallow,0.25,22285,conv.3,27,conv.3:out:27
shallow_b25_s22285,shallow,0.25,22285,conv.3,98,conv.3:out:98
shallow_b25_s22285,shallow,0.25,22285,conv.3,73,conv.3:out:73
shallow_b25_s22285,shallow,0.25,22285,conv.3,2,conv.3:out:2
shallow_b25_s22285,shallow,0.25,22285,conv.0,25,conv.0:out:25
shallow_b25_s22285,shallow,0.25,22285,conv.0,55,conv.0:out:55
shallow_b25_s22286,shallow,0.25,22286,conv.3,81,conv.3:out:81
shallow_b25_s22286,shallow,0.25,22286,conv.0,43,conv.0:out:43
shallow_b25_s22286,shallow,0.25,22286,conv.3,43,conv.3:out:43
shallow_b25_s22286,shallow,0.25,22286,conv.0,53,conv.0:out:53
shallow_b25_s22286,shallow,0.25,22286,conv.3,29,conv.3:out:29
shallow_b25_s22286,shallow,0.25,22286,conv.3,120,conv.3:out:120
shallow_b25_s22286,shallow,0.25,22286,conv.0,16,conv.0:out:16
shallow_b25_s22286,shallow,0.25,22286,conv.0,36,conv.0:out:36
shallow_b25_s22286,shallow,0.25,22286,conv.0,22,conv.0:out:22
shallow_b25_s22286,shallow,0.25,22286,conv.3,9,conv.3:out:9
shallow_b25_s22286,shallow,0.25,22286,conv.3,85,conv.3:out:85
shallow_b25_s22286,shallow,0.25,22286,conv.3,112,conv.3:out:112
shallow_b25_s22286,shallow,0.25,22286,conv.0,50,conv.0:out:50
shallow_b25_s22286,shallow,0.25,22286,conv.3,16,conv.3:out:16
shallow_b25_s22286,shallow,0.25,22286,conv.0,60,conv.0:out:60
shallow_b25_s22286,shallow,0.25,22286,conv.3,66,conv.3:out:66
shallow_b25_s22286,shallow,0.25,22286,conv.3,37,conv.3:out:37
shallow_b25_s22286,shallow,0.25,22286,conv.3,6,conv.3:out:6
shallow_b25_s22286,shallow,0.25,22286,conv.0,37,conv.0:out:37
shallow_b25_s22286,shallow,0.25,22286,conv.3,96,conv.3:out:96
shallow_b25_s22286,shallow,0.25,22286,conv.0,10,conv.0:out:10
shallow_b25_s22286,shallow,0.25,22286,conv.3,110,conv.3:out:110
shallow_b25_s22286,shallow,0.25,22286,conv.0,23,conv.0:out:23
shallow_b25_s22286,shallow,0.25,22286,conv.3,48,conv.3:out:48
shallow_b25_s22287,shallow,0.25,22287,conv.3,67,conv.3:out:67
shallow_b25_s22287,shallow,0.25,22287,conv.0,59,conv.0:out:59
shallow_b25_s22287,shallow,0.25,22287,conv.0,33,conv.0:out:33
shallow_b25_s22287,shallow,0.25,22287,conv.3,38,conv.3:out:38
shallow_b25_s22287,shallow,0.25,22287,conv.3,70,conv.3:out:70
shallow_b25_s22287,shallow,0.25,22287,conv.0,63,conv.0:out:63
shallow_b25_s22287,shallow,0.25,22287,conv.3,10,conv.3:out:10
shallow_b25_s22287,shallow,0.25,22287,conv.3,77,conv.3:out:77
shallow_b25_s22287,shallow,0.25,22287,conv.3,89,conv.3:out:89
shallow_b25_s22287,shallow,0.25,22287,conv.3,62,conv.3:out:62
shallow_b25_s22287,shallow,0.25,22287,conv.3,12,conv.3:out:12
shallow_b25_s22287,shallow,0.25,22287,conv.3,127,conv.3:out:127
shallow_b25_s22287,shallow,0.25,22287,conv.3,83,conv.3:out:83
shallow_b25_s22287,shallow,0.25,22287,conv.0,47,conv.0:out:47
shallow_b25_s22287,shallow,0.25,22287,conv.0,50,conv.0:out:50
shallow_b25_s22287,shallow,0.25,22287,conv.3,3,conv.3:out:3
shallow_b25_s22287,shallow,0.25,22287,conv.3,6,conv.3:out:6
shallow_b25_s22287,shallow,0.25,22287,conv.3,98,conv.3:out:98
shallow_b25_s22287,shallow,0.25,22287,conv.3,57,conv.3:out:57
shallow_b25_s22287,shallow,0.25,22287,conv.3,101,conv.3:out:101
shallow_b25_s22287,shallow,0.25,22287,conv.3,51,conv.3:out:51
shallow_b25_s22287,shallow,0.25,22287,conv.3,39,conv.3:out:39
shallow_b25_s22287,shallow,0.25,22287,conv.0,60,conv.0:out:60
shallow_b25_s22287,shallow,0.25,22287,conv.3,76,conv.3:out:76
shallow_b25_s22287,shallow,0.25,22287,conv.3,9,conv.3:out:9
shallow_b25_s22287,shallow,0.25,22287,conv.3,92,conv.3:out:92
shallow_b25_s22287,shallow,0.25,22287,conv.3,7,conv.3:out:7
shallow_b25_s22287,shallow,0.25,22287,conv.3,44,conv.3:out:44
shallow_b25_s22288,shallow,0.25,22288,conv.3,78,conv.3:out:78
shallow_b25_s22288,shallow,0.25,22288,conv.0,5,conv.0:out:5
shallow_b25_s22288,shallow,0.25,22288,conv.0,52,conv.0:out:52
shallow_b25_s22288,shallow,0.25,22288,conv.0,6,conv.0:out:6
shallow_b25_s22288,shallow,0.25,22288,conv.0,53,conv.0:out:53
shallow_b25_s22288,shallow,0.25,22288,conv.3,5,conv.3:out:5
shallow_b25_s22288,shallow,0.25,22288,conv.3,18,conv.3:out:18
shallow_b25_s22288,shallow,0.25,22288,conv.3,41,conv.3:out:41
shallow_b25_s22288,shallow,0.25,22288,conv.3,50,conv.3:out:50
shallow_b25_s22288,shallow,0.25,22288,conv.0,38,conv.0:out:38
shallow_b25_s22288,shallow,0.25,22288,conv.3,121,conv.3:out:121
shallow_b25_s22288,shallow,0.25,22288,conv.3,30,conv.3:out:30
shallow_b25_s22288,shallow,0.25,22288,conv.0,12,conv.0:out:12
shallow_b25_s22288,shallow,0.25,22288,conv.3,3,conv.3:out:3
shallow_b25_s22288,shallow,0.25,22288,conv.3,123,conv.3:out:123
shallow_b25_s22288,shallow,0.25,22288,conv.0,17,conv.0:out:17
shallow_b25_s22288,shallow,0.25,22288,conv.3,66,conv.3:out:66
shallow_b25_s22288,shallow,0.25,22288,conv.0,54,conv.0:out:54
shallow_b25_s22288,shallow,0.25,22288,conv.3,81,conv.3:out:81
shallow_b25_s22288,shallow,0.25,22288,conv.3,56,conv.3:out:56
shallow_b25_s22288,shallow,0.25,22288,conv.3,53,conv.3:out:53
shallow_b25_s22288,shallow,0.25,22288,conv.3,118,conv.3:out:118
shallow_b25_s22288,shallow,0.25,22288,conv.0,0,conv.0:out:0
shallow_b25_s22288,shallow,0.25,22288,conv.0,35,conv.0:out:35
shallow_b25_s22289,shallow,0.25,22289,conv.3,30,conv.3:out:30
shallow_b25_s22289,shallow,0.25,22289,conv.3,106,conv.3:out:106
shallow_b25_s22289,shallow,0.25,22289,conv.0,14,conv.0:out:14
shallow_b25_s22289,shallow,0.25,22289,conv.0,34,conv.0:out:34
shallow_b25_s22289,shallow,0.25,22289,conv.3,117,conv.3:out:117
shallow_b25_s22289,shallow,0.25,22289,conv.3,73,conv.3:out:73
shallow_b25_s22289,shallow,0.25,22289,conv.0,54,conv.0:out:54
shallow_b25_s22289,shallow,0.25,22289,conv.3,104,conv.3:out:104
shallow_b25_s22289,shallow,0.25,22289,conv.0,56,conv.0:out:56
shallow_b25_s22289,shallow,0.25,22289,conv.3,27,conv.3:out:27
shallow_b25_s22289,shallow,0.25,22289,conv.0,37,conv.0:out:37
shallow_b25_s22289,shallow,0.25,22289,conv.3,44,conv.3:out:44
shallow_b25_s22289,shallow,0.25,22289,conv.0,23,conv.0:out:23
shallow_b25_s22289,shallow,0.25,22289,conv.3,66,conv.3:out:66
shallow_b25_s22289,shallow,0.25,22289,conv.3,18,conv.3:out:18
shallow_b25_s22289,shallow,0.25,22289,conv.3,77,conv.3:out:77
shallow_b25_s22289,shallow,0.25,22289,conv.0,19,conv.0:out:19
shallow_b25_s22289,shallow,0.25,22289,conv.0,15,conv.0:out:15
shallow_b25_s22289,shallow,0.25,22289,conv.3,89,conv.3:out:89
shallow_b25_s22289,shallow,0.25,22289,conv.3,91,conv.3:out:91
shallow_b25_s22289,shallow,0.25,22289,conv.0,2,conv.0:out:2
shallow_b25_s22289,shallow,0.25,22289,conv.0,13,conv.0:out:13
shallow_b25_s22289,shallow,0.25,22289,conv.3,94,conv.3:out:94
shallow_b25_s22289,shallow,0.25,22289,conv.0,38,conv.0:out:38
shallow_b25_s22290,shallow,0.25,22290,conv.3,1,conv.3:out:1
shallow_b25_s22290,shallow,0.25,22290,conv.3,72,conv.3:out:72
shallow_b25_s22290,shallow,0.25,22290,conv.0,17,conv.0:out:17
shallow_b25_s22290,shallow,0.25,22290,conv.0,33,conv.0:out:33
shallow_b25_s22290,shallow,0.25,22290,conv.0,58,conv.0:out:58
shallow_b25_s22290,shallow,0.25,22290,conv.0,31,conv.0:out:31
shallow_b25_s22290,shallow,0.25,22290,conv.3,50,conv.3:out:50
shallow_b25_s22290,shallow,0.25,22290,conv.3,53,conv.3:out:53
shallow_b25_s22290,shallow,0.25,22290,conv.3,57,conv.3:out:57
shallow_b25_s22290,shallow,0.25,22290,conv.0,51,conv.0:out:51
shallow_b25_s22290,shallow,0.25,22290,conv.3,26,conv.3:out:26
shallow_b25_s22290,shallow,0.25,22290,conv.3,9,conv.3:out:9
shallow_b25_s22290,shallow,0.25,22290,conv.0,8,conv.0:out:8
shallow_b25_s22290,shallow,0.25,22290,conv.3,68,conv.3:out:68
shallow_b25_s22290,shallow,0.25,22290,conv.3,117,conv.3:out:117
shallow_b25_s22290,shallow,0.25,22290,conv.3,64,conv.3:out:64
shallow_b25_s22290,shallow,0.25,22290,conv.0,28,conv.0:out:28
shallow_b25_s22290,shallow,0.25,22290,conv.3,23,conv.3:out:23
shallow_b25_s22290,shallow,0.25,22290,conv.3,119,conv.3:out:119
shallow_b25_s22290,shallow,0.25,22290,conv.0,57,conv.0:out:57
shallow_b25_s22290,shallow,0.25,22290,conv.3,61,conv.3:out:61
shallow_b25_s22290,shallow,0.25,22290,conv.3,70,conv.3:out:70
shallow_b25_s22290,shallow,0.25,22290,conv.3,78,conv.3:out:78
shallow_b25_s22290,shallow,0.25,22290,conv.0,32,conv.0:out:32
shallow_b25_s22290,shallow,0.25,22290,conv.3,43,conv.3:out:43
shallow_b25_s22291,shallow,0.25,22291,conv.3,110,conv.3:out:110
shallow_b25_s22291,shallow,0.25,22291,conv.3,41,conv.3:out:41
shallow_b25_s22291,shallow,0.25,22291,conv.3,117,conv.3:out:117
shallow_b25_s22291,shallow,0.25,22291,conv.3,47,conv.3:out:47
shallow_b25_s22291,shallow,0.25,22291,conv.0,29,conv.0:out:29
shallow_b25_s22291,shallow,0.25,22291,conv.3,43,conv.3:out:43
shallow_b25_s22291,shallow,0.25,22291,conv.0,42,conv.0:out:42
shallow_b25_s22291,shallow,0.25,22291,conv.3,60,conv.3:out:60
shallow_b25_s22291,shallow,0.25,22291,conv.3,20,conv.3:out:20
shallow_b25_s22291,shallow,0.25,22291,conv.3,9,conv.3:out:9
shallow_b25_s22291,shallow,0.25,22291,conv.3,104,conv.3:out:104
shallow_b25_s22291,shallow,0.25,22291,conv.3,22,conv.3:out:22
shallow_b25_s22291,shallow,0.25,22291,conv.3,16,conv.3:out:16
shallow_b25_s22291,shallow,0.25,22291,conv.3,65,conv.3:out:65
shallow_b25_s22291,shallow,0.25,22291,conv.3,77,conv.3:out:77
shallow_b25_s22291,shallow,0.25,22291,conv.3,62,conv.3:out:62
shallow_b25_s22291,shallow,0.25,22291,conv.3,123,conv.3:out:123
shallow_b25_s22291,shallow,0.25,22291,conv.3,30,conv.3:out:30
shallow_b25_s22291,shallow,0.25,22291,conv.3,35,conv.3:out:35
shallow_b25_s22291,shallow,0.25,22291,conv.3,34,conv.3:out:34
shallow_b25_s22291,shallow,0.25,22291,conv.3,127,conv.3:out:127
shallow_b25_s22291,shallow,0.25,22291,conv.0,63,conv.0:out:63
shallow_b25_s22291,shallow,0.25,22291,conv.3,51,conv.3:out:51
shallow_b25_s22291,shallow,0.25,22291,conv.3,57,conv.3:out:57
shallow_b25_s22291,shallow,0.25,22291,conv.3,25,conv.3:out:25
shallow_b25_s22291,shallow,0.25,22291,conv.3,67,conv.3:out:67
shallow_b25_s22291,shallow,0.25,22291,conv.3,122,conv.3:out:122
shallow_b25_s22291,shallow,0.25,22291,conv.3,76,conv.3:out:76
shallow_b25_s22291,shallow,0.25,22291,conv.0,28,conv.0:out:28
shallow_b25_s22292,shallow,0.25,22292,conv.3,14,conv.3:out:14
shallow_b25_s22292,shallow,0.25,22292,conv.0,50,conv.0:out:50
shallow_b25_s22292,shallow,0.25,22292,conv.0,21,conv.0:out:21
shallow_b25_s22292,shallow,0.25,22292,conv.3,105,conv.3:out:105
shallow_b25_s22292,shallow,0.25,22292,conv.0,39,conv.0:out:39
shallow_b25_s22292,shallow,0.25,22292,conv.3,10,conv.3:out:10
shallow_b25_s22292,shallow,0.25,22292,conv.3,61,conv.3:out:61
shallow_b25_s22292,shallow,0.25,22292,conv.3,71,conv.3:out:71
shallow_b25_s22292,shallow,0.25,22292,conv.0,27,conv.0:out:27
shallow_b25_s22292,shallow,0.25,22292,conv.3,94,conv.3:out:94
shallow_b25_s22292,shallow,0.25,22292,conv.0,37,conv.0:out:37
shallow_b25_s22292,shallow,0.25,22292,conv.0,22,conv.0:out:22
shallow_b25_s22292,shallow,0.25,22292,conv.3,86,conv.3:out:86
shallow_b25_s22292,shallow,0.25,22292,conv.3,45,conv.3:out:45
shallow_b25_s22292,shallow,0.25,22292,conv.3,101,conv.3:out:101
shallow_b25_s22292,shallow,0.25,22292,conv.0,34,conv.0:out:34
shallow_b25_s22292,shallow,0.25,22292,conv.3,96,conv.3:out:96
shallow_b25_s22292,shallow,0.25,22292,conv.3,11,conv.3:out:11
shallow_b25_s22292,shallow,0.25,22292,conv.3,26,conv.3:out:26
shallow_b25_s22292,shallow,0.25,22292,conv.0,56,conv.0:out:56
shallow_b25_s22292,shallow,0.25,22292,conv.3,52,conv.3:out:52
shallow_b25_s22292,shallow,0.25,22292,conv.3,68,conv.3:out:68
shallow_b25_s22292,shallow,0.25,22292,conv.0,7,conv.0:out:7
shallow_b25_s22292,shallow,0.25,22292,conv.3,54,conv.3:out:54
shallow_b25_s22292,shallow,0.25,22292,conv.3,59,conv.3:out:59
shallow_b25_s22293,shallow,0.25,22293,conv.3,82,conv.3:out:82
shallow_b25_s22293,shallow,0.25,22293,conv.0,24,conv.0:out:24
shallow_b25_s22293,shallow,0.25,22293,conv.3,29,conv.3:out:29
shallow_b25_s22293,shallow,0.25,22293,conv.3,79,conv.3:out:79
shallow_b25_s22293,shallow,0.25,22293,conv.0,33,conv.0:out:33
shallow_b25_s22293,shallow,0.25,22293,conv.3,15,conv.3:out:15
shallow_b25_s22293,shallow,0.25,22293,conv.3,77,conv.3:out:77
shallow_b25_s22293,shallow,0.25,22293,conv.3,71,conv.3:out:71
shallow_b25_s22293,shallow,0.25,22293,conv.0,56,conv.0:out:56
shallow_b25_s22293,shallow,0.25,22293,conv.3,21,conv.3:out:21
shallow_b25_s22293,shallow,0.25,22293,conv.3,98,conv.3:out:98
shallow_b25_s22293,shallow,0.25,22293,conv.0,1,conv.0:out:1
shallow_b25_s22293,shallow,0.25,22293,conv.3,33,conv.3:out:33
shallow_b25_s22293,shallow,0.25,22293,conv.0,25,conv.0:out:25
shallow_b25_s22293,shallow,0.25,22293,conv.3,0,conv.3:out:0
shallow_b25_s22293,shallow,0.25,22293,conv.3,1,conv.3:out:1
shallow_b25_s22293,shallow,0.25,22293,conv.0,36,conv.0:out:36
shallow_b25_s22293,shallow,0.25,22293,conv.3,95,conv.3:out:95
shallow_b25_s22293,shallow,0.25,22293,conv.0,55,conv.0:out:55
shallow_b25_s22293,shallow,0.25,22293,conv.0,13,conv.0:out:13
shallow_b25_s22293,shallow,0.25,22293,conv.3,78,conv.3:out:78
shallow_b25_s22293,shallow,0.25,22293,conv.3,17,conv.3:out:17
shallow_b25_s22293,shallow,0.25,22293,conv.0,15,conv.0:out:15
shallow_b25_s22293,shallow,0.25,22293,conv.3,68,conv.3:out:68
shallow_b25_s22293,shallow,0.25,22293,conv.3,99,conv.3:out:99
shallow_b25_s22294,shallow,0.25,22294,conv.3,109,conv.3:out:109
shallow_b25_s22294,shallow,0.25,22294,conv.0,62,conv.0:out:62
shallow_b25_s22294,shallow,0.25,22294,conv.3,117,conv.3:out:117
shallow_b25_s22294,shallow,0.25,22294,conv.3,56,conv.3:out:56
shallow_b25_s22294,shallow,0.25,22294,conv.3,39,conv.3:out:39
shallow_b25_s22294,shallow,0.25,22294,conv.0,7,conv.0:out:7
shallow_b25_s22294,shallow,0.25,22294,conv.3,60,conv.3:out:60
shallow_b25_s22294,shallow,0.25,22294,conv.3,4,conv.3:out:4
shallow_b25_s22294,shallow,0.25,22294,conv.3,125,conv.3:out:125
shallow_b25_s22294,shallow,0.25,22294,conv.0,21,conv.0:out:21
shallow_b25_s22294,shallow,0.25,22294,conv.3,64,conv.3:out:64
shallow_b25_s22294,shallow,0.25,22294,conv.3,114,conv.3:out:114
shallow_b25_s22294,shallow,0.25,22294,conv.3,96,conv.3:out:96
shallow_b25_s22294,shallow,0.25,22294,conv.3,25,conv.3:out:25
shallow_b25_s22294,shallow,0.25,22294,conv.3,43,conv.3:out:43
shallow_b25_s22294,shallow,0.25,22294,conv.0,53,conv.0:out:53
shallow_b25_s22294,shallow,0.25,22294,conv.3,55,conv.3:out:55
shallow_b25_s22294,shallow,0.25,22294,conv.0,2,conv.0:out:2
shallow_b25_s22294,shallow,0.25,22294,conv.3,78,conv.3:out:78
shallow_b25_s22294,shallow,0.25,22294,conv.0,51,conv.0:out:51
shallow_b25_s22294,shallow,0.25,22294,conv.0,50,conv.0:out:50
shallow_b25_s22294,shallow,0.25,22294,conv.3,100,conv.3:out:100
shallow_b25_s22294,shallow,0.25,22294,conv.0,45,conv.0:out:45
shallow_b25_s22294,shallow,0.25,22294,conv.0,32,conv.0:out:32
shallow_b25_s22294,shallow,0.25,22294,conv.3,61,conv.3:out:61
shallow_b25_s22295,shallow,0.25,22295,conv.0,38,conv.0:out:38
shallow_b25_s22295,shallow,0.25,22295,conv.3,119,conv.3:out:119
shallow_b25_s22295,shallow,0.25,22295,conv.3,66,conv.3:out:66
shallow_b25_s22295,shallow,0.25,22295,conv.0,44,conv.0:out:44
shallow_b25_s22295,shallow,0.25,22295,conv.3,87,conv.3:out:87
shallow_b25_s22295,shallow,0.25,22295,conv.0,31,conv.0:out:31
shallow_b25_s22295,shallow,0.25,22295,conv.3,57,conv.3:out:57
shallow_b25_s22295,shallow,0.25,22295,conv.3,117,conv.3:out:117
shallow_b25_s22295,shallow,0.25,22295,conv.3,97,conv.3:out:97
shallow_b25_s22295,shallow,0.25,22295,conv.3,112,conv.3:out:112
shallow_b25_s22295,shallow,0.25,22295,conv.3,85,conv.3:out:85
shallow_b25_s22295,shallow,0.25,22295,conv.3,18,conv.3:out:18
shallow_b25_s22295,shallow,0.25,22295,conv.3,71,conv.3:out:71
shallow_b25_s22295,shallow,0.25,22295,conv.0,23,conv.0:out:23
shallow_b25_s22295,shallow,0.25,22295,conv.0,28,conv.0:out:28
shallow_b25_s22295,shallow,0.25,22295,conv.0,11,conv.0:out:11
shallow_b25_s22295,shallow,0.25,22295,conv.0,0,conv.0:out:0
shallow_b25_s22295,shallow,0.25,22295,conv.3,103,conv.3:out:103
shallow_b25_s22295,shallow,0.25,22295,conv.3,5,conv.3:out:5
shallow_b25_s22295,shallow,0.25,22295,conv.3,93,conv.3:out:93
shallow_b25_s22295,shallow,0.25,22295,conv.3,23,conv.3:out:23
shallow_b25_s22295,shallow,0.25,22295,conv.0,1,conv.0:out:1
shallow_b25_s22295,shallow,0.25,22295,conv.3,122,conv.3:out:122
shallow_b25_s22295,shallow,0.25,22295,conv.3,42,conv.3:out:42
shallow_b25_s22295,shallow,0.25,22295,conv.3,126,conv.3:out:126
shallow_b25_s22295,shallow,0.25,22295,conv.3,26,conv.3:out:26
shallow_b25_s22296,shallow,0.25,22296,conv.3,111,conv.3:out:111
shallow_b25_s22296,shallow,0.25,22296,conv.3,43,conv.3:out:43
shallow_b25_s22296,shallow,0.25,22296,conv.3,94,conv.3:out:94
shallow_b25_s22296,shallow,0.25,22296,conv.3,16,conv.3:out:16
shallow_b25_s22296,shallow,0.25,22296,conv.3,107,conv.3:out:107
shallow_b25_s22296,shallow,0.25,22296,conv.0,14,conv.0:out:14
shallow_b25_s22296,shallow,0.25,22296,conv.3,24,conv.3:out:24
shallow_b25_s22296,shallow,0.25,22296,conv.3,59,conv.3:out:59
shallow_b25_s22296,shallow,0.25,22296,conv.3,6,conv.3:out:6
shallow_b25_s22296,shallow,0.25,22296,conv.0,30,conv.0:out:30
shallow_b25_s22296,shallow,0.25,22296,conv.3,14,conv.3:out:14
shallow_b25_s22296,shallow,0.25,22296,conv.3,110,conv.3:out:110
shallow_b25_s22296,shallow,0.25,22296,conv.0,63,conv.0:out:63
shallow_b25_s22296,shallow,0.25,22296,conv.3,106,conv.3:out:106
shallow_b25_s22296,shallow,0.25,22296,conv.0,62,conv.0:out:62
shallow_b25_s22296,shallow,0.25,22296,conv.0,60,conv.0:out:60
shallow_b25_s22296,shallow,0.25,22296,conv.3,0,conv.3:out:0
shallow_b25_s22296,shallow,0.25,22296,conv.0,27,conv.0:out:27
shallow_b25_s22296,shallow,0.25,22296,conv.0,26,conv.0:out:26
shallow_b25_s22296,shallow,0.25,22296,conv.0,16,conv.0:out:16
shallow_b25_s22296,shallow,0.25,22296,conv.0,57,conv.0:out:57
shallow_b25_s22296,shallow,0.25,22296,conv.3,119,conv.3:out:119
shallow_b25_s22296,shallow,0.25,22296,conv.3,78,conv.3:out:78
shallow_b25_s22296,shallow,0.25,22296,conv.3,123,conv.3:out:123
shallow_b25_s22296,shallow,0.25,22296,conv.3,95,conv.3:out:95
shallow_b25_s22297,shallow,0.25,22297,conv.3,1,conv.3:out:1
shallow_b25_s22297,shallow,0.25,22297,conv.3,53,conv.3:out:53
shallow_b25_s22297,shallow,0.25,22297,conv.3,89,conv.3:out:89
shallow_b25_s22297,shallow,0.25,22297,conv.3,43,conv.3:out:43
shallow_b25_s22297,shallow,0.25,22297,conv.3,72,conv.3:out:72
shallow_b25_s22297,shallow,0.25,22297,conv.3,78,conv.3:out:78
shallow_b25_s22297,shallow,0.25,22297,conv.0,63,conv.0:out:63
shallow_b25_s22297,shallow,0.25,22297,conv.3,62,conv.3:out:62
shallow_b25_s22297,shallow,0.25,22297,conv.3,64,conv.3:out:64
shallow_b25_s22297,shallow,0.25,22297,conv.3,70,conv.3:out:70
shallow_b25_s22297,shallow,0.25,22297,conv.3,61,conv.3:out:61
shallow_b25_s22297,shallow,0.25,22297,conv.0,49,conv.0:out:49
shallow_b25_s22297,shallow,0.25,22297,conv.3,35,conv.3:out:35
shallow_b25_s22297,shallow,0.25,22297,conv.3,124,conv.3:out:124
shallow_b25_s22297,shallow,0.25,22297,conv.0,7,conv.0:out:7
shallow_b25_s22297,shallow,0.25,22297,conv.0,39,conv.0:out:39
shallow_b25_s22297,shallow,0.25,22297,conv.3,69,conv.3:out:69
shallow_b25_s22297,shallow,0.25,22297,conv.3,98,conv.3:out:98
shallow_b25_s22297,shallow,0.25,22297,conv.0,3,conv.0:out:3
shallow_b25_s22297,shallow,0.25,22297,conv.3,51,conv.3:out:51
shallow_b25_s22297,shallow,0.25,22297,conv.0,21,conv.0:out:21
shallow_b25_s22297,shallow,0.25,22297,conv.3,40,conv.3:out:40
shallow_b25_s22297,shallow,0.25,22297,conv.0,31,conv.0:out:31
shallow_b25_s22297,shallow,0.25,22297,conv.3,20,conv.3:out:20
shallow_b25_s22297,shallow,0.25,22297,conv.0,0,conv.0:out:0
shallow_b25_s22297,shallow,0.25,22297,conv.3,88,conv.3:out:88
shallow_b25_s22298,shallow,0.25,22298,conv.3,93,conv.3:out:93
shallow_b25_s22298,shallow,0.25,22298,conv.3,118,conv.3:out:118
shallow_b25_s22298,shallow,0.25,22298,conv.3,125,conv.3:out:125
shallow_b25_s22298,shallow,0.25,22298,conv.0,55,conv.0:out:55
shallow_b25_s22298,shallow,0.25,22298,conv.0,18,conv.0:out:18
shallow_b25_s22298,shallow,0.25,22298,conv.0,29,conv.0:out:29
shallow_b25_s22298,shallow,0.25,22298,conv.0,39,conv.0:out:39
shallow_b25_s22298,shallow,0.25,22298,conv.0,11,conv.0:out:11
shallow_b25_s22298,shallow,0.25,22298,conv.0,28,conv.0:out:28
shallow_b25_s22298,shallow,0.25,22298,conv.3,34,conv.3:out:34
shallow_b25_s22298,shallow,0.25,22298,conv.0,56,conv.0:out:56
shallow_b25_s22298,shallow,0.25,22298,conv.3,44,conv.3:out:44
shallow_b25_s22298,shallow,0.25,22298,conv.0,61,conv.0:out:61
shallow_b25_s22298,shallow,0.25,22298,conv.0,19,conv.0:out:19
shallow_b25_s22298,shallow,0.25,22298,conv.0,43,conv.0:out:43
shallow_b25_s22298,shallow,0.25,22298,conv.0,16,conv.0:out:16
shallow_b25_s22298,shallow,0.25,22298,conv.3,103,conv.3:out:103
shallow_b25_s22298,shallow,0.25,22298,conv.3,31,conv.3:out:31
shallow_b25_s22298,shallow,0.25,22298,conv.3,66,conv.3:out:66
shallow_b25_s22298,shallow,0.25,22298,conv.0,27,conv.0:out:27
shallow_b25_s22298,shallow,0.25,22298,conv.3,127,conv.3:out:127
shallow_b25_s22299,shallow,0.25,22299,conv.3,4,conv.3:out:4
shallow_b25_s22299,shallow,0.25,22299,conv.3,41,conv.3:out:41
shallow_b25_s22299,shallow,0.25,22299,conv.3,118,conv.3:out:118
shallow_b25_s22299,shallow,0.25,22299,conv.3,72,conv.3:out:72
shallow_b25_s22299,shallow,0.25,22299,conv.3,35,conv.3:out:35
shallow_b25_s22299,shallow,0.25,22299,conv.0,26,conv.0:out:26
shallow_b25_s22299,shallow,0.25,22299,conv.3,117,conv.3:out:117
shallow_b25_s22299,shallow,0.25,22299,conv.3,58,conv.3:out:58
shallow_b25_s22299,shallow,0.25,22299,conv.3,94,conv.3:out:94
shallow_b25_s22299,shallow,0.25,22299,conv.0,10,conv.0:out:10
shallow_b25_s22299,shallow,0.25,22299,conv.3,109,conv.3:out:109
shallow_b25_s22299,shallow,0.25,22299,conv.3,100,conv.3:out:100
shallow_b25_s22299,shallow,0.25,22299,conv.3,9,conv.3:out:9
shallow_b25_s22299,shallow,0.25,22299,conv.0,34,conv.0:out:34
shallow_b25_s22299,shallow,0.25,22299,conv.3,15,conv.3:out:15
shallow_b25_s22299,shallow,0.25,22299,conv.3,19,conv.3:out:19
shallow_b25_s22299,shallow,0.25,22299,conv.3,46,conv.3:out:46
shallow_b25_s22299,shallow,0.25,22299,conv.3,60,conv.3:out:60
shallow_b25_s22299,shallow,0.25,22299,conv.0,42,conv.0:out:42
shallow_b25_s22299,shallow,0.25,22299,conv.0,32,conv.0:out:32
shallow_b25_s22299,shallow,0.25,22299,conv.0,31,conv.0:out:31
shallow_b25_s22299,shallow,0.25,22299,conv.3,54,conv.3:out:54
shallow_b25_s22299,shallow,0.25,22299,conv.0,7,conv.0:out:7
shallow_b25_s22299,shallow,0.25,22299,conv.0,8,conv.0:out:8
shallow_b25_s22299,shallow,0.25,22299,conv.3,75,conv.3:out:75
shallow_b25_s22299,shallow,0.25,22299,conv.3,16,conv.3:out:16
shallow_b25_s22300,shallow,0.25,22300,conv.0,16,conv.0:out:16
shallow_b25_s22300,shallow,0.25,22300,conv.0,40,conv.0:out:40
shallow_b25_s22300,shallow,0.25,22300,conv.0,53,conv.0:out:53
shallow_b25_s22300,shallow,0.25,22300,conv.3,64,conv.3:out:64
shallow_b25_s22300,shallow,0.25,22300,conv.0,26,conv.0:out:26
shallow_b25_s22300,shallow,0.25,22300,conv.3,116,conv.3:out:116
shallow_b25_s22300,shallow,0.25,22300,conv.3,91,conv.3:out:91
shallow_b25_s22300,shallow,0.25,22300,conv.0,0,conv.0:out:0
shallow_b25_s22300,shallow,0.25,22300,conv.3,12,conv.3:out:12
shallow_b25_s22300,shallow,0.25,22300,conv.3,102,conv.3:out:102
shallow_b25_s22300,shallow,0.25,22300,conv.3,71,conv.3:out:71
shallow_b25_s22300,shallow,0.25,22300,conv.0,41,conv.0:out:41
shallow_b25_s22300,shallow,0.25,22300,conv.3,77,conv.3:out:77
shallow_b25_s22300,shallow,0.25,22300,conv.3,37,conv.3:out:37
shallow_b25_s22300,shallow,0.25,22300,conv.0,29,conv.0:out:29
shallow_b25_s22300,shallow,0.25,22300,conv.3,49,conv.3:out:49
shallow_b25_s22300,shallow,0.25,22300,conv.3,2,conv.3:out:2
shallow_b25_s22300,shallow,0.25,22300,conv.0,24,conv.0:out:24
shallow_b25_s22300,shallow,0.25,22300,conv.0,47,conv.0:out:47
shallow_b25_s22300,shallow,0.25,22300,conv.0,56,conv.0:out:56
shallow_b25_s22300,shallow,0.25,22300,conv.0,43,conv.0:out:43
shallow_b25_s22300,shallow,0.25,22300,conv.3,6,conv.3:out:6
shallow_b25_s22300,shallow,0.25,22300,conv.0,2,conv.0:out:2
shallow_b25_s22301,shallow,0.25,22301,conv.3,97,conv.3:out:97
shallow_b25_s22301,shallow,0.25,22301,conv.3,9,conv.3:out:9
shallow_b25_s22301,shallow,0.25,22301,conv.3,122,conv.3:out:122
shallow_b25_s22301,shallow,0.25,22301,conv.3,34,conv.3:out:34
shallow_b25_s22301,shallow,0.25,22301,conv.3,24,conv.3:out:24
shallow_b25_s22301,shallow,0.25,22301,conv.0,42,conv.0:out:42
shallow_b25_s22301,shallow,0.25,22301,conv.0,10,conv.0:out:10
shallow_b25_s22301,shallow,0.25,22301,conv.3,36,conv.3:out:36
shallow_b25_s22301,shallow,0.25,22301,conv.3,23,conv.3:out:23
shallow_b25_s22301,shallow,0.25,22301,conv.0,21,conv.0:out:21
shallow_b25_s22301,shallow,0.25,22301,conv.3,39,conv.3:out:39
shallow_b25_s22301,shallow,0.25,22301,conv.3,82,conv.3:out:82
shallow_b25_s22301,shallow,0.25,22301,conv.3,10,conv.3:out:10
shallow_b25_s22301,shallow,0.25,22301,conv.3,113,conv.3:out:113
shallow_b25_s22301,shallow,0.25,22301,conv.3,109,conv.3:out:109
shallow_b25_s22301,shallow,0.25,22301,conv.3,119,conv.3:out:119
shallow_b25_s22301,shallow,0.25,22301,conv.3,125,conv.3:out:125
shallow_b25_s22301,shallow,0.25,22301,conv.0,37,conv.0:out:37
shallow_b25_s22301,shallow,0.25,22301,conv.3,30,conv.3:out:30
shallow_b25_s22301,shallow,0.25,22301,conv.3,44,conv.3:out:44
shallow_b25_s22301,shallow,0.25,22301,conv.0,56,conv.0:out:56
shallow_b25_s22301,shallow,0.25,22301,conv.3,61,conv.3:out:61
shallow_b25_s22301,shallow,0.25,22301,conv.0,54,conv.0:out:54
shallow_b25_s22301,shallow,0.25,22301,conv.0,40,conv.0:out:40
shallow_b25_s22301,shallow,0.25,22301,conv.0,0,conv.0:out:0
shallow_b25_s22301,shallow,0.25,22301,conv.3,66,conv.3:out:66
shallow_b25_s22302,shallow,0.25,22302,conv.3,91,conv.3:out:91
shallow_b25_s22302,shallow,0.25,22302,conv.3,73,conv.3:out:73
shallow_b25_s22302,shallow,0.25,22302,conv.0,28,conv.0:out:28
shallow_b25_s22302,shallow,0.25,22302,conv.0,5,conv.0:out:5
shallow_b25_s22302,shallow,0.25,22302,conv.3,17,conv.3:out:17
shallow_b25_s22302,shallow,0.25,22302,conv.3,90,conv.3:out:90
shallow_b25_s22302,shallow,0.25,22302,conv.0,56,conv.0:out:56
shallow_b25_s22302,shallow,0.25,22302,conv.3,114,conv.3:out:114
shallow_b25_s22302,shallow,0.25,22302,conv.3,60,conv.3:out:60
shallow_b25_s22302,shallow,0.25,22302,conv.3,106,conv.3:out:106
shallow_b25_s22302,shallow,0.25,22302,conv.3,77,conv.3:out:77
shallow_b25_s22302,shallow,0.25,22302,conv.3,127,conv.3:out:127
shallow_b25_s22302,shallow,0.25,22302,conv.0,41,conv.0:out:41
shallow_b25_s22302,shallow,0.25,22302,conv.3,26,conv.3:out:26
shallow_b25_s22302,shallow,0.25,22302,conv.3,45,conv.3:out:45
shallow_b25_s22302,shallow,0.25,22302,conv.3,40,conv.3:out:40
shallow_b25_s22302,shallow,0.25,22302,conv.3,23,conv.3:out:23
shallow_b25_s22302,shallow,0.25,22302,conv.0,47,conv.0:out:47
shallow_b25_s22302,shallow,0.25,22302,conv.0,61,conv.0:out:61
shallow_b25_s22302,shallow,0.25,22302,conv.0,15,conv.0:out:15
shallow_b25_s22302,shallow,0.25,22302,conv.0,9,conv.0:out:9
shallow_b25_s22302,shallow,0.25,22302,conv.3,42,conv.3:out:42
shallow_b25_s22302,shallow,0.25,22302,conv.0,43,conv.0:out:43
shallow_b25_s22302,shallow,0.25,22302,conv.3,44,conv.3:out:44
shallow_b25_s22302,shallow,0.25,22302,conv.0,17,conv.0:out:17
shallow_b25_s22303,shallow,0.25,22303,conv.3,20,conv.3:out:20
shallow_b25_s22303,shallow,0.25,22303,conv.0,63,conv.0:out:63
shallow_b25_s22303,shallow,0.25,22303,conv.3,48,conv.3:out:48
shallow_b25_s22303,shallow,0.25,22303,conv.3,107,conv.3:out:107
shallow_b25_s22303,shallow,0.25,22303,conv.3,101,conv.3:out:101
shallow_b25_s22303,shallow,0.25,22303,conv.3,41,conv.3:out:41
shallow_b25_s22303,shallow,0.25,22303,conv.0,30,conv.0:out:30
shallow_b25_s22303,shallow,0.25,22303,conv.3,12,conv.3:out:12
shallow_b25_s22303,shallow,0.25,22303,conv.3,55,conv.3:out:55
shallow_b25_s22303,shallow,0.25,22303,conv.3,92,conv.3:out:92
shallow_b25_s22303,shallow,0.25,22303,conv.3,64,conv.3:out:64
shallow_b25_s22303,shallow,0.25,22303,conv.3,87,conv.3:out:87
shallow_b25_s22303,shallow,0.25,22303,conv.3,65,conv.3:out:65
shallow_b25_s22303,shallow,0.25,22303,conv.3,0,conv.3:out:0
shallow_b25_s22303,shallow,0.25,22303,conv.3,43,conv.3:out:43
shallow_b25_s22303,shallow,0.25,22303,conv.3,31,conv.3:out:31
shallow_b25_s22303,shallow,0.25,22303,conv.3,63,conv.3:out:63
shallow_b25_s22303,shallow,0.25,22303,conv.3,54,conv.3:out:54
shallow_b25_s22303,shallow,0.25,22303,conv.3,44,conv.3:out:44
shallow_b25_s22303,shallow,0.25,22303,conv.3,98,conv.3:out:98
shallow_b25_s22303,shallow,0.25,22303,conv.0,51,conv.0:out:51
shallow_b25_s22303,shallow,0.25,22303,conv.0,0,conv.0:out:0
shallow_b25_s22303,shallow,0.25,22303,conv.3,5,conv.3:out:5
shallow_b25_s22303,shallow,0.25,22303,conv.3,91,conv.3:out:91
shallow_b25_s22303,shallow,0.25,22303,conv.0,1,conv.0:out:1
shallow_b25_s22303,shallow,0.25,22303,conv.0,15,conv.0:out:15
shallow_b25_s22303,shallow,0.25,22303,conv.0,52,conv.0:out:52
shallow_b25_s22304,shallow,0.25,22304,conv.3,90,conv.3:out:90
shallow_b25_s22304,shallow,0.25,22304,conv.3,86,conv.3:out:86
shallow_b25_s22304,shallow,0.25,22304,conv.0,44,conv.0:out:44
shallow_b25_s22304,shallow,0.25,22304,conv.3,30,conv.3:out:30
shallow_b25_s22304,shallow,0.25,22304,conv.0,14,conv.0:out:14
shallow_b25_s22304,shallow,0.25,22304,conv.3,76,conv.3:out:76
shallow_b25_s22304,shallow,0.25,22304,conv.0,16,conv.0:out:16
shallow_b25_s22304,shallow,0.25,22304,conv.3,116,conv.3:out:116
shallow_b25_s22304,shallow,0.25,22304,conv.3,10,conv.3:out:10
shallow_b25_s22304,shallow,0.25,22304,conv.0,1,conv.0:out:1
shallow_b25_s22304,shallow,0.25,22304,conv.3,2,conv.3:out:2
shallow_b25_s22304,shallow,0.25,22304,conv.3,63,conv.3:out:63
shallow_b25_s22304,shallow,0.25,22304,conv.3,112,conv.3:out:112
shallow_b25_s22304,shallow,0.25,22304,conv.3,28,conv.3:out:28
shallow_b25_s22304,shallow,0.25,22304,conv.0,49,conv.0:out:49
shallow_b25_s22304,shallow,0.25,22304,conv.0,20,conv.0:out:20
shallow_b25_s22304,shallow,0.25,22304,conv.0,51,conv.0:out:51
shallow_b25_s22304,shallow,0.25,22304,conv.3,7,conv.3:out:7
shallow_b25_s22304,shallow,0.25,22304,conv.0,38,conv.0:out:38
shallow_b25_s22304,shallow,0.25,22304,conv.3,80,conv.3:out:80
shallow_b25_s22304,shallow,0.25,22304,conv.3,18,conv.3:out:18
shallow_b25_s22304,shallow,0.25,22304,conv.3,25,conv.3:out:25
shallow_b25_s22304,shallow,0.25,22304,conv.3,3,conv.3:out:3
shallow_b25_s22304,shallow,0.25,22304,conv.0,48,conv.0:out:48
shallow_b25_s22304,shallow,0.25,22304,conv.0,61,conv.0:out:61
shallow_b25_s22305,shallow,0.25,22305,conv.3,74,conv.3:out:74
shallow_b25_s22305,shallow,0.25,22305,conv.0,3,conv.0:out:3
shallow_b25_s22305,shallow,0.25,22305,conv.3,58,conv.3:out:58
shallow_b25_s22305,shallow,0.25,22305,conv.3,17,conv.3:out:17
shallow_b25_s22305,shallow,0.25,22305,conv.3,75,conv.3:out:75
shallow_b25_s22305,shallow,0.25,22305,conv.3,104,conv.3:out:104
shallow_b25_s22305,shallow,0.25,22305,conv.3,38,conv.3:out:38
shallow_b25_s22305,shallow,0.25,22305,conv.3,123,conv.3:out:123
shallow_b25_s22305,shallow,0.25,22305,conv.0,28,conv.0:out:28
shallow_b25_s22305,shallow,0.25,22305,conv.0,13,conv.0:out:13
shallow_b25_s22305,shallow,0.25,22305,conv.0,44,conv.0:out:44
shallow_b25_s22305,shallow,0.25,22305,conv.0,32,conv.0:out:32
shallow_b25_s22305,shallow,0.25,22305,conv.3,48,conv.3:out:48
shallow_b25_s22305,shallow,0.25,22305,conv.3,125,conv.3:out:125
shallow_b25_s22305,shallow,0.25,22305,conv.3,44,conv.3:out:44
shallow_b25_s22305,shallow,0.25,22305,conv.3,22,conv.3:out:22
shallow_b25_s22305,shallow,0.25,22305,conv.3,88,conv.3:out:88
shallow_b25_s22305,shallow,0.25,22305,conv.3,71,conv.3:out:71
shallow_b25_s22305,shallow,0.25,22305,conv.3,46,conv.3:out:46
shallow_b25_s22305,shallow,0.25,22305,conv.3,103,conv.3:out:103
shallow_b25_s22305,shallow,0.25,22305,conv.0,17,conv.0:out:17
shallow_b25_s22305,shallow,0.25,22305,conv.3,76,conv.3:out:76
shallow_b25_s22305,shallow,0.25,22305,conv.3,54,conv.3:out:54
shallow_b25_s22305,shallow,0.25,22305,conv.3,36,conv.3:out:36
shallow_b25_s22305,shallow,0.25,22305,conv.3,60,conv.3:out:60
shallow_b25_s22305,shallow,0.25,22305,conv.3,66,conv.3:out:66
shallow_b25_s22305,shallow,0.25,22305,conv.3,25,conv.3:out:25
shallow_b25_s22305,shallow,0.25,22305,conv.3,109,conv.3:out:109
shallow_b25_s22306,shallow,0.25,22306,conv.0,2,conv.0:out:2
shallow_b25_s22306,shallow,0.25,22306,conv.0,43,conv.0:out:43
shallow_b25_s22306,shallow,0.25,22306,conv.3,98,conv.3:out:98
shallow_b25_s22306,shallow,0.25,22306,conv.0,12,conv.0:out:12
shallow_b25_s22306,shallow,0.25,22306,conv.3,117,conv.3:out:117
shallow_b25_s22306,shallow,0.25,22306,conv.3,78,conv.3:out:78
shallow_b25_s22306,shallow,0.25,22306,conv.0,58,conv.0:out:58
shallow_b25_s22306,shallow,0.25,22306,conv.0,37,conv.0:out:37
shallow_b25_s22306,shallow,0.25,22306,conv.0,27,conv.0:out:27
shallow_b25_s22306,shallow,0.25,22306,conv.3,35,conv.3:out:35
shallow_b25_s22306,shallow,0.25,22306,conv.3,125,conv.3:out:125
shallow_b25_s22306,shallow,0.25,22306,conv.3,100,conv.3:out:100
shallow_b25_s22306,shallow,0.25,22306,conv.0,7,conv.0:out:7
shallow_b25_s22306,shallow,0.25,22306,conv.3,1,conv.3:out:1
shallow_b25_s22306,shallow,0.25,22306,conv.0,16,conv.0:out:16
shallow_b25_s22306,shallow,0.25,22306,conv.3,20,conv.3:out:20
shallow_b25_s22306,shallow,0.25,22306,conv.3,60,conv.3:out:60
shallow_b25_s22306,shallow,0.25,22306,conv.3,108,conv.3:out:108
shallow_b25_s22306,shallow,0.25,22306,conv.3,116,conv.3:out:116
shallow_b25_s22306,shallow,0.25,22306,conv.0,31,conv.0:out:31
shallow_b25_s22306,shallow,0.25,22306,conv.3,71,conv.3:out:71
shallow_b25_s22306,shallow,0.25,22306,conv.3,13,conv.3:out:13
shallow_b25_s22306,shallow,0.25,22306,conv.3,48,conv.3:out:48
shallow_b25_s22306,shallow,0.25,22306,conv.0,63,conv.0:out:63
shallow_b25_s22307,shallow,0.25,22307,conv.3,27,conv.3:out:27
shallow_b25_s22307,shallow,0.25,22307,conv.0,42,conv.0:out:42
shallow_b25_s22307,shallow,0.25,22307,conv.3,38,conv.3:out:38
shallow_b25_s22307,shallow,0.25,22307,conv.3,2,conv.3:out:2
shallow_b25_s22307,shallow,0.25,22307,conv.0,41,conv.0:out:41
shallow_b25_s22307,shallow,0.25,22307,conv.0,13,conv.0:out:13
shallow_b25_s22307,shallow,0.25,22307,conv.3,3,conv.3:out:3
shallow_b25_s22307,shallow,0.25,22307,conv.3,124,conv.3:out:124
shallow_b25_s22307,shallow,0.25,22307,conv.3,21,conv.3:out:21
shallow_b25_s22307,shallow,0.25,22307,conv.0,5,conv.0:out:5
shallow_b25_s22307,shallow,0.25,22307,conv.3,24,conv.3:out:24
shallow_b25_s22307,shallow,0.25,22307,conv.3,115,conv.3:out:115
shallow_b25_s22307,shallow,0.25,22307,conv.0,28,conv.0:out:28
shallow_b25_s22307,shallow,0.25,22307,conv.3,32,conv.3:out:32
shallow_b25_s22307,shallow,0.25,22307,conv.0,16,conv.0:out:16
shallow_b25_s22307,shallow,0.25,22307,conv.0,61,conv.0:out:61
shallow_b25_s22307,shallow,0.25,22307,conv.3,48,conv.3:out:48
shallow_b25_s22307,shallow,0.25,22307,conv.3,25,conv.3:out:25
shallow_b25_s22307,shallow,0.25,22307,conv.3,65,conv.3:out:65
shallow_b25_s22307,shallow,0.25,22307,conv.3,0,conv.3:out:0
shallow_b25_s22307,shallow,0.25,22307,conv.0,8,conv.0:out:8
shallow_b25_s22307,shallow,0.25,22307,conv.3,125,conv.3:out:125
shallow_b25_s22307,shallow,0.25,22307,conv.3,74,conv.3:out:74
shallow_b25_s22307,shallow,0.25,22307,conv.0,36,conv.0:out:36
shallow_b25_s22307,shallow,0.25,22307,conv.0,29,conv.0:out:29
shallow_b25_s22308,shallow,0.25,22308,conv.3,16,conv.3:out:16
shallow_b25_s22308,shallow,0.25,22308,conv.0,33,conv.0:out:33
shallow_b25_s22308,shallow,0.25,22308,conv.3,99,conv.3:out:99
shallow_b25_s22308,shallow,0.25,22308,conv.0,35,conv.0:out:35
shallow_b25_s22308,shallow,0.25,22308,conv.3,22,conv.3:out:22
shallow_b25_s22308,shallow,0.25,22308,conv.3,64,conv.3:out:64
shallow_b25_s22308,shallow,0.25,22308,conv.3,18,conv.3:out:18
shallow_b25_s22308,shallow,0.25,22308,conv.0,11,conv.0:out:11
shallow_b25_s22308,shallow,0.25,22308,conv.0,31,conv.0:out:31
shallow_b25_s22308,shallow,0.25,22308,conv.3,0,conv.3:out:0
shallow_b25_s22308,shallow,0.25,22308,conv.3,89,conv.3:out:89
shallow_b25_s22308,shallow,0.25,22308,conv.3,14,conv.3:out:14
shallow_b25_s22308,shallow,0.25,22308,conv.3,36,conv.3:out:36
shallow_b25_s22308,shallow,0.25,22308,conv.3,105,conv.3:out:105
shallow_b25_s22308,shallow,0.25,22308,conv.3,50,conv.3:out:50
shallow_b25_s22308,shallow,0.25,22308,conv.3,2,conv.3:out:2
shallow_b25_s22308,shallow,0.25,22308,conv.3,4,conv.3:out:4
shallow_b25_s22308,shallow,0.25,22308,conv.0,39,conv.0:out:39
shallow_b25_s22308,shallow,0.25,22308,conv.3,73,conv.3:out:73
shallow_b25_s22308,shallow,0.25,22308,conv.3,27,conv.3:out:27
shallow_b25_s22308,shallow,0.25,22308,conv.3,82,conv.3:out:82
shallow_b25_s22308,shallow,0.25,22308,conv.3,5,conv.3:out:5
shallow_b25_s22308,shallow,0.25,22308,conv.3,110,conv.3:out:110
shallow_b25_s22308,shallow,0.25,22308,conv.3,126,conv.3:out:126
shallow_b25_s22308,shallow,0.25,22308,conv.0,17,conv.0:out:17
shallow_b25_s22308,shallow,0.25,22308,conv.3,122,conv.3:out:122
shallow_b25_s22308,shallow,0.25,22308,conv.3,59,conv.3:out:59
shallow_b25_s22308,shallow,0.25,22308,conv.3,107,conv.3:out:107
shallow_b25_s22309,shallow,0.25,22309,conv.3,36,conv.3:out:36
shallow_b25_s22309,shallow,0.25,22309,conv.3,14,conv.3:out:14
shallow_b25_s22309,shallow,0.25,22309,conv.3,119,conv.3:out:119
shallow_b25_s22309,shallow,0.25,22309,conv.3,29,conv.3:out:29
shallow_b25_s22309,shallow,0.25,22309,conv.3,70,conv.3:out:70
shallow_b25_s22309,shallow,0.25,22309,conv.0,6,conv.0:out:6
shallow_b25_s22309,shallow,0.25,22309,conv.3,98,conv.3:out:98
shallow_b25_s22309,shallow,0.25,22309,conv.0,60,conv.0:out:60
shallow_b25_s22309,shallow,0.25,22309,conv.3,68,conv.3:out:68
shallow_b25_s22309,shallow,0.25,22309,conv.0,57,conv.0:out:57
shallow_b25_s22309,shallow,0.25,22309,conv.3,23,conv.3:out:23
shallow_b25_s22309,shallow,0.25,22309,conv.3,59,conv.3:out:59
shallow_b25_s22309,shallow,0.25,22309,conv.3,91,conv.3:out:91
shallow_b25_s22309,shallow,0.25,22309,conv.0,16,conv.0:out:16
shallow_b25_s22309,shallow,0.25,22309,conv.0,20,conv.0:out:20
shallow_b25_s22309,shallow,0.25,22309,conv.3,104,conv.3:out:104
shallow_b25_s22309,shallow,0.25,22309,conv.3,38,conv.3:out:38
shallow_b25_s22309,shallow,0.25,22309,conv.0,59,conv.0:out:59
shallow_b25_s22309,shallow,0.25,22309,conv.3,63,conv.3:out:63
shallow_b25_s22309,shallow,0.25,22309,conv.0,4,conv.0:out:4
shallow_b25_s22309,shallow,0.25,22309,conv.0,29,conv.0:out:29
shallow_b25_s22309,shallow,0.25,22309,conv.3,56,conv.3:out:56
shallow_b25_s22309,shallow,0.25,22309,conv.3,97,conv.3:out:97
shallow_b25_s22309,shallow,0.25,22309,conv.3,53,conv.3:out:53
shallow_b25_s22309,shallow,0.25,22309,conv.3,16,conv.3:out:16
shallow_b25_s22309,shallow,0.25,22309,conv.3,10,conv.3:out:10
shallow_b25_s22310,shallow,0.25,22310,conv.3,24,conv.3:out:24
shallow_b25_s22310,shallow,0.25,22310,conv.3,59,conv.3:out:59
shallow_b25_s22310,shallow,0.25,22310,conv.3,52,conv.3:out:52
shallow_b25_s22310,shallow,0.25,22310,conv.3,57,conv.3:out:57
shallow_b25_s22310,shallow,0.25,22310,conv.3,41,conv.3:out:41
shallow_b25_s22310,shallow,0.25,22310,conv.3,56,conv.3:out:56
shallow_b25_s22310,shallow,0.25,22310,conv.3,119,conv.3:out:119
shallow_b25_s22310,shallow,0.25,22310,conv.0,57,conv.0:out:57
shallow_b25_s22310,shallow,0.25,22310,conv.3,92,conv.3:out:92
shallow_b25_s22310,shallow,0.25,22310,conv.3,12,conv.3:out:12
shallow_b25_s22310,shallow,0.25,22310,conv.3,50,conv.3:out:50
shallow_b25_s22310,shallow,0.25,22310,conv.3,62,conv.3:out:62
shallow_b25_s22310,shallow,0.25,22310,conv.0,1,conv.0:out:1
shallow_b25_s22310,shallow,0.25,22310,conv.3,58,conv.3:out:58
shallow_b25_s22310,shallow,0.25,22310,conv.0,47,conv.0:out:47
shallow_b25_s22310,shallow,0.25,22310,conv.3,63,conv.3:out:63
shallow_b25_s22310,shallow,0.25,22310,conv.3,71,conv.3:out:71
shallow_b25_s22310,shallow,0.25,22310,conv.3,31,conv.3:out:31
shallow_b25_s22310,shallow,0.25,22310,conv.0,51,conv.0:out:51
shallow_b25_s22310,shallow,0.25,22310,conv.3,86,conv.3:out:86
shallow_b25_s22310,shallow,0.25,22310,conv.0,32,conv.0:out:32
shallow_b25_s22310,shallow,0.25,22310,conv.3,91,conv.3:out:91
shallow_b25_s22310,shallow,0.25,22310,conv.0,23,conv.0:out:23
shallow_b25_s22310,shallow,0.25,22310,conv.3,0,conv.3:out:0
shallow_b25_s22310,shallow,0.25,22310,conv.3,73,conv.3:out:73
shallow_b25_s22310,shallow,0.25,22310,conv.3,109,conv.3:out:109
shallow_b25_s22310,shallow,0.25,22310,conv.3,116,conv.3:out:116
shallow_b25_s22310,shallow,0.25,22310,conv.0,40,conv.0:out:40
shallow_b25_s22311,shallow,0.25,22311,conv.3,73,conv.3:out:73
shallow_b25_s22311,shallow,0.25,22311,conv.3,49,conv.3:out:49
shallow_b25_s22311,shallow,0.25,22311,conv.0,34,conv.0:out:34
shallow_b25_s22311,shallow,0.25,22311,conv.3,2,conv.3:out:2
shallow_b25_s22311,shallow,0.25,22311,conv.3,70,conv.3:out:70
shallow_b25_s22311,shallow,0.25,22311,conv.3,1,conv.3:out:1
shallow_b25_s22311,shallow,0.25,22311,conv.3,76,conv.3:out:76
shallow_b25_s22311,shallow,0.25,22311,conv.0,3,conv.0:out:3
shallow_b25_s22311,shallow,0.25,22311,conv.0,39,conv.0:out:39
shallow_b25_s22311,shallow,0.25,22311,conv.3,23,conv.3:out:23
shallow_b25_s22311,shallow,0.25,22311,conv.0,62,conv.0:out:62
shallow_b25_s22311,shallow,0.25,22311,conv.3,114,conv.3:out:114
shallow_b25_s22311,shallow,0.25,22311,conv.3,113,conv.3:out:113
shallow_b25_s22311,shallow,0.25,22311,conv.3,35,conv.3:out:35
shallow_b25_s22311,shallow,0.25,22311,conv.3,100,conv.3:out:100
shallow_b25_s22311,shallow,0.25,22311,conv.3,55,conv.3:out:55
shallow_b25_s22311,shallow,0.25,22311,conv.3,31,conv.3:out:31
shallow_b25_s22311,shallow,0.25,22311,conv.0,59,conv.0:out:59
shallow_b25_s22311,shallow,0.25,22311,conv.3,30,conv.3:out:30
shallow_b25_s22311,shallow,0.25,22311,conv.0,27,conv.0:out:27
shallow_b25_s22311,shallow,0.25,22311,conv.0,43,conv.0:out:43
shallow_b25_s22311,shallow,0.25,22311,conv.3,9,conv.3:out:9
shallow_b25_s22311,shallow,0.25,22311,conv.3,63,conv.3:out:63
shallow_b25_s22311,shallow,0.25,22311,conv.0,23,conv.0:out:23
shallow_b25_s22311,shallow,0.25,22311,conv.0,11,conv.0:out:11
shallow_b25_s22312,shallow,0.25,22312,conv.3,19,conv.3:out:19
shallow_b25_s22312,shallow,0.25,22312,conv.3,70,conv.3:out:70
shallow_b25_s22312,shallow,0.25,22312,conv.3,127,conv.3:out:127
shallow_b25_s22312,shallow,0.25,22312,conv.0,63,conv.0:out:63
shallow_b25_s22312,shallow,0.25,22312,conv.0,17,conv.0:out:17
shallow_b25_s22312,shallow,0.25,22312,conv.3,4,conv.3:out:4
shallow_b25_s22312,shallow,0.25,22312,conv.0,43,conv.0:out:43
shallow_b25_s22312,shallow,0.25,22312,conv.3,75,conv.3:out:75
shallow_b25_s22312,shallow,0.25,22312,conv.0,2,conv.0:out:2
shallow_b25_s22312,shallow,0.25,22312,conv.0,42,conv.0:out:42
shallow_b25_s22312,shallow,0.25,22312,conv.3,106,conv.3:out:106
shallow_b25_s22312,shallow,0.25,22312,conv.3,48,conv.3:out:48
shallow_b25_s22312,shallow,0.25,22312,conv.3,59,conv.3:out:59
shallow_b25_s22312,shallow,0.25,22312,conv.3,28,conv.3:out:28
shallow_b25_s22312,shallow,0.25,22312,conv.3,113,conv.3:out:113
shallow_b25_s22312,shallow,0.25,22312,conv.3,105,conv.3:out:105
shallow_b25_s22312,shallow,0.25,22312,conv.3,60,conv.3:out:60
shallow_b25_s22312,shallow,0.25,22312,conv.3,2,conv.3:out:2
shallow_b25_s22312,shallow,0.25,22312,conv.3,111,conv.3:out:111
shallow_b25_s22312,shallow,0.25,22312,conv.0,20,conv.0:out:20
shallow_b25_s22312,shallow,0.25,22312,conv.3,66,conv.3:out:66
shallow_b25_s22312,shallow,0.25,22312,conv.3,38,conv.3:out:38
shallow_b25_s22312,shallow,0.25,22312,conv.3,102,conv.3:out:102
shallow_b25_s22312,shallow,0.25,22312,conv.3,33,conv.3:out:33
shallow_b25_s22312,shallow,0.25,22312,conv.3,53,conv.3:out:53
shallow_b25_s22312,shallow,0.25,22312,conv.0,28,conv.0:out:28
shallow_b25_s22312,shallow,0.25,22312,conv.3,108,conv.3:out:108
shallow_b25_s22313,shallow,0.25,22313,conv.0,56,conv.0:out:56
shallow_b25_s22313,shallow,0.25,22313,conv.3,12,conv.3:out:12
shallow_b25_s22313,shallow,0.25,22313,conv.0,31,conv.0:out:31
shallow_b25_s22313,shallow,0.25,22313,conv.3,94,conv.3:out:94
shallow_b25_s22313,shallow,0.25,22313,conv.0,61,conv.0:out:61
shallow_b25_s22313,shallow,0.25,22313,conv.3,74,conv.3:out:74
shallow_b25_s22313,shallow,0.25,22313,conv.3,26,conv.3:out:26
shallow_b25_s22313,shallow,0.25,22313,conv.0,28,conv.0:out:28
shallow_b25_s22313,shallow,0.25,22313,conv.0,50,conv.0:out:50
shallow_b25_s22313,shallow,0.25,22313,conv.3,126,conv.3:out:126
shallow_b25_s22313,shallow,0.25,22313,conv.3,62,conv.3:out:62
shallow_b25_s22313,shallow,0.25,22313,conv.0,43,conv.0:out:43
shallow_b25_s22313,shallow,0.25,22313,conv.3,23,conv.3:out:23
shallow_b25_s22313,shallow,0.25,22313,conv.3,98,conv.3:out:98
shallow_b25_s22313,shallow,0.25,22313,conv.0,24,conv.0:out:24
shallow_b25_s22313,shallow,0.25,22313,conv.3,46,conv.3:out:46
shallow_b25_s22313,shallow,0.25,22313,conv.3,3,conv.3:out:3
shallow_b25_s22313,shallow,0.25,22313,conv.0,23,conv.0:out:23
shallow_b25_s22313,shallow,0.25,22313,conv.0,18,conv.0:out:18
shallow_b25_s22313,shallow,0.25,22313,conv.3,11,conv.3:out:11
shallow_b25_s22313,shallow,0.25,22313,conv.0,10,conv.0:out:10
shallow_b25_s22313,shallow,0.25,22313,conv.0,27,conv.0:out:27
shallow_b25_s22313,shallow,0.25,22313,conv.3,99,conv.3:out:99
shallow_b25_s22314,shallow,0.25,22314,conv.3,82,conv.3:out:82
shallow_b25_s22314,shallow,0.25,22314,conv.0,13,conv.0:out:13
shallow_b25_s22314,shallow,0.25,22314,conv.0,48,conv.0:out:48
shallow_b25_s22314,shallow,0.25,22314,conv.3,81,conv.3:out:81
shallow_b25_s22314,shallow,0.25,22314,conv.3,112,conv.3:out:112
shallow_b25_s22314,shallow,0.25,22314,conv.3,9,conv.3:out:9
shallow_b25_s22314,shallow,0.25,22314,conv.3,121,conv.3:out:121
shallow_b25_s22314,shallow,0.25,22314,conv.3,103,conv.3:out:103
shallow_b25_s22314,shallow,0.25,22314,conv.3,28,conv.3:out:28
shallow_b25_s22314,shallow,0.25,22314,conv.3,26,conv.3:out:26
shallow_b25_s22314,shallow,0.25,22314,conv.3,124,conv.3:out:124
shallow_b25_s22314,shallow,0.25,22314,conv.3,31,conv.3:out:31
shallow_b25_s22314,shallow,0.25,22314,conv.3,75,conv.3:out:75
shallow_b25_s22314,shallow,0.25,22314,conv.3,109,conv.3:out:109
shallow_b25_s22314,shallow,0.25,22314,conv.0,42,conv.0:out:42
shallow_b25_s22314,shallow,0.25,22314,conv.0,19,conv.0:out:19
shallow_b25_s22314,shallow,0.25,22314,conv.3,5,conv.3:out:5
shallow_b25_s22314,shallow,0.25,22314,conv.3,45,conv.3:out:45
shallow_b25_s22314,shallow,0.25,22314,conv.0,4,conv.0:out:4
shallow_b25_s22314,shallow,0.25,22314,conv.3,70,conv.3:out:70
shallow_b25_s22314,shallow,0.25,22314,conv.3,46,conv.3:out:46
shallow_b25_s22314,shallow,0.25,22314,conv.0,24,conv.0:out:24
shallow_b25_s22314,shallow,0.25,22314,conv.3,44,conv.3:out:44
shallow_b25_s22314,shallow,0.25,22314,conv.3,22,conv.3:out:22
shallow_b25_s22314,shallow,0.25,22314,conv.3,12,conv.3:out:12
shallow_b25_s22314,shallow,0.25,22314,conv.0,60,conv.0:out:60
shallow_b25_s22314,shallow,0.25,22314,conv.3,13,conv.3:out:13
shallow_b25_s22315,shallow,0.25,22315,conv.3,99,conv.3:out:99
shallow_b25_s22315,shallow,0.25,22315,conv.3,119,conv.3:out:119
shallow_b25_s22315,shallow,0.25,22315,conv.3,77,conv.3:out:77
shallow_b25_s22315,shallow,0.25,22315,conv.0,9,conv.0:out:9
shallow_b25_s22315,shallow,0.25,22315,conv.0,60,conv.0:out:60
shallow_b25_s22315,shallow,0.25,22315,conv.0,48,conv.0:out:48
shallow_b25_s22315,shallow,0.25,22315,conv.3,33,conv.3:out:33
shallow_b25_s22315,shallow,0.25,22315,conv.3,79,conv.3:out:79
shallow_b25_s22315,shallow,0.25,22315,conv.3,17,conv.3:out:17
shallow_b25_s22315,shallow,0.25,22315,conv.3,16,conv.3:out:16
shallow_b25_s22315,shallow,0.25,22315,conv.3,76,conv.3:out:76
shallow_b25_s22315,shallow,0.25,22315,conv.3,83,conv.3:out:83
shallow_b25_s22315,shallow,0.25,22315,conv.3,113,conv.3:out:113
shallow_b25_s22315,shallow,0.25,22315,conv.3,71,conv.3:out:71
shallow_b25_s22315,shallow,0.25,22315,conv.0,24,conv.0:out:24
shallow_b25_s22315,shallow,0.25,22315,conv.0,47,conv.0:out:47
shallow_b25_s22315,shallow,0.25,22315,conv.3,69,conv.3:out:69
shallow_b25_s22315,shallow,0.25,22315,conv.3,84,conv.3:out:84
shallow_b25_s22315,shallow,0.25,22315,conv.3,64,conv.3:out:64
shallow_b25_s22315,shallow,0.25,22315,conv.3,72,conv.3:out:72
shallow_b25_s22315,shallow,0.25,22315,conv.3,23,conv.3:out:23
shallow_b25_s22315,shallow,0.25,22315,conv.0,49,conv.0:out:49
shallow_b25_s22315,shallow,0.25,22315,conv.3,94,conv.3:out:94
shallow_b25_s22315,shallow,0.25,22315,conv.3,6,conv.3:out:6
shallow_b25_s22315,shallow,0.25,22315,conv.0,7,conv.0:out:7
shallow_b25_s22315,shallow,0.25,22315,conv.3,107,conv.3:out:107
shallow_b25_s22315,shallow,0.25,22315,conv.3,39,conv.3:out:39
shallow_b40_s22426,shallow,0.4,22426,conv.0,48,conv.0:out:48
shallow_b40_s22426,shallow,0.4,22426,conv.3,3,conv.3:out:3
shallow_b40_s22426,shallow,0.4,22426,conv.3,124,conv.3:out:124
shallow_b40_s22426,shallow,0.4,22426,conv.3,10,conv.3:out:10
shallow_b40_s22426,shallow,0.4,22426,conv.3,109,conv.3:out:109
shallow_b40_s22426,shallow,0.4,22426,conv.0,13,conv.0:out:13
shallow_b40_s22426,shallow,0.4,22426,conv.0,57,conv.0:out:57
shallow_b40_s22426,shallow,0.4,22426,conv.0,24,conv.0:out:24
shallow_b40_s22426,shallow,0.4,22426,conv.3,14,conv.3:out:14
shallow_b40_s22426,shallow,0.4,22426,conv.3,22,conv.3:out:22
shallow_b40_s22426,shallow,0.4,22426,conv.0,51,conv.0:out:51
shallow_b40_s22426,shallow,0.4,22426,conv.3,1,conv.3:out:1
shallow_b40_s22426,shallow,0.4,22426,conv.0,56,conv.0:out:56
shallow_b40_s22426,shallow,0.4,22426,conv.3,123,conv.3:out:123
shallow_b40_s22426,shallow,0.4,22426,conv.0,12,conv.0:out:12
shallow_b40_s22426,shallow,0.4,22426,conv.3,92,conv.3:out:92
shallow_b40_s22426,shallow,0.4,22426,conv.3,108,conv.3:out:108
shallow_b40_s22426,shallow,0.4,22426,conv.3,16,conv.3:out:16
shallow_b40_s22426,shallow,0.4,22426,conv.0,44,conv.0:out:44
shallow_b40_s22426,shallow,0.4,22426,conv.3,55,conv.3:out:55
shallow_b40_s22426,shallow,0.4,22426,conv.0,3,conv.0:out:3
shallow_b40_s22426,shallow,0.4,22426,conv.0,6,conv.0:out:6
shallow_b40_s22426,shallow,0.4,22426,conv.3,12,conv.3:out:12
shallow_b40_s22426,shallow,0.4,22426,conv.3,64,conv.3:out:64
shallow_b40_s22426,shallow,0.4,22426,conv.3,23,conv.3:out:23
shallow_b40_s22426,shallow,0.4,22426,conv.3,91,conv.3:out:91
shallow_b40_s22426,shallow,0.4,22426,conv.3,49,conv.3:out:49
shallow_b40_s22426,shallow,0.4,22426,conv.0,32,conv.0:out:32
shallow_b40_s22426,shallow,0.4,22426,conv.0,23,conv.0:out:23
shallow_b40_s22426,shallow,0.4,22426,conv.3,125,conv.3:out:125
shallow_b40_s22426,shallow,0.4,22426,conv.3,72,conv.3:out:72
shallow_b40_s22426,shallow,0.4,22426,conv.3,60,conv.3:out:60
shallow_b40_s22426,shallow,0.4,22426,conv.3,120,conv.3:out:120
shallow_b40_s22426,shallow,0.4,22426,conv.3,31,conv.3:out:31
shallow_b40_s22426,shallow,0.4,22426,conv.0,15,conv.0:out:15
shallow_b40_s22426,shallow,0.4,22426,conv.3,9,conv.3:out:9
shallow_b40_s22426,shallow,0.4,22426,conv.0,53,conv.0:out:53
shallow_b40_s22426,shallow,0.4,22426,conv.3,73,conv.3:out:73
shallow_b40_s22426,shallow,0.4,22426,conv.0,62,conv.0:out:62
shallow_b40_s22426,shallow,0.4,22426,conv.3,87,conv.3:out:87
shallow_b40_s22426,shallow,0.4,22426,conv.0,39,conv.0:out:39
shallow_b40_s22427,shallow,0.4,22427,conv.3,15,conv.3:out:15
shallow_b40_s22427,shallow,0.4,22427,conv.3,110,conv.3:out:110
shallow_b40_s22427,shallow,0.4,22427,conv.3,124,conv.3:out:124
shallow_b40_s22427,shallow,0.4,22427,conv.3,105,conv.3:out:105
shallow_b40_s22427,shallow,0.4,22427,conv.3,84,conv.3:out:84
shallow_b40_s22427,shallow,0.4,22427,conv.0,9,conv.0:out:9
shallow_b40_s22427,shallow,0.4,22427,conv.3,5,conv.3:out:5
shallow_b40_s22427,shallow,0.4,22427,conv.0,33,conv.0:out:33
shallow_b40_s22427,shallow,0.4,22427,conv.3,18,conv.3:out:18
shallow_b40_s22427,shallow,0.4,22427,conv.3,10,conv.3:out:10
shallow_b40_s22427,shallow,0.4,22427,conv.3,82,conv.3:out:82
shallow_b40_s22427,shallow,0.4,22427,conv.3,57,conv.3:out:57
shallow_b40_s22427,shallow,0.4,22427,conv.3,32,conv.3:out:32
shallow_b40_s22427,shallow,0.4,22427,conv.3,91,conv.3:out:91
shallow_b40_s22427,shallow,0.4,22427,conv.0,54,conv.0:out:54
shallow_b40_s22427,shallow,0.4,22427,conv.3,42,conv.3:out:42
shallow_b40_s22427,shallow,0.4,22427,conv.3,49,conv.3:out:49
shallow_b40_s22427,shallow,0.4,22427,conv.3,95,conv.3:out:95
shallow_b40_s22427,shallow,0.4,22427,conv.3,3,conv.3:out:3
shallow_b40_s22427,shallow,0.4,22427,conv.3,11,conv.3:out:11
shallow_b40_s22427,shallow,0.4,22427,conv.3,23,conv.3:out:23
shallow_b40_s22427,shallow,0.4,22427,conv.0,36,conv.0:out:36
shallow_b40_s22427,shallow,0.4,22427,conv.3,100,conv.3:out:100
shallow_b40_s22427,shallow,0.4,22427,conv.3,64,conv.3:out:64
shallow_b40_s22427,shallow,0.4,22427,conv.3,20,conv.3:out:20
shallow_b40_s22427,shallow,0.4,22427,conv.3,27,conv.3:out:27
shallow_b40_s22427,shallow,0.4,22427,conv.0,37,conv.0:out:37
shallow_b40_s22427,shallow,0.4,22427,conv.3,80,conv.3:out:80
shallow_b40_s22427,shallow,0.4,22427,conv.3,41,conv.3:out:41
shallow_b40_s22427,shallow,0.4,22427,conv.3,44,conv.3:out:44
shallow_b40_s22427,shallow,0.4,22427,conv.3,56,conv.3:out:56
shallow_b40_s22427,shallow,0.4,22427,conv.3,73,conv.3:out:73
shallow_b40_s22427,shallow,0.4,22427,conv.3,113,conv.3:out:113
shallow_b40_s22427,shallow,0.4,22427,conv.3,93,conv.3:out:93
shallow_b40_s22427,shallow,0.4,22427,conv.0,32,conv.0:out:32
shallow_b40_s22427,shallow,0.4,22427,conv.3,37,conv.3:out:37
shallow_b40_s22427,shallow,0.4,22427,conv.3,107,conv.3:out:107
shallow_b40_s22427,shallow,0.4,22427,conv.0,3,conv.0:out:3
shallow_b40_s22427,shallow,0.4,22427,conv.0,23,conv.0:out:23
shallow_b40_s22427,shallow,0.4,22427,conv.3,72,conv.3:out:72
shallow_b40_s22427,shallow,0.4,22427,conv.3,30,conv.3:out:30
shallow_b40_s22427,shallow,0.4,22427,conv.3,2,conv.3:out:2
shallow_b40_s22427,shallow,0.4,22427,conv.3,59,conv.3:out:59
shallow_b40_s22427,shallow,0.4,22427,conv.0,44,conv.0:out:44
shallow_b40_s22427,shallow,0.4,22427,conv.3,88,conv.3:out:88
shallow_b40_s22427,shallow,0.4,22427,conv.3,38,conv.3:out:38
shallow_b40_s22427,shallow,0.4,22427,conv.0,38,conv.0:out:38
shallow_b40_s22428,shallow,0.4,22428,conv.3,14,conv.3:out:14
shallow_b40_s22428,shallow,0.4,22428,conv.3,80,conv.3:out:80
shallow_b40_s22428,shallow,0.4,22428,conv.0,44,conv.0:out:44
shallow_b40_s22428,shallow,0.4,22428,conv.0,48,conv.0:out:48
shallow_b40_s22428,shallow,0.4,22428,conv.3,123,conv.3:out:123
shallow_b40_s22428,shallow,0.4,22428,conv.0,63,conv.0:out:63
shallow_b40_s22428,shallow,0.4,22428,conv.3,90,conv.3:out:90
shallow_b40_s22428,shallow,0.4,22428,conv.0,26,conv.0:out:26
shallow_b40_s22428,shallow,0.4,22428,conv.3,84,conv.3:out:84
shallow_b40_s22428,shallow,0.4,22428,conv.0,15,conv.0:out:15
shallow_b40_s22428,shallow,0.4,22428,conv.3,72,conv.3:out:72
shallow_b40_s22428,shallow,0.4,22428,conv.3,79,conv.3:out:79
shallow_b40_s22428,shallow,0.4,22428,conv.0,17,conv.0:out:17
shallow_b40_s22428,shallow,0.4,22428,conv.3,65,conv.3:out:65
shallow_b40_s22428,shallow,0.4,22428,conv.0,39,conv.0:out:39
shallow_b40_s22428,shallow,0.4,22428,conv.3,116,conv.3:out:116
shallow_b40_s22428,shallow,0.4,22428,conv.3,83,conv.3:out:83
shallow_b40_s22428,shallow,0.4,22428,conv.3,127,conv.3:out:127
shallow_b40_s22428,shallow,0.4,22428,conv.3,59,conv.3:out:59
shallow_b40_s22428,shallow,0.4,22428,conv.3,67,conv.3:out:67
shallow_b40_s22428,shallow,0.4,22428,conv.3,68,conv.3:out:68
shallow_b40_s22428,shallow,0.4,22428,conv.0,16,conv.0:out:16
shallow_b40_s22428,shallow,0.4,22428,conv.3,11,conv.3:out:11
shallow_b40_s22428,shallow,0.4,22428,conv.0,54,conv.0:out:54
shallow_b40_s22428,shallow,0.4,22428,conv.0,43,conv.0:out:43
shallow_b40_s22428,shallow,0.4,22428,conv.3,75,conv.3:out:75
shallow_b40_s22428,shallow,0.4,22428,conv.3,95,conv.3:out:95
shallow_b40_s22428,shallow,0.4,22428,conv.0,49,conv.0:out:49
shallow_b40_s22428,shallow,0.4,22428,conv.0,36,conv.0:out:36
shallow_b40_s22428,shallow,0.4,22428,conv.0,35,conv.0:out:35
shallow_b40_s22428,shallow,0.4,22428,conv.3,36,conv.3:out:36
shallow_b40_s22428,shallow,0.4,22428,conv.3,5,conv.3:out:5
shallow_b40_s22428,shallow,0.4,22428,conv.0,7,conv.0:out:7
shallow_b40_s22428,shallow,0.4,22428,conv.3,3,conv.3:out:3
shallow_b40_s22428,shallow,0.4,22428,conv.0,29,conv.0:out:29
shallow_b40_s22428,shallow,0.4,22428,conv.3,74,conv.3:out:74
shallow_b40_s22428,shallow,0.4,22428,conv.0,28,conv.0:out:28
shallow_b40_s22428,shallow,0.4,22428,conv.3,87,conv.3:out:87
shallow_b40_s22428,shallow,0.4,22428,conv.0,19,conv.0:out:19
shallow_b40_s22428,shallow,0.4,22428,conv.0,3,conv.0:out:3
shallow_b40_s22429,shallow,0.4,22429,conv.0,46,conv.0:out:46
shallow_b40_s22429,shallow,0.4,22429,conv.3,96,conv.3:out:96
shallow_b40_s22429,shallow,0.4,22429,conv.0,27,conv.0:out:27
shallow_b40_s22429,shallow,0.4,22429,conv.3,19,conv.3:out:19
shallow_b40_s22429,shallow,0.4,22429,conv.0,7,conv.0:out:7
shallow_b40_s22429,shallow,0.4,22429,conv.3,21,conv.3:out:21
shallow_b40_s22429,shallow,0.4,22429,conv.0,4,conv.0:out:4
shallow_b40_s22429,shallow,0.4,22429,conv.3,28,conv.3:out:28
shallow_b40_s22429,shallow,0.4,22429,conv.3,124,conv.3:out:124
shallow_b40_s22429,shallow,0.4,22429,conv.3,118,conv.3:out:118
shallow_b40_s22429,shallow,0.4,22429,conv.3,117,conv.3:out:117
shallow_b40_s22429,shallow,0.4,22429,conv.3,45,conv.3:out:45
shallow_b40_s22429,shallow,0.4,22429,conv.0,26,conv.0:out:26
shallow_b40_s22429,shallow,0.4,22429,conv.3,20,conv.3:out:20
shallow_b40_s22429,shallow,0.4,22429,conv.3,17,conv.3:out:17
shallow_b40_s22429,shallow,0.4,22429,conv.3,81,conv.3:out:81
shallow_b40_s22429,shallow,0.4,22429,conv.0,14,conv.0:out:14
shallow_b40_s22429,shallow,0.4,22429,conv.3,98,conv.3:out:98
shallow_b40_s22429,shallow,0.4,22429,conv.3,4,conv.3:out:4
shallow_b40_s22429,shallow,0.4,22429,conv.3,12,conv.3:out:12
shallow_b40_s22429,shallow,0.4,22429,conv.0,55,conv.0:out:55
shallow_b40_s22429,shallow,0.4,22429,conv.0,0,conv.0:out:0
shallow_b40_s22429,shallow,0.4,22429,conv.0,23,conv.0:out:23
shallow_b40_s22429,shallow,0.4,22429,conv.3,46,conv.3:out:46
shallow_b40_s22429,shallow,0.4,22429,conv.3,72,conv.3:out:72
shallow_b40_s22429,shallow,0.4,22429,conv.0,2,conv.0:out:2
shallow_b40_s22429,shallow,0.4,22429,conv.3,82,conv.3:out:82
shallow_b40_s22429,shallow,0.4,22429,conv.3,84,conv.3:out:84
shallow_b40_s22429,shallow,0.4,22429,conv.3,77,conv.3:out:77
shallow_b40_s22429,shallow,0.4,22429,conv.3,85,conv.3:out:85
shallow_b40_s22429,shallow,0.4,22429,conv.3,102,conv.3:out:102
shallow_b40_s22429,shallow,0.4,22429,conv.0,32,conv.0:out:32
shallow_b40_s22429,shallow,0.4,22429,conv.3,50,conv.3:out:50
shallow_b40_s22429,shallow,0.4,22429,conv.0,21,conv.0:out:21
shallow_b40_s22429,shallow,0.4,22429,conv.0,31,conv.0:out:31
shallow_b40_s22429,shallow,0.4,22429,conv.3,67,conv.3:out:67
shallow_b40_s22429,shallow,0.4,22429,conv.0,30,conv.0:out:30
shallow_b40_s22429,shallow,0.4,22429,conv.3,63,conv.3:out:63
shallow_b40_s22429,shallow,0.4,22429,conv.3,93,conv.3:out:93
shallow_b40_s22429,shallow,0.4,22429,conv.3,58,conv.3:out:58
shallow_b40_s22429,shallow,0.4,22429,conv.0,53,conv.0:out:53
shallow_b40_s22429,shallow,0.4,22429,conv.3,39,conv.3:out:39
shallow_b40_s22429,shallow,0.4,22429,conv.3,126,conv.3:out:126
shallow_b40_s22430,shallow,0.4,22430,conv.0,8,conv.0:out:8
shallow_b40_s22430,shallow,0.4,22430,conv.0,45,conv.0:out:45
shallow_b40_s22430,shallow,0.4,22430,conv.3,20,conv.3:out:20
shallow_b40_s22430,shallow,0.4,22430,conv.0,25,conv.0:out:25
shallow_b40_s22430,shallow,0.4,22430,conv.0,47,conv.0:out:47
shallow_b40_s22430,shallow,0.4,22430,conv.3,64,conv.3:out:64
shallow_b40_s22430,shallow,0.4,22430,conv.3,85,conv.3:out:85
shallow_b40_s22430,shallow,0.4,22430,conv.0,56,conv.0:out:56
shallow_b40_s22430,shallow,0.4,22430,conv.0,19,conv.0:out:19
shallow_b40_s22430,shallow,0.4,22430,conv.3,75,conv.3:out:75
shallow_b40_s22430,shallow,0.4,22430,conv.0,55,conv.0:out:55
shallow_b40_s22430,shallow,0.4,22430,conv.3,13,conv.3:out:13
shallow_b40_s22430,shallow,0.4,22430,conv.3,25,conv.3:out:25
shallow_b40_s22430,shallow,0.4,22430,conv.3,29,conv.3:out:29
shallow_b40_s22430,shallow,0.4,22430,conv.3,65,conv.3:out:65
shallow_b40_s22430,shallow,0.4,22430,conv.3,2,conv.3:out:2
shallow_b40_s22430,shallow,0.4,22430,conv.3,97,conv.3:out:97
shallow_b40_s22430,shallow,0.4,22430,conv.3,94,conv.3:out:94
shallow_b40_s22430,shallow,0.4,22430,conv.3,10,conv.3:out:10
shallow_b40_s22430,shallow,0.4,22430,conv.0,40,conv.0:out:40
shallow_b40_s22430,shallow,0.4,22430,conv.0,4,conv.0:out:4
shallow_b40_s22430,shallow,0.4,22430,conv.3,1,conv.3:out:1
shallow_b40_s22430,shallow,0.4,22430,conv.0,15,conv.0:out:15
shallow_b40_s22430,shallow,0.4,22430,conv.0,51,conv.0:out:51
shallow_b40_s22430,shallow,0.4,22430,conv.3,62,conv.3:out:62
shallow_b40_s22430,shallow,0.4,22430,conv.0,58,conv.0:out:58
shallow_b40_s22430,shallow,0.4,22430,conv.0,43,conv.0:out:43
shallow_b40_s22430,shallow,0.4,22430,conv.0,32,conv.0:out:32
shallow_b40_s22430,shallow,0.4,22430,conv.0,0,conv.0:out:0
shallow_b40_s22430,shallow,0.4,22430,conv.0,16,conv.0:out:16
shallow_b40_s22430,shallow,0.4,22430,conv.3,113,conv.3:out:113
shallow_b40_s22430,shallow,0.4,22430,conv.3,107,conv.3:out:107
shallow_b40_s22430,shallow,0.4,22430,conv.3,0,conv.3:out:0
shallow_b40_s22430,shallow,0.4,22430,conv.3,5,conv.3:out:5
shallow_b40_s22430,shallow,0.4,22430,conv.3,21,conv.3:out:21
shallow_b40_s22430,shallow,0.4,22430,conv.3,120,conv.3:out:120
shallow_b40_s22430,shallow,0.4,22430,conv.0,36,conv.0:out:36
shallow_b40_s22430,shallow,0.4,22430,conv.0,61,conv.0:out:61
shallow_b40_s22430,shallow,0.4,22430,conv.3,32,conv.3:out:32
shallow_b40_s22431,shallow,0.4,22431,conv.3,98,conv.3:out:98
shallow_b40_s22431,shallow,0.4,22431,conv.3,93,conv.3:out:93
shallow_b40_s22431,shallow,0.4,22431,conv.0,51,conv.0:out:51
shallow_b40_s22431,shallow,0.4,22431,conv.3,114,conv.3:out:114
shallow_b40_s22431,shallow,0.4,22431,conv.3,119,conv.3:out:119
shallow_b40_s22431,shallow,0.4,22431,conv.3,121,conv.3:out:121
shallow_b40_s22431,shallow,0.4,22431,conv.3,45,conv.3:out:45
shallow_b40_s22431,shallow,0.4,22431,conv.3,47,conv.3:out:47
shallow_b40_s22431,shallow,0.4,22431,conv.3,94,conv.3:out:94
shallow_b40_s22431,shallow,0.4,22431,conv.3,51,conv.3:out:51
shallow_b40_s22431,shallow,0.4,22431,conv.3,64,conv.3:out:64
shallow_b40_s22431,shallow,0.4,22431,conv.0,1,conv.0:out:1
shallow_b40_s22431,shallow,0.4,22431,conv.3,85,conv.3:out:85
shallow_b40_s22431,shallow,0.4,22431,conv.0,45,conv.0:out:45
shallow_b40_s22431,shallow,0.4,22431,conv.3,111,conv.3:out:111
shallow_b40_s22431,shallow,0.4,22431,conv.3,102,conv.3:out:102
shallow_b40_s22431,shallow,0.4,22431,conv.3,31,conv.3:out:31
shallow_b40_s22431,shallow,0.4,22431,conv.3,118,conv.3:out:118
shallow_b40_s22431,shallow,0.4,22431,conv.0,18,conv.0:out:18
shallow_b40_s22431,shallow,0.4,22431,conv.3,59,conv.3:out:59
shallow_b40_s22431,shallow,0.4,22431,conv.0,20,conv.0:out:20
shallow_b40_s22431,shallow,0.4,22431,conv.0,49,conv.0:out:49
shallow_b40_s22431,shallow,0.4,22431,conv.3,91,conv.3:out:91
shallow_b40_s22431,shallow,0.4,22431,conv.3,67,conv.3:out:67
shallow_b40_s22431,shallow,0.4,22431,conv.3,106,conv.3:out:106
shallow_b40_s22431,shallow,0.4,22431,conv.3,79,conv.3:out:79
shallow_b40_s22431,shallow,0.4,22431,conv.0,60,conv.0:out:60
shallow_b40_s22431,shallow,0.4,22431,conv.3,100,conv.3:out:100
shallow_b40_s22431,shallow,0.4,22431,conv.3,107,conv.3:out:107
shallow_b40_s22431,shallow,0.4,22431,conv.0,52,conv.0:out:52
shallow_b40_s22431,shallow,0.4,22431,conv.3,69,conv.3:out:69
shallow_b40_s22431,shallow,0.4,22431,conv.3,127,conv.3:out:127
shallow_b40_s22431,shallow,0.4,22431,conv.0,41,conv.0:out:41
shallow_b40_s22431,shallow,0.4,22431,conv.3,10,conv.3:out:10
shallow_b40_s22431,shallow,0.4,22431,conv.3,53,conv.3:out:53
shallow_b40_s22431,shallow,0.4,22431,conv.3,122,conv.3:out:122
shallow_b40_s22431,shallow,0.4,22431,conv.3,68,conv.3:out:68
shallow_b40_s22431,shallow,0.4,22431,conv.3,99,conv.3:out:99
shallow_b40_s22431,shallow,0.4,22431,conv.3,95,conv.3:out:95
shallow_b40_s22431,shallow,0.4,22431,conv.3,80,conv.3:out:80
shallow_b40_s22431,shallow,0.4,22431,conv.0,14,conv.0:out:14
shallow_b40_s22431,shallow,0.4,22431,conv.3,7,conv.3:out:7
shallow_b40_s22431,shallow,0.4,22431,conv.0,54,conv.0:out:54
shallow_b40_s22431,shallow,0.4,22431,conv.3,72,conv.3:out:72
shallow_b40_s22431,shallow,0.4,22431,conv.3,116,conv.3:out:116
shallow_b40_s22431,shallow,0.4,22431,conv.3,26,conv.3:out:26
shallow_b40_s22431,shallow,0.4,22431,conv.3,1,conv.3:out:1
shallow_b40_s22432,shallow,0.4,22432,conv.0,35,conv.0:out:35
shallow_b40_s22432,shallow,0.4,22432,conv.3,61,conv.3:out:61
shallow_b40_s22432,shallow,0.4,22432,conv.0,50,conv.0:out:50
shallow_b40_s22432,shallow,0.4,22432,conv.3,3,conv.3:out:3
shallow_b40_s22432,shallow,0.4,22432,conv.0,42,conv.0:out:42
shallow_b40_s22432,shallow,0.4,22432,conv.3,29,conv.3:out:29
shallow_b40_s22432,shallow,0.4,22432,conv.3,71,conv.3:out:71
shallow_b40_s22432,shallow,0.4,22432,conv.0,61,conv.0:out:61
shallow_b40_s22432,shallow,0.4,22432,conv.3,34,conv.3:out:34
shallow_b40_s22432,shallow,0.4,22432,conv.3,84,conv.3:out:84
shallow_b40_s22432,shallow,0.4,22432,conv.3,97,conv.3:out:97
shallow_b40_s22432,shallow,0.4,22432,conv.0,31,conv.0:out:31
shallow_b40_s22432,shallow,0.4,22432,conv.3,42,conv.3:out:42
shallow_b40_s22432,shallow,0.4,22432,conv.3,73,conv.3:out:73
shallow_b40_s22432,shallow,0.4,22432,conv.3,93,conv.3:out:93
shallow_b40_s22432,shallow,0.4,22432,conv.3,117,conv.3:out:117
shallow_b40_s22432,shallow,0.4,22432,conv.3,25,conv.3:out:25
shallow_b40_s22432,shallow,0.4,22432,conv.3,75,conv.3:out:75
shallow_b40_s22432,shallow,0.4,22432,conv.3,11,conv.3:out:11
shallow_b40_s22432,shallow,0.4,22432,conv.3,66,conv.3:out:66
shallow_b40_s22432,shallow,0.4,22432,conv.0,49,conv.0:out:49
shallow_b40_s22432,shallow,0.4,22432,conv.3,56,conv.3:out:56
shallow_b40_s22432,shallow,0.4,22432,conv.0,11,conv.0:out:11
shallow_b40_s22432,shallow,0.4,22432,conv.3,79,conv.3:out:79
shallow_b40_s22432,shallow,0.4,22432,conv.3,96,conv.3:out:96
shallow_b40_s22432,shallow,0.4,22432,conv.0,34,conv.0:out:34
shallow_b40_s22432,shallow,0.4,22432,conv.0,40,conv.0:out:40
shallow_b40_s22432,shallow,0.4,22432,conv.0,39,conv.0:out:39
shallow_b40_s22432,shallow,0.4,22432,conv.0,6,conv.0:out:6
shallow_b40_s22432,shallow,0.4,22432,conv.0,9,conv.0:out:9
shallow_b40_s22432,shallow,0.4,22432,conv.3,22,conv.3:out:22
shallow_b40_s22432,shallow,0.4,22432,conv.3,109,conv.3:out:109
shallow_b40_s22432,shallow,0.4,22432,conv.3,100,conv.3:out:100
shallow_b40_s22432,shallow,0.4,22432,conv.3,16,conv.3:out:16
shallow_b40_s22432,shallow,0.4,22432,conv.0,10,conv.0:out:10
shallow_b40_s22432,shallow,0.4,22432,conv.3,110,conv.3:out:110
shallow_b40_s22432,shallow,0.4,22432,conv.3,105,conv.3:out:105
shallow_b40_s22432,shallow,0.4,22432,conv.3,54,conv.3:out:54
shallow_b40_s22432,shallow,0.4,22432,conv.3,49,conv.3:out:49
shallow_b40_s22432,shallow,0.4,22432,conv.3,33,conv.3:out:33
shallow_b40_s22432,shallow,0.4,22432,conv.3,121,conv.3:out:121
shallow_b40_s22432,shallow,0.4,22432,conv.3,123,conv.3:out:123
shallow_b40_s22432,shallow,0.4,22432,conv.3,39,conv.3:out:39
shallow_b40_s22432,shallow,0.4,22432,conv.0,30,conv.0:out:30
shallow_b40_s22433,shallow,0.4,22433,conv.3,117,conv.3:out:117
shallow_b40_s22433,shallow,0.4,22433,conv.3,46,conv.3:out:46
shallow_b40_s22433,shallow,0.4,22433,conv.3,2,conv.3:out:2
shallow_b40_s22433,shallow,0.4,22433,conv.0,55,conv.0:out:55
shallow_b40_s22433,shallow,0.4,22433,conv.3,49,conv.3:out:49
shallow_b40_s22433,shallow,0.4,22433,conv.0,14,conv.0:out:14
shallow_b40_s22433,shallow,0.4,22433,conv.3,10,conv.3:out:10
shallow_b40_s22433,shallow,0.4,22433,conv.3,110,conv.3:out:110
shallow_b40_s22433,shallow,0.4,22433,conv.3,115,conv.3:out:115
shallow_b40_s22433,shallow,0.4,22433,conv.0,24,conv.0:out:24
shallow_b40_s22433,shallow,0.4,22433,conv.3,32,conv.3:out:32
shallow_b40_s22433,shallow,0.4,22433,conv.3,43,conv.3:out:43
shallow_b40_s22433,shallow,0.4,22433,conv.3,14,conv.3:out:14
shallow_b40_s22433,shallow,0.4,22433,conv.0,47,conv.0:out:47
shallow_b40_s22433,shallow,0.4,22433,conv.3,106,conv.3:out:106
shallow_b40_s22433,shallow,0.4,22433,conv.3,93,conv.3:out:93
shallow_b40_s22433,shallow,0.4,22433,conv.3,90,conv.3:out:90
shallow_b40_s22433,shallow,0.4,22433,conv.0,56,conv.0:out:56
shallow_b40_s22433,shallow,0.4,22433,conv.3,48,conv.3:out:48
shallow_b40_s22433,shallow,0.4,22433,conv.3,24,conv.3:out:24
shallow_b40_s22433,shallow,0.4,22433,conv.0,57,conv.0:out:57
shallow_b40_s22433,shallow,0.4,22433,conv.3,113,conv.3:out:113
shallow_b40_s22433,shallow,0.4,22433,conv.0,46,conv.0:out:46
shallow_b40_s22433,shallow,0.4,22433,conv.0,44,conv.0:out:44
shallow_b40_s22433,shallow,0.4,22433,conv.0,5,conv.0:out:5
shallow_b40_s22433,shallow,0.4,22433,conv.0,58,conv.0:out:58
shallow_b40_s22433,shallow,0.4,22433,conv.3,126,conv.3:out:126
shallow_b40_s22433,shallow,0.4,22433,conv.3,4,conv.3:out:4
shallow_b40_s22433,shallow,0.4,22433,conv.3,50,conv.3:out:50
shallow_b40_s22433,shallow,0.4,22433,conv.3,89,conv.3:out:89
shallow_b40_s22433,shallow,0.4,22433,conv.3,18,conv.3:out:18
shallow_b40_s22433,shallow,0.4,22433,conv.3,58,conv.3:out:58
shallow_b40_s22433,shallow,0.4,22433,conv.0,25,conv.0:out:25
shallow_b40_s22433,shallow,0.4,22433,conv.0,9,conv.0:out:9
shallow_b40_s22433,shallow,0.4,22433,conv.3,103,conv.3:out:103
shallow_b40_s22433,shallow,0.4,22433,conv.3,52,conv.3:out:52
shallow_b40_s22433,shallow,0.4,22433,conv.3,40,conv.3:out:40
shallow_b40_s22433,shallow,0.4,22433,conv.3,3,conv.3:out:3
shallow_b40_s22433,shallow,0.4,22433,conv.3,36,conv.3:out:36
shallow_b40_s22433,shallow,0.4,22433,conv.0,35,conv.0:out:35
shallow_b40_s22433,shallow,0.4,22433,conv.3,0,conv.3:out:0
shallow_b40_s22433,shallow,0.4,22433,conv.0,52,conv.0:out:52
shallow_b40_s22433,shallow,0.4,22433,conv.3,78,conv.3:out:78
shallow_b40_s22433,shallow,0.4,22433,conv.3,44,conv.3:out:44
shallow_b40_s22434,shallow,0.4,22434,conv.3,83,conv.3:out:83
shallow_b40_s22434,shallow,0.4,22434,conv.0,27,conv.0:out:27
shallow_b40_s22434,shallow,0.4,22434,conv.0,5,conv.0:out:5
shallow_b40_s22434,shallow,0.4,22434,conv.3,34,conv.3:out:34
shallow_b40_s22434,shallow,0.4,22434,conv.3,43,conv.3:out:43
shallow_b40_s22434,shallow,0.4,22434,conv.3,91,conv.3:out:91
shallow_b40_s22434,shallow,0.4,22434,conv.3,107,conv.3:out:107
shallow_b40_s22434,shallow,0.4,22434,conv.0,30,conv.0:out:30
shallow_b40_s22434,shallow,0.4,22434,conv.0,54,conv.0:out:54
shallow_b40_s22434,shallow,0.4,22434,conv.3,44,conv.3:out:44
shallow_b40_s22434,shallow,0.4,22434,conv.3,2,conv.3:out:2
shallow_b40_s22434,shallow,0.4,22434,conv.0,24,conv.0:out:24
shallow_b40_s22434,shallow,0.4,22434,conv.3,65,conv.3:out:65
shallow_b40_s22434,shallow,0.4,22434,conv.3,51,conv.3:out:51
shallow_b40_s22434,shallow,0.4,22434,conv.3,88,conv.3:out:88
shallow_b40_s22434,shallow,0.4,22434,conv.3,59,conv.3:out:59
shallow_b40_s22434,shallow,0.4,22434,conv.0,11,conv.0:out:11
shallow_b40_s22434,shallow,0.4,22434,conv.3,100,conv.3:out:100
shallow_b40_s22434,shallow,0.4,22434,conv.3,120,conv.3:out:120
shallow_b40_s22434,shallow,0.4,22434,conv.3,24,conv.3:out:24
shallow_b40_s22434,shallow,0.4,22434,conv.0,29,conv.0:out:29
shallow_b40_s22434,shallow,0.4,22434,conv.0,60,conv.0:out:60
shallow_b40_s22434,shallow,0.4,22434,conv.3,96,conv.3:out:96
shallow_b40_s22434,shallow,0.4,22434,conv.0,50,conv.0:out:50
shallow_b40_s22434,shallow,0.4,22434,conv.0,35,conv.0:out:35
shallow_b40_s22434,shallow,0.4,22434,conv.3,10,conv.3:out:10
shallow_b40_s22434,shallow,0.4,22434,conv.3,26,conv.3:out:26
shallow_b40_s22434,shallow,0.4,22434,conv.3,127,conv.3:out:127
shallow_b40_s22434,shallow,0.4,22434,conv.3,15,conv.3:out:15
shallow_b40_s22434,shallow,0.4,22434,conv.0,7,conv.0:out:7
shallow_b40_s22434,shallow,0.4,22434,conv.0,62,conv.0:out:62
shallow_b40_s22434,shallow,0.4,22434,conv.3,84,conv.3:out:84
shallow_b40_s22434,shallow,0.4,22434,conv.3,41,conv.3:out:41
shallow_b40_s22434,shallow,0.4,22434,conv.3,39,conv.3:out:39
shallow_b40_s22434,shallow,0.4,22434,conv.3,16,conv.3:out:16
shallow_b40_s22434,shallow,0.4,22434,conv.3,62,conv.3:out:62
shallow_b40_s22434,shallow,0.4,22434,conv.0,39,conv.0:out:39
shallow_b40_s22434,shallow,0.4,22434,conv.3,61,conv.3:out:61
shallow_b40_s22434,shallow,0.4,22434,conv.3,101,conv.3:out:101
shallow_b40_s22434,shallow,0.4,22434,conv.3,70,conv.3:out:70
shallow_b40_s22434,shallow,0.4,22434,conv.0,37,conv.0:out:37
shallow_b40_s22434,shallow,0.4,22434,conv.0,0,conv.0:out:0
shallow_b40_s22434,shallow,0.4,22434,conv.0,12,conv.0:out:12
shallow_b40_s22435,shallow,0.4,22435,conv.0,25,conv.0:out:25
shallow_b40_s22435,shallow,0.4,22435,conv.3,13,conv.3:out:13
shallow_b40_s22435,shallow,0.4,22435,conv.3,103,conv.3:out:103
shallow_b40_s22435,shallow,0.4,22435,conv.3,51,conv.3:out:51
shallow_b40_s22435,shallow,0.4,22435,conv.3,47,conv.3:out:47
shallow_b40_s22435,shallow,0.4,22435,conv.3,50,conv.3:out:50
shallow_b40_s22435,shallow,0.4,22435,conv.3,124,conv.3:out:124
shallow_b40_s22435,shallow,0.4,22435,conv.3,97,conv.3:out:97
shallow_b40_s22435,shallow,0.4,22435,conv.3,32,conv.3:out:32
shallow_b40_s22435,shallow,0.4,22435,conv.3,101,conv.3:out:101
shallow_b40_s22435,shallow,0.4,22435,conv.0,21,conv.0:out:21
shallow_b40_s22435,shallow,0.4,22435,conv.3,21,conv.3:out:21
shallow_b40_s22435,shallow,0.4,22435,conv.0,1,conv.0:out:1
shallow_b40_s22435,shallow,0.4,22435,conv.0,22,conv.0:out:22
shallow_b40_s22435,shallow,0.4,22435,conv.0,39,conv.0:out:39
shallow_b40_s22435,shallow,0.4,22435,conv.0,59,conv.0:out:59
shallow_b40_s22435,shallow,0.4,22435,conv.3,25,conv.3:out:25
shallow_b40_s22435,shallow,0.4,22435,conv.0,49,conv.0:out:49
shallow_b40_s22435,shallow,0.4,22435,conv.3,65,conv.3:out:65
shallow_b40_s22435,shallow,0.4,22435,conv.3,35,conv.3:out:35
shallow_b40_s22435,shallow,0.4,22435,conv.3,123,conv.3:out:123
shallow_b40_s22435,shallow,0.4,22435,conv.3,48,conv.3:out:48
shallow_b40_s22435,shallow,0.4,22435,conv.3,38,conv.3:out:38
shallow_b40_s22435,shallow,0.4,22435,conv.3,29,conv.3:out:29
shallow_b40_s22435,shallow,0.4,22435,conv.3,59,conv.3:out:59
shallow_b40_s22435,shallow,0.4,22435,conv.3,90,conv.3:out:90
shallow_b40_s22435,shallow,0.4,22435,conv.3,27,conv.3:out:27
shallow_b40_s22435,shallow,0.4,22435,conv.3,15,conv.3:out:15
shallow_b40_s22435,shallow,0.4,22435,conv.3,23,conv.3:out:23
shallow_b40_s22435,shallow,0.4,22435,conv.0,27,conv.0:out:27
shallow_b40_s22435,shallow,0.4,22435,conv.3,30,conv.3:out:30
shallow_b40_s22435,shallow,0.4,22435,conv.3,9,conv.3:out:9
shallow_b40_s22435,shallow,0.4,22435,conv.0,16,conv.0:out:16
shallow_b40_s22435,shallow,0.4,22435,conv.3,12,conv.3:out:12
shallow_b40_s22435,shallow,0.4,22435,conv.3,89,conv.3:out:89
shallow_b40_s22435,shallow,0.4,22435,conv.3,69,conv.3:out:69
shallow_b40_s22435,shallow,0.4,22435,conv.3,112,conv.3:out:112
shallow_b40_s22435,shallow,0.4,22435,conv.3,6,conv.3:out:6
shallow_b40_s22435,shallow,0.4,22435,conv.0,55,conv.0:out:55
shallow_b40_s22435,shallow,0.4,22435,conv.0,34,conv.0:out:34
shallow_b40_s22435,shallow,0.4,22435,conv.3,41,conv.3:out:41
shallow_b40_s22435,shallow,0.4,22435,conv.3,45,conv.3:out:45
shallow_b40_s22435,shallow,0.4,22435,conv.3,74,conv.3:out:74
shallow_b40_s22435,shallow,0.4,22435,conv.0,63,conv.0:out:63
shallow_b40_s22435,shallow,0.4,22435,conv.3,66,conv.3:out:66
shallow_b40_s22436,shallow,0.4,22436,conv.0,42,conv.0:out:42
shallow_b40_s22436,shallow,0.4,22436,conv.3,7,conv.3:out:7
shallow_b40_s22436,shallow,0.4,22436,conv.0,25,conv.0:out:25
shallow_b40_s22436,shallow,0.4,22436,conv.3,20,conv.3:out:20
shallow_b40_s22436,shallow,0.4,22436,conv.3,101,conv.3:out:101
shallow_b40_s22436,shallow,0.4,22436,conv.3,123,conv.3:out:123
shallow_b40_s22436,shallow,0.4,22436,conv.0,43,conv.0:out:43
shallow_b40_s22436,shallow,0.4,22436,conv.3,58,conv.3:out:58
shallow_b40_s22436,shallow,0.4,22436,conv.3,108,conv.3:out:108
shallow_b40_s22436,shallow,0.4,22436,conv.0,27,conv.0:out:27
shallow_b40_s22436,shallow,0.4,22436,conv.3,113,conv.3:out:113
shallow_b40_s22436,shallow,0.4,22436,conv.0,53,conv.0:out:53
shallow_b40_s22436,shallow,0.4,22436,conv.3,59,conv.3:out:59
shallow_b40_s22436,shallow,0.4,22436,conv.0,44,conv.0:out:44
shallow_b40_s22436,shallow,0.4,22436,conv.3,105,conv.3:out:105
shallow_b40_s22436,shallow,0.4,22436,conv.3,68,conv.3:out:68
shallow_b40_s22436,shallow,0.4,22436,conv.3,50,conv.3:out:50
shallow_b40_s22436,shallow,0.4,22436,conv.0,9,conv.0:out:9
shallow_b40_s22436,shallow,0.4,22436,conv.3,4,conv.3:out:4
shallow_b40_s22436,shallow,0.4,22436,conv.3,114,conv.3:out:114
shallow_b40_s22436,shallow,0.4,22436,conv.3,77,conv.3:out:77
shallow_b40_s22436,shallow,0.4,22436,conv.3,44,conv.3:out:44
shallow_b40_s22436,shallow,0.4,22436,conv.0,21,conv.0:out:21
shallow_b40_s22436,shallow,0.4,22436,conv.3,81,conv.3:out:81
shallow_b40_s22436,shallow,0.4,22436,conv.3,31,conv.3:out:31
shallow_b40_s22436,shallow,0.4,22436,conv.0,0,conv.0:out:0
shallow_b40_s22436,shallow,0.4,22436,conv.0,8,conv.0:out:8
shallow_b40_s22436,shallow,0.4,22436,conv.3,80,conv.3:out:80
shallow_b40_s22436,shallow,0.4,22436,conv.3,111,conv.3:out:111
shallow_b40_s22436,shallow,0.4,22436,conv.3,72,conv.3:out:72
shallow_b40_s22436,shallow,0.4,22436,conv.3,93,conv.3:out:93
shallow_b40_s22436,shallow,0.4,22436,conv.3,38,conv.3:out:38
shallow_b40_s22436,shallow,0.4,22436,conv.3,25,conv.3:out:25
shallow_b40_s22436,shallow,0.4,22436,conv.3,106,conv.3:out:106
shallow_b40_s22436,shallow,0.4,22436,conv.0,33,conv.0:out:33
shallow_b40_s22436,shallow,0.4,22436,conv.3,39,conv.3:out:39
shallow_b40_s22436,shallow,0.4,22436,conv.3,94,conv.3:out:94
shallow_b40_s22436,shallow,0.4,22436,conv.3,28,conv.3:out:28
shallow_b40_s22436,shallow,0.4,22436,conv.0,3,conv.0:out:3
shallow_b40_s22436,shallow,0.4,22436,conv.3,23,conv.3:out:23
shallow_b40_s22436,shallow,0.4,22436,conv.3,60,conv.3:out:60
shallow_b40_s22436,shallow,0.4,22436,conv.3,18,conv.3:out:18
shallow_b40_s22436,shallow,0.4,22436,conv.0,4,conv.0:out:4
shallow_b40_s22436,shallow,0.4,22436,conv.3,61,conv.3:out:61
shallow_b40_s22436,shallow,0.4,22436,conv.3,120,conv.3:out:120
shallow_b40_s22437,shallow,0.4,22437,conv.3,52,conv.3:out:52
shallow_b40_s22437,shallow,0.4,22437,conv.0,14,conv.0:out:14
shallow_b40_s22437,shallow,0.4,22437,conv.3,127,conv.3:out:127
shallow_b40_s22437,shallow,0.4,22437,conv.3,87,conv.3:out:87
shallow_b40_s22437,shallow,0.4,22437,conv.0,3,conv.0:out:3
shallow_b40_s22437,shallow,0.4,22437,conv.3,6,conv.3:out:6
shallow_b40_s22437,shallow,0.4,22437,conv.3,8,conv.3:out:8
shallow_b40_s22437,shallow,0.4,22437,conv.0,7,conv.0:out:7
shallow_b40_s22437,shallow,0.4,22437,conv.3,50,conv.3:out:50
shallow_b40_s22437,shallow,0.4,22437,conv.0,1,conv.0:out:1
shallow_b40_s22437,shallow,0.4,22437,conv.3,72,conv.3:out:72
shallow_b40_s22437,shallow,0.4,22437,conv.0,18,conv.0:out:18
shallow_b40_s22437,shallow,0.4,22437,conv.3,124,conv.3:out:124
shallow_b40_s22437,shallow,0.4,22437,conv.0,50,conv.0:out:50
shallow_b40_s22437,shallow,0.4,22437,conv.0,23,conv.0:out:23
shallow_b40_s22437,shallow,0.4,22437,conv.0,9,conv.0:out:9
shallow_b40_s22437,shallow,0.4,22437,conv.3,91,conv.3:out:91
shallow_b40_s22437,shallow,0.4,22437,conv.3,60,conv.3:out:60
shallow_b40_s22437,shallow,0.4,22437,conv.3,3,conv.3:out:3
shallow_b40_s22437,shallow,0.4,22437,conv.0,46,conv.0:out:46
shallow_b40_s22437,shallow,0.4,22437,conv.3,28,conv.3:out:28
shallow_b40_s22437,shallow,0.4,22437,conv.3,18,conv.3:out:18
shallow_b40_s22437,shallow,0.4,22437,conv.3,7,conv.3:out:7
shallow_b40_s22437,shallow,0.4,22437,conv.3,94,conv.3:out:94
shallow_b40_s22437,shallow,0.4,22437,conv.3,37,conv.3:out:37
shallow_b40_s22437,shallow,0.4,22437,conv.3,111,conv.3:out:111
shallow_b40_s22437,shallow,0.4,22437,conv.3,56,conv.3:out:56
shallow_b40_s22437,shallow,0.4,22437,conv.0,10,conv.0:out:10
shallow_b40_s22437,shallow,0.4,22437,conv.3,115,conv.3:out:115
shallow_b40_s22437,shallow,0.4,22437,conv.0,33,conv.0:out:33
shallow_b40_s22437,shallow,0.4,22437,conv.3,81,conv.3:out:81
shallow_b40_s22437,shallow,0.4,22437,conv.0,11,conv.0:out:11
shallow_b40_s22437,shallow,0.4,22437,conv.0,47,conv.0:out:47
shallow_b40_s22437,shallow,0.4,22437,conv.3,48,conv.3:out:48
shallow_b40_s22437,shallow,0.4,22437,conv.0,15,conv.0:out:15
shallow_b40_s22437,shallow,0.4,22437,conv.3,88,conv.3:out:88
shallow_b40_s22437,shallow,0.4,22437,conv.3,9,conv.3:out:9
shallow_b40_s22437,shallow,0.4,22437,conv.3,46,conv.3:out:46
shallow_b40_s22437,shallow,0.4,22437,conv.3,45,conv.3:out:45
shallow_b40_s22437,shallow,0.4,22437,conv.0,51,conv.0:out:51
shallow_b40_s22437,shallow,0.4,22437,conv.3,70,conv.3:out:70
shallow_b40_s22437,shallow,0.4,22437,conv.3,104,conv.3:out:104
shallow_b40_s22437,shallow,0.4,22437,conv.0,34,conv.0:out:34
shallow_b40_s22438,shallow,0.4,22438,conv.3,89,conv.3:out:89
shallow_b40_s22438,shallow,0.4,22438,conv.3,75,conv.3:out:75
shallow_b40_s22438,shallow,0.4,22438,conv.3,10,conv.3:out:10
shallow_b40_s22438,shallow,0.4,22438,conv.3,3,conv.3:out:3
shallow_b40_s22438,shallow,0.4,22438,conv.0,50,conv.0:out:50
shallow_b40_s22438,shallow,0.4,22438,conv.0,30,conv.0:out:30
shallow_b40_s22438,shallow,0.4,22438,conv.3,57,conv.3:out:57
shallow_b40_s22438,shallow,0.4,22438,conv.0,34,conv.0:out:34
shallow_b40_s22438,shallow,0.4,22438,conv.3,83,conv.3:out:83
shallow_b40_s22438,shallow,0.4,22438,conv.0,35,conv.0:out:35
shallow_b40_s22438,shallow,0.4,22438,conv.0,1,conv.0:out:1
shallow_b40_s22438,shallow,0.4,22438,conv.3,81,conv.3:out:81
shallow_b40_s22438,shallow,0.4,22438,conv.3,32,conv.3:out:32
shallow_b40_s22438,shallow,0.4,22438,conv.0,46,conv.0:out:46
shallow_b40_s22438,shallow,0.4,22438,conv.0,43,conv.0:out:43
shallow_b40_s22438,shallow,0.4,22438,conv.0,41,conv.0:out:41
shallow_b40_s22438,shallow,0.4,22438,conv.3,99,conv.3:out:99
shallow_b40_s22438,shallow,0.4,22438,conv.3,121,conv.3:out:121
shallow_b40_s22438,shallow,0.4,22438,conv.0,53,conv.0:out:53
shallow_b40_s22438,shallow,0.4,22438,conv.0,31,conv.0:out:31
shallow_b40_s22438,shallow,0.4,22438,conv.0,39,conv.0:out:39
shallow_b40_s22438,shallow,0.4,22438,conv.0,23,conv.0:out:23
shallow_b40_s22438,shallow,0.4,22438,conv.3,37,conv.3:out:37
shallow_b40_s22438,shallow,0.4,22438,conv.3,30,conv.3:out:30
shallow_b40_s22438,shallow,0.4,22438,conv.0,6,conv.0:out:6
shallow_b40_s22438,shallow,0.4,22438,conv.3,66,conv.3:out:66
shallow_b40_s22438,shallow,0.4,22438,conv.3,114,conv.3:out:114
shallow_b40_s22438,shallow,0.4,22438,conv.3,60,conv.3:out:60
shallow_b40_s22438,shallow,0.4,22438,conv.3,25,conv.3:out:25
shallow_b40_s22438,shallow,0.4,22438,conv.3,104,conv.3:out:104
shallow_b40_s22438,shallow,0.4,22438,conv.0,48,conv.0:out:48
shallow_b40_s22438,shallow,0.4,22438,conv.0,25,conv.0:out:25
shallow_b40_s22438,shallow,0.4,22438,conv.3,90,conv.3:out:90
shallow_b40_s22438,shallow,0.4,22438,conv.3,85,conv.3:out:85
shallow_b40_s22438,shallow,0.4,22438,conv.3,70,conv.3:out:70
shallow_b40_s22438,shallow,0.4,22438,conv.3,8,conv.3:out:8
shallow_b40_s22438,shallow,0.4,22438,conv.3,107,conv.3:out:107
shallow_b40_s22438,shallow,0.4,22438,conv.3,9,conv.3:out:9
shallow_b40_s22438,shallow,0.4,22438,conv.3,111,conv.3:out:111
shallow_b40_s22438,shallow,0.4,22438,conv.0,42,conv.0:out:42
shallow_b40_s22438,shallow,0.4,22438,conv.0,55,conv.0:out:55
shallow_b40_s22439,shallow,0.4,22439,conv.3,48,conv.3:out:48
shallow_b40_s22439,shallow,0.4,22439,conv.3,101,conv.3:out:101
shallow_b40_s22439,shallow,0.4,22439,conv.3,19,conv.3:out:19
shallow_b40_s22439,shallow,0.4,22439,conv.0,54,conv.0:out:54
shallow_b40_s22439,shallow,0.4,22439,conv.0,20,conv.0:out:20
shallow_b40_s22439,shallow,0.4,22439,conv.3,81,conv.3:out:81
shallow_b40_s22439,shallow,0.4,22439,conv.3,0,conv.3:out:0
shallow_b40_s22439,shallow,0.4,22439,conv.3,124,conv.3:out:124
shallow_b40_s22439,shallow,0.4,22439,conv.3,10,conv.3:out:10
shallow_b40_s22439,shallow,0.4,22439,conv.3,17,conv.3:out:17
shallow_b40_s22439,shallow,0.4,22439,conv.3,29,conv.3:out:29
shallow_b40_s22439,shallow,0.4,22439,conv.3,119,conv.3:out:119
shallow_b40_s22439,shallow,0.4,22439,conv.3,125,conv.3:out:125
shallow_b40_s22439,shallow,0.4,22439,conv.3,22,conv.3:out:22
shallow_b40_s22439,shallow,0.4,22439,conv.0,35,conv.0:out:35
shallow_b40_s22439,shallow,0.4,22439,conv.3,100,conv.3:out:100
shallow_b40_s22439,shallow,0.4,22439,conv.0,4,conv.0:out:4
shallow_b40_s22439,shallow,0.4,22439,conv.3,88,conv.3:out:88
shallow_b40_s22439,shallow,0.4,22439,conv.3,32,conv.3:out:32
shallow_b40_s22439,shallow,0.4,22439,conv.3,94,conv.3:out:94
shallow_b40_s22439,shallow,0.4,22439,conv.3,33,conv.3:out:33
shallow_b40_s22439,shallow,0.4,22439,conv.3,42,conv.3:out:42
shallow_b40_s22439,shallow,0.4,22439,conv.0,59,conv.0:out:59
shallow_b40_s22439,shallow,0.4,22439,conv.3,77,conv.3:out:77
shallow_b40_s22439,shallow,0.4,22439,conv.3,76,conv.3:out:76
shallow_b40_s22439,shallow,0.4,22439,conv.0,62,conv.0:out:62
shallow_b40_s22439,shallow,0.4,22439,conv.0,49,conv.0:out:49
shallow_b40_s22439,shallow,0.4,22439,conv.0,55,conv.0:out:55
shallow_b40_s22439,shallow,0.4,22439,conv.0,8,conv.0:out:8
shallow_b40_s22439,shallow,0.4,22439,conv.3,79,conv.3:out:79
shallow_b40_s22439,shallow,0.4,22439,conv.3,72,conv.3:out:72
shallow_b40_s22439,shallow,0.4,22439,conv.3,20,conv.3:out:20
shallow_b40_s22439,shallow,0.4,22439,conv.3,50,conv.3:out:50
shallow_b40_s22439,shallow,0.4,22439,conv.0,18,conv.0:out:18
shallow_b40_s22439,shallow,0.4,22439,conv.0,42,conv.0:out:42
shallow_b40_s22439,shallow,0.4,22439,conv.0,27,conv.0:out:27
shallow_b40_s22439,shallow,0.4,22439,conv.3,69,conv.3:out:69
shallow_b40_s22439,shallow,0.4,22439,conv.0,10,conv.0:out:10
shallow_b40_s22439,shallow,0.4,22439,conv.0,61,conv.0:out:61
shallow_b40_s22439,shallow,0.4,22439,conv.3,15,conv.3:out:15
shallow_b40_s22439,shallow,0.4,22439,conv.3,26,conv.3:out:26
shallow_b40_s22439,shallow,0.4,22439,conv.0,38,conv.0:out:38
shallow_b40_s22439,shallow,0.4,22439,conv.3,106,conv.3:out:106
shallow_b40_s22440,shallow,0.4,22440,conv.3,35,conv.3:out:35
shallow_b40_s22440,shallow,0.4,22440,conv.3,117,conv.3:out:117
shallow_b40_s22440,shallow,0.4,22440,conv.0,46,conv.0:out:46
shallow_b40_s22440,shallow,0.4,22440,conv.0,57,conv.0:out:57
shallow_b40_s22440,shallow,0.4,22440,conv.0,59,conv.0:out:59
shallow_b40_s22440,shallow,0.4,22440,conv.3,21,conv.3:out:21
shallow_b40_s22440,shallow,0.4,22440,conv.3,16,conv.3:out:16
shallow_b40_s22440,shallow,0.4,22440,conv.0,41,conv.0:out:41
shallow_b40_s22440,shallow,0.4,22440,conv.3,109,conv.3:out:109
shallow_b40_s22440,shallow,0.4,22440,conv.3,64,conv.3:out:64
shallow_b40_s22440,shallow,0.4,22440,conv.3,49,conv.3:out:49
shallow_b40_s22440,shallow,0.4,22440,conv.3,75,conv.3:out:75
shallow_b40_s22440,shallow,0.4,22440,conv.3,48,conv.3:out:48
shallow_b40_s22440,shallow,0.4,22440,conv.0,5,conv.0:out:5
shallow_b40_s22440,shallow,0.4,22440,conv.0,28,conv.0:out:28
shallow_b40_s22440,shallow,0.4,22440,conv.3,1,conv.3:out:1
shallow_b40_s22440,shallow,0.4,22440,conv.3,32,conv.3:out:32
shallow_b40_s22440,shallow,0.4,22440,conv.0,51,conv.0:out:51
shallow_b40_s22440,shallow,0.4,22440,conv.3,86,conv.3:out:86
shallow_b40_s22440,shallow,0.4,22440,conv.0,20,conv.0:out:20
shallow_b40_s22440,shallow,0.4,22440,conv.3,50,conv.3:out:50
shallow_b40_s22440,shallow,0.4,22440,conv.0,39,conv.0:out:39
shallow_b40_s22440,shallow,0.4,22440,conv.0,62,conv.0:out:62
shallow_b40_s22440,shallow,0.4,22440,conv.0,44,conv.0:out:44
shallow_b40_s22440,shallow,0.4,22440,conv.3,34,conv.3:out:34
shallow_b40_s22440,shallow,0.4,22440,conv.3,24,conv.3:out:24
shallow_b40_s22440,shallow,0.4,22440,conv.3,7,conv.3:out:7
shallow_b40_s22440,shallow,0.4,22440,conv.0,24,conv.0:out:24
shallow_b40_s22440,shallow,0.4,22440,conv.3,28,conv.3:out:28
shallow_b40_s22440,shallow,0.4,22440,conv.3,5,conv.3:out:5
shallow_b40_s22440,shallow,0.4,22440,conv.3,67,conv.3:out:67
shallow_b40_s22440,shallow,0.4,22440,conv.3,126,conv.3:out:126
shallow_b40_s22440,shallow,0.4,22440,conv.3,70,conv.3:out:70
shallow_b40_s22440,shallow,0.4,22440,conv.3,43,conv.3:out:43
shallow_b40_s22440,shallow,0.4,22440,conv.3,106,conv.3:out:106
shallow_b40_s22440,shallow,0.4,22440,conv.0,35,conv.0:out:35
shallow_b40_s22440,shallow,0.4,22440,conv.0,53,conv.0:out:53
shallow_b40_s22440,shallow,0.4,22440,conv.3,30,conv.3:out:30
shallow_b40_s22440,shallow,0.4,22440,conv.0,14,conv.0:out:14
shallow_b40_s22440,shallow,0.4,22440,conv.3,45,conv.3:out:45
shallow_b40_s22440,shallow,0.4,22440,conv.0,21,conv.0:out:21
shallow_b40_s22440,shallow,0.4,22440,conv.3,124,conv.3:out:124
shallow_b40_s22441,shallow,0.4,22441,conv.3,10,conv.3:out:10
shallow_b40_s22441,shallow,0.4,22441,conv.0,10,conv.0:out:10
shallow_b40_s22441,shallow,0.4,22441,conv.3,63,conv.3:out:63
shallow_b40_s22441,shallow,0.4,22441,conv.3,18,conv.3:out:18
shallow_b40_s22441,shallow,0.4,22441,conv.3,87,conv.3:out:87
shallow_b40_s22441,shallow,0.4,22441,conv.0,62,conv.0:out:62
shallow_b40_s22441,shallow,0.4,22441,conv.3,50,conv.3:out:50
shallow_b40_s22441,shallow,0.4,22441,conv.3,84,conv.3:out:84
shallow_b40_s22441,shallow,0.4,22441,conv.0,6,conv.0:out:6
shallow_b40_s22441,shallow,0.4,22441,conv.3,2,conv.3:out:2
shallow_b40_s22441,shallow,0.4,22441,conv.3,86,conv.3:out:86
shallow_b40_s22441,shallow,0.4,22441,conv.0,37,conv.0:out:37
shallow_b40_s22441,shallow,0.4,22441,conv.3,46,conv.3:out:46
shallow_b40_s22441,shallow,0.4,22441,conv.0,23,conv.0:out:23
shallow_b40_s22441,shallow,0.4,22441,conv.3,70,conv.3:out:70
shallow_b40_s22441,shallow,0.4,22441,conv.0,11,conv.0:out:11
shallow_b40_s22441,shallow,0.4,22441,conv.3,64,conv.3:out:64
shallow_b40_s22441,shallow,0.4,22441,conv.3,42,conv.3:out:42
shallow_b40_s22441,shallow,0.4,22441,conv.3,51,conv.3:out:51
shallow_b40_s22441,shallow,0.4,22441,conv.3,112,conv.3:out:112
shallow_b40_s22441,shallow,0.4,22441,conv.0,33,conv.0:out:33
shallow_b40_s22441,shallow,0.4,22441,conv.0,47,conv.0:out:47
shallow_b40_s22441,shallow,0.4,22441,conv.3,61,conv.3:out:61
shallow_b40_s22441,shallow,0.4,22441,conv.0,58,conv.0:out:58
shallow_b40_s22441,shallow,0.4,22441,conv.3,118,conv.3:out:118
shallow_b40_s22441,shallow,0.4,22441,conv.0,9,conv.0:out:9
shallow_b40_s22441,shallow,0.4,22441,conv.0,27,conv.0:out:27
shallow_b40_s22441,shallow,0.4,22441,conv.3,4,conv.3:out:4
shallow_b40_s22441,shallow,0.4,22441,conv.3,0,conv.3:out:0
shallow_b40_s22441,shallow,0.4,22441,conv.3,80,conv.3:out:80
shallow_b40_s22441,shallow,0.4,22441,conv.3,1,conv.3:out:1
shallow_b40_s22441,shallow,0.4,22441,conv.3,3,conv.3:out:3
shallow_b40_s22441,shallow,0.4,22441,conv.0,34,conv.0:out:34
shallow_b40_s22441,shallow,0.4,22441,conv.3,78,conv.3:out:78
shallow_b40_s22441,shallow,0.4,22441,conv.3,77,conv.3:out:77
shallow_b40_s22441,shallow,0.4,22441,conv.3,104,conv.3:out:104
shallow_b40_s22441,shallow,0.4,22441,conv.3,108,conv.3:out:108
shallow_b40_s22441,shallow,0.4,22441,conv.3,95,conv.3:out:95
shallow_b40_s22441,shallow,0.4,22441,conv.3,6,conv.3:out:6
shallow_b40_s22441,shallow,0.4,22441,conv.3,28,conv.3:out:28
shallow_b40_s22441,shallow,0.4,22441,conv.0,22,conv.0:out:22
shallow_b40_s22441,shallow,0.4,22441,conv.0,49,conv.0:out:49
shallow_b40_s22441,shallow,0.4,22441,conv.0,1,conv.0:out:1
shallow_b40_s22442,shallow,0.4,22442,conv.3,105,conv.3:out:105
shallow_b40_s22442,shallow,0.4,22442,conv.0,48,conv.0:out:48
shallow_b40_s22442,shallow,0.4,22442,conv.0,58,conv.0:out:58
shallow_b40_s22442,shallow,0.4,22442,conv.3,71,conv.3:out:71
shallow_b40_s22442,shallow,0.4,22442,conv.3,116,conv.3:out:116
shallow_b40_s22442,shallow,0.4,22442,conv.3,57,conv.3:out:57
shallow_b40_s22442,shallow,0.4,22442,conv.3,85,conv.3:out:85
shallow_b40_s22442,shallow,0.4,22442,conv.3,82,conv.3:out:82
shallow_b40_s22442,shallow,0.4,22442,conv.3,39,conv.3:out:39
shallow_b40_s22442,shallow,0.4,22442,conv.3,8,conv.3:out:8
shallow_b40_s22442,shallow,0.4,22442,conv.0,57,conv.0:out:57
shallow_b40_s22442,shallow,0.4,22442,conv.3,106,conv.3:out:106
shallow_b40_s22442,shallow,0.4,22442,conv.3,109,conv.3:out:109
shallow_b40_s22442,shallow,0.4,22442,conv.3,122,conv.3:out:122
shallow_b40_s22442,shallow,0.4,22442,conv.3,119,conv.3:out:119
shallow_b40_s22442,shallow,0.4,22442,conv.3,123,conv.3:out:123
shallow_b40_s22442,shallow,0.4,22442,conv.3,2,conv.3:out:2
shallow_b40_s22442,shallow,0.4,22442,conv.3,46,conv.3:out:46
shallow_b40_s22442,shallow,0.4,22442,conv.3,48,conv.3:out:48
shallow_b40_s22442,shallow,0.4,22442,conv.3,104,conv.3:out:104
shallow_b40_s22442,shallow,0.4,22442,conv.0,60,conv.0:out:60
shallow_b40_s22442,shallow,0.4,22442,conv.3,23,conv.3:out:23
shallow_b40_s22442,shallow,0.4,22442,conv.3,81,conv.3:out:81
shallow_b40_s22442,shallow,0.4,22442,conv.0,23,conv.0:out:23
shallow_b40_s22442,shallow,0.4,22442,conv.0,0,conv.0:out:0
shallow_b40_s22442,shallow,0.4,22442,conv.3,121,conv.3:out:121
shallow_b40_s22442,shallow,0.4,22442,conv.3,87,conv.3:out:87
shallow_b40_s22442,shallow,0.4,22442,conv.0,25,conv.0:out:25
shallow_b40_s22442,shallow,0.4,22442,conv.3,44,conv.3:out:44
shallow_b40_s22442,shallow,0.4,22442,conv.3,29,conv.3:out:29
shallow_b40_s22442,shallow,0.4,22442,conv.3,83,conv.3:out:83
shallow_b40_s22442,shallow,0.4,22442,conv.3,98,conv.3:out:98
shallow_b40_s22442,shallow,0.4,22442,conv.3,102,conv.3:out:102
shallow_b40_s22442,shallow,0.4,22442,conv.3,77,conv.3:out:77
shallow_b40_s22442,shallow,0.4,22442,conv.0,41,conv.0:out:41
shallow_b40_s22442,shallow,0.4,22442,conv.3,20,conv.3:out:20
shallow_b40_s22442,shallow,0.4,22442,conv.3,90,conv.3:out:90
shallow_b40_s22442,shallow,0.4,22442,conv.3,60,conv.3:out:60
shallow_b40_s22442,shallow,0.4,22442,conv.0,44,conv.0:out:44
shallow_b40_s22442,shallow,0.4,22442,conv.3,107,conv.3:out:107
shallow_b40_s22442,shallow,0.4,22442,conv.3,97,conv.3:out:97
shallow_b40_s22442,shallow,0.4,22442,conv.3,21,conv.3:out:21
shallow_b40_s22442,shallow,0.4,22442,conv.3,22,conv.3:out:22
shallow_b40_s22442,shallow,0.4,22442,conv.3,96,conv.3:out:96
shallow_b40_s22442,shallow,0.4,22442,conv.3,6,conv.3:out:6
shallow_b40_s22442,shallow,0.4,22442,conv.3,47,conv.3:out:47
shallow_b40_s22442,shallow,0.4,22442,conv.3,27,conv.3:out:27
shallow_b40_s22442,shallow,0.4,22442,conv.3,86,conv.3:out:86
shallow_b40_s22443,shallow,0.4,22443,conv.3,105,conv.3:out:105
shallow_b40_s22443,shallow,0.4,22443,conv.0,36,conv.0:out:36
shallow_b40_s22443,shallow,0.4,22443,conv.3,34,conv.3:out:34
shallow_b40_s22443,shallow,0.4,22443,conv.3,9,conv.3:out:9
shallow_b40_s22443,shallow,0.4,22443,conv.3,49,conv.3:out:49
shallow_b40_s22443,shallow,0.4,22443,conv.0,39,conv.0:out:39
shallow_b40_s22443,shallow,0.4,22443,conv.0,5,conv.0:out:5
shallow_b40_s22443,shallow,0.4,22443,conv.3,46,conv.3:out:46
shallow_b40_s22443,shallow,0.4,22443,conv.3,102,conv.3:out:102
shallow_b40_s22443,shallow,0.4,22443,conv.3,55,conv.3:out:55
shallow_b40_s22443,shallow,0.4,22443,conv.3,11,conv.3:out:11
shallow_b40_s22443,shallow,0.4,22443,conv.3,106,conv.3:out:106
shallow_b40_s22443,shallow,0.4,22443,conv.3,97,conv.3:out:97
shallow_b40_s22443,shallow,0.4,22443,conv.3,35,conv.3:out:35
shallow_b40_s22443,shallow,0.4,22443,conv.3,28,conv.3:out:28
shallow_b40_s22443,shallow,0.4,22443,conv.0,49,conv.0:out:49
shallow_b40_s22443,shallow,0.4,22443,conv.3,43,conv.3:out:43
shallow_b40_s22443,shallow,0.4,22443,conv.0,42,conv.0:out:42
shallow_b40_s22443,shallow,0.4,22443,conv.0,11,conv.0:out:11
shallow_b40_s22443,shallow,0.4,22443,conv.3,100,conv.3:out:100
shallow_b40_s22443,shallow,0.4,22443,conv.0,41,conv.0:out:41
shallow_b40_s22443,shallow,0.4,22443,conv.3,83,conv.3:out:83
shallow_b40_s22443,shallow,0.4,22443,conv.3,69,conv.3:out:69
shallow_b40_s22443,shallow,0.4,22443,conv.3,33,conv.3:out:33
shallow_b40_s22443,shallow,0.4,22443,conv.3,87,conv.3:out:87
shallow_b40_s22443,shallow,0.4,22443,conv.3,76,conv.3:out:76
shallow_b40_s22443,shallow,0.4,22443,conv.3,74,conv.3:out:74
shallow_b40_s22443,shallow,0.4,22443,conv.3,70,conv.3:out:70
shallow_b40_s22443,shallow,0.4,22443,conv.3,92,conv.3:out:92
shallow_b40_s22443,shallow,0.4,22443,conv.0,15,conv.0:out:15
shallow_b40_s22443,shallow,0.4,22443,conv.0,34,conv.0:out:34
shallow_b40_s22443,shallow,0.4,22443,conv.3,118,conv.3:out:118
shallow_b40_s22443,shallow,0.4,22443,conv.3,98,conv.3:out:98
shallow_b40_s22443,shallow,0.4,22443,conv.0,14,conv.0:out:14
shallow_b40_s22443,shallow,0.4,22443,conv.3,120,conv.3:out:120
shallow_b40_s22443,shallow,0.4,22443,conv.0,17,conv.0:out:17
shallow_b40_s22443,shallow,0.4,22443,conv.0,29,conv.0:out:29
shallow_b40_s22443,shallow,0.4,22443,conv.0,7,conv.0:out:7
shallow_b40_s22443,shallow,0.4,22443,conv.3,44,conv.3:out:44
shallow_b40_s22443,shallow,0.4,22443,conv.3,14,conv.3:out:14
shallow_b40_s22443,shallow,0.4,22443,conv.0,52,conv.0:out:52
shallow_b40_s22443,shallow,0.4,22443,conv.0,22,conv.0:out:22
shallow_b40_s22443,shallow,0.4,22443,conv.0,9,conv.0:out:9
shallow_b40_s22444,shallow,0.4,22444,conv.0,24,conv.0:out:24
shallow_b40_s22444,shallow,0.4,22444,conv.0,15,conv.0:out:15
shallow_b40_s22444,shallow,0.4,22444,conv.3,83,conv.3:out:83
shallow_b40_s22444,shallow,0.4,22444,conv.3,12,conv.3:out:12
shallow_b40_s22444,shallow,0.4,22444,conv.3,114,conv.3:out:114
shallow_b40_s22444,shallow,0.4,22444,conv.0,49,conv.0:out:49
shallow_b40_s22444,shallow,0.4,22444,conv.0,3,conv.0:out:3
shallow_b40_s22444,shallow,0.4,22444,conv.3,95,conv.3:out:95
shallow_b40_s22444,shallow,0.4,22444,conv.3,55,conv.3:out:55
shallow_b40_s22444,shallow,0.4,22444,conv.3,51,conv.3:out:51
shallow_b40_s22444,shallow,0.4,22444,conv.3,21,conv.3:out:21
shallow_b40_s22444,shallow,0.4,22444,conv.0,60,conv.0:out:60
shallow_b40_s22444,shallow,0.4,22444,conv.3,10,conv.3:out:10
shallow_b40_s22444,shallow,0.4,22444,conv.3,6,conv.3:out:6
shallow_b40_s22444,shallow,0.4,22444,conv.3,118,conv.3:out:118
shallow_b40_s22444,shallow,0.4,22444,conv.3,28,conv.3:out:28
shallow_b40_s22444,shallow,0.4,22444,conv.0,47,conv.0:out:47
shallow_b40_s22444,shallow,0.4,22444,conv.3,9,conv.3:out:9
shallow_b40_s22444,shallow,0.4,22444,conv.3,68,conv.3:out:68
shallow_b40_s22444,shallow,0.4,22444,conv.3,99,conv.3:out:99
shallow_b40_s22444,shallow,0.4,22444,conv.0,25,conv.0:out:25
shallow_b40_s22444,shallow,0.4,22444,conv.3,19,conv.3:out:19
shallow_b40_s22444,shallow,0.4,22444,conv.0,10,conv.0:out:10
shallow_b40_s22444,shallow,0.4,22444,conv.3,41,conv.3:out:41
shallow_b40_s22444,shallow,0.4,22444,conv.3,103,conv.3:out:103
shallow_b40_s22444,shallow,0.4,22444,conv.0,46,conv.0:out:46
shallow_b40_s22444,shallow,0.4,22444,conv.0,16,conv.0:out:16
shallow_b40_s22444,shallow,0.4,22444,conv.0,29,conv.0:out:29
shallow_b40_s22444,shallow,0.4,22444,conv.3,43,conv.3:out:43
shallow_b40_s22444,shallow,0.4,22444,conv.3,33,conv.3:out:33
shallow_b40_s22444,shallow,0.4,22444,conv.3,92,conv.3:out:92
shallow_b40_s22444,shallow,0.4,22444,conv.3,101,conv.3:out:101
shallow_b40_s22444,shallow,0.4,22444,conv.0,52,conv.0:out:52
shallow_b40_s22444,shallow,0.4,22444,conv.3,62,conv.3:out:62
shallow_b40_s22444,shallow,0.4,22444,conv.3,90,conv.3:out:90
shallow_b40_s22444,shallow,0.4,22444,conv.0,59,conv.0:out:59
shallow_b40_s22444,shallow,0.4,22444,conv.0,11,conv.0:out:11
shallow_b40_s22444,shallow,0.4,22444,conv.0,19,conv.0:out:19
shallow_b40_s22444,shallow,0.4,22444,conv.0,27,conv.0:out:27
shallow_b40_s22444,shallow,0.4,22444,conv.3,4,conv.3:out:4
shallow_b40_s22444,shallow,0.4,22444,conv.0,9,conv.0:out:9
shallow_b40_s22445,shallow,0.4,22445,conv.3,47,conv.3:out:47
shallow_b40_s22445,shallow,0.4,22445,conv.0,48,conv.0:out:48
shallow_b40_s22445,shallow,0.4,22445,conv.3,95,conv.3:out:95
shallow_b40_s22445,shallow,0.4,22445,conv.3,96,conv.3:out:96
shallow_b40_s22445,shallow,0.4,22445,conv.3,104,conv.3:out:104
shallow_b40_s22445,shallow,0.4,22445,conv.3,93,conv.3:out:93
shallow_b40_s22445,shallow,0.4,22445,conv.3,36,conv.3:out:36
shallow_b40_s22445,shallow,0.4,22445,conv.3,89,conv.3:out:89
shallow_b40_s22445,shallow,0.4,22445,conv.3,57,conv.3:out:57
shallow_b40_s22445,shallow,0.4,22445,conv.3,56,conv.3:out:56
shallow_b40_s22445,shallow,0.4,22445,conv.3,123,conv.3:out:123
shallow_b40_s22445,shallow,0.4,22445,conv.0,47,conv.0:out:47
shallow_b40_s22445,shallow,0.4,22445,conv.3,58,conv.3:out:58
shallow_b40_s22445,shallow,0.4,22445,conv.0,60,conv.0:out:60
shallow_b40_s22445,shallow,0.4,22445,conv.3,70,conv.3:out:70
shallow_b40_s22445,shallow,0.4,22445,conv.3,63,conv.3:out:63
shallow_b40_s22445,shallow,0.4,22445,conv.3,39,conv.3:out:39
shallow_b40_s22445,shallow,0.4,22445,conv.3,31,conv.3:out:31
shallow_b40_s22445,shallow,0.4,22445,conv.3,32,conv.3:out:32
shallow_b40_s22445,shallow,0.4,22445,conv.0,14,conv.0:out:14
shallow_b40_s22445,shallow,0.4,22445,conv.3,124,conv.3:out:124
shallow_b40_s22445,shallow,0.4,22445,conv.3,12,conv.3:out:12
shallow_b40_s22445,shallow,0.4,22445,conv.3,111,conv.3:out:111
shallow_b40_s22445,shallow,0.4,22445,conv.0,54,conv.0:out:54
shallow_b40_s22445,shallow,0.4,22445,conv.0,10,conv.0:out:10
shallow_b40_s22445,shallow,0.4,22445,conv.0,18,conv.0:out:18
shallow_b40_s22445,shallow,0.4,22445,conv.3,62,conv.3:out:62
shallow_b40_s22445,shallow,0.4,22445,conv.0,49,conv.0:out:49
shallow_b40_s22445,shallow,0.4,22445,conv.3,8,conv.3:out:8
shallow_b40_s22445,shallow,0.4,22445,conv.0,2,conv.0:out:2
shallow_b40_s22445,shallow,0.4,22445,conv.3,108,conv.3:out:108
shallow_b40_s22445,shallow,0.4,22445,conv.3,77,conv.3:out:77
shallow_b40_s22445,shallow,0.4,22445,conv.3,99,conv.3:out:99
shallow_b40_s22445,shallow,0.4,22445,conv.0,32,conv.0:out:32
shallow_b40_s22445,shallow,0.4,22445,conv.3,25,conv.3:out:25
shallow_b40_s22445,shallow,0.4,22445,conv.0,16,conv.0:out:16
shallow_b40_s22445,shallow,0.4,22445,conv.3,125,conv.3:out:125
shallow_b40_s22445,shallow,0.4,22445,conv.3,97,conv.3:out:97
shallow_b40_s22445,shallow,0.4,22445,conv.3,9,conv.3:out:9
shallow_b40_s22445,shallow,0.4,22445,conv.0,34,conv.0:out:34
shallow_b40_s22445,shallow,0.4,22445,conv.3,15,conv.3:out:15
shallow_b40_s22445,shallow,0.4,22445,conv.3,29,conv.3:out:29
shallow_b40_s22445,shallow,0.4,22445,conv.0,39,conv.0:out:39
shallow_b40_s22445,shallow,0.4,22445,conv.0,55,conv.0:out:55
shallow_b40_s22446,shallow,0.4,22446,conv.3,41,conv.3:out:41
shallow_b40_s22446,shallow,0.4,22446,conv.0,52,conv.0:out:52
shallow_b40_s22446,shallow,0.4,22446,conv.3,31,conv.3:out:31
shallow_b40_s22446,shallow,0.4,22446,conv.3,29,conv.3:out:29
shallow_b40_s22446,shallow,0.4,22446,conv.3,54,conv.3:out:54
shallow_b40_s22446,shallow,0.4,22446,conv.3,123,conv.3:out:123
shallow_b40_s22446,shallow,0.4,22446,conv.3,16,conv.3:out:16
shallow_b40_s22446,shallow,0.4,22446,conv.3,93,conv.3:out:93
shallow_b40_s22446,shallow,0.4,22446,conv.3,65,conv.3:out:65
shallow_b40_s22446,shallow,0.4,22446,conv.3,47,conv.3:out:47
shallow_b40_s22446,shallow,0.4,22446,conv.3,32,conv.3:out:32
shallow_b40_s22446,shallow,0.4,22446,conv.3,105,conv.3:out:105
shallow_b40_s22446,shallow,0.4,22446,conv.3,85,conv.3:out:85
shallow_b40_s22446,shallow,0.4,22446,conv.0,16,conv.0:out:16
shallow_b40_s22446,shallow,0.4,22446,conv.0,26,conv.0:out:26
shallow_b40_s22446,shallow,0.4,22446,conv.3,44,conv.3:out:44
shallow_b40_s22446,shallow,0.4,22446,conv.3,36,conv.3:out:36
shallow_b40_s22446,shallow,0.4,22446,conv.3,78,conv.3:out:78
shallow_b40_s22446,shallow,0.4,22446,conv.3,66,conv.3:out:66
shallow_b40_s22446,shallow,0.4,22446,conv.3,111,conv.3:out:111
shallow_b40_s22446,shallow,0.4,22446,conv.3,68,conv.3:out:68
shallow_b40_s22446,shallow,0.4,22446,conv.3,7,conv.3:out:7
shallow_b40_s22446,shallow,0.4,22446,conv.3,107,conv.3:out:107
shallow_b40_s22446,shallow,0.4,22446,conv.0,57,conv.0:out:57
shallow_b40_s22446,shallow,0.4,22446,conv.3,15,conv.3:out:15
shallow_b40_s22446,shallow,0.4,22446,conv.3,124,conv.3:out:124
shallow_b40_s22446,shallow,0.4,22446,conv.0,11,conv.0:out:11
shallow_b40_s22446,shallow,0.4,22446,conv.3,103,conv.3:out:103
shallow_b40_s22446,shallow,0.4,22446,conv.3,108,conv.3:out:108
shallow_b40_s22446,shallow,0.4,22446,conv.0,17,conv.0:out:17
shallow_b40_s22446,shallow,0.4,22446,conv.0,61,conv.0:out:61
shallow_b40_s22446,shallow,0.4,22446,conv.3,58,conv.3:out:58
shallow_b40_s22446,shallow,0.4,22446,conv.0,8,conv.0:out:8
shallow_b40_s22446,shallow,0.4,22446,conv.3,92,conv.3:out:92
shallow_b40_s22446,shallow,0.4,22446,conv.3,37,conv.3:out:37
shallow_b40_s22446,shallow,0.4,22446,conv.0,1,conv.0:out:1
shallow_b40_s22446,shallow,0.4,22446,conv.0,6,conv.0:out:6
shallow_b40_s22446,shallow,0.4,22446,conv.0,31,conv.0:out:31
shallow_b40_s22446,shallow,0.4,22446,conv.3,90,conv.3:out:90
shallow_b40_s22446,shallow,0.4,22446,conv.3,34,conv.3:out:34
shallow_b40_s22446,shallow,0.4,22446,conv.3,81,conv.3:out:81
shallow_b40_s22446,shallow,0.4,22446,conv.3,76,conv.3:out:76
shallow_b40_s22446,shallow,0.4,22446,conv.3,28,conv.3:out:28
shallow_b40_s22446,shallow,0.4,22446,conv.0,54,conv.0:out:54
shallow_b40_s22446,shallow,0.4,22446,conv.3,69,conv.3:out:69
shallow_b40_s22446,shallow,0.4,22446,conv.3,84,conv.3:out:84
shallow_b40_s22447,shallow,0.4,22447,conv.3,102,conv.3:out:102
shallow_b40_s22447,shallow,0.4,22447,conv.3,32,conv.3:out:32
shallow_b40_s22447,shallow,0.4,22447,conv.0,40,conv.0:out:40
shallow_b40_s22447,shallow,0.4,22447,conv.3,7,conv.3:out:7
shallow_b40_s22447,shallow,0.4,22447,conv.3,90,conv.3:out:90
shallow_b40_s22447,shallow,0.4,22447,conv.3,14,conv.3:out:14
shallow_b40_s22447,shallow,0.4,22447,conv.3,56,conv.3:out:56
shallow_b40_s22447,shallow,0.4,22447,conv.3,79,conv.3:out:79
shallow_b40_s22447,shallow,0.4,22447,conv.3,74,conv.3:out:74
shallow_b40_s22447,shallow,0.4,22447,conv.3,49,conv.3:out:49
shallow_b40_s22447,shallow,0.4,22447,conv.0,58,conv.0:out:58
shallow_b40_s22447,shallow,0.4,22447,conv.3,115,conv.3:out:115
shallow_b40_s22447,shallow,0.4,22447,conv.0,32,conv.0:out:32
shallow_b40_s22447,shallow,0.4,22447,conv.3,72,conv.3:out:72
shallow_b40_s22447,shallow,0.4,22447,conv.3,93,conv.3:out:93
shallow_b40_s22447,shallow,0.4,22447,conv.3,29,conv.3:out:29
shallow_b40_s22447,shallow,0.4,22447,conv.3,108,conv.3:out:108
shallow_b40_s22447,shallow,0.4,22447,conv.3,36,conv.3:out:36
shallow_b40_s22447,shallow,0.4,22447,conv.3,112,conv.3:out:112
shallow_b40_s22447,shallow,0.4,22447,conv.0,28,conv.0:out:28
shallow_b40_s22447,shallow,0.4,22447,conv.3,99,conv.3:out:99
shallow_b40_s22447,shallow,0.4,22447,conv.3,41,conv.3:out:41
shallow_b40_s22447,shallow,0.4,22447,conv.0,52,conv.0:out:52
shallow_b40_s22447,shallow,0.4,22447,conv.3,118,conv.3:out:118
shallow_b40_s22447,shallow,0.4,22447,conv.0,35,conv.0:out:35
shallow_b40_s22447,shallow,0.4,22447,conv.0,4,conv.0:out:4
shallow_b40_s22447,shallow,0.4,22447,conv.3,120,conv.3:out:120
shallow_b40_s22447,shallow,0.4,22447,conv.3,34,conv.3:out:34
shallow_b40_s22447,shallow,0.4,22447,conv.3,91,conv.3:out:91
shallow_b40_s22447,shallow,0.4,22447,conv.0,8,conv.0:out:8
shallow_b40_s22447,shallow,0.4,22447,conv.0,44,conv.0:out:44
shallow_b40_s22447,shallow,0.4,22447,conv.3,82,conv.3:out:82
shallow_b40_s22447,shallow,0.4,22447,conv.0,21,conv.0:out:21
shallow_b40_s22447,shallow,0.4,22447,conv.0,9,conv.0:out:9
shallow_b40_s22447,shallow,0.4,22447,conv.0,62,conv.0:out:62
shallow_b40_s22447,shallow,0.4,22447,conv.3,30,conv.3:out:30
shallow_b40_s22447,shallow,0.4,22447,conv.3,57,conv.3:out:57
shallow_b40_s22447,shallow,0.4,22447,conv.3,114,conv.3:out:114
shallow_b40_s22447,shallow,0.4,22447,conv.3,17,conv.3:out:17
shallow_b40_s22447,shallow,0.4,22447,conv.3,15,conv.3:out:15
shallow_b40_s22447,shallow,0.4,22447,conv.3,125,conv.3:out:125
shallow_b40_s22447,shallow,0.4,22447,conv.3,62,conv.3:out:62
shallow_b40_s22447,shallow,0.4,22447,conv.0,24,conv.0:out:24
shallow_b40_s22447,shallow,0.4,22447,conv.3,3,conv.3:out:3
shallow_b40_s22447,shallow,0.4,22447,conv.3,24,conv.3:out:24
shallow_b40_s22448,shallow,0.4,22448,conv.3,117,conv.3:out:117
shallow_b40_s22448,shallow,0.4,22448,conv.3,31,conv.3:out:31
shallow_b40_s22448,shallow,0.4,22448,conv.0,55,conv.0:out:55
shallow_b40_s22448,shallow,0.4,22448,conv.3,107,conv.3:out:107
shallow_b40_s22448,shallow,0.4,22448,conv.3,87,conv.3:out:87
shallow_b40_s22448,shallow,0.4,22448,conv.3,126,conv.3:out:126
shallow_b40_s22448,shallow,0.4,22448,conv.3,112,conv.3:out:112
shallow_b40_s22448,shallow,0.4,22448,conv.0,26,conv.0:out:26
shallow_b40_s22448,shallow,0.4,22448,conv.0,10,conv.0:out:10
shallow_b40_s22448,shallow,0.4,22448,conv.0,14,conv.0:out:14
shallow_b40_s22448,shallow,0.4,22448,conv.3,75,conv.3:out:75
shallow_b40_s22448,shallow,0.4,22448,conv.0,7,conv.0:out:7
shallow_b40_s22448,shallow,0.4,22448,conv.3,66,conv.3:out:66
shallow_b40_s22448,shallow,0.4,22448,conv.3,119,conv.3:out:119
shallow_b40_s22448,shallow,0.4,22448,conv.3,15,conv.3:out:15
shallow_b40_s22448,shallow,0.4,22448,conv.3,28,conv.3:out:28
shallow_b40_s22448,shallow,0.4,22448,conv.3,26,conv.3:out:26
shallow_b40_s22448,shallow,0.4,22448,conv.0,12,conv.0:out:12
shallow_b40_s22448,shallow,0.4,22448,conv.3,98,conv.3:out:98
shallow_b40_s22448,shallow,0.4,22448,conv.3,89,conv.3:out:89
shallow_b40_s22448,shallow,0.4,22448,conv.3,70,conv.3:out:70
shallow_b40_s22448,shallow,0.4,22448,conv.3,108,conv.3:out:108
shallow_b40_s22448,shallow,0.4,22448,conv.0,59,conv.0:out:59
shallow_b40_s22448,shallow,0.4,22448,conv.3,11,conv.3:out:11
shallow_b40_s22448,shallow,0.4,22448,conv.3,52,conv.3:out:52
shallow_b40_s22448,shallow,0.4,22448,conv.0,40,conv.0:out:40
shallow_b40_s22448,shallow,0.4,22448,conv.3,14,conv.3:out:14
shallow_b40_s22448,shallow,0.4,22448,conv.3,111,conv.3:out:111
shallow_b40_s22448,shallow,0.4,22448,conv.3,49,conv.3:out:49
shallow_b40_s22448,shallow,0.4,22448,conv.3,99,conv.3:out:99
shallow_b40_s22448,shallow,0.4,22448,conv.3,41,conv.3:out:41
shallow_b40_s22448,shallow,0.4,22448,conv.3,56,conv.3:out:56
shallow_b40_s22448,shallow,0.4,22448,conv.3,17,conv.3:out:17
shallow_b40_s22448,shallow,0.4,22448,conv.3,85,conv.3:out:85
shallow_b40_s22448,shallow,0.4,22448,conv.3,78,conv.3:out:78
shallow_b40_s22448,shallow,0.4,22448,conv.0,28,conv.0:out:28
shallow_b40_s22448,shallow,0.4,22448,conv.3,67,conv.3:out:67
shallow_b40_s22448,shallow,0.4,22448,conv.0,9,conv.0:out:9
shallow_b40_s22448,shallow,0.4,22448,conv.0,63,conv.0:out:63
shallow_b40_s22448,shallow,0.4,22448,conv.0,22,conv.0:out:22
shallow_b40_s22448,shallow,0.4,22448,conv.3,51,conv.3:out:51
shallow_b40_s22448,shallow,0.4,22448,conv.0,62,conv.0:out:62
shallow_b40_s22448,shallow,0.4,22448,conv.0,16,conv.0:out:16
shallow_b40_s22448,shallow,0.4,22448,conv.3,101,conv.3:out:101
shallow_b40_s22449,shallow,0.4,22449,conv.3,122,conv.3:out:122
shallow_b40_s22449,shallow,0.4,22449,conv.0,45,conv.0:out:45
shallow_b40_s22449,shallow,0.4,22449,conv.3,27,conv.3:out:27
shallow_b40_s22449,shallow,0.4,22449,conv.3,49,conv.3:out:49
shallow_b40_s22449,shallow,0.4,22449,conv.3,118,conv.3:out:118
shallow_b40_s22449,shallow,0.4,22449,conv.0,46,conv.0:out:46
shallow_b40_s22449,shallow,0.4,22449,conv.3,9,conv.3:out:9
shallow_b40_s22449,shallow,0.4,22449,conv.0,5,conv.0:out:5
shallow_b40_s22449,shallow,0.4,22449,conv.3,44,conv.3:out:44
shallow_b40_s22449,shallow,0.4,22449,conv.3,63,conv.3:out:63
shallow_b40_s22449,shallow,0.4,22449,conv.0,36,conv.0:out:36
shallow_b40_s22449,shallow,0.4,22449,conv.0,17,conv.0:out:17
shallow_b40_s22449,shallow,0.4,22449,conv.3,15,conv.3:out:15
shallow_b40_s22449,shallow,0.4,22449,conv.0,10,conv.0:out:10
shallow_b40_s22449,shallow,0.4,22449,conv.0,61,conv.0:out:61
shallow_b40_s22449,shallow,0.4,22449,conv.3,106,conv.3:out:106
shallow_b40_s22449,shallow,0.4,22449,conv.3,91,conv.3:out:91
shallow_b40_s22449,shallow,0.4,22449,conv.3,62,conv.3:out:62
shallow_b40_s22449,shallow,0.4,22449,conv.3,29,conv.3:out:29
shallow_b40_s22449,shallow,0.4,22449,conv.0,21,conv.0:out:21
shallow_b40_s22449,shallow,0.4,22449,conv.0,42,conv.0:out:42
shallow_b40_s22449,shallow,0.4,22449,conv.3,13,conv.3:out:13
shallow_b40_s22449,shallow,0.4,22449,conv.3,125,conv.3:out:125
shallow_b40_s22449,shallow,0.4,22449,conv.3,43,conv.3:out:43
shallow_b40_s22449,shallow,0.4,22449,conv.3,69,conv.3:out:69
shallow_b40_s22449,shallow,0.4,22449,conv.3,56,conv.3:out:56
shallow_b40_s22449,shallow,0.4,22449,conv.3,37,conv.3:out:37
shallow_b40_s22449,shallow,0.4,22449,conv.0,55,conv.0:out:55
shallow_b40_s22449,shallow,0.4,22449,conv.3,102,conv.3:out:102
shallow_b40_s22449,shallow,0.4,22449,conv.0,16,conv.0:out:16
shallow_b40_s22449,shallow,0.4,22449,conv.0,40,conv.0:out:40
shallow_b40_s22449,shallow,0.4,22449,conv.3,36,conv.3:out:36
shallow_b40_s22449,shallow,0.4,22449,conv.3,90,conv.3:out:90
shallow_b40_s22449,shallow,0.4,22449,conv.3,86,conv.3:out:86
shallow_b40_s22449,shallow,0.4,22449,conv.0,57,conv.0:out:57
shallow_b40_s22449,shallow,0.4,22449,conv.3,18,conv.3:out:18
shallow_b40_s22449,shallow,0.4,22449,conv.3,4,conv.3:out:4
shallow_b40_s22449,shallow,0.4,22449,conv.3,93,conv.3:out:93
shallow_b40_s22449,shallow,0.4,22449,conv.3,16,conv.3:out:16
shallow_b40_s22449,shallow,0.4,22449,conv.0,63,conv.0:out:63
shallow_b40_s22449,shallow,0.4,22449,conv.3,77,conv.3:out:77
shallow_b40_s22449,shallow,0.4,22449,conv.3,73,conv.3:out:73
shallow_b40_s22449,shallow,0.4,22449,conv.0,53,conv.0:out:53
shallow_b40_s22450,shallow,0.4,22450,conv.0,8,conv.0:out:8
shallow_b40_s22450,shallow,0.4,22450,conv.3,25,conv.3:out:25
shallow_b40_s22450,shallow,0.4,22450,conv.3,54,conv.3:out:54
shallow_b40_s22450,shallow,0.4,22450,conv.0,13,conv.0:out:13
shallow_b40_s22450,shallow,0.4,22450,conv.3,50,conv.3:out:50
shallow_b40_s22450,shallow,0.4,22450,conv.3,78,conv.3:out:78
shallow_b40_s22450,shallow,0.4,22450,conv.3,53,conv.3:out:53
shallow_b40_s22450,shallow,0.4,22450,conv.3,85,conv.3:out:85
shallow_b40_s22450,shallow,0.4,22450,conv.3,101,conv.3:out:101
shallow_b40_s22450,shallow,0.4,22450,conv.0,56,conv.0:out:56
shallow_b40_s22450,shallow,0.4,22450,conv.0,57,conv.0:out:57
shallow_b40_s22450,shallow,0.4,22450,conv.3,88,conv.3:out:88
shallow_b40_s22450,shallow,0.4,22450,conv.0,18,conv.0:out:18
shallow_b40_s22450,shallow,0.4,22450,conv.3,99,conv.3:out:99
shallow_b40_s22450,shallow,0.4,22450,conv.0,26,conv.0:out:26
shallow_b40_s22450,shallow,0.4,22450,conv.3,48,conv.3:out:48
shallow_b40_s22450,shallow,0.4,22450,conv.3,105,conv.3:out:105
shallow_b40_s22450,shallow,0.4,22450,conv.3,94,conv.3:out:94
shallow_b40_s22450,shallow,0.4,22450,conv.0,53,conv.0:out:53
shallow_b40_s22450,shallow,0.4,22450,conv.3,3,conv.3:out:3
shallow_b40_s22450,shallow,0.4,22450,conv.3,38,conv.3:out:38
shallow_b40_s22450,shallow,0.4,22450,conv.3,91,conv.3:out:91
shallow_b40_s22450,shallow,0.4,22450,conv.0,9,conv.0:out:9
shallow_b40_s22450,shallow,0.4,22450,conv.3,68,conv.3:out:68
shallow_b40_s22450,shallow,0.4,22450,conv.3,58,conv.3:out:58
shallow_b40_s22450,shallow,0.4,22450,conv.3,17,conv.3:out:17
shallow_b40_s22450,shallow,0.4,22450,conv.3,6,conv.3:out:6
shallow_b40_s22450,shallow,0.4,22450,conv.3,87,conv.3:out:87
shallow_b40_s22450,shallow,0.4,22450,conv.0,2,conv.0:out:2
shallow_b40_s22450,shallow,0.4,22450,conv.0,20,conv.0:out:20
shallow_b40_s22450,shallow,0.4,22450,conv.3,76,conv.3:out:76
shallow_b40_s22450,shallow,0.4,22450,conv.0,16,conv.0:out:16
shallow_b40_s22450,shallow,0.4,22450,conv.3,35,conv.3:out:35
shallow_b40_s22450,shallow,0.4,22450,conv.3,64,conv.3:out:64
shallow_b40_s22450,shallow,0.4,22450,conv.3,120,conv.3:out:120
shallow_b40_s22450,shallow,0.4,22450,conv.3,56,conv.3:out:56
shallow_b40_s22450,shallow,0.4,22450,conv.3,121,conv.3:out:121
shallow_b40_s22450,shallow,0.4,22450,conv.0,30,conv.0:out:30
shallow_b40_s22450,shallow,0.4,22450,conv.3,4,conv.3:out:4
shallow_b40_s22450,shallow,0.4,22450,conv.3,11,conv.3:out:11
shallow_b40_s22450,shallow,0.4,22450,conv.0,31,conv.0:out:31
shallow_b40_s22450,shallow,0.4,22450,conv.0,43,conv.0:out:43
shallow_b40_s22450,shallow,0.4,22450,conv.3,45,conv.3:out:45
shallow_b40_s22450,shallow,0.4,22450,conv.0,32,conv.0:out:32
shallow_b40_s22451,shallow,0.4,22451,conv.0,63,conv.0:out:63
shallow_b40_s22451,shallow,0.4,22451,conv.0,47,conv.0:out:47
shallow_b40_s22451,shallow,0.4,22451,conv.3,17,conv.3:out:17
shallow_b40_s22451,shallow,0.4,22451,conv.3,103,conv.3:out:103
shallow_b40_s22451,shallow,0.4,22451,conv.3,54,conv.3:out:54
shallow_b40_s22451,shallow,0.4,22451,conv.3,30,conv.3:out:30
shallow_b40_s22451,shallow,0.4,22451,conv.3,39,conv.3:out:39
shallow_b40_s22451,shallow,0.4,22451,conv.0,14,conv.0:out:14
shallow_b40_s22451,shallow,0.4,22451,conv.0,11,conv.0:out:11
shallow_b40_s22451,shallow,0.4,22451,conv.3,8,conv.3:out:8
shallow_b40_s22451,shallow,0.4,22451,conv.3,45,conv.3:out:45
shallow_b40_s22451,shallow,0.4,22451,conv.3,18,conv.3:out:18
shallow_b40_s22451,shallow,0.4,22451,conv.3,15,conv.3:out:15
shallow_b40_s22451,shallow,0.4,22451,conv.3,6,conv.3:out:6
shallow_b40_s22451,shallow,0.4,22451,conv.3,48,conv.3:out:48
shallow_b40_s22451,shallow,0.4,22451,conv.3,115,conv.3:out:115
shallow_b40_s22451,shallow,0.4,22451,conv.0,30,conv.0:out:30
shallow_b40_s22451,shallow,0.4,22451,conv.0,29,conv.0:out:29
shallow_b40_s22451,shallow,0.4,22451,conv.3,82,conv.3:out:82
shallow_b40_s22451,shallow,0.4,22451,conv.3,73,conv.3:out:73
shallow_b40_s22451,shallow,0.4,22451,conv.3,78,conv.3:out:78
shallow_b40_s22451,shallow,0.4,22451,conv.3,50,conv.3:out:50
shallow_b40_s22451,shallow,0.4,22451,conv.3,32,conv.3:out:32
shallow_b40_s22451,shallow,0.4,22451,conv.3,2,conv.3:out:2
shallow_b40_s22451,shallow,0.4,22451,conv.3,92,conv.3:out:92
shallow_b40_s22451,shallow,0.4,22451,conv.3,55,conv.3:out:55
shallow_b40_s22451,shallow,0.4,22451,conv.3,61,conv.3:out:61
shallow_b40_s22451,shallow,0.4,22451,conv.3,99,conv.3:out:99
shallow_b40_s22451,shallow,0.4,22451,conv.3,118,conv.3:out:118
shallow_b40_s22451,shallow,0.4,22451,conv.0,61,conv.0:out:61
shallow_b40_s22451,shallow,0.4,22451,conv.3,68,conv.3:out:68
shallow_b40_s22451,shallow,0.4,22451,conv.0,46,conv.0:out:46
shallow_b40_s22451,shallow,0.4,22451,conv.0,24,conv.0:out:24
shallow_b40_s22451,shallow,0.4,22451,conv.3,94,conv.3:out:94
shallow_b40_s22451,shallow,0.4,22451,conv.3,97,conv.3:out:97
shallow_b40_s22451,shallow,0.4,22451,conv.3,43,conv.3:out:43
shallow_b40_s22451,shallow,0.4,22451,conv.3,1,conv.3:out:1
shallow_b40_s22451,shallow,0.4,22451,conv.3,127,conv.3:out:127
shallow_b40_s22451,shallow,0.4,22451,conv.3,108,conv.3:out:108
shallow_b40_s22451,shallow,0.4,22451,conv.3,98,conv.3:out:98
shallow_b40_s22451,shallow,0.4,22451,conv.3,93,conv.3:out:93
shallow_b40_s22451,shallow,0.4,22451,conv.3,69,conv.3:out:69
shallow_b40_s22451,shallow,0.4,22451,conv.3,122,conv.3:out:122
shallow_b40_s22451,shallow,0.4,22451,conv.3,113,conv.3:out:113
shallow_b40_s22451,shallow,0.4,22451,conv.3,81,conv.3:out:81
shallow_b40_s22451,shallow,0.4,22451,conv.0,48,conv.0:out:48
shallow_b40_s22451,shallow,0.4,22451,conv.3,87,conv.3:out:87
shallow_b40_s22452,shallow,0.4,22452,conv.0,51,conv.0:out:51
shallow_b40_s22452,shallow,0.4,22452,conv.0,44,conv.0:out:44
shallow_b40_s22452,shallow,0.4,22452,conv.3,91,conv.3:out:91
shallow_b40_s22452,shallow,0.4,22452,conv.3,110,conv.3:out:110
shallow_b40_s22452,shallow,0.4,22452,conv.3,66,conv.3:out:66
shallow_b40_s22452,shallow,0.4,22452,conv.3,19,conv.3:out:19
shallow_b40_s22452,shallow,0.4,22452,conv.3,33,conv.3:out:33
shallow_b40_s22452,shallow,0.4,22452,conv.3,107,conv.3:out:107
shallow_b40_s22452,shallow,0.4,22452,conv.0,18,conv.0:out:18
shallow_b40_s22452,shallow,0.4,22452,conv.3,51,conv.3:out:51
shallow_b40_s22452,shallow,0.4,22452,conv.3,9,conv.3:out:9
shallow_b40_s22452,shallow,0.4,22452,conv.3,115,conv.3:out:115
shallow_b40_s22452,shallow,0.4,22452,conv.3,124,conv.3:out:124
shallow_b40_s22452,shallow,0.4,22452,conv.3,44,conv.3:out:44
shallow_b40_s22452,shallow,0.4,22452,conv.0,20,conv.0:out:20
shallow_b40_s22452,shallow,0.4,22452,conv.0,11,conv.0:out:11
shallow_b40_s22452,shallow,0.4,22452,conv.0,40,conv.0:out:40
shallow_b40_s22452,shallow,0.4,22452,conv.3,98,conv.3:out:98
shallow_b40_s22452,shallow,0.4,22452,conv.3,85,conv.3:out:85
shallow_b40_s22452,shallow,0.4,22452,conv.0,27,conv.0:out:27
shallow_b40_s22452,shallow,0.4,22452,conv.0,25,conv.0:out:25
shallow_b40_s22452,shallow,0.4,22452,conv.3,111,conv.3:out:111
shallow_b40_s22452,shallow,0.4,22452,conv.3,5,conv.3:out:5
shallow_b40_s22452,shallow,0.4,22452,conv.0,39,conv.0:out:39
shallow_b40_s22452,shallow,0.4,22452,conv.3,121,conv.3:out:121
shallow_b40_s22452,shallow,0.4,22452,conv.0,63,conv.0:out:63
shallow_b40_s22452,shallow,0.4,22452,conv.0,14,conv.0:out:14
shallow_b40_s22452,shallow,0.4,22452,conv.3,46,conv.3:out:46
shallow_b40_s22452,shallow,0.4,22452,conv.3,27,conv.3:out:27
shallow_b40_s22452,shallow,0.4,22452,conv.3,32,conv.3:out:32
shallow_b40_s22452,shallow,0.4,22452,conv.0,7,conv.0:out:7
shallow_b40_s22452,shallow,0.4,22452,conv.0,50,conv.0:out:50
shallow_b40_s22452,shallow,0.4,22452,conv.3,16,conv.3:out:16
shallow_b40_s22452,shallow,0.4,22452,conv.3,37,conv.3:out:37
shallow_b40_s22452,shallow,0.4,22452,conv.0,43,conv.0:out:43
shallow_b40_s22452,shallow,0.4,22452,conv.0,30,conv.0:out:30
shallow_b40_s22452,shallow,0.4,22452,conv.3,101,conv.3:out:101
shallow_b40_s22452,shallow,0.4,22452,conv.3,126,conv.3:out:126
shallow_b40_s22452,shallow,0.4,22452,conv.0,53,conv.0:out:53
shallow_b40_s22452,shallow,0.4,22452,conv.3,72,conv.3:out:72
shallow_b40_s22452,shallow,0.4,22452,conv.3,35,conv.3:out:35
shallow_b40_s22453,shallow,0.4,22453,conv.0,31,conv.0:out:31
shallow_b40_s22453,shallow,0.4,22453,conv.3,27,conv.3:out:27
shallow_b40_s22453,shallow,0.4,22453,conv.3,103,conv.3:out:103
shallow_b40_s22453,shallow,0.4,22453,conv.3,97,conv.3:out:97
shallow_b40_s22453,shallow,0.4,22453,conv.0,60,conv.0:out:60
shallow_b40_s22453,shallow,0.4,22453,conv.3,67,conv.3:out:67
shallow_b40_s22453,shallow,0.4,22453,conv.3,119,conv.3:out:119
shallow_b40_s22453,shallow,0.4,22453,conv.3,65,conv.3:out:65
shallow_b40_s22453,shallow,0.4,22453,conv.3,110,conv.3:out:110
shallow_b40_s22453,shallow,0.4,22453,conv.3,26,conv.3:out:26
shallow_b40_s22453,shallow,0.4,22453,conv.3,70,conv.3:out:70
shallow_b40_s22453,shallow,0.4,22453,conv.3,74,conv.3:out:74
shallow_b40_s22453,shallow,0.4,22453,conv.3,121,conv.3:out:121
shallow_b40_s22453,shallow,0.4,22453,conv.0,50,conv.0:out:50
shallow_b40_s22453,shallow,0.4,22453,conv.0,13,conv.0:out:13
shallow_b40_s22453,shallow,0.4,22453,conv.3,90,conv.3:out:90
shallow_b40_s22453,shallow,0.4,22453,conv.0,54,conv.0:out:54
shallow_b40_s22453,shallow,0.4,22453,conv.3,52,conv.3:out:52
shallow_b40_s22453,shallow,0.4,22453,conv.0,20,conv.0:out:20
shallow_b40_s22453,shallow,0.4,22453,conv.3,4,conv.3:out:4
shallow_b40_s22453,shallow,0.4,22453,conv.3,81,conv.3:out:81
shallow_b40_s22453,shallow,0.4,22453,conv.3,48,conv.3:out:48
shallow_b40_s22453,shallow,0.4,22453,conv.3,15,conv.3:out:15
shallow_b40_s22453,shallow,0.4,22453,conv.3,29,conv.3:out:29
shallow_b40_s22453,shallow,0.4,22453,conv.3,10,conv.3:out:10
shallow_b40_s22453,shallow,0.4,22453,conv.3,16,conv.3:out:16
shallow_b40_s22453,shallow,0.4,22453,conv.3,23,conv.3:out:23
shallow_b40_s22453,shallow,0.4,22453,conv.3,40,conv.3:out:40
shallow_b40_s22453,shallow,0.4,22453,conv.3,71,conv.3:out:71
shallow_b40_s22453,shallow,0.4,22453,conv.0,8,conv.0:out:8
shallow_b40_s22453,shallow,0.4,22453,conv.0,51,conv.0:out:51
shallow_b40_s22453,shallow,0.4,22453,conv.0,22,conv.0:out:22
shallow_b40_s22453,shallow,0.4,22453,conv.3,5,conv.3:out:5
shallow_b40_s22453,shallow,0.4,22453,conv.3,7,conv.3:out:7
shallow_b40_s22453,shallow,0.4,22453,conv.3,19,conv.3:out:19
shallow_b40_s22453,shallow,0.4,22453,conv.3,20,conv.3:out:20
shallow_b40_s22453,shallow,0.4,22453,conv.3,30,conv.3:out:30
shallow_b40_s22453,shallow,0.4,22453,conv.3,50,conv.3:out:50
shallow_b40_s22453,shallow,0.4,22453,conv.0,4,conv.0:out:4
shallow_b40_s22453,shallow,0.4,22453,conv.3,73,conv.3:out:73
shallow_b40_s22453,shallow,0.4,22453,conv.3,98,conv.3:out:98
shallow_b40_s22453,shallow,0.4,22453,conv.3,0,conv.3:out:0
shallow_b40_s22453,shallow,0.4,22453,conv.3,106,conv.3:out:106
shallow_b40_s22453,shallow,0.4,22453,conv.3,54,conv.3:out:54
shallow_b40_s22453,shallow,0.4,22453,conv.3,124,conv.3:out:124
shallow_b40_s22453,shallow,0.4,22453,conv.3,78,conv.3:out:78
shallow_b40_s22453,shallow,0.4,22453,conv.0,3,conv.0:out:3
shallow_b40_s22454,shallow,0.4,22454,conv.3,15,conv.3:out:15
shallow_b40_s22454,shallow,0.4,22454,conv.0,7,conv.0:out:7
shallow_b40_s22454,shallow,0.4,22454,conv.3,127,conv.3:out:127
shallow_b40_s22454,shallow,0.4,22454,conv.0,39,conv.0:out:39
shallow_b40_s22454,shallow,0.4,22454,conv.0,43,conv.0:out:43
shallow_b40_s22454,shallow,0.4,22454,conv.3,80,conv.3:out:80
shallow_b40_s22454,shallow,0.4,22454,conv.0,26,conv.0:out:26
shallow_b40_s22454,shallow,0.4,22454,conv.0,38,conv.0:out:38
shallow_b40_s22454,shallow,0.4,22454,conv.3,85,conv.3:out:85
shallow_b40_s22454,shallow,0.4,22454,conv.3,22,conv.3:out:22
shallow_b40_s22454,shallow,0.4,22454,conv.0,45,conv.0:out:45
shallow_b40_s22454,shallow,0.4,22454,conv.3,117,conv.3:out:117
shallow_b40_s22454,shallow,0.4,22454,conv.3,0,conv.3:out:0
shallow_b40_s22454,shallow,0.4,22454,conv.0,60,conv.0:out:60
shallow_b40_s22454,shallow,0.4,22454,conv.3,79,conv.3:out:79
shallow_b40_s22454,shallow,0.4,22454,conv.0,32,conv.0:out:32
shallow_b40_s22454,shallow,0.4,22454,conv.0,57,conv.0:out:57
shallow_b40_s22454,shallow,0.4,22454,conv.3,109,conv.3:out:109
shallow_b40_s22454,shallow,0.4,22454,conv.3,21,conv.3:out:21
shallow_b40_s22454,shallow,0.4,22454,conv.0,24,conv.0:out:24
shallow_b40_s22454,shallow,0.4,22454,conv.0,47,conv.0:out:47
shallow_b40_s22454,shallow,0.4,22454,conv.0,8,conv.0:out:8
shallow_b40_s22454,shallow,0.4,22454,conv.0,16,conv.0:out:16
shallow_b40_s22454,shallow,0.4,22454,conv.3,98,conv.3:out:98
shallow_b40_s22454,shallow,0.4,22454,conv.0,50,conv.0:out:50
shallow_b40_s22454,shallow,0.4,22454,conv.3,59,conv.3:out:59
shallow_b40_s22454,shallow,0.4,22454,conv.0,61,conv.0:out:61
shallow_b40_s22454,shallow,0.4,22454,conv.3,125,conv.3:out:125
shallow_b40_s22454,shallow,0.4,22454,conv.3,102,conv.3:out:102
shallow_b40_s22454,shallow,0.4,22454,conv.3,91,conv.3:out:91
shallow_b40_s22454,shallow,0.4,22454,conv.3,119,conv.3:out:119
shallow_b40_s22454,shallow,0.4,22454,conv.3,112,conv.3:out:112
shallow_b40_s22454,shallow,0.4,22454,conv.3,60,conv.3:out:60
shallow_b40_s22454,shallow,0.4,22454,conv.3,23,conv.3:out:23
shallow_b40_s22454,shallow,0.4,22454,conv.3,120,conv.3:out:120
shallow_b40_s22454,shallow,0.4,22454,conv.3,4,conv.3:out:4
shallow_b40_s22454,shallow,0.4,22454,conv.0,30,conv.0:out:30
shallow_b40_s22454,shallow,0.4,22454,conv.3,53,conv.3:out:53
shallow_b40_s22454,shallow,0.4,22454,conv.3,76,conv.3:out:76
shallow_b40_s22454,shallow,0.4,22454,conv.3,89,conv.3:out:89
shallow_b40_s22454,shallow,0.4,22454,conv.3,90,conv.3:out:90
shallow_b40_s22455,shallow,0.4,22455,conv.0,35,conv.0:out:35
shallow_b40_s22455,shallow,0.4,22455,conv.3,73,conv.3:out:73
shallow_b40_s22455,shallow,0.4,22455,conv.3,29,conv.3:out:29
shallow_b40_s22455,shallow,0.4,22455,conv.0,59,conv.0:out:59
shallow_b40_s22455,shallow,0.4,22455,conv.3,100,conv.3:out:100
shallow_b40_s22455,shallow,0.4,22455,conv.3,53,conv.3:out:53
shallow_b40_s22455,shallow,0.4,22455,conv.3,52,conv.3:out:52
shallow_b40_s22455,shallow,0.4,22455,conv.0,39,conv.0:out:39
shallow_b40_s22455,shallow,0.4,22455,conv.3,125,conv.3:out:125
shallow_b40_s22455,shallow,0.4,22455,conv.3,54,conv.3:out:54
shallow_b40_s22455,shallow,0.4,22455,conv.0,32,conv.0:out:32
shallow_b40_s22455,shallow,0.4,22455,conv.3,122,conv.3:out:122
shallow_b40_s22455,shallow,0.4,22455,conv.3,127,conv.3:out:127
shallow_b40_s22455,shallow,0.4,22455,conv.3,70,conv.3:out:70
shallow_b40_s22455,shallow,0.4,22455,conv.3,14,conv.3:out:14
shallow_b40_s22455,shallow,0.4,22455,conv.3,85,conv.3:out:85
shallow_b40_s22455,shallow,0.4,22455,conv.3,83,conv.3:out:83
shallow_b40_s22455,shallow,0.4,22455,conv.3,71,conv.3:out:71
shallow_b40_s22455,shallow,0.4,22455,conv.0,56,conv.0:out:56
shallow_b40_s22455,shallow,0.4,22455,conv.3,40,conv.3:out:40
shallow_b40_s22455,shallow,0.4,22455,conv.3,77,conv.3:out:77
shallow_b40_s22455,shallow,0.4,22455,conv.0,55,conv.0:out:55
shallow_b40_s22455,shallow,0.4,22455,conv.3,111,conv.3:out:111
shallow_b40_s22455,shallow,0.4,22455,conv.0,12,conv.0:out:12
shallow_b40_s22455,shallow,0.4,22455,conv.3,56,conv.3:out:56
shallow_b40_s22455,shallow,0.4,22455,conv.3,79,conv.3:out:79
shallow_b40_s22455,shallow,0.4,22455,conv.0,63,conv.0:out:63
shallow_b40_s22455,shallow,0.4,22455,conv.3,109,conv.3:out:109
shallow_b40_s22455,shallow,0.4,22455,conv.3,61,conv.3:out:61
shallow_b40_s22455,shallow,0.4,22455,conv.3,38,conv.3:out:38
shallow_b40_s22455,shallow,0.4,22455,conv.0,0,conv.0:out:0
shallow_b40_s22455,shallow,0.4,22455,conv.0,6,conv.0:out:6
shallow_b40_s22455,shallow,0.4,22455,conv.0,58,conv.0:out:58
shallow_b40_s22455,shallow,0.4,22455,conv.3,57,conv.3:out:57
shallow_b40_s22455,shallow,0.4,22455,conv.3,118,conv.3:out:118
shallow_b40_s22455,shallow,0.4,22455,conv.0,13,conv.0:out:13
shallow_b40_s22455,shallow,0.4,22455,conv.3,112,conv.3:out:112
shallow_b40_s22455,shallow,0.4,22455,conv.0,43,conv.0:out:43
shallow_b40_s22455,shallow,0.4,22455,conv.3,62,conv.3:out:62
shallow_b40_s22455,shallow,0.4,22455,conv.3,47,conv.3:out:47
shallow_b40_s22455,shallow,0.4,22455,conv.3,51,conv.3:out:51
shallow_b40_s22455,shallow,0.4,22455,conv.0,47,conv.0:out:47
shallow_b40_s22455,shallow,0.4,22455,conv.3,101,conv.3:out:101
shallow_b40_s22455,shallow,0.4,22455,conv.0,21,conv.0:out:21
shallow_b40_s22456,shallow,0.4,22456,conv.3,35,conv.3:out:35
shallow_b40_s22456,shallow,0.4,22456,conv.3,116,conv.3:out:116
shallow_b40_s22456,shallow,0.4,22456,conv.3,45,conv.3:out:45
shallow_b40_s22456,shallow,0.4,22456,conv.3,20,conv.3:out:20
shallow_b40_s22456,shallow,0.4,22456,conv.3,83,conv.3:out:83
shallow_b40_s22456,shallow,0.4,22456,conv.3,90,conv.3:out:90
shallow_b40_s22456,shallow,0.4,22456,conv.3,106,conv.3:out:106
shallow_b40_s22456,shallow,0.4,22456,conv.3,11,conv.3:out:11
shallow_b40_s22456,shallow,0.4,22456,conv.3,65,conv.3:out:65
shallow_b40_s22456,shallow,0.4,22456,conv.3,51,conv.3:out:51
shallow_b40_s22456,shallow,0.4,22456,conv.0,51,conv.0:out:51
shallow_b40_s22456,shallow,0.4,22456,conv.3,73,conv.3:out:73
shallow_b40_s22456,shallow,0.4,22456,conv.0,28,conv.0:out:28
shallow_b40_s22456,shallow,0.4,22456,conv.3,33,conv.3:out:33
shallow_b40_s22456,shallow,0.4,22456,conv.3,98,conv.3:out:98
shallow_b40_s22456,shallow,0.4,22456,conv.3,46,conv.3:out:46
shallow_b40_s22456,shallow,0.4,22456,conv.0,14,conv.0:out:14
shallow_b40_s22456,shallow,0.4,22456,conv.0,53,conv.0:out:53
shallow_b40_s22456,shallow,0.4,22456,conv.3,6,conv.3:out:6
shallow_b40_s22456,shallow,0.4,22456,conv.3,117,conv.3:out:117
shallow_b40_s22456,shallow,0.4,22456,conv.0,44,conv.0:out:44
shallow_b40_s22456,shallow,0.4,22456,conv.0,15,conv.0:out:15
shallow_b40_s22456,shallow,0.4,22456,conv.3,42,conv.3:out:42
shallow_b40_s22456,shallow,0.4,22456,conv.0,32,conv.0:out:32
shallow_b40_s22456,shallow,0.4,22456,conv.3,104,conv.3:out:104
shallow_b40_s22456,shallow,0.4,22456,conv.0,42,conv.0:out:42
shallow_b40_s22456,shallow,0.4,22456,conv.0,30,conv.0:out:30
shallow_b40_s22456,shallow,0.4,22456,conv.0,20,conv.0:out:20
shallow_b40_s22456,shallow,0.4,22456,conv.3,36,conv.3:out:36
shallow_b40_s22456,shallow,0.4,22456,conv.3,40,conv.3:out:40
shallow_b40_s22456,shallow,0.4,22456,conv.3,43,conv.3:out:43
shallow_b40_s22456,shallow,0.4,22456,conv.3,105,conv.3:out:105
shallow_b40_s22456,shallow,0.4,22456,conv.3,18,conv.3:out:18
shallow_b40_s22456,shallow,0.4,22456,conv.3,94,conv.3:out:94
shallow_b40_s22456,shallow,0.4,22456,conv.3,12,conv.3:out:12
shallow_b40_s22456,shallow,0.4,22456,conv.3,25,conv.3:out:25
shallow_b40_s22456,shallow,0.4,22456,conv.3,26,conv.3:out:26
shallow_b40_s22456,shallow,0.4,22456,conv.3,66,conv.3:out:66
shallow_b40_s22456,shallow,0.4,22456,conv.0,2,conv.0:out:2
shallow_b40_s22456,shallow,0.4,22456,conv.3,22,conv.3:out:22
shallow_b40_s22456,shallow,0.4,22456,conv.0,63,conv.0:out:63
shallow_b40_s22456,shallow,0.4,22456,conv.0,58,conv.0:out:58
shallow_b40_s22456,shallow,0.4,22456,conv.0,29,conv.0:out:29
shallow_b40_s22456,shallow,0.4,22456,conv.0,26,conv.0:out:26
shallow_b40_s22457,shallow,0.4,22457,conv.0,56,conv.0:out:56
shallow_b40_s22457,shallow,0.4,22457,conv.0,33,conv.0:out:33
shallow_b40_s22457,shallow,0.4,22457,conv.3,94,conv.3:out:94
shallow_b40_s22457,shallow,0.4,22457,conv.3,61,conv.3:out:61
shallow_b40_s22457,shallow,0.4,22457,conv.0,52,conv.0:out:52
shallow_b40_s22457,shallow,0.4,22457,conv.0,32,conv.0:out:32
shallow_b40_s22457,shallow,0.4,22457,conv.3,33,conv.3:out:33
shallow_b40_s22457,shallow,0.4,22457,conv.3,76,conv.3:out:76
shallow_b40_s22457,shallow,0.4,22457,conv.3,82,conv.3:out:82
shallow_b40_s22457,shallow,0.4,22457,conv.3,115,conv.3:out:115
shallow_b40_s22457,shallow,0.4,22457,conv.3,96,conv.3:out:96
shallow_b40_s22457,shallow,0.4,22457,conv.3,62,conv.3:out:62
shallow_b40_s22457,shallow,0.4,22457,conv.3,65,conv.3:out:65
shallow_b40_s22457,shallow,0.4,22457,conv.3,47,conv.3:out:47
shallow_b40_s22457,shallow,0.4,22457,conv.3,32,conv.3:out:32
shallow_b40_s22457,shallow,0.4,22457,conv.3,89,conv.3:out:89
shallow_b40_s22457,shallow,0.4,22457,conv.0,38,conv.0:out:38
shallow_b40_s22457,shallow,0.4,22457,conv.0,27,conv.0:out:27
shallow_b40_s22457,shallow,0.4,22457,conv.0,46,conv.0:out:46
shallow_b40_s22457,shallow,0.4,22457,conv.3,60,conv.3:out:60
shallow_b40_s22457,shallow,0.4,22457,conv.3,42,conv.3:out:42
shallow_b40_s22457,shallow,0.4,22457,conv.3,34,conv.3:out:34
shallow_b40_s22457,shallow,0.4,22457,conv.0,43,conv.0:out:43
shallow_b40_s22457,shallow,0.4,22457,conv.3,50,conv.3:out:50
shallow_b40_s22457,shallow,0.4,22457,conv.3,93,conv.3:out:93
shallow_b40_s22457,shallow,0.4,22457,conv.0,48,conv.0:out:48
shallow_b40_s22457,shallow,0.4,22457,conv.3,98,conv.3:out:98
shallow_b40_s22457,shallow,0.4,22457,conv.0,16,conv.0:out:16
shallow_b40_s22457,shallow,0.4,22457,conv.3,17,conv.3:out:17
shallow_b40_s22457,shallow,0.4,22457,conv.3,101,conv.3:out:101
shallow_b40_s22457,shallow,0.4,22457,conv.3,56,conv.3:out:56
shallow_b40_s22457,shallow,0.4,22457,conv.3,28,conv.3:out:28
shallow_b40_s22457,shallow,0.4,22457,conv.0,12,conv.0:out:12
shallow_b40_s22457,shallow,0.4,22457,conv.3,53,conv.3:out:53
shallow_b40_s22457,shallow,0.4,22457,conv.3,86,conv.3:out:86
shallow_b40_s22457,shallow,0.4,22457,conv.0,26,conv.0:out:26
shallow_b40_s22457,shallow,0.4,22457,conv.0,60,conv.0:out:60
shallow_b40_s22457,shallow,0.4,22457,conv.0,37,conv.0:out:37
shallow_b40_s22457,shallow,0.4,22457,conv.3,52,conv.3:out:52
shallow_b40_s22457,shallow,0.4,22457,conv.3,36,conv.3:out:36
shallow_b40_s22457,shallow,0.4,22457,conv.3,117,conv.3:out:117
shallow_b40_s22457,shallow,0.4,22457,conv.3,38,conv.3:out:38
shallow_b40_s22457,shallow,0.4,22457,conv.3,9,conv.3:out:9
shallow_b40_s22457,shallow,0.4,22457,conv.3,110,conv.3:out:110
shallow_b40_s22458,shallow,0.4,22458,conv.3,64,conv.3:out:64
shallow_b40_s22458,shallow,0.4,22458,conv.3,91,conv.3:out:91
shallow_b40_s22458,shallow,0.4,22458,conv.3,55,conv.3:out:55
shallow_b40_s22458,shallow,0.4,22458,conv.0,43,conv.0:out:43
shallow_b40_s22458,shallow,0.4,22458,conv.3,67,conv.3:out:67
shallow_b40_s22458,shallow,0.4,22458,conv.3,102,conv.3:out:102
shallow_b40_s22458,shallow,0.4,22458,conv.3,106,conv.3:out:106
shallow_b40_s22458,shallow,0.4,22458,conv.3,89,conv.3:out:89
shallow_b40_s22458,shallow,0.4,22458,conv.0,46,conv.0:out:46
shallow_b40_s22458,shallow,0.4,22458,conv.0,20,conv.0:out:20
shallow_b40_s22458,shallow,0.4,22458,conv.3,63,conv.3:out:63
shallow_b40_s22458,shallow,0.4,22458,conv.0,59,conv.0:out:59
shallow_b40_s22458,shallow,0.4,22458,conv.3,52,conv.3:out:52
shallow_b40_s22458,shallow,0.4,22458,conv.0,53,conv.0:out:53
shallow_b40_s22458,shallow,0.4,22458,conv.3,86,conv.3:out:86
shallow_b40_s22458,shallow,0.4,22458,conv.0,52,conv.0:out:52
shallow_b40_s22458,shallow,0.4,22458,conv.3,79,conv.3:out:79
shallow_b40_s22458,shallow,0.4,22458,conv.3,27,conv.3:out:27
shallow_b40_s22458,shallow,0.4,22458,conv.3,61,conv.3:out:61
shallow_b40_s22458,shallow,0.4,22458,conv.3,88,conv.3:out:88
shallow_b40_s22458,shallow,0.4,22458,conv.3,4,conv.3:out:4
shallow_b40_s22458,shallow,0.4,22458,conv.0,30,conv.0:out:30
shallow_b40_s22458,shallow,0.4,22458,conv.0,48,conv.0:out:48
shallow_b40_s22458,shallow,0.4,22458,conv.3,22,conv.3:out:22
shallow_b40_s22458,shallow,0.4,22458,conv.0,27,conv.0:out:27
shallow_b40_s22458,shallow,0.4,22458,conv.3,124,conv.3:out:124
shallow_b40_s22458,shallow,0.4,22458,conv.3,96,conv.3:out:96
shallow_b40_s22458,shallow,0.4,22458,conv.0,39,conv.0:out:39
shallow_b40_s22458,shallow,0.4,22458,conv.0,22,conv.0:out:22
shallow_b40_s22458,shallow,0.4,22458,conv.3,111,conv.3:out:111
shallow_b40_s22458,shallow,0.4,22458,conv.3,57,conv.3:out:57
shallow_b40_s22458,shallow,0.4,22458,conv.3,112,conv.3:out:112
shallow_b40_s22458,shallow,0.4,22458,conv.3,104,conv.3:out:104
shallow_b40_s22458,shallow,0.4,22458,conv.0,16,conv.0:out:16
shallow_b40_s22458,shallow,0.4,22458,conv.0,6,conv.0:out:6
shallow_b40_s22458,shallow,0.4,22458,conv.0,26,conv.0:out:26
shallow_b40_s22458,shallow,0.4,22458,conv.3,99,conv.3:out:99
shallow_b40_s22458,shallow,0.4,22458,conv.3,6,conv.3:out:6
shallow_b40_s22458,shallow,0.4,22458,conv.3,51,conv.3:out:51
shallow_b40_s22458,shallow,0.4,22458,conv.3,87,conv.3:out:87
shallow_b40_s22458,shallow,0.4,22458,conv.0,28,conv.0:out:28
shallow_b40_s22458,shallow,0.4,22458,conv.3,41,conv.3:out:41
shallow_b40_s22458,shallow,0.4,22458,conv.0,19,conv.0:out:19
shallow_b40_s22459,shallow,0.4,22459,conv.3,123,conv.3:out:123
shallow_b40_s22459,shallow,0.4,22459,conv.3,20,conv.3:out:20
shallow_b40_s22459,shallow,0.4,22459,conv.3,52,conv.3:out:52
shallow_b40_s22459,shallow,0.4,22459,conv.3,37,conv.3:out:37
shallow_b40_s22459,shallow,0.4,22459,conv.3,102,conv.3:out:102
shallow_b40_s22459,shallow,0.4,22459,conv.3,81,conv.3:out:81
shallow_b40_s22459,shallow,0.4,22459,conv.0,11,conv.0:out:11
shallow_b40_s22459,shallow,0.4,22459,conv.3,126,conv.3:out:126
shallow_b40_s22459,shallow,0.4,22459,conv.3,97,conv.3:out:97
shallow_b40_s22459,shallow,0.4,22459,conv.3,72,conv.3:out:72
shallow_b40_s22459,shallow,0.4,22459,conv.3,127,conv.3:out:127
shallow_b40_s22459,shallow,0.4,22459,conv.3,93,conv.3:out:93
shallow_b40_s22459,shallow,0.4,22459,conv.0,15,conv.0:out:15
shallow_b40_s22459,shallow,0.4,22459,conv.3,7,conv.3:out:7
shallow_b40_s22459,shallow,0.4,22459,conv.0,10,conv.0:out:10
shallow_b40_s22459,shallow,0.4,22459,conv.0,56,conv.0:out:56
shallow_b40_s22459,shallow,0.4,22459,conv.0,44,conv.0:out:44
shallow_b40_s22459,shallow,0.4,22459,conv.0,14,conv.0:out:14
shallow_b40_s22459,shallow,0.4,22459,conv.0,33,conv.0:out:33
shallow_b40_s22459,shallow,0.4,22459,conv.0,41,conv.0:out:41
shallow_b40_s22459,shallow,0.4,22459,conv.3,2,conv.3:out:2
shallow_b40_s22459,shallow,0.4,22459,conv.3,12,conv.3:out:12
shallow_b40_s22459,shallow,0.4,22459,conv.0,12,conv.0:out:12
shallow_b40_s22459,shallow,0.4,22459,conv.0,60,conv.0:out:60
shallow_b40_s22459,shallow,0.4,22459,conv.3,78,conv.3:out:78
shallow_b40_s22459,shallow,0.4,22459,conv.3,46,conv.3:out:46
shallow_b40_s22459,shallow,0.4,22459,conv.0,62,conv.0:out:62
shallow_b40_s22459,shallow,0.4,22459,conv.3,119,conv.3:out:119
shallow_b40_s22459,shallow,0.4,22459,conv.0,1,conv.0:out:1
shallow_b40_s22459,shallow,0.4,22459,conv.3,65,conv.3:out:65
shallow_b40_s22459,shallow,0.4,22459,conv.0,13,conv.0:out:13
shallow_b40_s22459,shallow,0.4,22459,conv.3,101,conv.3:out:101
shallow_b40_s22459,shallow,0.4,22459,conv.3,124,conv.3:out:124
shallow_b40_s22459,shallow,0.4,22459,conv.3,87,conv.3:out:87
shallow_b40_s22459,shallow,0.4,22459,conv.0,45,conv.0:out:45
shallow_b40_s22459,shallow,0.4,22459,conv.3,98,conv.3:out:98
shallow_b40_s22459,shallow,0.4,22459,conv.3,51,conv.3:out:51
shallow_b40_s22459,shallow,0.4,22459,conv.3,107,conv.3:out:107
shallow_b40_s22459,shallow,0.4,22459,conv.0,37,conv.0:out:37
shallow_b40_s22459,shallow,0.4,22459,conv.3,1,conv.3:out:1
shallow_b40_s22459,shallow,0.4,22459,conv.0,16,conv.0:out:16
shallow_b40_s22459,shallow,0.4,22459,conv.3,29,conv.3:out:29
shallow_b40_s22460,shallow,0.4,22460,conv.0,59,conv.0:out:59
shallow_b40_s22460,shallow,0.4,22460,conv.0,44,conv.0:out:44
shallow_b40_s22460,shallow,0.4,22460,conv.3,75,conv.3:out:75
shallow_b40_s22460,shallow,0.4,22460,conv.3,47,conv.3:out:47
shallow_b40_s22460,shallow,0.4,22460,conv.0,39,conv.0:out:39
shallow_b40_s22460,shallow,0.4,22460,conv.3,17,conv.3:out:17
shallow_b40_s22460,shallow,0.4,22460,conv.3,46,conv.3:out:46
shallow_b40_s22460,shallow,0.4,22460,conv.0,51,conv.0:out:51
shallow_b40_s22460,shallow,0.4,22460,conv.0,36,conv.0:out:36
shallow_b40_s22460,shallow,0.4,22460,conv.0,61,conv.0:out:61
shallow_b40_s22460,shallow,0.4,22460,conv.3,72,conv.3:out:72
shallow_b40_s22460,shallow,0.4,22460,conv.0,5,conv.0:out:5
shallow_b40_s22460,shallow,0.4,22460,conv.3,26,conv.3:out:26
shallow_b40_s22460,shallow,0.4,22460,conv.3,76,conv.3:out:76
shallow_b40_s22460,shallow,0.4,22460,conv.0,23,conv.0:out:23
shallow_b40_s22460,shallow,0.4,22460,conv.0,60,conv.0:out:60
shallow_b40_s22460,shallow,0.4,22460,conv.3,108,conv.3:out:108
shallow_b40_s22460,shallow,0.4,22460,conv.3,4,conv.3:out:4
shallow_b40_s22460,shallow,0.4,22460,conv.3,111,conv.3:out:111
shallow_b40_s22460,shallow,0.4,22460,conv.3,12,conv.3:out:12
shallow_b40_s22460,shallow,0.4,22460,conv.3,33,conv.3:out:33
shallow_b40_s22460,shallow,0.4,22460,conv.0,55,conv.0:out:55
shallow_b40_s22460,shallow,0.4,22460,conv.0,7,conv.0:out:7
shallow_b40_s22460,shallow,0.4,22460,conv.3,21,conv.3:out:21
shallow_b40_s22460,shallow,0.4,22460,conv.0,8,conv.0:out:8
shallow_b40_s22460,shallow,0.4,22460,conv.3,16,conv.3:out:16
shallow_b40_s22460,shallow,0.4,22460,conv.3,54,conv.3:out:54
shallow_b40_s22460,shallow,0.4,22460,conv.3,28,conv.3:out:28
shallow_b40_s22460,shallow,0.4,22460,conv.3,105,conv.3:out:105
shallow_b40_s22460,shallow,0.4,22460,conv.3,120,conv.3:out:120
shallow_b40_s22460,shallow,0.4,22460,conv.3,43,conv.3:out:43
shallow_b40_s22460,shallow,0.4,22460,conv.0,48,conv.0:out:48
shallow_b40_s22460,shallow,0.4,22460,conv.0,6,conv.0:out:6
shallow_b40_s22460,shallow,0.4,22460,conv.3,31,conv.3:out:31
shallow_b40_s22460,shallow,0.4,22460,conv.3,121,conv.3:out:121
shallow_b40_s22460,shallow,0.4,22460,conv.0,41,conv.0:out:41
shallow_b40_s22460,shallow,0.4,22460,conv.3,55,conv.3:out:55
shallow_b40_s22460,shallow,0.4,22460,conv.3,61,conv.3:out:61
shallow_b40_s22460,shallow,0.4,22460,conv.0,45,conv.0:out:45
shallow_b40_s22460,shallow,0.4,22460,conv.3,14,conv.3:out:14
shallow_b40_s22460,shallow,0.4,22460,conv.3,106,conv.3:out:106
shallow_b40_s22460,shallow,0.4,22460,conv.3,6,conv.3:out:6
shallow_b40_s22461,shallow,0.4,22461,conv.3,25,conv.3:out:25
shallow_b40_s22461,shallow,0.4,22461,conv.3,126,conv.3:out:126
shallow_b40_s22461,shallow,0.4,22461,conv.3,67,conv.3:out:67
shallow_b40_s22461,shallow,0.4,22461,conv.0,49,conv.0:out:49
shallow_b40_s22461,shallow,0.4,22461,conv.0,60,conv.0:out:60
shallow_b40_s22461,shallow,0.4,22461,conv.3,6,conv.3:out:6
shallow_b40_s22461,shallow,0.4,22461,conv.3,57,conv.3:out:57
shallow_b40_s22461,shallow,0.4,22461,conv.3,4,conv.3:out:4
shallow_b40_s22461,shallow,0.4,22461,conv.0,20,conv.0:out:20
shallow_b40_s22461,shallow,0.4,22461,conv.3,61,conv.3:out:61
shallow_b40_s22461,shallow,0.4,22461,conv.3,105,conv.3:out:105
shallow_b40_s22461,shallow,0.4,22461,conv.0,28,conv.0:out:28
shallow_b40_s22461,shallow,0.4,22461,conv.3,72,conv.3:out:72
shallow_b40_s22461,shallow,0.4,22461,conv.3,66,conv.3:out:66
shallow_b40_s22461,shallow,0.4,22461,conv.3,98,conv.3:out:98
shallow_b40_s22461,shallow,0.4,22461,conv.0,39,conv.0:out:39
shallow_b40_s22461,shallow,0.4,22461,conv.0,18,conv.0:out:18
shallow_b40_s22461,shallow,0.4,22461,conv.0,35,conv.0:out:35
shallow_b40_s22461,shallow,0.4,22461,conv.0,25,conv.0:out:25
shallow_b40_s22461,shallow,0.4,22461,conv.3,50,conv.3:out:50
shallow_b40_s22461,shallow,0.4,22461,conv.0,33,conv.0:out:33
shallow_b40_s22461,shallow,0.4,22461,conv.3,37,conv.3:out:37
shallow_b40_s22461,shallow,0.4,22461,conv.3,52,conv.3:out:52
shallow_b40_s22461,shallow,0.4,22461,conv.0,50,conv.0:out:50
shallow_b40_s22461,shallow,0.4,22461,conv.3,116,conv.3:out:116
shallow_b40_s22461,shallow,0.4,22461,conv.3,10,conv.3:out:10
shallow_b40_s22461,shallow,0.4,22461,conv.3,103,conv.3:out:103
shallow_b40_s22461,shallow,0.4,22461,conv.3,12,conv.3:out:12
shallow_b40_s22461,shallow,0.4,22461,conv.3,112,conv.3:out:112
shallow_b40_s22461,shallow,0.4,22461,conv.3,30,conv.3:out:30
shallow_b40_s22461,shallow,0.4,22461,conv.0,8,conv.0:out:8
shallow_b40_s22461,shallow,0.4,22461,conv.3,81,conv.3:out:81
shallow_b40_s22461,shallow,0.4,22461,conv.3,127,conv.3:out:127
shallow_b40_s22461,shallow,0.4,22461,conv.3,90,conv.3:out:90
shallow_b40_s22461,shallow,0.4,22461,conv.0,41,conv.0:out:41
shallow_b40_s22461,shallow,0.4,22461,conv.3,3,conv.3:out:3
shallow_b40_s22461,shallow,0.4,22461,conv.3,77,conv.3:out:77
shallow_b40_s22461,shallow,0.4,22461,conv.3,113,conv.3:out:113
shallow_b40_s22461,shallow,0.4,22461,conv.0,43,conv.0:out:43
shallow_b40_s22461,shallow,0.4,22461,conv.0,31,conv.0:out:31
shallow_b40_s22461,shallow,0.4,22461,conv.3,102,conv.3:out:102
shallow_b40_s22461,shallow,0.4,22461,conv.0,10,conv.0:out:10
shallow_b40_s22461,shallow,0.4,22461,conv.3,26,conv.3:out:26
shallow_b40_s22462,shallow,0.4,22462,conv.3,102,conv.3:out:102
shallow_b40_s22462,shallow,0.4,22462,conv.3,96,conv.3:out:96
shallow_b40_s22462,shallow,0.4,22462,conv.0,51,conv.0:out:51
shallow_b40_s22462,shallow,0.4,22462,conv.3,46,conv.3:out:46
shallow_b40_s22462,shallow,0.4,22462,conv.3,120,conv.3:out:120
shallow_b40_s22462,shallow,0.4,22462,conv.3,48,conv.3:out:48
shallow_b40_s22462,shallow,0.4,22462,conv.3,125,conv.3:out:125
shallow_b40_s22462,shallow,0.4,22462,conv.3,119,conv.3:out:119
shallow_b40_s22462,shallow,0.4,22462,conv.3,29,conv.3:out:29
shallow_b40_s22462,shallow,0.4,22462,conv.3,6,conv.3:out:6
shallow_b40_s22462,shallow,0.4,22462,conv.3,49,conv.3:out:49
shallow_b40_s22462,shallow,0.4,22462,conv.3,116,conv.3:out:116
shallow_b40_s22462,shallow,0.4,22462,conv.0,57,conv.0:out:57
shallow_b40_s22462,shallow,0.4,22462,conv.3,24,conv.3:out:24
shallow_b40_s22462,shallow,0.4,22462,conv.3,67,conv.3:out:67
shallow_b40_s22462,shallow,0.4,22462,conv.0,21,conv.0:out:21
shallow_b40_s22462,shallow,0.4,22462,conv.0,10,conv.0:out:10
shallow_b40_s22462,shallow,0.4,22462,conv.0,20,conv.0:out:20
shallow_b40_s22462,shallow,0.4,22462,conv.3,83,conv.3:out:83
shallow_b40_s22462,shallow,0.4,22462,conv.3,3,conv.3:out:3
shallow_b40_s22462,shallow,0.4,22462,conv.3,64,conv.3:out:64
shallow_b40_s22462,shallow,0.4,22462,conv.3,89,conv.3:out:89
shallow_b40_s22462,shallow,0.4,22462,conv.0,6,conv.0:out:6
shallow_b40_s22462,shallow,0.4,22462,conv.3,117,conv.3:out:117
shallow_b40_s22462,shallow,0.4,22462,conv.3,73,conv.3:out:73
shallow_b40_s22462,shallow,0.4,22462,conv.3,39,conv.3:out:39
shallow_b40_s22462,shallow,0.4,22462,conv.3,22,conv.3:out:22
shallow_b40_s22462,shallow,0.4,22462,conv.3,23,conv.3:out:23
shallow_b40_s22462,shallow,0.4,22462,conv.3,71,conv.3:out:71
shallow_b40_s22462,shallow,0.4,22462,conv.3,28,conv.3:out:28
shallow_b40_s22462,shallow,0.4,22462,conv.3,27,conv.3:out:27
shallow_b40_s22462,shallow,0.4,22462,conv.3,113,conv.3:out:113
shallow_b40_s22462,shallow,0.4,22462,conv.0,18,conv.0:out:18
shallow_b40_s22462,shallow,0.4,22462,conv.3,95,conv.3:out:95
shallow_b40_s22462,shallow,0.4,22462,conv.0,43,conv.0:out:43
shallow_b40_s22462,shallow,0.4,22462,conv.0,22,conv.0:out:22
shallow_b40_s22462,shallow,0.4,22462,conv.3,60,conv.3:out:60
shallow_b40_s22462,shallow,0.4,22462,conv.3,15,conv.3:out:15
shallow_b40_s22462,shallow,0.4,22462,conv.3,82,conv.3:out:82
shallow_b40_s22462,shallow,0.4,22462,conv.3,76,conv.3:out:76
shallow_b40_s22462,shallow,0.4,22462,conv.3,101,conv.3:out:101
shallow_b40_s22462,shallow,0.4,22462,conv.3,63,conv.3:out:63
shallow_b40_s22462,shallow,0.4,22462,conv.0,8,conv.0:out:8
shallow_b40_s22462,shallow,0.4,22462,conv.0,52,conv.0:out:52
shallow_b40_s22462,shallow,0.4,22462,conv.3,21,conv.3:out:21
shallow_b40_s22462,shallow,0.4,22462,conv.0,48,conv.0:out:48
shallow_b40_s22463,shallow,0.4,22463,conv.0,50,conv.0:out:50
shallow_b40_s22463,shallow,0.4,22463,conv.3,96,conv.3:out:96
shallow_b40_s22463,shallow,0.4,22463,conv.0,62,conv.0:out:62
shallow_b40_s22463,shallow,0.4,22463,conv.0,31,conv.0:out:31
shallow_b40_s22463,shallow,0.4,22463,conv.3,44,conv.3:out:44
shallow_b40_s22463,shallow,0.4,22463,conv.0,30,conv.0:out:30
shallow_b40_s22463,shallow,0.4,22463,conv.0,38,conv.0:out:38
shallow_b40_s22463,shallow,0.4,22463,conv.3,102,conv.3:out:102
shallow_b40_s22463,shallow,0.4,22463,conv.3,20,conv.3:out:20
shallow_b40_s22463,shallow,0.4,22463,conv.0,7,conv.0:out:7
shallow_b40_s22463,shallow,0.4,22463,conv.0,23,conv.0:out:23
shallow_b40_s22463,shallow,0.4,22463,conv.0,19,conv.0:out:19
shallow_b40_s22463,shallow,0.4,22463,conv.3,108,conv.3:out:108
shallow_b40_s22463,shallow,0.4,22463,conv.3,76,conv.3:out:76
shallow_b40_s22463,shallow,0.4,22463,conv.0,37,conv.0:out:37
shallow_b40_s22463,shallow,0.4,22463,conv.3,86,conv.3:out:86
shallow_b40_s22463,shallow,0.4,22463,conv.3,10,conv.3:out:10
shallow_b40_s22463,shallow,0.4,22463,conv.3,22,conv.3:out:22
shallow_b40_s22463,shallow,0.4,22463,conv.3,34,conv.3:out:34
shallow_b40_s22463,shallow,0.4,22463,conv.0,56,conv.0:out:56
shallow_b40_s22463,shallow,0.4,22463,conv.3,3,conv.3:out:3
shallow_b40_s22463,shallow,0.4,22463,conv.0,32,conv.0:out:32
shallow_b40_s22463,shallow,0.4,22463,conv.3,31,conv.3:out:31
shallow_b40_s22463,shallow,0.4,22463,conv.3,36,conv.3:out:36
shallow_b40_s22463,shallow,0.4,22463,conv.3,87,conv.3:out:87
shallow_b40_s22463,shallow,0.4,22463,conv.3,64,conv.3:out:64
shallow_b40_s22463,shallow,0.4,22463,conv.0,63,conv.0:out:63
shallow_b40_s22463,shallow,0.4,22463,conv.3,9,conv.3:out:9
shallow_b40_s22463,shallow,0.4,22463,conv.3,94,conv.3:out:94
shallow_b40_s22463,shallow,0.4,22463,conv.0,29,conv.0:out:29
shallow_b40_s22463,shallow,0.4,22463,conv.3,46,conv.3:out:46
shallow_b40_s22463,shallow,0.4,22463,conv.3,11,conv.3:out:11
shallow_b40_s22463,shallow,0.4,22463,conv.3,6,conv.3:out:6
shallow_b40_s22463,shallow,0.4,22463,conv.3,57,conv.3:out:57
shallow_b40_s22463,shallow,0.4,22463,conv.3,42,conv.3:out:42
shallow_b40_s22463,shallow,0.4,22463,conv.0,2,conv.0:out:2
shallow_b40_s22463,shallow,0.4,22463,conv.3,99,conv.3:out:99
shallow_b40_s22463,shallow,0.4,22463,conv.0,4,conv.0:out:4
shallow_b40_s22463,shallow,0.4,22463,conv.3,13,conv.3:out:13
shallow_b40_s22463,shallow,0.4,22463,conv.3,92,conv.3:out:92
shallow_b40_s22463,shallow,0.4,22463,conv.0,33,conv.0:out:33
shallow_b40_s22463,shallow,0.4,22463,conv.3,65,conv.3:out:65
shallow_b40_s22464,shallow,0.4,22464,conv.3,84,conv.3:out:84
shallow_b40_s22464,shallow,0.4,22464,conv.3,43,conv.3:out:43
shallow_b40_s22464,shallow,0.4,22464,conv.0,23,conv.0:out:23
shallow_b40_s22464,shallow,0.4,22464,conv.3,11,conv.3:out:11
shallow_b40_s22464,shallow,0.4,22464,conv.3,30,conv.3:out:30
shallow_b40_s22464,shallow,0.4,22464,conv.3,62,conv.3:out:62
shallow_b40_s22464,shallow,0.4,22464,conv.3,46,conv.3:out:46
shallow_b40_s22464,shallow,0.4,22464,conv.3,4,conv.3:out:4
shallow_b40_s22464,shallow,0.4,22464,conv.3,126,conv.3:out:126
shallow_b40_s22464,shallow,0.4,22464,conv.0,24,conv.0:out:24
shallow_b40_s22464,shallow,0.4,22464,conv.3,123,conv.3:out:123
shallow_b40_s22464,shallow,0.4,22464,conv.0,10,conv.0:out:10
shallow_b40_s22464,shallow,0.4,22464,conv.0,31,conv.0:out:31
shallow_b40_s22464,shallow,0.4,22464,conv.3,25,conv.3:out:25
shallow_b40_s22464,shallow,0.4,22464,conv.3,86,conv.3:out:86
shallow_b40_s22464,shallow,0.4,22464,conv.3,100,conv.3:out:100
shallow_b40_s22464,shallow,0.4,22464,conv.0,48,conv.0:out:48
shallow_b40_s22464,shallow,0.4,22464,conv.3,44,conv.3:out:44
shallow_b40_s22464,shallow,0.4,22464,conv.3,27,conv.3:out:27
shallow_b40_s22464,shallow,0.4,22464,conv.3,85,conv.3:out:85
shallow_b40_s22464,shallow,0.4,22464,conv.0,52,conv.0:out:52
shallow_b40_s22464,shallow,0.4,22464,conv.0,27,conv.0:out:27
shallow_b40_s22464,shallow,0.4,22464,conv.3,67,conv.3:out:67
shallow_b40_s22464,shallow,0.4,22464,conv.3,118,conv.3:out:118
shallow_b40_s22464,shallow,0.4,22464,conv.3,78,conv.3:out:78
shallow_b40_s22464,shallow,0.4,22464,conv.0,9,conv.0:out:9
shallow_b40_s22464,shallow,0.4,22464,conv.3,69,conv.3:out:69
shallow_b40_s22464,shallow,0.4,22464,conv.3,49,conv.3:out:49
shallow_b40_s22464,shallow,0.4,22464,conv.3,68,conv.3:out:68
shallow_b40_s22464,shallow,0.4,22464,conv.3,75,conv.3:out:75
shallow_b40_s22464,shallow,0.4,22464,conv.3,80,conv.3:out:80
shallow_b40_s22464,shallow,0.4,22464,conv.3,107,conv.3:out:107
shallow_b40_s22464,shallow,0.4,22464,conv.3,17,conv.3:out:17
shallow_b40_s22464,shallow,0.4,22464,conv.3,28,conv.3:out:28
shallow_b40_s22464,shallow,0.4,22464,conv.0,26,conv.0:out:26
shallow_b40_s22464,shallow,0.4,22464,conv.3,5,conv.3:out:5
shallow_b40_s22464,shallow,0.4,22464,conv.0,43,conv.0:out:43
shallow_b40_s22464,shallow,0.4,22464,conv.3,104,conv.3:out:104
shallow_b40_s22464,shallow,0.4,22464,conv.0,55,conv.0:out:55
shallow_b40_s22464,shallow,0.4,22464,conv.3,36,conv.3:out:36
shallow_b40_s22464,shallow,0.4,22464,conv.3,54,conv.3:out:54
shallow_b40_s22464,shallow,0.4,22464,conv.0,29,conv.0:out:29
shallow_b40_s22464,shallow,0.4,22464,conv.0,33,conv.0:out:33
shallow_b40_s22464,shallow,0.4,22464,conv.3,39,conv.3:out:39
shallow_b40_s22464,shallow,0.4,22464,conv.3,71,conv.3:out:71
shallow_b40_s22465,shallow,0.4,22465,conv.0,33,conv.0:out:33
shallow_b40_s22465,shallow,0.4,22465,conv.3,77,conv.3:out:77
shallow_b40_s22465,shallow,0.4,22465,conv.0,52,conv.0:out:52
shallow_b40_s22465,shallow,0.4,22465,conv.3,48,conv.3:out:48
shallow_b40_s22465,shallow,0.4,22465,conv.3,116,conv.3:out:116
shallow_b40_s22465,shallow,0.4,22465,conv.3,54,conv.3:out:54
shallow_b40_s22465,shallow,0.4,22465,conv.3,36,conv.3:out:36
shallow_b40_s22465,shallow,0.4,22465,conv.3,117,conv.3:out:117
shallow_b40_s22465,shallow,0.4,22465,conv.3,12,conv.3:out:12
shallow_b40_s22465,shallow,0.4,22465,conv.3,104,conv.3:out:104
shallow_b40_s22465,shallow,0.4,22465,conv.0,0,conv.0:out:0
shallow_b40_s22465,shallow,0.4,22465,conv.3,63,conv.3:out:63
shallow_b40_s22465,shallow,0.4,22465,conv.3,34,conv.3:out:34
shallow_b40_s22465,shallow,0.4,22465,conv.3,102,conv.3:out:102
shallow_b40_s22465,shallow,0.4,22465,conv.3,115,conv.3:out:115
shallow_b40_s22465,shallow,0.4,22465,conv.3,8,conv.3:out:8
shallow_b40_s22465,shallow,0.4,22465,conv.0,49,conv.0:out:49
shallow_b40_s22465,shallow,0.4,22465,conv.3,19,conv.3:out:19
shallow_b40_s22465,shallow,0.4,22465,conv.3,14,conv.3:out:14
shallow_b40_s22465,shallow,0.4,22465,conv.0,47,conv.0:out:47
shallow_b40_s22465,shallow,0.4,22465,conv.3,66,conv.3:out:66
shallow_b40_s22465,shallow,0.4,22465,conv.0,61,conv.0:out:61
shallow_b40_s22465,shallow,0.4,22465,conv.3,40,conv.3:out:40
shallow_b40_s22465,shallow,0.4,22465,conv.0,17,conv.0:out:17
shallow_b40_s22465,shallow,0.4,22465,conv.3,86,conv.3:out:86
shallow_b40_s22465,shallow,0.4,22465,conv.3,42,conv.3:out:42
shallow_b40_s22465,shallow,0.4,22465,conv.3,28,conv.3:out:28
shallow_b40_s22465,shallow,0.4,22465,conv.3,73,conv.3:out:73
shallow_b40_s22465,shallow,0.4,22465,conv.0,34,conv.0:out:34
shallow_b40_s22465,shallow,0.4,22465,conv.3,46,conv.3:out:46
shallow_b40_s22465,shallow,0.4,22465,conv.3,95,conv.3:out:95
shallow_b40_s22465,shallow,0.4,22465,conv.0,39,conv.0:out:39
shallow_b40_s22465,shallow,0.4,22465,conv.3,29,conv.3:out:29
shallow_b40_s22465,shallow,0.4,22465,conv.0,19,conv.0:out:19
shallow_b40_s22465,shallow,0.4,22465,conv.3,31,conv.3:out:31
shallow_b40_s22465,shallow,0.4,22465,conv.0,62,conv.0:out:62
shallow_b40_s22465,shallow,0.4,22465,conv.0,32,conv.0:out:32
shallow_b40_s22465,shallow,0.4,22465,conv.0,21,conv.0:out:21
shallow_b40_s22465,shallow,0.4,22465,conv.3,52,conv.3:out:52
shallow_b40_s22465,shallow,0.4,22465,conv.0,37,conv.0:out:37
shallow_b40_s22465,shallow,0.4,22465,conv.3,24,conv.3:out:24
shallow_b40_s22465,shallow,0.4,22465,conv.0,11,conv.0:out:11
shallow_b40_s22465,shallow,0.4,22465,conv.3,113,conv.3:out:113
shallow_b55_s22576,shallow,0.55,22576,conv.3,124,conv.3:out:124
shallow_b55_s22576,shallow,0.55,22576,conv.3,95,conv.3:out:95
shallow_b55_s22576,shallow,0.55,22576,conv.3,60,conv.3:out:60
shallow_b55_s22576,shallow,0.55,22576,conv.3,97,conv.3:out:97
shallow_b55_s22576,shallow,0.55,22576,conv.0,20,conv.0:out:20
shallow_b55_s22576,shallow,0.55,22576,conv.3,21,conv.3:out:21
shallow_b55_s22576,shallow,0.55,22576,conv.3,78,conv.3:out:78
shallow_b55_s22576,shallow,0.55,22576,conv.3,119,conv.3:out:119
shallow_b55_s22576,shallow,0.55,22576,conv.3,17,conv.3:out:17
shallow_b55_s22576,shallow,0.55,22576,conv.0,21,conv.0:out:21
shallow_b55_s22576,shallow,0.55,22576,conv.3,100,conv.3:out:100
shallow_b55_s22576,shallow,0.55,22576,conv.3,98,conv.3:out:98
shallow_b55_s22576,shallow,0.55,22576,conv.3,77,conv.3:out:77
shallow_b55_s22576,shallow,0.55,22576,conv.0,34,conv.0:out:34
shallow_b55_s22576,shallow,0.55,22576,conv.0,45,conv.0:out:45
shallow_b55_s22576,shallow,0.55,22576,conv.3,35,conv.3:out:35
shallow_b55_s22576,shallow,0.55,22576,conv.3,15,conv.3:out:15
shallow_b55_s22576,shallow,0.55,22576,conv.0,5,conv.0:out:5
shallow_b55_s22576,shallow,0.55,22576,conv.3,90,conv.3:out:90
shallow_b55_s22576,shallow,0.55,22576,conv.3,70,conv.3:out:70
shallow_b55_s22576,shallow,0.55,22576,conv.3,73,conv.3:out:73
shallow_b55_s22576,shallow,0.55,22576,conv.0,19,conv.0:out:19
shallow_b55_s22576,shallow,0.55,22576,conv.3,36,conv.3:out:36
shallow_b55_s22576,shallow,0.55,22576,conv.3,26,conv.3:out:26
shallow_b55_s22576,shallow,0.55,22576,conv.0,15,conv.0:out:15
shallow_b55_s22576,shallow,0.55,22576,conv.3,49,conv.3:out:49
shallow_b55_s22576,shallow,0.55,22576,conv.3,59,conv.3:out:59
shallow_b55_s22576,shallow,0.55,22576,conv.3,8,conv.3:out:8
shallow_b55_s22576,shallow,0.55,22576,conv.3,27,conv.3:out:27
shallow_b55_s22576,shallow,0.55,22576,conv.0,2,conv.0:out:2
shallow_b55_s22576,shallow,0.55,22576,conv.3,118,conv.3:out:118
shallow_b55_s22576,shallow,0.55,22576,conv.0,56,conv.0:out:56
shallow_b55_s22576,shallow,0.55,22576,conv.3,32,conv.3:out:32
shallow_b55_s22576,shallow,0.55,22576,conv.0,25,conv.0:out:25
shallow_b55_s22576,shallow,0.55,22576,conv.3,31,conv.3:out:31
shallow_b55_s22576,shallow,0.55,22576,conv.3,29,conv.3:out:29
shallow_b55_s22576,shallow,0.55,22576,conv.3,85,conv.3:out:85
shallow_b55_s22576,shallow,0.55,22576,conv.3,54,conv.3:out:54
shallow_b55_s22576,shallow,0.55,22576,conv.3,2,conv.3:out:2
shallow_b55_s22576,shallow,0.55,22576,conv.3,48,conv.3:out:48
shallow_b55_s22576,shallow,0.55,22576,conv.3,23,conv.3:out:23
shallow_b55_s22576,shallow,0.55,22576,conv.0,41,conv.0:out:41
shallow_b55_s22576,shallow,0.55,22576,conv.3,9,conv.3:out:9
shallow_b55_s22576,shallow,0.55,22576,conv.0,6,conv.0:out:6
shallow_b55_s22576,shallow,0.55,22576,conv.0,14,conv.0:out:14
shallow_b55_s22576,shallow,0.55,22576,conv.3,64,conv.3:out:64
shallow_b55_s22576,shallow,0.55,22576,conv.3,13,conv.3:out:13
shallow_b55_s22576,shallow,0.55,22576,conv.3,120,conv.3:out:120
shallow_b55_s22576,shallow,0.55,22576,conv.0,60,conv.0:out:60
shallow_b55_s22576,shallow,0.55,22576,conv.3,99,conv.3:out:99
shallow_b55_s22576,shallow,0.55,22576,conv.3,3,conv.3:out:3
shallow_b55_s22576,shallow,0.55,22576,conv.3,4,conv.3:out:4
shallow_b55_s22576,shallow,0.55,22576,conv.0,63,conv.0:out:63
shallow_b55_s22576,shallow,0.55,22576,conv.0,35,conv.0:out:35
shallow_b55_s22576,shallow,0.55,22576,conv.3,84,conv.3:out:84
shallow_b55_s22576,shallow,0.55,22576,conv.3,57,conv.3:out:57
shallow_b55_s22576,shallow,0.55,22576,conv.3,20,conv.3:out:20
shallow_b55_s22576,shallow,0.55,22576,conv.3,55,conv.3:out:55
shallow_b55_s22576,shallow,0.55,22576,conv.3,43,conv.3:out:43
shallow_b55_s22576,shallow,0.55,22576,conv.0,59,conv.0:out:59
shallow_b55_s22576,shallow,0.55,22576,conv.3,93,conv.3:out:93
shallow_b55_s22576,shallow,0.55,22576,conv.3,39,conv.3:out:39
shallow_b55_s22576,shallow,0.55,22576,conv.3,86,conv.3:out:86
shallow_b55_s22576,shallow,0.55,22576,conv.3,33,conv.3:out:33
shallow_b55_s22576,shallow,0.55,22576,conv.0,51,conv.0:out:51
shallow_b55_s22576,shallow,0.55,22576,conv.3,91,conv.3:out:91
shallow_b55_s22577,shallow,0.55,22577,conv.3,78,conv.3:out:78
shallow_b55_s22577,shallow,0.55,22577,conv.3,79,conv.3:out:79
shallow_b55_s22577,shallow,0.55,22577,conv.3,23,conv.3:out:23
shallow_b55_s22577,shallow,0.55,22577,conv.3,21,conv.3:out:21
shallow_b55_s22577,shallow,0.55,22577,conv.0,9,conv.0:out:9
shallow_b55_s22577,shallow,0.55,22577,conv.0,46,conv.0:out:46
shallow_b55_s22577,shallow,0.55,22577,conv.3,37,conv.3:out:37
shallow_b55_s22577,shallow,0.55,22577,conv.3,26,conv.3:out:26
shallow_b55_s22577,shallow,0.55,22577,conv.0,29,conv.0:out:29
shallow_b55_s22577,shallow,0.55,22577,conv.3,118,conv.3:out:118
shallow_b55_s22577,shallow,0.55,22577,conv.3,47,conv.3:out:47
shallow_b55_s22577,shallow,0.55,22577,conv.3,117,conv.3:out:117
shallow_b55_s22577,shallow,0.55,22577,conv.3,20,conv.3:out:20
shallow_b55_s22577,shallow,0.55,22577,conv.3,102,conv.3:out:102
shallow_b55_s22577,shallow,0.55,22577,conv.0,56,conv.0:out:56
shallow_b55_s22577,shallow,0.55,22577,conv.3,121,conv.3:out:121
shallow_b55_s22577,shallow,0.55,22577,conv.3,58,conv.3:out:58
shallow_b55_s22577,shallow,0.55,22577,conv.3,43,conv.3:out:43
shallow_b55_s22577,shallow,0.55,22577,conv.3,42,conv.3:out:42
shallow_b55_s22577,shallow,0.55,22577,conv.0,61,conv.0:out:61
shallow_b55_s22577,shallow,0.55,22577,conv.0,42,conv.0:out:42
shallow_b55_s22577,shallow,0.55,22577,conv.0,50,conv.0:out:50
shallow_b55_s22577,shallow,0.55,22577,conv.3,104,conv.3:out:104
shallow_b55_s22577,shallow,0.55,22577,conv.3,5,conv.3:out:5
shallow_b55_s22577,shallow,0.55,22577,conv.0,31,conv.0:out:31
shallow_b55_s22577,shallow,0.55,22577,conv.3,11,conv.3:out:11
shallow_b55_s22577,shallow,0.55,22577,conv.3,68,conv.3:out:68
shallow_b55_s22577,shallow,0.55,22577,conv.3,8,conv.3:out:8
shallow_b55_s22577,shallow,0.55,22577,conv.0,10,conv.0:out:10
shallow_b55_s22577,shallow,0.55,22577,conv.0,16,conv.0:out:16
shallow_b55_s22577,shallow,0.55,22577,conv.3,122,conv.3:out:122
shallow_b55_s22577,shallow,0.55,22577,conv.3,27,conv.3:out:27
shallow_b55_s22577,shallow,0.55,22577,conv.3,33,conv.3:out:33
shallow_b55_s22577,shallow,0.55,22577,conv.0,15,conv.0:out:15
shallow_b55_s22577,shallow,0.55,22577,conv.0,23,conv.0:out:23
shallow_b55_s22577,shallow,0.55,22577,conv.0,0,conv.0:out:0
shallow_b55_s22577,shallow,0.55,22577,conv.3,108,conv.3:out:108
shallow_b55_s22577,shallow,0.55,22577,conv.3,112,conv.3:out:112
shallow_b55_s22577,shallow,0.55,22577,conv.3,87,conv.3:out:87
shallow_b55_s22577,shallow,0.55,22577,conv.3,6,conv.3:out:6
shallow_b55_s22577,shallow,0.55,22577,conv.3,123,conv.3:out:123
shallow_b55_s22577,shallow,0.55,22577,conv.0,38,conv.0:out:38
shallow_b55_s22577,shallow,0.55,22577,conv.3,126,conv.3:out:126
shallow_b55_s22577,shallow,0.55,22577,conv.3,70,conv.3:out:70
shallow_b55_s22577,shallow,0.55,22577,conv.3,80,conv.3:out:80
shallow_b55_s22577,shallow,0.55,22577,conv.0,5,conv.0:out:5
shallow_b55_s22577,shallow,0.55,22577,conv.3,76,conv.3:out:76
shallow_b55_s22577,shallow,0.55,22577,conv.3,50,conv.3:out:50
shallow_b55_s22577,shallow,0.55,22577,conv.0,18,conv.0:out:18
shallow_b55_s22577,shallow,0.55,22577,conv.0,24,conv.0:out:24
shallow_b55_s22577,shallow,0.55,22577,conv.0,39,conv.0:out:39
shallow_b55_s22577,shallow,0.55,22577,conv.3,46,conv.3:out:46
shallow_b55_s22577,shallow,0.55,22577,conv.3,14,conv.3:out:14
shallow_b55_s22577,shallow,0.55,22577,conv.3,1,conv.3:out:1
shallow_b55_s22577,shallow,0.55,22577,conv.3,31,conv.3:out:31
shallow_b55_s22577,shallow,0.55,22577,conv.3,40,conv.3:out:40
shallow_b55_s22577,shallow,0.55,22577,conv.3,111,conv.3:out:111
shallow_b55_s22577,shallow,0.55,22577,conv.3,73,conv.3:out:73
shallow_b55_s22577,shallow,0.55,22577,conv.3,124,conv.3:out:124
shallow_b55_s22577,shallow,0.55,22577,conv.3,98,conv.3:out:98
shallow_b55_s22577,shallow,0.55,22577,conv.3,41,conv.3:out:41
shallow_b55_s22577,shallow,0.55,22577,conv.3,29,conv.3:out:29
shallow_b55_s22577,shallow,0.55,22577,conv.3,36,conv.3:out:36
shallow_b55_s22577,shallow,0.55,22577,conv.0,33,conv.0:out:33
shallow_b55_s22577,shallow,0.55,22577,conv.0,43,conv.0:out:43
shallow_b55_s22578,shallow,0.55,22578,conv.0,58,conv.0:out:58
shallow_b55_s22578,shallow,0.55,22578,conv.0,50,conv.0:out:50
shallow_b55_s22578,shallow,0.55,22578,conv.0,25,conv.0:out:25
shallow_b55_s22578,shallow,0.55,22578,conv.3,8,conv.3:out:8
shallow_b55_s22578,shallow,0.55,22578,conv.3,88,conv.3:out:88
shallow_b55_s22578,shallow,0.55,22578,conv.0,13,conv.0:out:13
shallow_b55_s22578,shallow,0.55,22578,conv.3,58,conv.3:out:58
shallow_b55_s22578,shallow,0.55,22578,conv.3,83,conv.3:out:83
shallow_b55_s22578,shallow,0.55,22578,conv.0,47,conv.0:out:47
shallow_b55_s22578,shallow,0.55,22578,conv.0,19,conv.0:out:19
shallow_b55_s22578,shallow,0.55,22578,conv.3,37,conv.3:out:37
shallow_b55_s22578,shallow,0.55,22578,conv.3,35,conv.3:out:35
shallow_b55_s22578,shallow,0.55,22578,conv.0,28,conv.0:out:28
shallow_b55_s22578,shallow,0.55,22578,conv.3,68,conv.3:out:68
shallow_b55_s22578,shallow,0.55,22578,conv.3,9,conv.3:out:9
shallow_b55_s22578,shallow,0.55,22578,conv.3,73,conv.3:out:73
shallow_b55_s22578,shallow,0.55,22578,conv.0,8,conv.0:out:8
shallow_b55_s22578,shallow,0.55,22578,conv.3,70,conv.3:out:70
shallow_b55_s22578,shallow,0.55,22578,conv.3,25,conv.3:out:25
shallow_b55_s22578,shallow,0.55,22578,conv.0,61,conv.0:out:61
shallow_b55_s22578,shallow,0.55,22578,conv.3,106,conv.3:out:106
shallow_b55_s22578,shallow,0.55,22578,conv.0,24,conv.0:out:24
shallow_b55_s22578,shallow,0.55,22578,conv.3,121,conv.3:out:121
shallow_b55_s22578,shallow,0.55,22578,conv.3,78,conv.3:out:78
shallow_b55_s22578,shallow,0.55,22578,conv.0,0,conv.0:out:0
shallow_b55_s22578,shallow,0.55,22578,conv.3,123,conv.3:out:123
shallow_b55_s22578,shallow,0.55,22578,conv.3,100,conv.3:out:100
shallow_b55_s22578,shallow,0.55,22578,conv.3,107,conv.3:out:107
shallow_b55_s22578,shallow,0.55,22578,conv.3,86,conv.3:out:86
shallow_b55_s22578,shallow,0.55,22578,conv.3,7,conv.3:out:7
shallow_b55_s22578,shallow,0.55,22578,conv.0,48,conv.0:out:48
shallow_b55_s22578,shallow,0.55,22578,conv.3,125,conv.3:out:125
shallow_b55_s22578,shallow,0.55,22578,conv.0,31,conv.0:out:31
shallow_b55_s22578,shallow,0.55,22578,conv.0,43,conv.0:out:43
shallow_b55_s22578,shallow,0.55,22578,conv.3,81,conv.3:out:81
shallow_b55_s22578,shallow,0.55,22578,conv.0,16,conv.0:out:16
shallow_b55_s22578,shallow,0.55,22578,conv.3,42,conv.3:out:42
shallow_b55_s22578,shallow,0.55,22578,conv.3,52,conv.3:out:52
shallow_b55_s22578,shallow,0.55,22578,conv.0,12,conv.0:out:12
shallow_b55_s22578,shallow,0.55,22578,conv.3,119,conv.3:out:119
shallow_b55_s22578,shallow,0.55,22578,conv.3,69,conv.3:out:69
shallow_b55_s22578,shallow,0.55,22578,conv.0,18,conv.0:out:18
shallow_b55_s22578,shallow,0.55,22578,conv.0,54,conv.0:out:54
shallow_b55_s22578,shallow,0.55,22578,conv.0,51,conv.0:out:51
shallow_b55_s22578,shallow,0.55,22578,conv.0,9,conv.0:out:9
shallow_b55_s22578,shallow,0.55,22578,conv.3,111,conv.3:out:111
shallow_b55_s22578,shallow,0.55,22578,conv.3,21,conv.3:out:21
shallow_b55_s22578,shallow,0.55,22578,conv.3,96,conv.3:out:96
shallow_b55_s22578,shallow,0.55,22578,conv.0,4,conv.0:out:4
shallow_b55_s22578,shallow,0.55,22578,conv.3,43,conv.3:out:43
shallow_b55_s22578,shallow,0.55,22578,conv.3,77,conv.3:out:77
shallow_b55_s22578,shallow,0.55,22578,conv.3,127,conv.3:out:127
shallow_b55_s22578,shallow,0.55,22578,conv.3,22,conv.3:out:22
shallow_b55_s22578,shallow,0.55,22578,conv.3,103,conv.3:out:103
shallow_b55_s22578,shallow,0.55,22578,conv.0,38,conv.0:out:38
shallow_b55_s22578,shallow,0.55,22578,conv.3,0,conv.3:out:0
shallow_b55_s22578,shallow,0.55,22578,conv.0,53,conv.0:out:53
shallow_b55_s22578,shallow,0.55,22578,conv.0,35,conv.0:out:35
shallow_b55_s22578,shallow,0.55,22578,conv.3,113,conv.3:out:113
shallow_b55_s22578,shallow,0.55,22578,conv.0,29,conv.0:out:29
shallow_b55_s22579,shallow,0.55,22579,conv.3,62,conv.3:out:62
shallow_b55_s22579,shallow,0.55,22579,conv.3,90,conv.3:out:90
shallow_b55_s22579,shallow,0.55,22579,conv.3,30,conv.3:out:30
shallow_b55_s22579,shallow,0.55,22579,conv.3,121,conv.3:out:121
shallow_b55_s22579,shallow,0.55,22579,conv.3,69,conv.3:out:69
shallow_b55_s22579,shallow,0.55,22579,conv.3,57,conv.3:out:57
shallow_b55_s22579,shallow,0.55,22579,conv.0,51,conv.0:out:51
shallow_b55_s22579,shallow,0.55,22579,conv.3,81,conv.3:out:81
shallow_b55_s22579,shallow,0.55,22579,conv.3,103,conv.3:out:103
shallow_b55_s22579,shallow,0.55,22579,conv.3,70,conv.3:out:70
shallow_b55_s22579,shallow,0.55,22579,conv.3,35,conv.3:out:35
shallow_b55_s22579,shallow,0.55,22579,conv.3,33,conv.3:out:33
shallow_b55_s22579,shallow,0.55,22579,conv.3,11,conv.3:out:11
shallow_b55_s22579,shallow,0.55,22579,conv.3,58,conv.3:out:58
shallow_b55_s22579,shallow,0.55,22579,conv.0,13,conv.0:out:13
shallow_b55_s22579,shallow,0.55,22579,conv.0,31,conv.0:out:31
shallow_b55_s22579,shallow,0.55,22579,conv.3,86,conv.3:out:86
shallow_b55_s22579,shallow,0.55,22579,conv.3,98,conv.3:out:98
shallow_b55_s22579,shallow,0.55,22579,conv.0,28,conv.0:out:28
shallow_b55_s22579,shallow,0.55,22579,conv.3,89,conv.3:out:89
shallow_b55_s22579,shallow,0.55,22579,conv.3,74,conv.3:out:74
shallow_b55_s22579,shallow,0.55,22579,conv.3,3,conv.3:out:3
shallow_b55_s22579,shallow,0.55,22579,conv.0,61,conv.0:out:61
shallow_b55_s22579,shallow,0.55,22579,conv.3,21,conv.3:out:21
shallow_b55_s22579,shallow,0.55,22579,conv.3,26,conv.3:out:26
shallow_b55_s22579,shallow,0.55,22579,conv.0,9,conv.0:out:9
shallow_b55_s22579,shallow,0.55,22579,conv.3,10,conv.3:out:10
shallow_b55_s22579,shallow,0.55,22579,conv.3,94,conv.3:out:94
shallow_b55_s22579,shallow,0.55,22579,conv.3,12,conv.3:out:12
shallow_b55_s22579,shallow,0.55,22579,conv.0,60,conv.0:out:60
shallow_b55_s22579,shallow,0.55,22579,conv.0,43,conv.0:out:43
shallow_b55_s22579,shallow,0.55,22579,conv.3,113,conv.3:out:113
shallow_b55_s22579,shallow,0.55,22579,conv.3,15,conv.3:out:15
shallow_b55_s22579,shallow,0.55,22579,conv.3,61,conv.3:out:61
shallow_b55_s22579,shallow,0.55,22579,conv.3,118,conv.3:out:118
shallow_b55_s22579,shallow,0.55,22579,conv.3,111,conv.3:out:111
shallow_b55_s22579,shallow,0.55,22579,conv.3,37,conv.3:out:37
shallow_b55_s22579,shallow,0.55,22579,conv.3,46,conv.3:out:46
shallow_b55_s22579,shallow,0.55,22579,conv.3,85,conv.3:out:85
shallow_b55_s22579,shallow,0.55,22579,conv.3,126,conv.3:out:126
shallow_b55_s22579,shallow,0.55,22579,conv.0,27,conv.0:out:27
shallow_b55_s22579,shallow,0.55,22579,conv.0,36,conv.0:out:36
shallow_b55_s22579,shallow,0.55,22579,conv.3,127,conv.3:out:127
shallow_b55_s22579,shallow,0.55,22579,conv.3,22,conv.3:out:22
shallow_b55_s22579,shallow,0.55,22579,conv.3,27,conv.3:out:27
shallow_b55_s22579,shallow,0.55,22579,conv.3,13,conv.3:out:13
shallow_b55_s22579,shallow,0.55,22579,conv.3,17,conv.3:out:17
shallow_b55_s22579,shallow,0.55,22579,conv.0,24,conv.0:out:24
shallow_b55_s22579,shallow,0.55,22579,conv.0,63,conv.0:out:63
shallow_b55_s22579,shallow,0.55,22579,conv.3,99,conv.3:out:99
shallow_b55_s22579,shallow,0.55,22579,conv.0,3,conv.0:out:3
shallow_b55_s22579,shallow,0.55,22579,conv.3,112,conv.3:out:112
shallow_b55_s22579,shallow,0.55,22579,conv.3,87,conv.3:out:87
shallow_b55_s22579,shallow,0.55,22579,conv.0,58,conv.0:out:58
shallow_b55_s22579,shallow,0.55,22579,conv.3,117,conv.3:out:117
shallow_b55_s22579,shallow,0.55,22579,conv.0,6,conv.0:out:6
shallow_b55_s22579,shallow,0.55,22579,conv.3,65,conv.3:out:65
shallow_b55_s22579,shallow,0.55,22579,conv.3,42,conv.3:out:42
shallow_b55_s22579,shallow,0.55,22579,conv.0,25,conv.0:out:25
shallow_b55_s22579,shallow,0.55,22579,conv.3,124,conv.3:out:124
shallow_b55_s22579,shallow,0.55,22579,conv.0,50,conv.0:out:50
shallow_b55_s22579,shallow,0.55,22579,conv.3,36,conv.3:out:36
shallow_b55_s22579,shallow,0.55,22579,conv.3,6,conv.3:out:6
shallow_b55_s22579,shallow,0.55,22579,conv.3,120,conv.3:out:120
shallow_b55_s22579,shallow,0.55,22579,conv.3,23,conv.3:out:23
shallow_b55_s22579,shallow,0.55,22579,conv.3,82,conv.3:out:82
shallow_b55_s22579,shallow,0.55,22579,conv.0,23,conv.0:out:23
shallow_b55_s22580,shallow,0.55,22580,conv.0,61,conv.0:out:61
shallow_b55_s22580,shallow,0.55,22580,conv.3,45,conv.3:out:45
shallow_b55_s22580,shallow,0.55,22580,conv.0,12,conv.0:out:12
shallow_b55_s22580,shallow,0.55,22580,conv.3,28,conv.3:out:28
shallow_b55_s22580,shallow,0.55,22580,conv.3,3,conv.3:out:3
shallow_b55_s22580,shallow,0.55,22580,conv.0,39,conv.0:out:39
shallow_b55_s22580,shallow,0.55,22580,conv.0,36,conv.0:out:36
shallow_b55_s22580,shallow,0.55,22580,conv.3,44,conv.3:out:44
shallow_b55_s22580,shallow,0.55,22580,conv.0,18,conv.0:out:18
shallow_b55_s22580,shallow,0.55,22580,conv.0,59,conv.0:out:59
shallow_b55_s22580,shallow,0.55,22580,conv.0,32,conv.0:out:32
shallow_b55_s22580,shallow,0.55,22580,conv.0,51,conv.0:out:51
shallow_b55_s22580,shallow,0.55,22580,conv.0,14,conv.0:out:14
shallow_b55_s22580,shallow,0.55,22580,conv.3,87,conv.3:out:87
shallow_b55_s22580,shallow,0.55,22580,conv.3,39,conv.3:out:39
shallow_b55_s22580,shallow,0.55,22580,conv.0,53,conv.0:out:53
shallow_b55_s22580,shallow,0.55,22580,conv.0,2,conv.0:out:2
shallow_b55_s22580,shallow,0.55,22580,conv.0,52,conv.0:out:52
shallow_b55_s22580,shallow,0.55,22580,conv.3,79,conv.3:out:79
shallow_b55_s22580,shallow,0.55,22580,conv.3,84,conv.3:out:84
shallow_b55_s22580,shallow,0.55,22580,conv.3,119,conv.3:out:119
shallow_b55_s22580,shallow,0.55,22580,conv.0,45,conv.0:out:45
shallow_b55_s22580,shallow,0.55,22580,conv.3,2,conv.3:out:2
shallow_b55_s22580,shallow,0.55,22580,conv.3,70,conv.3:out:70
shallow_b55_s22580,shallow,0.55,22580,conv.3,116,conv.3:out:116
shallow_b55_s22580,shallow,0.55,22580,conv.0,63,conv.0:out:63
shallow_b55_s22580,shallow,0.55,22580,conv.3,24,conv.3:out:24
shallow_b55_s22580,shallow,0.55,22580,conv.0,54,conv.0:out:54
shallow_b55_s22580,shallow,0.55,22580,conv.3,73,conv.3:out:73
shallow_b55_s22580,shallow,0.55,22580,conv.3,5,conv.3:out:5
shallow_b55_s22580,shallow,0.55,22580,conv.3,57,conv.3:out:57
shallow_b55_s22580,shallow,0.55,22580,conv.3,43,conv.3:out:43
shallow_b55_s22580,shallow,0.55,22580,conv.3,8,conv.3:out:8
shallow_b55_s22580,shallow,0.55,22580,conv.0,0,conv.0:out:0
shallow_b55_s22580,shallow,0.55,22580,conv.3,78,conv.3:out:78
shallow_b55_s22580,shallow,0.55,22580,conv.3,97,conv.3:out:97
shallow_b55_s22580,shallow,0.55,22580,conv.3,61,conv.3:out:61
shallow_b55_s22580,shallow,0.55,22580,conv.0,40,conv.0:out:40
shallow_b55_s22580,shallow,0.55,22580,conv.3,67,conv.3:out:67
shallow_b55_s22580,shallow,0.55,22580,conv.3,83,conv.3:out:83
shallow_b55_s22580,shallow,0.55,22580,conv.3,108,conv.3:out:108
shallow_b55_s22580,shallow,0.55,22580,conv.3,38,conv.3:out:38
shallow_b55_s22580,shallow,0.55,22580,conv.0,57,conv.0:out:57
shallow_b55_s22580,shallow,0.55,22580,conv.3,35,conv.3:out:35
shallow_b55_s22580,shallow,0.55,22580,conv.3,66,conv.3:out:66
shallow_b55_s22580,shallow,0.55,22580,conv.0,31,conv.0:out:31
shallow_b55_s22580,shallow,0.55,22580,conv.0,38,conv.0:out:38
shallow_b55_s22580,shallow,0.55,22580,conv.0,11,conv.0:out:11
shallow_b55_s22580,shallow,0.55,22580,conv.0,33,conv.0:out:33
shallow_b55_s22580,shallow,0.55,22580,conv.3,68,conv.3:out:68
shallow_b55_s22580,shallow,0.55,22580,conv.3,25,conv.3:out:25
shallow_b55_s22580,shallow,0.55,22580,conv.3,41,conv.3:out:41
shallow_b55_s22580,shallow,0.55,22580,conv.0,9,conv.0:out:9
shallow_b55_s22580,shallow,0.55,22580,conv.3,13,conv.3:out:13
shallow_b55_s22580,shallow,0.55,22580,conv.3,7,conv.3:out:7
shallow_b55_s22580,shallow,0.55,22580,conv.3,17,conv.3:out:17
shallow_b55_s22580,shallow,0.55,22580,conv.3,123,conv.3:out:123
shallow_b55_s22580,shallow,0.55,22580,conv.3,31,conv.3:out:31
shallow_b55_s22580,shallow,0.55,22580,conv.0,47,conv.0:out:47
shallow_b55_s22580,shallow,0.55,22580,conv.3,29,conv.3:out:29
shallow_b55_s22581,shallow,0.55,22581,conv.3,106,conv.3:out:106
shallow_b55_s22581,shallow,0.55,22581,conv.3,14,conv.3:out:14
shallow_b55_s22581,shallow,0.55,22581,conv.3,46,conv.3:out:46
shallow_b55_s22581,shallow,0.55,22581,conv.3,112,conv.3:out:112
shallow_b55_s22581,shallow,0.55,22581,conv.3,11,conv.3:out:11
shallow_b55_s22581,shallow,0.55,22581,conv.0,55,conv.0:out:55
shallow_b55_s22581,shallow,0.55,22581,conv.3,33,conv.3:out:33
shallow_b55_s22581,shallow,0.55,22581,conv.3,103,conv.3:out:103
shallow_b55_s22581,shallow,0.55,22581,conv.3,118,conv.3:out:118
shallow_b55_s22581,shallow,0.55,22581,conv.3,55,conv.3:out:55
shallow_b55_s22581,shallow,0.55,22581,conv.3,1,conv.3:out:1
shallow_b55_s22581,shallow,0.55,22581,conv.3,61,conv.3:out:61
shallow_b55_s22581,shallow,0.55,22581,conv.3,105,conv.3:out:105
shallow_b55_s22581,shallow,0.55,22581,conv.0,48,conv.0:out:48
shallow_b55_s22581,shallow,0.55,22581,conv.0,60,conv.0:out:60
shallow_b55_s22581,shallow,0.55,22581,conv.3,48,conv.3:out:48
shallow_b55_s22581,shallow,0.55,22581,conv.3,94,conv.3:out:94
shallow_b55_s22581,shallow,0.55,22581,conv.3,59,conv.3:out:59
shallow_b55_s22581,shallow,0.55,22581,conv.3,32,conv.3:out:32
shallow_b55_s22581,shallow,0.55,22581,conv.3,76,conv.3:out:76
shallow_b55_s22581,shallow,0.55,22581,conv.3,104,conv.3:out:104
shallow_b55_s22581,shallow,0.55,22581,conv.3,15,conv.3:out:15
shallow_b55_s22581,shallow,0.55,22581,conv.3,2,conv.3:out:2
shallow_b55_s22581,shallow,0.55,22581,conv.3,77,conv.3:out:77
shallow_b55_s22581,shallow,0.55,22581,conv.3,79,conv.3:out:79
shallow_b55_s22581,shallow,0.55,22581,conv.0,2,conv.0:out:2
shallow_b55_s22581,shallow,0.55,22581,conv.0,29,conv.0:out:29
shallow_b55_s22581,shallow,0.55,22581,conv.3,85,conv.3:out:85
shallow_b55_s22581,shallow,0.55,22581,conv.0,32,conv.0:out:32
shallow_b55_s22581,shallow,0.55,22581,conv.3,10,conv.3:out:10
shallow_b55_s22581,shallow,0.55,22581,conv.3,22,conv.3:out:22
shallow_b55_s22581,shallow,0.55,22581,conv.3,16,conv.3:out:16
shallow_b55_s22581,shallow,0.55,22581,conv.0,35,conv.0:out:35
shallow_b55_s22581,shallow,0.55,22581,conv.3,51,conv.3:out:51
shallow_b55_s22581,shallow,0.55,22581,conv.3,108,conv.3:out:108
shallow_b55_s22581,shallow,0.55,22581,conv.0,53,conv.0:out:53
shallow_b55_s22581,shallow,0.55,22581,conv.0,37,conv.0:out:37
shallow_b55_s22581,shallow,0.55,22581,conv.3,0,conv.3:out:0
shallow_b55_s22581,shallow,0.55,22581,conv.3,60,conv.3:out:60
shallow_b55_s22581,shallow,0.55,22581,conv.3,124,conv.3:out:124
shallow_b55_s22581,shallow,0.55,22581,conv.0,19,conv.0:out:19
shallow_b55_s22581,shallow,0.55,22581,conv.3,117,conv.3:out:117
shallow_b55_s22581,shallow,0.55,22581,conv.0,26,conv.0:out:26
shallow_b55_s22581,shallow,0.55,22581,conv.3,29,conv.3:out:29
shallow_b55_s22581,shallow,0.55,22581,conv.3,19,conv.3:out:19
shallow_b55_s22581,shallow,0.55,22581,conv.3,40,conv.3:out:40
shallow_b55_s22581,shallow,0.55,22581,conv.0,58,conv.0:out:58
shallow_b55_s22581,shallow,0.55,22581,conv.3,109,conv.3:out:109
shallow_b55_s22581,shallow,0.55,22581,conv.3,125,conv.3:out:125
shallow_b55_s22581,shallow,0.55,22581,conv.3,99,conv.3:out:99
shallow_b55_s22581,shallow,0.55,22581,conv.3,107,conv.3:out:107
shallow_b55_s22581,shallow,0.55,22581,conv.0,20,conv.0:out:20
shallow_b55_s22581,shallow,0.55,22581,conv.3,81,conv.3:out:81
shallow_b55_s22581,shallow,0.55,22581,conv.3,100,conv.3:out:100
shallow_b55_s22581,shallow,0.55,22581,conv.3,36,conv.3:out:36
shallow_b55_s22581,shallow,0.55,22581,conv.3,90,conv.3:out:90
shallow_b55_s22581,shallow,0.55,22581,conv.0,12,conv.0:out:12
shallow_b55_s22581,shallow,0.55,22581,conv.3,69,conv.3:out:69
shallow_b55_s22581,shallow,0.55,22581,conv.3,72,conv.3:out:72
shallow_b55_s22581,shallow,0.55,22581,conv.3,110,conv.3:out:110
shallow_b55_s22581,shallow,0.55,22581,conv.3,93,conv.3:out:93
shallow_b55_s22581,shallow,0.55,22581,conv.0,21,conv.0:out:21
shallow_b55_s22581,shallow,0.55,22581,conv.0,3,conv.0:out:3
shallow_b55_s22581,shallow,0.55,22581,conv.3,37,conv.3:out:37
shallow_b55_s22581,shallow,0.55,22581,conv.0,61,conv.0:out:61
shallow_b55_s22581,shallow,0.55,22581,conv.0,28,conv.0:out:28
shallow_b55_s22582,shallow,0.55,22582,conv.0,45,conv.0:out:45
shallow_b55_s22582,shallow,0.55,22582,conv.0,21,conv.0:out:21
shallow_b55_s22582,shallow,0.55,22582,conv.3,91,conv.3:out:91
shallow_b55_s22582,shallow,0.55,22582,conv.0,22,conv.0:out:22
shallow_b55_s22582,shallow,0.55,22582,conv.0,11,conv.0:out:11
shallow_b55_s22582,shallow,0.55,22582,conv.0,58,conv.0:out:58
shallow_b55_s22582,shallow,0.55,22582,conv.0,33,conv.0:out:33
shallow_b55_s22582,shallow,0.55,22582,conv.3,26,conv.3:out:26
shallow_b55_s22582,shallow,0.55,22582,conv.3,109,conv.3:out:109
shallow_b55_s22582,shallow,0.55,22582,conv.3,111,conv.3:out:111
shallow_b55_s22582,shallow,0.55,22582,conv.3,24,conv.3:out:24
shallow_b55_s22582,shallow,0.55,22582,conv.3,12,conv.3:out:12
shallow_b55_s22582,shallow,0.55,22582,conv.3,10,conv.3:out:10
shallow_b55_s22582,shallow,0.55,22582,conv.3,68,conv.3:out:68
shallow_b55_s22582,shallow,0.55,22582,conv.3,64,conv.3:out:64
shallow_b55_s22582,shallow,0.55,22582,conv.3,13,conv.3:out:13
shallow_b55_s22582,shallow,0.55,22582,conv.3,78,conv.3:out:78
shallow_b55_s22582,shallow,0.55,22582,conv.3,104,conv.3:out:104
shallow_b55_s22582,shallow,0.55,22582,conv.3,25,conv.3:out:25
shallow_b55_s22582,shallow,0.55,22582,conv.3,80,conv.3:out:80
shallow_b55_s22582,shallow,0.55,22582,conv.0,36,conv.0:out:36
shallow_b55_s22582,shallow,0.55,22582,conv.3,126,conv.3:out:126
shallow_b55_s22582,shallow,0.55,22582,conv.3,39,conv.3:out:39
shallow_b55_s22582,shallow,0.55,22582,conv.3,75,conv.3:out:75
shallow_b55_s22582,shallow,0.55,22582,conv.3,70,conv.3:out:70
shallow_b55_s22582,shallow,0.55,22582,conv.3,37,conv.3:out:37
shallow_b55_s22582,shallow,0.55,22582,conv.3,83,conv.3:out:83
shallow_b55_s22582,shallow,0.55,22582,conv.3,76,conv.3:out:76
shallow_b55_s22582,shallow,0.55,22582,conv.3,81,conv.3:out:81
shallow_b55_s22582,shallow,0.55,22582,conv.3,56,conv.3:out:56
shallow_b55_s22582,shallow,0.55,22582,conv.3,17,conv.3:out:17
shallow_b55_s22582,shallow,0.55,22582,conv.0,56,conv.0:out:56
shallow_b55_s22582,shallow,0.55,22582,conv.3,19,conv.3:out:19
shallow_b55_s22582,shallow,0.55,22582,conv.3,0,conv.3:out:0
shallow_b55_s22582,shallow,0.55,22582,conv.3,107,conv.3:out:107
shallow_b55_s22582,shallow,0.55,22582,conv.3,115,conv.3:out:115
shallow_b55_s22582,shallow,0.55,22582,conv.3,101,conv.3:out:101
shallow_b55_s22582,shallow,0.55,22582,conv.3,2,conv.3:out:2
shallow_b55_s22582,shallow,0.55,22582,conv.3,102,conv.3:out:102
shallow_b55_s22582,shallow,0.55,22582,conv.3,92,conv.3:out:92
shallow_b55_s22582,shallow,0.55,22582,conv.3,88,conv.3:out:88
shallow_b55_s22582,shallow,0.55,22582,conv.3,58,conv.3:out:58
shallow_b55_s22582,shallow,0.55,22582,conv.3,46,conv.3:out:46
shallow_b55_s22582,shallow,0.55,22582,conv.3,125,conv.3:out:125
shallow_b55_s22582,shallow,0.55,22582,conv.0,29,conv.0:out:29
shallow_b55_s22582,shallow,0.55,22582,conv.3,63,conv.3:out:63
shallow_b55_s22582,shallow,0.55,22582,conv.3,35,conv.3:out:35
shallow_b55_s22582,shallow,0.55,22582,conv.3,27,conv.3:out:27
shallow_b55_s22582,shallow,0.55,22582,conv.3,45,conv.3:out:45
shallow_b55_s22582,shallow,0.55,22582,conv.3,97,conv.3:out:97
shallow_b55_s22582,shallow,0.55,22582,conv.3,89,conv.3:out:89
shallow_b55_s22582,shallow,0.55,22582,conv.3,15,conv.3:out:15
shallow_b55_s22582,shallow,0.55,22582,conv.3,84,conv.3:out:84
shallow_b55_s22582,shallow,0.55,22582,conv.0,48,conv.0:out:48
shallow_b55_s22582,shallow,0.55,22582,conv.0,39,conv.0:out:39
shallow_b55_s22582,shallow,0.55,22582,conv.3,67,conv.3:out:67
shallow_b55_s22582,shallow,0.55,22582,conv.0,18,conv.0:out:18
shallow_b55_s22582,shallow,0.55,22582,conv.3,82,conv.3:out:82
shallow_b55_s22582,shallow,0.55,22582,conv.3,55,conv.3:out:55
shallow_b55_s22582,shallow,0.55,22582,conv.3,18,conv.3:out:18
shallow_b55_s22582,shallow,0.55,22582,conv.0,10,conv.0:out:10
shallow_b55_s22582,shallow,0.55,22582,conv.0,63,conv.0:out:63
shallow_b55_s22582,shallow,0.55,22582,conv.0,32,conv.0:out:32
shallow_b55_s22582,shallow,0.55,22582,conv.3,8,conv.3:out:8
shallow_b55_s22582,shallow,0.55,22582,conv.3,69,conv.3:out:69
shallow_b55_s22582,shallow,0.55,22582,conv.3,28,conv.3:out:28
shallow_b55_s22582,shallow,0.55,22582,conv.3,51,conv.3:out:51
shallow_b55_s22582,shallow,0.55,22582,conv.3,7,conv.3:out:7
shallow_b55_s22583,shallow,0.55,22583,conv.3,88,conv.3:out:88
shallow_b55_s22583,shallow,0.55,22583,conv.3,109,conv.3:out:109
shallow_b55_s22583,shallow,0.55,22583,conv.0,19,conv.0:out:19
shallow_b55_s22583,shallow,0.55,22583,conv.3,10,conv.3:out:10
shallow_b55_s22583,shallow,0.55,22583,conv.3,0,conv.3:out:0
shallow_b55_s22583,shallow,0.55,22583,conv.0,21,conv.0:out:21
shallow_b55_s22583,shallow,0.55,22583,conv.3,117,conv.3:out:117
shallow_b55_s22583,shallow,0.55,22583,conv.0,11,conv.0:out:11
shallow_b55_s22583,shallow,0.55,22583,conv.0,33,conv.0:out:33
shallow_b55_s22583,shallow,0.55,22583,conv.3,108,conv.3:out:108
shallow_b55_s22583,shallow,0.55,22583,conv.3,30,conv.3:out:30
shallow_b55_s22583,shallow,0.55,22583,conv.0,54,conv.0:out:54
shallow_b55_s22583,shallow,0.55,22583,conv.3,101,conv.3:out:101
shallow_b55_s22583,shallow,0.55,22583,conv.3,4,conv.3:out:4
shallow_b55_s22583,shallow,0.55,22583,conv.3,50,conv.3:out:50
shallow_b55_s22583,shallow,0.55,22583,conv.3,12,conv.3:out:12
shallow_b55_s22583,shallow,0.55,22583,conv.3,67,conv.3:out:67
shallow_b55_s22583,shallow,0.55,22583,conv.3,124,conv.3:out:124
shallow_b55_s22583,shallow,0.55,22583,conv.3,38,conv.3:out:38
shallow_b55_s22583,shallow,0.55,22583,conv.3,49,conv.3:out:49
shallow_b55_s22583,shallow,0.55,22583,conv.3,7,conv.3:out:7
shallow_b55_s22583,shallow,0.55,22583,conv.0,2,conv.0:out:2
shallow_b55_s22583,shallow,0.55,22583,conv.0,46,conv.0:out:46
shallow_b55_s22583,shallow,0.55,22583,conv.0,56,conv.0:out:56
shallow_b55_s22583,shallow,0.55,22583,conv.3,1,conv.3:out:1
shallow_b55_s22583,shallow,0.55,22583,conv.0,53,conv.0:out:53
shallow_b55_s22583,shallow,0.55,22583,conv.3,39,conv.3:out:39
shallow_b55_s22583,shallow,0.55,22583,conv.3,105,conv.3:out:105
shallow_b55_s22583,shallow,0.55,22583,conv.0,39,conv.0:out:39
shallow_b55_s22583,shallow,0.55,22583,conv.0,42,conv.0:out:42
shallow_b55_s22583,shallow,0.55,22583,conv.3,24,conv.3:out:24
shallow_b55_s22583,shallow,0.55,22583,conv.3,17,conv.3:out:17
shallow_b55_s22583,shallow,0.55,22583,conv.0,45,conv.0:out:45
shallow_b55_s22583,shallow,0.55,22583,conv.3,97,conv.3:out:97
shallow_b55_s22583,shallow,0.55,22583,conv.3,125,conv.3:out:125
shallow_b55_s22583,shallow,0.55,22583,conv.0,30,conv.0:out:30
shallow_b55_s22583,shallow,0.55,22583,conv.0,17,conv.0:out:17
shallow_b55_s22583,shallow,0.55,22583,conv.0,25,conv.0:out:25
shallow_b55_s22583,shallow,0.55,22583,conv.3,76,conv.3:out:76
shallow_b55_s22583,shallow,0.55,22583,conv.0,15,conv.0:out:15
shallow_b55_s22583,shallow,0.55,22583,conv.3,90,conv.3:out:90
shallow_b55_s22583,shallow,0.55,22583,conv.0,32,conv.0:out:32
shallow_b55_s22583,shallow,0.55,22583,conv.0,4,conv.0:out:4
shallow_b55_s22583,shallow,0.55,22583,conv.0,3,conv.0:out:3
shallow_b55_s22583,shallow,0.55,22583,conv.3,61,conv.3:out:61
shallow_b55_s22583,shallow,0.55,22583,conv.3,74,conv.3:out:74
shallow_b55_s22583,shallow,0.55,22583,conv.3,46,conv.3:out:46
shallow_b55_s22583,shallow,0.55,22583,conv.3,81,conv.3:out:81
shallow_b55_s22583,shallow,0.55,22583,conv.0,0,conv.0:out:0
shallow_b55_s22583,shallow,0.55,22583,conv.3,86,conv.3:out:86
shallow_b55_s22583,shallow,0.55,22583,conv.0,24,conv.0:out:24
shallow_b55_s22583,shallow,0.55,22583,conv.3,127,conv.3:out:127
shallow_b55_s22583,shallow,0.55,22583,conv.0,55,conv.0:out:55
shallow_b55_s22583,shallow,0.55,22583,conv.3,98,conv.3:out:98
shallow_b55_s22583,shallow,0.55,22583,conv.0,37,conv.0:out:37
shallow_b55_s22583,shallow,0.55,22583,conv.3,103,conv.3:out:103
shallow_b55_s22583,shallow,0.55,22583,conv.3,87,conv.3:out:87
shallow_b55_s22583,shallow,0.55,22583,conv.3,110,conv.3:out:110
shallow_b55_s22583,shallow,0.55,22583,conv.3,89,conv.3:out:89
shallow_b55_s22583,shallow,0.55,22583,conv.0,34,conv.0:out:34
shallow_b55_s22584,shallow,0.55,22584,conv.3,22,conv.3:out:22
shallow_b55_s22584,shallow,0.55,22584,conv.0,39,conv.0:out:39
shallow_b55_s22584,shallow,0.55,22584,conv.3,71,conv.3:out:71
shallow_b55_s22584,shallow,0.55,22584,conv.0,44,conv.0:out:44
shallow_b55_s22584,shallow,0.55,22584,conv.3,90,conv.3:out:90
shallow_b55_s22584,shallow,0.55,22584,conv.3,106,conv.3:out:106
shallow_b55_s22584,shallow,0.55,22584,conv.3,41,conv.3:out:41
shallow_b55_s22584,shallow,0.55,22584,conv.0,24,conv.0:out:24
shallow_b55_s22584,shallow,0.55,22584,conv.3,72,conv.3:out:72
shallow_b55_s22584,shallow,0.55,22584,conv.3,62,conv.3:out:62
shallow_b55_s22584,shallow,0.55,22584,conv.0,41,conv.0:out:41
shallow_b55_s22584,shallow,0.55,22584,conv.0,51,conv.0:out:51
shallow_b55_s22584,shallow,0.55,22584,conv.3,40,conv.3:out:40
shallow_b55_s22584,shallow,0.55,22584,conv.0,7,conv.0:out:7
shallow_b55_s22584,shallow,0.55,22584,conv.3,39,conv.3:out:39
shallow_b55_s22584,shallow,0.55,22584,conv.3,94,conv.3:out:94
shallow_b55_s22584,shallow,0.55,22584,conv.3,120,conv.3:out:120
shallow_b55_s22584,shallow,0.55,22584,conv.3,6,conv.3:out:6
shallow_b55_s22584,shallow,0.55,22584,conv.0,48,conv.0:out:48
shallow_b55_s22584,shallow,0.55,22584,conv.3,19,conv.3:out:19
shallow_b55_s22584,shallow,0.55,22584,conv.0,4,conv.0:out:4
shallow_b55_s22584,shallow,0.55,22584,conv.3,28,conv.3:out:28
shallow_b55_s22584,shallow,0.55,22584,conv.0,31,conv.0:out:31
shallow_b55_s22584,shallow,0.55,22584,conv.3,50,conv.3:out:50
shallow_b55_s22584,shallow,0.55,22584,conv.3,115,conv.3:out:115
shallow_b55_s22584,shallow,0.55,22584,conv.3,124,conv.3:out:124
shallow_b55_s22584,shallow,0.55,22584,conv.3,73,conv.3:out:73
shallow_b55_s22584,shallow,0.55,22584,conv.3,14,conv.3:out:14
shallow_b55_s22584,shallow,0.55,22584,conv.3,103,conv.3:out:103
shallow_b55_s22584,shallow,0.55,22584,conv.0,52,conv.0:out:52
shallow_b55_s22584,shallow,0.55,22584,conv.3,34,conv.3:out:34
shallow_b55_s22584,shallow,0.55,22584,conv.3,67,conv.3:out:67
shallow_b55_s22584,shallow,0.55,22584,conv.0,2,conv.0:out:2
shallow_b55_s22584,shallow,0.55,22584,conv.3,8,conv.3:out:8
shallow_b55_s22584,shallow,0.55,22584,conv.3,24,conv.3:out:24
shallow_b55_s22584,shallow,0.55,22584,conv.3,126,conv.3:out:126
shallow_b55_s22584,shallow,0.55,22584,conv.3,23,conv.3:out:23
shallow_b55_s22584,shallow,0.55,22584,conv.3,113,conv.3:out:113
shallow_b55_s22584,shallow,0.55,22584,conv.3,121,conv.3:out:121
shallow_b55_s22584,shallow,0.55,22584,conv.0,53,conv.0:out:53
shallow_b55_s22584,shallow,0.55,22584,conv.0,21,conv.0:out:21
shallow_b55_s22584,shallow,0.55,22584,conv.0,50,conv.0:out:50
shallow_b55_s22584,shallow,0.55,22584,conv.0,30,conv.0:out:30
shallow_b55_s22584,shallow,0.55,22584,conv.0,63,conv.0:out:63
shallow_b55_s22584,shallow,0.55,22584,conv.3,122,conv.3:out:122
shallow_b55_s22584,shallow,0.55,22584,conv.3,36,conv.3:out:36
shallow_b55_s22584,shallow,0.55,22584,conv.0,36,conv.0:out:36
shallow_b55_s22584,shallow,0.55,22584,conv.3,99,conv.3:out:99
shallow_b55_s22584,shallow,0.55,22584,conv.3,7,conv.3:out:7
shallow_b55_s22584,shallow,0.55,22584,conv.3,31,conv.3:out:31
shallow_b55_s22584,shallow,0.55,22584,conv.0,17,conv.0:out:17
shallow_b55_s22584,shallow,0.55,22584,conv.3,70,conv.3:out:70
shallow_b55_s22584,shallow,0.55,22584,conv.0,26,conv.0:out:26
shallow_b55_s22584,shallow,0.55,22584,conv.0,58,conv.0:out:58
shallow_b55_s22584,shallow,0.55,22584,conv.0,15,conv.0:out:15
shallow_b55_s22584,shallow,0.55,22584,conv.3,84,conv.3:out:84
shallow_b55_s22584,shallow,0.55,22584,conv.3,105,conv.3:out:105
shallow_b55_s22584,shallow,0.55,22584,conv.3,83,conv.3:out:83
shallow_b55_s22584,shallow,0.55,22584,conv.3,78,conv.3:out:78
shallow_b55_s22584,shallow,0.55,22584,conv.3,33,conv.3:out:33
shallow_b55_s22584,shallow,0.55,22584,conv.3,76,conv.3:out:76
shallow_b55_s22584,shallow,0.55,22584,conv.3,54,conv.3:out:54
shallow_b55_s22584,shallow,0.55,22584,conv.3,9,conv.3:out:9
shallow_b55_s22585,shallow,0.55,22585,conv.3,100,conv.3:out:100
shallow_b55_s22585,shallow,0.55,22585,conv.3,34,conv.3:out:34
shallow_b55_s22585,shallow,0.55,22585,conv.3,43,conv.3:out:43
shallow_b55_s22585,shallow,0.55,22585,conv.0,27,conv.0:out:27
shallow_b55_s22585,shallow,0.55,22585,conv.3,73,conv.3:out:73
shallow_b55_s22585,shallow,0.55,22585,conv.3,32,conv.3:out:32
shallow_b55_s22585,shallow,0.55,22585,conv.3,69,conv.3:out:69
shallow_b55_s22585,shallow,0.55,22585,conv.3,58,conv.3:out:58
shallow_b55_s22585,shallow,0.55,22585,conv.3,68,conv.3:out:68
shallow_b55_s22585,shallow,0.55,22585,conv.3,61,conv.3:out:61
shallow_b55_s22585,shallow,0.55,22585,conv.0,19,conv.0:out:19
shallow_b55_s22585,shallow,0.55,22585,conv.3,47,conv.3:out:47
shallow_b55_s22585,shallow,0.55,22585,conv.3,75,conv.3:out:75
shallow_b55_s22585,shallow,0.55,22585,conv.0,9,conv.0:out:9
shallow_b55_s22585,shallow,0.55,22585,conv.3,59,conv.3:out:59
shallow_b55_s22585,shallow,0.55,22585,conv.3,120,conv.3:out:120
shallow_b55_s22585,shallow,0.55,22585,conv.0,63,conv.0:out:63
shallow_b55_s22585,shallow,0.55,22585,conv.3,37,conv.3:out:37
shallow_b55_s22585,shallow,0.55,22585,conv.3,33,conv.3:out:33
shallow_b55_s22585,shallow,0.55,22585,conv.0,49,conv.0:out:49
shallow_b55_s22585,shallow,0.55,22585,conv.0,44,conv.0:out:44
shallow_b55_s22585,shallow,0.55,22585,conv.3,56,conv.3:out:56
shallow_b55_s22585,shallow,0.55,22585,conv.3,21,conv.3:out:21
shallow_b55_s22585,shallow,0.55,22585,conv.0,18,conv.0:out:18
shallow_b55_s22585,shallow,0.55,22585,conv.3,77,conv.3:out:77
shallow_b55_s22585,shallow,0.55,22585,conv.3,124,conv.3:out:124
shallow_b55_s22585,shallow,0.55,22585,conv.3,51,conv.3:out:51
shallow_b55_s22585,shallow,0.55,22585,conv.0,54,conv.0:out:54
shallow_b55_s22585,shallow,0.55,22585,conv.3,1,conv.3:out:1
shallow_b55_s22585,shallow,0.55,22585,conv.3,71,conv.3:out:71
shallow_b55_s22585,shallow,0.55,22585,conv.3,42,conv.3:out:42
shallow_b55_s22585,shallow,0.55,22585,conv.0,50,conv.0:out:50
shallow_b55_s22585,shallow,0.55,22585,conv.0,5,conv.0:out:5
shallow_b55_s22585,shallow,0.55,22585,conv.0,48,conv.0:out:48
shallow_b55_s22585,shallow,0.55,22585,conv.0,33,conv.0:out:33
shallow_b55_s22585,shallow,0.55,22585,conv.0,25,conv.0:out:25
shallow_b55_s22585,shallow,0.55,22585,conv.0,41,conv.0:out:41
shallow_b55_s22585,shallow,0.55,22585,conv.3,110,conv.3:out:110
shallow_b55_s22585,shallow,0.55,22585,conv.3,3,conv.3:out:3
shallow_b55_s22585,shallow,0.55,22585,conv.0,2,conv.0:out:2
shallow_b55_s22585,shallow,0.55,22585,conv.3,89,conv.3:out:89
shallow_b55_s22585,shallow,0.55,22585,conv.3,20,conv.3:out:20
shallow_b55_s22585,shallow,0.55,22585,conv.3,74,conv.3:out:74
shallow_b55_s22585,shallow,0.55,22585,conv.3,6,conv.3:out:6
shallow_b55_s22585,shallow,0.55,22585,conv.3,79,conv.3:out:79
shallow_b55_s22585,shallow,0.55,22585,conv.0,0,conv.0:out:0
shallow_b55_s22585,shallow,0.55,22585,conv.3,36,conv.3:out:36
shallow_b55_s22585,shallow,0.55,22585,conv.0,16,conv.0:out:16
shallow_b55_s22585,shallow,0.55,22585,conv.3,122,conv.3:out:122
shallow_b55_s22585,shallow,0.55,22585,conv.0,31,conv.0:out:31
shallow_b55_s22585,shallow,0.55,22585,conv.3,109,conv.3:out:109
shallow_b55_s22585,shallow,0.55,22585,conv.3,108,conv.3:out:108
shallow_b55_s22585,shallow,0.55,22585,conv.3,78,conv.3:out:78
shallow_b55_s22585,shallow,0.55,22585,conv.3,111,conv.3:out:111
shallow_b55_s22585,shallow,0.55,22585,conv.3,62,conv.3:out:62
shallow_b55_s22585,shallow,0.55,22585,conv.3,25,conv.3:out:25
shallow_b55_s22585,shallow,0.55,22585,conv.3,2,conv.3:out:2
shallow_b55_s22585,shallow,0.55,22585,conv.3,41,conv.3:out:41
shallow_b55_s22585,shallow,0.55,22585,conv.0,43,conv.0:out:43
shallow_b55_s22585,shallow,0.55,22585,conv.3,104,conv.3:out:104
shallow_b55_s22585,shallow,0.55,22585,conv.0,58,conv.0:out:58
shallow_b55_s22585,shallow,0.55,22585,conv.0,20,conv.0:out:20
shallow_b55_s22585,shallow,0.55,22585,conv.3,103,conv.3:out:103
shallow_b55_s22585,shallow,0.55,22585,conv.3,17,conv.3:out:17
shallow_b55_s22586,shallow,0.55,22586,conv.0,24,conv.0:out:24
shallow_b55_s22586,shallow,0.55,22586,conv.3,27,conv.3:out:27
shallow_b55_s22586,shallow,0.55,22586,conv.3,99,conv.3:out:99
shallow_b55_s22586,shallow,0.55,22586,conv.3,18,conv.3:out:18
shallow_b55_s22586,shallow,0.55,22586,conv.3,16,conv.3:out:16
shallow_b55_s22586,shallow,0.55,22586,conv.0,47,conv.0:out:47
shallow_b55_s22586,shallow,0.55,22586,conv.3,81,conv.3:out:81
shallow_b55_s22586,shallow,0.55,22586,conv.3,50,conv.3:out:50
shallow_b55_s22586,shallow,0.55,22586,conv.0,33,conv.0:out:33
shallow_b55_s22586,shallow,0.55,22586,conv.3,64,conv.3:out:64
shallow_b55_s22586,shallow,0.55,22586,conv.3,73,conv.3:out:73
shallow_b55_s22586,shallow,0.55,22586,conv.0,4,conv.0:out:4
shallow_b55_s22586,shallow,0.55,22586,conv.3,116,conv.3:out:116
shallow_b55_s22586,shallow,0.55,22586,conv.3,105,conv.3:out:105
shallow_b55_s22586,shallow,0.55,22586,conv.3,84,conv.3:out:84
shallow_b55_s22586,shallow,0.55,22586,conv.3,15,conv.3:out:15
shallow_b55_s22586,shallow,0.55,22586,conv.0,17,conv.0:out:17
shallow_b55_s22586,shallow,0.55,22586,conv.3,21,conv.3:out:21
shallow_b55_s22586,shallow,0.55,22586,conv.3,4,conv.3:out:4
shallow_b55_s22586,shallow,0.55,22586,conv.3,46,conv.3:out:46
shallow_b55_s22586,shallow,0.55,22586,conv.3,77,conv.3:out:77
shallow_b55_s22586,shallow,0.55,22586,conv.3,117,conv.3:out:117
shallow_b55_s22586,shallow,0.55,22586,conv.3,112,conv.3:out:112
shallow_b55_s22586,shallow,0.55,22586,conv.3,109,conv.3:out:109
shallow_b55_s22586,shallow,0.55,22586,conv.3,56,conv.3:out:56
shallow_b55_s22586,shallow,0.55,22586,conv.0,56,conv.0:out:56
shallow_b55_s22586,shallow,0.55,22586,conv.3,100,conv.3:out:100
shallow_b55_s22586,shallow,0.55,22586,conv.3,67,conv.3:out:67
shallow_b55_s22586,shallow,0.55,22586,conv.0,12,conv.0:out:12
shallow_b55_s22586,shallow,0.55,22586,conv.3,86,conv.3:out:86
shallow_b55_s22586,shallow,0.55,22586,conv.3,30,conv.3:out:30
shallow_b55_s22586,shallow,0.55,22586,conv.0,32,conv.0:out:32
shallow_b55_s22586,shallow,0.55,22586,conv.3,13,conv.3:out:13
shallow_b55_s22586,shallow,0.55,22586,conv.3,2,conv.3:out:2
shallow_b55_s22586,shallow,0.55,22586,conv.3,115,conv.3:out:115
shallow_b55_s22586,shallow,0.55,22586,conv.0,55,conv.0:out:55
shallow_b55_s22586,shallow,0.55,22586,conv.0,42,conv.0:out:42
shallow_b55_s22586,shallow,0.55,22586,conv.3,47,conv.3:out:47
shallow_b55_s22586,shallow,0.55,22586,conv.3,34,conv.3:out:34
shallow_b55_s22586,shallow,0.55,22586,conv.0,8,conv.0:out:8
shallow_b55_s22586,shallow,0.55,22586,conv.0,49,conv.0:out:49
shallow_b55_s22586,shallow,0.55,22586,conv.0,45,conv.0:out:45
shallow_b55_s22586,shallow,0.55,22586,conv.3,0,conv.3:out:0
shallow_b55_s22586,shallow,0.55,22586,conv.3,92,conv.3:out:92
shallow_b55_s22586,shallow,0.55,22586,conv.3,3,conv.3:out:3
shallow_b55_s22586,shallow,0.55,22586,conv.3,53,conv.3:out:53
shallow_b55_s22586,shallow,0.55,22586,conv.3,61,conv.3:out:61
shallow_b55_s22586,shallow,0.55,22586,conv.3,65,conv.3:out:65
shallow_b55_s22586,shallow,0.55,22586,conv.3,24,conv.3:out:24
shallow_b55_s22586,shallow,0.55,22586,conv.0,3,conv.0:out:3
shallow_b55_s22586,shallow,0.55,22586,conv.3,37,conv.3:out:37
shallow_b55_s22586,shallow,0.55,22586,conv.0,53,conv.0:out:53
shallow_b55_s22586,shallow,0.55,22586,conv.0,62,conv.0:out:62
shallow_b55_s22586,shallow,0.55,22586,conv.3,25,conv.3:out:25
shallow_b55_s22586,shallow,0.55,22586,conv.3,60,conv.3:out:60
shallow_b55_s22586,shallow,0.55,22586,conv.3,20,conv.3:out:20
shallow_b55_s22586,shallow,0.55,22586,conv.0,34,conv.0:out:34
shallow_b55_s22586,shallow,0.55,22586,conv.3,79,conv.3:out:79
shallow_b55_s22586,shallow,0.55,22586,conv.3,7,conv.3:out:7
shallow_b55_s22586,shallow,0.55,22586,conv.0,25,conv.0:out:25
shallow_b55_s22586,shallow,0.55,22586,conv.3,8,conv.3:out:8
shallow_b55_s22586,shallow,0.55,22586,conv.3,95,conv.3:out:95
shallow_b55_s22586,shallow,0.55,22586,conv.3,28,conv.3:out:28
shallow_b55_s22586,shallow,0.55,22586,conv.3,111,conv.3:out:111
shallow_b55_s22586,shallow,0.55,22586,conv.3,69,conv.3:out:69
shallow_b55_s22586,shallow,0.55,22586,conv.3,102,conv.3:out:102
shallow_b55_s22587,shallow,0.55,22587,conv.3,44,conv.3:out:44
shallow_b55_s22587,shallow,0.55,22587,conv.3,91,conv.3:out:91
shallow_b55_s22587,shallow,0.55,22587,conv.3,0,conv.3:out:0
shallow_b55_s22587,shallow,0.55,22587,conv.0,22,conv.0:out:22
shallow_b55_s22587,shallow,0.55,22587,conv.3,43,conv.3:out:43
shallow_b55_s22587,shallow,0.55,22587,conv.3,32,conv.3:out:32
shallow_b55_s22587,shallow,0.55,22587,conv.3,104,conv.3:out:104
shallow_b55_s22587,shallow,0.55,22587,conv.3,96,conv.3:out:96
shallow_b55_s22587,shallow,0.55,22587,conv.3,6,conv.3:out:6
shallow_b55_s22587,shallow,0.55,22587,conv.0,53,conv.0:out:53
shallow_b55_s22587,shallow,0.55,22587,conv.3,76,conv.3:out:76
shallow_b55_s22587,shallow,0.55,22587,conv.3,89,conv.3:out:89
shallow_b55_s22587,shallow,0.55,22587,conv.3,93,conv.3:out:93
shallow_b55_s22587,shallow,0.55,22587,conv.3,2,conv.3:out:2
shallow_b55_s22587,shallow,0.55,22587,conv.0,23,conv.0:out:23
shallow_b55_s22587,shallow,0.55,22587,conv.3,24,conv.3:out:24
shallow_b55_s22587,shallow,0.55,22587,conv.0,41,conv.0:out:41
shallow_b55_s22587,shallow,0.55,22587,conv.3,80,conv.3:out:80
shallow_b55_s22587,shallow,0.55,22587,conv.3,75,conv.3:out:75
shallow_b55_s22587,shallow,0.55,22587,conv.3,10,conv.3:out:10
shallow_b55_s22587,shallow,0.55,22587,conv.3,35,conv.3:out:35
shallow_b55_s22587,shallow,0.55,22587,conv.0,2,conv.0:out:2
shallow_b55_s22587,shallow,0.55,22587,conv.3,7,conv.3:out:7
shallow_b55_s22587,shallow,0.55,22587,conv.0,44,conv.0:out:44
shallow_b55_s22587,shallow,0.55,22587,conv.3,17,conv.3:out:17
shallow_b55_s22587,shallow,0.55,22587,conv.0,45,conv.0:out:45
shallow_b55_s22587,shallow,0.55,22587,conv.3,62,conv.3:out:62
shallow_b55_s22587,shallow,0.55,22587,conv.3,120,conv.3:out:120
shallow_b55_s22587,shallow,0.55,22587,conv.0,38,conv.0:out:38
shallow_b55_s22587,shallow,0.55,22587,conv.3,42,conv.3:out:42
shallow_b55_s22587,shallow,0.55,22587,conv.0,56,conv.0:out:56
shallow_b55_s22587,shallow,0.55,22587,conv.3,101,conv.3:out:101
shallow_b55_s22587,shallow,0.55,22587,conv.0,40,conv.0:out:40
shallow_b55_s22587,shallow,0.55,22587,conv.3,92,conv.3:out:92
shallow_b55_s22587,shallow,0.55,22587,conv.3,34,conv.3:out:34
shallow_b55_s22587,shallow,0.55,22587,conv.0,26,conv.0:out:26
shallow_b55_s22587,shallow,0.55,22587,conv.0,12,conv.0:out:12
shallow_b55_s22587,shallow,0.55,22587,conv.3,11,conv.3:out:11
shallow_b55_s22587,shallow,0.55,22587,conv.0,42,conv.0:out:42
shallow_b55_s22587,shallow,0.55,22587,conv.0,25,conv.0:out:25
shallow_b55_s22587,shallow,0.55,22587,conv.0,51,conv.0:out:51
shallow_b55_s22587,shallow,0.55,22587,conv.0,62,conv.0:out:62
shallow_b55_s22587,shallow,0.55,22587,conv.0,49,conv.0:out:49
shallow_b55_s22587,shallow,0.55,22587,conv.3,67,conv.3:out:67
shallow_b55_s22587,shallow,0.55,22587,conv.0,35,conv.0:out:35
shallow_b55_s22587,shallow,0.55,22587,conv.3,49,conv.3:out:49
shallow_b55_s22587,shallow,0.55,22587,conv.3,25,conv.3:out:25
shallow_b55_s22587,shallow,0.55,22587,conv.3,116,conv.3:out:116
shallow_b55_s22587,shallow,0.55,22587,conv.0,60,conv.0:out:60
shallow_b55_s22587,shallow,0.55,22587,conv.3,112,conv.3:out:112
shallow_b55_s22587,shallow,0.55,22587,conv.0,14,conv.0:out:14
shallow_b55_s22587,shallow,0.55,22587,conv.3,45,conv.3:out:45
shallow_b55_s22587,shallow,0.55,22587,conv.0,5,conv.0:out:5
shallow_b55_s22587,shallow,0.55,22587,conv.3,126,conv.3:out:126
shallow_b55_s22587,shallow,0.55,22587,conv.0,9,conv.0:out:9
shallow_b55_s22587,shallow,0.55,22587,conv.0,55,conv.0:out:55
shallow_b55_s22587,shallow,0.55,22587,conv.3,26,conv.3:out:26
shallow_b55_s22587,shallow,0.55,22587,conv.0,13,conv.0:out:13
shallow_b55_s22587,shallow,0.55,22587,conv.0,21,conv.0:out:21
shallow_b55_s22588,shallow,0.55,22588,conv.3,38,conv.3:out:38
shallow_b55_s22588,shallow,0.55,22588,conv.3,45,conv.3:out:45
shallow_b55_s22588,shallow,0.55,22588,conv.0,58,conv.0:out:58
shallow_b55_s22588,shallow,0.55,22588,conv.0,18,conv.0:out:18
shallow_b55_s22588,shallow,0.55,22588,conv.3,34,conv.3:out:34
shallow_b55_s22588,shallow,0.55,22588,conv.3,74,conv.3:out:74
shallow_b55_s22588,shallow,0.55,22588,conv.3,44,conv.3:out:44
shallow_b55_s22588,shallow,0.55,22588,conv.3,70,conv.3:out:70
shallow_b55_s22588,shallow,0.55,22588,conv.3,117,conv.3:out:117
shallow_b55_s22588,shallow,0.55,22588,conv.3,6,conv.3:out:6
shallow_b55_s22588,shallow,0.55,22588,conv.3,14,conv.3:out:14
shallow_b55_s22588,shallow,0.55,22588,conv.3,121,conv.3:out:121
shallow_b55_s22588,shallow,0.55,22588,conv.3,124,conv.3:out:124
shallow_b55_s22588,shallow,0.55,22588,conv.3,67,conv.3:out:67
shallow_b55_s22588,shallow,0.55,22588,conv.0,7,conv.0:out:7
shallow_b55_s22588,shallow,0.55,22588,conv.0,15,conv.0:out:15
shallow_b55_s22588,shallow,0.55,22588,conv.3,82,conv.3:out:82
shallow_b55_s22588,shallow,0.55,22588,conv.3,33,conv.3:out:33
shallow_b55_s22588,shallow,0.55,22588,conv.0,50,conv.0:out:50
shallow_b55_s22588,shallow,0.55,22588,conv.3,71,conv.3:out:71
shallow_b55_s22588,shallow,0.55,22588,conv.0,43,conv.0:out:43
shallow_b55_s22588,shallow,0.55,22588,conv.0,57,conv.0:out:57
shallow_b55_s22588,shallow,0.55,22588,conv.3,114,conv.3:out:114
shallow_b55_s22588,shallow,0.55,22588,conv.3,88,conv.3:out:88
shallow_b55_s22588,shallow,0.55,22588,conv.3,43,conv.3:out:43
shallow_b55_s22588,shallow,0.55,22588,conv.0,60,conv.0:out:60
shallow_b55_s22588,shallow,0.55,22588,conv.3,28,conv.3:out:28
shallow_b55_s22588,shallow,0.55,22588,conv.0,49,conv.0:out:49
shallow_b55_s22588,shallow,0.55,22588,conv.3,56,conv.3:out:56
shallow_b55_s22588,shallow,0.55,22588,conv.3,61,conv.3:out:61
shallow_b55_s22588,shallow,0.55,22588,conv.3,12,conv.3:out:12
shallow_b55_s22588,shallow,0.55,22588,conv.0,20,conv.0:out:20
shallow_b55_s22588,shallow,0.55,22588,conv.0,23,conv.0:out:23
shallow_b55_s22588,shallow,0.55,22588,conv.0,41,conv.0:out:41
shallow_b55_s22588,shallow,0.55,22588,conv.3,26,conv.3:out:26
shallow_b55_s22588,shallow,0.55,22588,conv.3,111,conv.3:out:111
shallow_b55_s22588,shallow,0.55,22588,conv.3,31,conv.3:out:31
shallow_b55_s22588,shallow,0.55,22588,conv.3,113,conv.3:out:113
shallow_b55_s22588,shallow,0.55,22588,conv.3,107,conv.3:out:107
shallow_b55_s22588,shallow,0.55,22588,conv.3,95,conv.3:out:95
shallow_b55_s22588,shallow,0.55,22588,conv.0,4,conv.0:out:4
shallow_b55_s22588,shallow,0.55,22588,conv.3,125,conv.3:out:125
shallow_b55_s22588,shallow,0.55,22588,conv.3,123,conv.3:out:123
shallow_b55_s22588,shallow,0.55,22588,conv.3,72,conv.3:out:72
shallow_b55_s22588,shallow,0.55,22588,conv.3,109,conv.3:out:109
shallow_b55_s22588,shallow,0.55,22588,conv.3,36,conv.3:out:36
shallow_b55_s22588,shallow,0.55,22588,conv.3,51,conv.3:out:51
shallow_b55_s22588,shallow,0.55,22588,conv.3,91,conv.3:out:91
shallow_b55_s22588,shallow,0.55,22588,conv.3,105,conv.3:out:105
shallow_b55_s22588,shallow,0.55,22588,conv.3,24,conv.3:out:24
shallow_b55_s22588,shallow,0.55,22588,conv.3,81,conv.3:out:81
shallow_b55_s22588,shallow,0.55,22588,conv.0,30,conv.0:out:30
shallow_b55_s22588,shallow,0.55,22588,conv.3,55,conv.3:out:55
shallow_b55_s22588,shallow,0.55,22588,conv.0,25,conv.0:out:25
shallow_b55_s22588,shallow,0.55,22588,conv.3,9,conv.3:out:9
shallow_b55_s22588,shallow,0.55,22588,conv.3,21,conv.3:out:21
shallow_b55_s22588,shallow,0.55,22588,conv.0,6,conv.0:out:6
shallow_b55_s22588,shallow,0.55,22588,conv.3,29,conv.3:out:29
shallow_b55_s22588,shallow,0.55,22588,conv.3,0,conv.3:out:0
shallow_b55_s22588,shallow,0.55,22588,conv.0,11,conv.0:out:11
shallow_b55_s22588,shallow,0.55,22588,conv.3,32,conv.3:out:32
shallow_b55_s22588,shallow,0.55,22588,conv.0,5,conv.0:out:5
shallow_b55_s22588,shallow,0.55,22588,conv.3,120,conv.3:out:120
shallow_b55_s22588,shallow,0.55,22588,conv.3,16,conv.3:out:16
shallow_b55_s22588,shallow,0.55,22588,conv.3,41,conv.3:out:41
shallow_b55_s22588,shallow,0.55,22588,conv.3,108,conv.3:out:108
shallow_b55_s22589,shallow,0.55,22589,conv.0,46,conv.0:out:46
shallow_b55_s22589,shallow,0.55,22589,conv.0,0,conv.0:out:0
shallow_b55_s22589,shallow,0.55,22589,conv.3,45,conv.3:out:45
shallow_b55_s22589,shallow,0.55,22589,conv.0,31,conv.0:out:31
shallow_b55_s22589,shallow,0.55,22589,conv.3,94,conv.3:out:94
shallow_b55_s22589,shallow,0.55,22589,conv.0,38,conv.0:out:38
shallow_b55_s22589,shallow,0.55,22589,conv.3,32,conv.3:out:32
shallow_b55_s22589,shallow,0.55,22589,conv.3,74,conv.3:out:74
shallow_b55_s22589,shallow,0.55,22589,conv.3,51,conv.3:out:51
shallow_b55_s22589,shallow,0.55,22589,conv.3,58,conv.3:out:58
shallow_b55_s22589,shallow,0.55,22589,conv.0,27,conv.0:out:27
shallow_b55_s22589,shallow,0.55,22589,conv.0,25,conv.0:out:25
shallow_b55_s22589,shallow,0.55,22589,conv.0,2,conv.0:out:2
shallow_b55_s22589,shallow,0.55,22589,conv.3,46,conv.3:out:46
shallow_b55_s22589,shallow,0.55,22589,conv.3,103,conv.3:out:103
shallow_b55_s22589,shallow,0.55,22589,conv.0,14,conv.0:out:14
shallow_b55_s22589,shallow,0.55,22589,conv.3,85,conv.3:out:85
shallow_b55_s22589,shallow,0.55,22589,conv.3,109,conv.3:out:109
shallow_b55_s22589,shallow,0.55,22589,conv.0,23,conv.0:out:23
shallow_b55_s22589,shallow,0.55,22589,conv.3,57,conv.3:out:57
shallow_b55_s22589,shallow,0.55,22589,conv.0,37,conv.0:out:37
shallow_b55_s22589,shallow,0.55,22589,conv.3,44,conv.3:out:44
shallow_b55_s22589,shallow,0.55,22589,conv.3,8,conv.3:out:8
shallow_b55_s22589,shallow,0.55,22589,conv.0,43,conv.0:out:43
shallow_b55_s22589,shallow,0.55,22589,conv.3,30,conv.3:out:30
shallow_b55_s22589,shallow,0.55,22589,conv.0,20,conv.0:out:20
shallow_b55_s22589,shallow,0.55,22589,conv.3,79,conv.3:out:79
shallow_b55_s22589,shallow,0.55,22589,conv.3,84,conv.3:out:84
shallow_b55_s22589,shallow,0.55,22589,conv.3,126,conv.3:out:126
shallow_b55_s22589,shallow,0.55,22589,conv.0,41,conv.0:out:41
shallow_b55_s22589,shallow,0.55,22589,conv.3,107,conv.3:out:107
shallow_b55_s22589,shallow,0.55,22589,conv.3,14,conv.3:out:14
shallow_b55_s22589,shallow,0.55,22589,conv.3,122,conv.3:out:122
shallow_b55_s22589,shallow,0.55,22589,conv.3,112,conv.3:out:112
shallow_b55_s22589,shallow,0.55,22589,conv.3,4,conv.3:out:4
shallow_b55_s22589,shallow,0.55,22589,conv.3,78,conv.3:out:78
shallow_b55_s22589,shallow,0.55,22589,conv.0,11,conv.0:out:11
shallow_b55_s22589,shallow,0.55,22589,conv.0,1,conv.0:out:1
shallow_b55_s22589,shallow,0.55,22589,conv.0,21,conv.0:out:21
shallow_b55_s22589,shallow,0.55,22589,conv.3,6,conv.3:out:6
shallow_b55_s22589,shallow,0.55,22589,conv.3,16,conv.3:out:16
shallow_b55_s22589,shallow,0.55,22589,conv.3,123,conv.3:out:123
shallow_b55_s22589,shallow,0.55,22589,conv.3,26,conv.3:out:26
shallow_b55_s22589,shallow,0.55,22589,conv.0,7,conv.0:out:7
shallow_b55_s22589,shallow,0.55,22589,conv.3,23,conv.3:out:23
shallow_b55_s22589,shallow,0.55,22589,conv.3,124,conv.3:out:124
shallow_b55_s22589,shallow,0.55,22589,conv.3,73,conv.3:out:73
shallow_b55_s22589,shallow,0.55,22589,conv.3,0,conv.3:out:0
shallow_b55_s22589,shallow,0.55,22589,conv.3,102,conv.3:out:102
shallow_b55_s22589,shallow,0.55,22589,conv.0,10,conv.0:out:10
shallow_b55_s22589,shallow,0.55,22589,conv.3,36,conv.3:out:36
shallow_b55_s22589,shallow,0.55,22589,conv.3,70,conv.3:out:70
shallow_b55_s22589,shallow,0.55,22589,conv.3,56,conv.3:out:56
shallow_b55_s22589,shallow,0.55,22589,conv.3,49,conv.3:out:49
shallow_b55_s22589,shallow,0.55,22589,conv.3,9,conv.3:out:9
shallow_b55_s22589,shallow,0.55,22589,conv.3,111,conv.3:out:111
shallow_b55_s22589,shallow,0.55,22589,conv.0,34,conv.0:out:34
shallow_b55_s22589,shallow,0.55,22589,conv.3,7,conv.3:out:7
shallow_b55_s22589,shallow,0.55,22589,conv.3,11,conv.3:out:11
shallow_b55_s22589,shallow,0.55,22589,conv.3,25,conv.3:out:25
shallow_b55_s22589,shallow,0.55,22589,conv.0,60,conv.0:out:60
shallow_b55_s22589,shallow,0.55,22589,conv.0,5,conv.0:out:5
shallow_b55_s22589,shallow,0.55,22589,conv.3,62,conv.3:out:62
shallow_b55_s22590,shallow,0.55,22590,conv.3,111,conv.3:out:111
shallow_b55_s22590,shallow,0.55,22590,conv.3,33,conv.3:out:33
shallow_b55_s22590,shallow,0.55,22590,conv.0,50,conv.0:out:50
shallow_b55_s22590,shallow,0.55,22590,conv.3,0,conv.3:out:0
shallow_b55_s22590,shallow,0.55,22590,conv.3,68,conv.3:out:68
shallow_b55_s22590,shallow,0.55,22590,conv.3,65,conv.3:out:65
shallow_b55_s22590,shallow,0.55,22590,conv.3,55,conv.3:out:55
shallow_b55_s22590,shallow,0.55,22590,conv.0,20,conv.0:out:20
shallow_b55_s22590,shallow,0.55,22590,conv.3,112,conv.3:out:112
shallow_b55_s22590,shallow,0.55,22590,conv.3,54,conv.3:out:54
shallow_b55_s22590,shallow,0.55,22590,conv.3,39,conv.3:out:39
shallow_b55_s22590,shallow,0.55,22590,conv.0,12,conv.0:out:12
shallow_b55_s22590,shallow,0.55,22590,conv.3,59,conv.3:out:59
shallow_b55_s22590,shallow,0.55,22590,conv.3,92,conv.3:out:92
shallow_b55_s22590,shallow,0.55,22590,conv.3,17,conv.3:out:17
shallow_b55_s22590,shallow,0.55,22590,conv.3,37,conv.3:out:37
shallow_b55_s22590,shallow,0.55,22590,conv.0,41,conv.0:out:41
shallow_b55_s22590,shallow,0.55,22590,conv.3,98,conv.3:out:98
shallow_b55_s22590,shallow,0.55,22590,conv.0,62,conv.0:out:62
shallow_b55_s22590,shallow,0.55,22590,conv.3,51,conv.3:out:51
shallow_b55_s22590,shallow,0.55,22590,conv.0,26,conv.0:out:26
shallow_b55_s22590,shallow,0.55,22590,conv.3,64,conv.3:out:64
shallow_b55_s22590,shallow,0.55,22590,conv.3,87,conv.3:out:87
shallow_b55_s22590,shallow,0.55,22590,conv.0,10,conv.0:out:10
shallow_b55_s22590,shallow,0.55,22590,conv.3,89,conv.3:out:89
shallow_b55_s22590,shallow,0.55,22590,conv.3,53,conv.3:out:53
shallow_b55_s22590,shallow,0.55,22590,conv.3,124,conv.3:out:124
shallow_b55_s22590,shallow,0.55,22590,conv.3,6,conv.3:out:6
shallow_b55_s22590,shallow,0.55,22590,conv.3,72,conv.3:out:72
shallow_b55_s22590,shallow,0.55,22590,conv.3,122,conv.3:out:122
shallow_b55_s22590,shallow,0.55,22590,conv.3,14,conv.3:out:14
shallow_b55_s22590,shallow,0.55,22590,conv.3,116,conv.3:out:116
shallow_b55_s22590,shallow,0.55,22590,conv.3,31,conv.3:out:31
shallow_b55_s22590,shallow,0.55,22590,conv.3,36,conv.3:out:36
shallow_b55_s22590,shallow,0.55,22590,conv.3,77,conv.3:out:77
shallow_b55_s22590,shallow,0.55,22590,conv.3,86,conv.3:out:86
shallow_b55_s22590,shallow,0.55,22590,conv.3,13,conv.3:out:13
shallow_b55_s22590,shallow,0.55,22590,conv.0,3,conv.0:out:3
shallow_b55_s22590,shallow,0.55,22590,conv.3,97,conv.3:out:97
shallow_b55_s22590,shallow,0.55,22590,conv.3,119,conv.3:out:119
shallow_b55_s22590,shallow,0.55,22590,conv.3,56,conv.3:out:56
shallow_b55_s22590,shallow,0.55,22590,conv.3,117,conv.3:out:117
shallow_b55_s22590,shallow,0.55,22590,conv.3,79,conv.3:out:79
shallow_b55_s22590,shallow,0.55,22590,conv.0,23,conv.0:out:23
shallow_b55_s22590,shallow,0.55,22590,conv.3,107,conv.3:out:107
shallow_b55_s22590,shallow,0.55,22590,conv.3,2,conv.3:out:2
shallow_b55_s22590,shallow,0.55,22590,conv.0,47,conv.0:out:47
shallow_b55_s22590,shallow,0.55,22590,conv.0,38,conv.0:out:38
shallow_b55_s22590,shallow,0.55,22590,conv.3,3,conv.3:out:3
shallow_b55_s22590,shallow,0.55,22590,conv.3,99,conv.3:out:99
shallow_b55_s22590,shallow,0.55,22590,conv.3,95,conv.3:out:95
shallow_b55_s22590,shallow,0.55,22590,conv.0,49,conv.0:out:49
shallow_b55_s22590,shallow,0.55,22590,conv.3,58,conv.3:out:58
shallow_b55_s22590,shallow,0.55,22590,conv.3,35,conv.3:out:35
shallow_b55_s22590,shallow,0.55,22590,conv.3,15,conv.3:out:15
shallow_b55_s22590,shallow,0.55,22590,conv.3,1,conv.3:out:1
shallow_b55_s22590,shallow,0.55,22590,conv.3,127,conv.3:out:127
shallow_b55_s22590,shallow,0.55,22590,conv.0,21,conv.0:out:21
shallow_b55_s22590,shallow,0.55,22590,conv.3,105,conv.3:out:105
shallow_b55_s22590,shallow,0.55,22590,conv.0,56,conv.0:out:56
shallow_b55_s22590,shallow,0.55,22590,conv.3,93,conv.3:out:93
shallow_b55_s22590,shallow,0.55,22590,conv.3,66,conv.3:out:66
shallow_b55_s22590,shallow,0.55,22590,conv.3,125,conv.3:out:125
shallow_b55_s22590,shallow,0.55,22590,conv.3,126,conv.3:out:126
shallow_b55_s22590,shallow,0.55,22590,conv.3,90,conv.3:out:90
shallow_b55_s22590,shallow,0.55,22590,conv.3,114,conv.3:out:114
shallow_b55_s22590,shallow,0.55,22590,conv.0,30,conv.0:out:30
shallow_b55_s22590,shallow,0.55,22590,conv.3,75,conv.3:out:75
shallow_b55_s22591,shallow,0.55,22591,conv.3,80,conv.3:out:80
shallow_b55_s22591,shallow,0.55,22591,conv.3,86,conv.3:out:86
shallow_b55_s22591,shallow,0.55,22591,conv.3,60,conv.3:out:60
shallow_b55_s22591,shallow,0.55,22591,conv.3,74,conv.3:out:74
shallow_b55_s22591,shallow,0.55,22591,conv.3,27,conv.3:out:27
shallow_b55_s22591,shallow,0.55,22591,conv.3,70,conv.3:out:70
shallow_b55_s22591,shallow,0.55,22591,conv.3,119,conv.3:out:119
shallow_b55_s22591,shallow,0.55,22591,conv.3,113,conv.3:out:113
shallow_b55_s22591,shallow,0.55,22591,conv.3,64,conv.3:out:64
shallow_b55_s22591,shallow,0.55,22591,conv.3,76,conv.3:out:76
shallow_b55_s22591,shallow,0.55,22591,conv.3,102,conv.3:out:102
shallow_b55_s22591,shallow,0.55,22591,conv.3,125,conv.3:out:125
shallow_b55_s22591,shallow,0.55,22591,conv.0,4,conv.0:out:4
shallow_b55_s22591,shallow,0.55,22591,conv.3,51,conv.3:out:51
shallow_b55_s22591,shallow,0.55,22591,conv.3,55,conv.3:out:55
shallow_b55_s22591,shallow,0.55,22591,conv.3,66,conv.3:out:66
shallow_b55_s22591,shallow,0.55,22591,conv.0,18,conv.0:out:18
shallow_b55_s22591,shallow,0.55,22591,conv.3,31,conv.3:out:31
shallow_b55_s22591,shallow,0.55,22591,conv.0,61,conv.0:out:61
shallow_b55_s22591,shallow,0.55,22591,conv.3,110,conv.3:out:110
shallow_b55_s22591,shallow,0.55,22591,conv.3,118,conv.3:out:118
shallow_b55_s22591,shallow,0.55,22591,conv.0,28,conv.0:out:28
shallow_b55_s22591,shallow,0.55,22591,conv.3,45,conv.3:out:45
shallow_b55_s22591,shallow,0.55,22591,conv.3,11,conv.3:out:11
shallow_b55_s22591,shallow,0.55,22591,conv.3,68,conv.3:out:68
shallow_b55_s22591,shallow,0.55,22591,conv.0,7,conv.0:out:7
shallow_b55_s22591,shallow,0.55,22591,conv.0,58,conv.0:out:58
shallow_b55_s22591,shallow,0.55,22591,conv.3,101,conv.3:out:101
shallow_b55_s22591,shallow,0.55,22591,conv.3,95,conv.3:out:95
shallow_b55_s22591,shallow,0.55,22591,conv.3,87,conv.3:out:87
shallow_b55_s22591,shallow,0.55,22591,conv.0,38,conv.0:out:38
shallow_b55_s22591,shallow,0.55,22591,conv.0,6,conv.0:out:6
shallow_b55_s22591,shallow,0.55,22591,conv.3,114,conv.3:out:114
shallow_b55_s22591,shallow,0.55,22591,conv.0,39,conv.0:out:39
shallow_b55_s22591,shallow,0.55,22591,conv.0,13,conv.0:out:13
shallow_b55_s22591,shallow,0.55,22591,conv.3,124,conv.3:out:124
shallow_b55_s22591,shallow,0.55,22591,conv.3,115,conv.3:out:115
shallow_b55_s22591,shallow,0.55,22591,conv.3,123,conv.3:out:123
shallow_b55_s22591,shallow,0.55,22591,conv.0,17,conv.0:out:17
shallow_b55_s22591,shallow,0.55,22591,conv.0,43,conv.0:out:43
shallow_b55_s22591,shallow,0.55,22591,conv.3,116,conv.3:out:116
shallow_b55_s22591,shallow,0.55,22591,conv.0,48,conv.0:out:48
shallow_b55_s22591,shallow,0.55,22591,conv.3,14,conv.3:out:14
shallow_b55_s22591,shallow,0.55,22591,conv.3,61,conv.3:out:61
shallow_b55_s22591,shallow,0.55,22591,conv.3,23,conv.3:out:23
shallow_b55_s22591,shallow,0.55,22591,conv.0,51,conv.0:out:51
shallow_b55_s22591,shallow,0.55,22591,conv.3,4,conv.3:out:4
shallow_b55_s22591,shallow,0.55,22591,conv.3,117,conv.3:out:117
shallow_b55_s22591,shallow,0.55,22591,conv.0,31,conv.0:out:31
shallow_b55_s22591,shallow,0.55,22591,conv.3,79,conv.3:out:79
shallow_b55_s22591,shallow,0.55,22591,conv.3,48,conv.3:out:48
shallow_b55_s22591,shallow,0.55,22591,conv.3,0,conv.3:out:0
shallow_b55_s22591,shallow,0.55,22591,conv.0,34,conv.0:out:34
shallow_b55_s22591,shallow,0.55,22591,conv.3,26,conv.3:out:26
shallow_b55_s22591,shallow,0.55,22591,conv.3,22,conv.3:out:22
shallow_b55_s22591,shallow,0.55,22591,conv.3,54,conv.3:out:54
shallow_b55_s22591,shallow,0.55,22591,conv.3,24,conv.3:out:24
shallow_b55_s22591,shallow,0.55,22591,conv.0,21,conv.0:out:21
shallow_b55_s22591,shallow,0.55,22591,conv.3,107,conv.3:out:107
shallow_b55_s22591,shallow,0.55,22591,conv.0,49,conv.0:out:49
shallow_b55_s22591,shallow,0.55,22591,conv.0,63,conv.0:out:63
shallow_b55_s22591,shallow,0.55,22591,conv.3,32,conv.3:out:32
shallow_b55_s22591,shallow,0.55,22591,conv.3,35,conv.3:out:35
shallow_b55_s22591,shallow,0.55,22591,conv.0,16,conv.0:out:16
shallow_b55_s22592,shallow,0.55,22592,conv.0,51,conv.0:out:51
shallow_b55_s22592,shallow,0.55,22592,conv.3,13,conv.3:out:13
shallow_b55_s22592,shallow,0.55,22592,conv.3,76,conv.3:out:76
shallow_b55_s22592,shallow,0.55,22592,conv.3,49,conv.3:out:49
shallow_b55_s22592,shallow,0.55,22592,conv.3,18,conv.3:out:18
shallow_b55_s22592,shallow,0.55,22592,conv.0,55,conv.0:out:55
shallow_b55_s22592,shallow,0.55,22592,conv.3,29,conv.3:out:29
shallow_b55_s22592,shallow,0.55,22592,conv.3,28,conv.3:out:28
shallow_b55_s22592,shallow,0.55,22592,conv.3,78,conv.3:out:78
shallow_b55_s22592,shallow,0.55,22592,conv.3,68,conv.3:out:68
shallow_b55_s22592,shallow,0.55,22592,conv.3,118,conv.3:out:118
shallow_b55_s22592,shallow,0.55,22592,conv.3,127,conv.3:out:127
shallow_b55_s22592,shallow,0.55,22592,conv.0,24,conv.0:out:24
shallow_b55_s22592,shallow,0.55,22592,conv.3,83,conv.3:out:83
shallow_b55_s22592,shallow,0.55,22592,conv.3,87,conv.3:out:87
shallow_b55_s22592,shallow,0.55,22592,conv.3,57,conv.3:out:57
shallow_b55_s22592,shallow,0.55,22592,conv.3,72,conv.3:out:72
shallow_b55_s22592,shallow,0.55,22592,conv.0,53,conv.0:out:53
shallow_b55_s22592,shallow,0.55,22592,conv.0,18,conv.0:out:18
shallow_b55_s22592,shallow,0.55,22592,conv.0,27,conv.0:out:27
shallow_b55_s22592,shallow,0.55,22592,conv.0,34,conv.0:out:34
shallow_b55_s22592,shallow,0.55,22592,conv.3,2,conv.3:out:2
shallow_b55_s22592,shallow,0.55,22592,conv.3,43,conv.3:out:43
shallow_b55_s22592,shallow,0.55,22592,conv.0,36,conv.0:out:36
shallow_b55_s22592,shallow,0.55,22592,conv.3,97,conv.3:out:97
shallow_b55_s22592,shallow,0.55,22592,conv.0,23,conv.0:out:23
shallow_b55_s22592,shallow,0.55,22592,conv.3,98,conv.3:out:98
shallow_b55_s22592,shallow,0.55,22592,conv.0,3,conv.0:out:3
shallow_b55_s22592,shallow,0.55,22592,conv.3,8,conv.3:out:8
shallow_b55_s22592,shallow,0.55,22592,conv.3,38,conv.3:out:38
shallow_b55_s22592,shallow,0.55,22592,conv.3,4,conv.3:out:4
shallow_b55_s22592,shallow,0.55,22592,conv.3,54,conv.3:out:54
shallow_b55_s22592,shallow,0.55,22592,conv.3,47,conv.3:out:47
shallow_b55_s22592,shallow,0.55,22592,conv.3,120,conv.3:out:120
shallow_b55_s22592,shallow,0.55,22592,conv.3,73,conv.3:out:73
shallow_b55_s22592,shallow,0.55,22592,conv.3,86,conv.3:out:86
shallow_b55_s22592,shallow,0.55,22592,conv.0,60,conv.0:out:60
shallow_b55_s22592,shallow,0.55,22592,conv.3,108,conv.3:out:108
shallow_b55_s22592,shallow,0.55,22592,conv.3,16,conv.3:out:16
shallow_b55_s22592,shallow,0.55,22592,conv.3,102,conv.3:out:102
shallow_b55_s22592,shallow,0.55,22592,conv.3,27,conv.3:out:27
shallow_b55_s22592,shallow,0.55,22592,conv.3,30,conv.3:out:30
shallow_b55_s22592,shallow,0.55,22592,conv.3,111,conv.3:out:111
shallow_b55_s22592,shallow,0.55,22592,conv.3,39,conv.3:out:39
shallow_b55_s22592,shallow,0.55,22592,conv.3,121,conv.3:out:121
shallow_b55_s22592,shallow,0.55,22592,conv.3,10,conv.3:out:10
shallow_b55_s22592,shallow,0.55,22592,conv.0,62,conv.0:out:62
shallow_b55_s22592,shallow,0.55,22592,conv.3,117,conv.3:out:117
shallow_b55_s22592,shallow,0.55,22592,conv.3,42,conv.3:out:42
shallow_b55_s22592,shallow,0.55,22592,conv.0,32,conv.0:out:32
shallow_b55_s22592,shallow,0.55,22592,conv.3,90,conv.3:out:90
shallow_b55_s22592,shallow,0.55,22592,conv.3,70,conv.3:out:70
shallow_b55_s22592,shallow,0.55,22592,conv.3,82,conv.3:out:82
shallow_b55_s22592,shallow,0.55,22592,conv.3,23,conv.3:out:23
shallow_b55_s22592,shallow,0.55,22592,conv.3,119,conv.3:out:119
shallow_b55_s22592,shallow,0.55,22592,conv.3,56,conv.3:out:56
shallow_b55_s22592,shallow,0.55,22592,conv.3,62,conv.3:out:62
shallow_b55_s22592,shallow,0.55,22592,conv.0,50,conv.0:out:50
shallow_b55_s22592,shallow,0.55,22592,conv.3,89,conv.3:out:89
shallow_b55_s22592,shallow,0.55,22592,conv.3,77,conv.3:out:77
shallow_b55_s22592,shallow,0.55,22592,conv.0,48,conv.0:out:48
shallow_b55_s22592,shallow,0.55,22592,conv.3,5,conv.3:out:5
shallow_b55_s22592,shallow,0.55,22592,conv.3,44,conv.3:out:44
shallow_b55_s22592,shallow,0.55,22592,conv.3,115,conv.3:out:115
shallow_b55_s22592,shallow,0.55,22592,conv.3,101,conv.3:out:101
shallow_b55_s22592,shallow,0.55,22592,conv.3,0,conv.3:out:0
shallow_b55_s22592,shallow,0.55,22592,conv.0,57,conv.0:out:57
shallow_b55_s22592,shallow,0.55,22592,conv.3,35,conv.3:out:35
shallow_b55_s22593,shallow,0.55,22593,conv.3,102,conv.3:out:102
shallow_b55_s22593,shallow,0.55,22593,conv.3,96,conv.3:out:96
shallow_b55_s22593,shallow,0.55,22593,conv.0,37,conv.0:out:37
shallow_b55_s22593,shallow,0.55,22593,conv.0,46,conv.0:out:46
shallow_b55_s22593,shallow,0.55,22593,conv.3,81,conv.3:out:81
shallow_b55_s22593,shallow,0.55,22593,conv.3,63,conv.3:out:63
shallow_b55_s22593,shallow,0.55,22593,conv.3,97,conv.3:out:97
shallow_b55_s22593,shallow,0.55,22593,conv.0,22,conv.0:out:22
shallow_b55_s22593,shallow,0.55,22593,conv.0,58,conv.0:out:58
shallow_b55_s22593,shallow,0.55,22593,conv.3,82,conv.3:out:82
shallow_b55_s22593,shallow,0.55,22593,conv.3,69,conv.3:out:69
shallow_b55_s22593,shallow,0.55,22593,conv.3,57,conv.3:out:57
shallow_b55_s22593,shallow,0.55,22593,conv.3,116,conv.3:out:116
shallow_b55_s22593,shallow,0.55,22593,conv.3,104,conv.3:out:104
shallow_b55_s22593,shallow,0.55,22593,conv.3,64,conv.3:out:64
shallow_b55_s22593,shallow,0.55,22593,conv.3,67,conv.3:out:67
shallow_b55_s22593,shallow,0.55,22593,conv.3,122,conv.3:out:122
shallow_b55_s22593,shallow,0.55,22593,conv.3,34,conv.3:out:34
shallow_b55_s22593,shallow,0.55,22593,conv.0,53,conv.0:out:53
shallow_b55_s22593,shallow,0.55,22593,conv.3,103,conv.3:out:103
shallow_b55_s22593,shallow,0.55,22593,conv.0,50,conv.0:out:50
shallow_b55_s22593,shallow,0.55,22593,conv.3,25,conv.3:out:25
shallow_b55_s22593,shallow,0.55,22593,conv.0,12,conv.0:out:12
shallow_b55_s22593,shallow,0.55,22593,conv.3,75,conv.3:out:75
shallow_b55_s22593,shallow,0.55,22593,conv.0,5,conv.0:out:5
shallow_b55_s22593,shallow,0.55,22593,conv.3,31,conv.3:out:31
shallow_b55_s22593,shallow,0.55,22593,conv.0,38,conv.0:out:38
shallow_b55_s22593,shallow,0.55,22593,conv.3,110,conv.3:out:110
shallow_b55_s22593,shallow,0.55,22593,conv.3,77,conv.3:out:77
shallow_b55_s22593,shallow,0.55,22593,conv.0,56,conv.0:out:56
shallow_b55_s22593,shallow,0.55,22593,conv.3,33,conv.3:out:33
shallow_b55_s22593,shallow,0.55,22593,conv.3,80,conv.3:out:80
shallow_b55_s22593,shallow,0.55,22593,conv.3,56,conv.3:out:56
shallow_b55_s22593,shallow,0.55,22593,conv.3,39,conv.3:out:39
shallow_b55_s22593,shallow,0.55,22593,conv.3,98,conv.3:out:98
shallow_b55_s22593,shallow,0.55,22593,conv.0,14,conv.0:out:14
shallow_b55_s22593,shallow,0.55,22593,conv.3,87,conv.3:out:87
shallow_b55_s22593,shallow,0.55,22593,conv.3,66,conv.3:out:66
shallow_b55_s22593,shallow,0.55,22593,conv.3,1,conv.3:out:1
shallow_b55_s22593,shallow,0.55,22593,conv.3,19,conv.3:out:19
shallow_b55_s22593,shallow,0.55,22593,conv.3,0,conv.3:out:0
shallow_b55_s22593,shallow,0.55,22593,conv.0,24,conv.0:out:24
shallow_b55_s22593,shallow,0.55,22593,conv.0,48,conv.0:out:48
shallow_b55_s22593,shallow,0.55,22593,conv.3,4,conv.3:out:4
shallow_b55_s22593,shallow,0.55,22593,conv.0,28,conv.0:out:28
shallow_b55_s22593,shallow,0.55,22593,conv.3,99,conv.3:out:99
shallow_b55_s22593,shallow,0.55,22593,conv.3,119,conv.3:out:119
shallow_b55_s22593,shallow,0.55,22593,conv.3,35,conv.3:out:35
shallow_b55_s22593,shallow,0.55,22593,conv.3,26,conv.3:out:26
shallow_b55_s22593,shallow,0.55,22593,conv.0,7,conv.0:out:7
shallow_b55_s22593,shallow,0.55,22593,conv.0,23,conv.0:out:23
shallow_b55_s22593,shallow,0.55,22593,conv.3,74,conv.3:out:74
shallow_b55_s22593,shallow,0.55,22593,conv.3,59,conv.3:out:59
shallow_b55_s22593,shallow,0.55,22593,conv.0,61,conv.0:out:61
shallow_b55_s22593,shallow,0.55,22593,conv.0,33,conv.0:out:33
shallow_b55_s22593,shallow,0.55,22593,conv.3,107,conv.3:out:107
shallow_b55_s22593,shallow,0.55,22593,conv.3,108,conv.3:out:108
shallow_b55_s22593,shallow,0.55,22593,conv.3,42,conv.3:out:42
shallow_b55_s22593,shallow,0.55,22593,conv.0,16,conv.0:out:16
shallow_b55_s22593,shallow,0.55,22593,conv.0,45,conv.0:out:45
shallow_b55_s22593,shallow,0.55,22593,conv.3,71,conv.3:out:71
shallow_b55_s22593,shallow,0.55,22593,conv.0,35,conv.0:out:35
shallow_b55_s22593,shallow,0.55,22593,conv.0,47,conv.0:out:47
shallow_b55_s22594,shallow,0.55,22594,conv.3,80,conv.3:out:80
shallow_b55_s22594,shallow,0.55,22594,conv.0,33,conv.0:out:33
shallow_b55_s22594,shallow,0.55,22594,conv.3,112,conv.3:out:112
shallow_b55_s22594,shallow,0.55,22594,conv.0,40,conv.0:out:40
shallow_b55_s22594,shallow,0.55,22594,conv.0,58,conv.0:out:58
shallow_b55_s22594,shallow,0.55,22594,conv.3,99,conv.3:out:99
shallow_b55_s22594,shallow,0.55,22594,conv.3,30,conv.3:out:30
shallow_b55_s22594,shallow,0.55,22594,conv.0,63,conv.0:out:63
shallow_b55_s22594,shallow,0.55,22594,conv.3,1,conv.3:out:1
shallow_b55_s22594,shallow,0.55,22594,conv.3,102,conv.3:out:102
shallow_b55_s22594,shallow,0.55,22594,conv.3,22,conv.3:out:22
shallow_b55_s22594,shallow,0.55,22594,conv.3,24,conv.3:out:24
shallow_b55_s22594,shallow,0.55,22594,conv.0,30,conv.0:out:30
shallow_b55_s22594,shallow,0.55,22594,conv.3,35,conv.3:out:35
shallow_b55_s22594,shallow,0.55,22594,conv.3,48,conv.3:out:48
shallow_b55_s22594,shallow,0.55,22594,conv.3,63,conv.3:out:63
shallow_b55_s22594,shallow,0.55,22594,conv.0,5,conv.0:out:5
shallow_b55_s22594,shallow,0.55,22594,conv.0,32,conv.0:out:32
shallow_b55_s22594,shallow,0.55,22594,conv.0,3,conv.0:out:3
shallow_b55_s22594,shallow,0.55,22594,conv.3,27,conv.3:out:27
shallow_b55_s22594,shallow,0.55,22594,conv.0,43,conv.0:out:43
shallow_b55_s22594,shallow,0.55,22594,conv.3,103,conv.3:out:103
shallow_b55_s22594,shallow,0.55,22594,conv.3,93,conv.3:out:93
shallow_b55_s22594,shallow,0.55,22594,conv.3,43,conv.3:out:43
shallow_b55_s22594,shallow,0.55,22594,conv.0,50,conv.0:out:50
shallow_b55_s22594,shallow,0.55,22594,conv.0,4,conv.0:out:4
shallow_b55_s22594,shallow,0.55,22594,conv.3,28,conv.3:out:28
shallow_b55_s22594,shallow,0.55,22594,conv.0,8,conv.0:out:8
shallow_b55_s22594,shallow,0.55,22594,conv.3,50,conv.3:out:50
shallow_b55_s22594,shallow,0.55,22594,conv.3,3,conv.3:out:3
shallow_b55_s22594,shallow,0.55,22594,conv.3,106,conv.3:out:106
shallow_b55_s22594,shallow,0.55,22594,conv.3,25,conv.3:out:25
shallow_b55_s22594,shallow,0.55,22594,conv.3,67,conv.3:out:67
shallow_b55_s22594,shallow,0.55,22594,conv.3,46,conv.3:out:46
shallow_b55_s22594,shallow,0.55,22594,conv.3,125,conv.3:out:125
shallow_b55_s22594,shallow,0.55,22594,conv.3,74,conv.3:out:74
shallow_b55_s22594,shallow,0.55,22594,conv.0,18,conv.0:out:18
shallow_b55_s22594,shallow,0.55,22594,conv.0,9,conv.0:out:9
shallow_b55_s22594,shallow,0.55,22594,conv.3,89,conv.3:out:89
shallow_b55_s22594,shallow,0.55,22594,conv.0,31,conv.0:out:31
shallow_b55_s22594,shallow,0.55,22594,conv.0,17,conv.0:out:17
shallow_b55_s22594,shallow,0.55,22594,conv.3,7,conv.3:out:7
shallow_b55_s22594,shallow,0.55,22594,conv.0,41,conv.0:out:41
shallow_b55_s22594,shallow,0.55,22594,conv.3,54,conv.3:out:54
shallow_b55_s22594,shallow,0.55,22594,conv.0,48,conv.0:out:48
shallow_b55_s22594,shallow,0.55,22594,conv.3,87,conv.3:out:87
shallow_b55_s22594,shallow,0.55,22594,conv.0,24,conv.0:out:24
shallow_b55_s22594,shallow,0.55,22594,conv.3,79,conv.3:out:79
shallow_b55_s22594,shallow,0.55,22594,conv.0,56,conv.0:out:56
shallow_b55_s22594,shallow,0.55,22594,conv.0,15,conv.0:out:15
shallow_b55_s22594,shallow,0.55,22594,conv.3,94,conv.3:out:94
shallow_b55_s22594,shallow,0.55,22594,conv.3,59,conv.3:out:59
shallow_b55_s22594,shallow,0.55,22594,conv.3,12,conv.3:out:12
shallow_b55_s22594,shallow,0.55,22594,conv.3,51,conv.3:out:51
shallow_b55_s22594,shallow,0.55,22594,conv.3,110,conv.3:out:110
shallow_b55_s22594,shallow,0.55,22594,conv.0,20,conv.0:out:20
shallow_b55_s22594,shallow,0.55,22594,conv.3,91,conv.3:out:91
shallow_b55_s22594,shallow,0.55,22594,conv.3,77,conv.3:out:77
shallow_b55_s22594,shallow,0.55,22594,conv.3,34,conv.3:out:34
shallow_b55_s22594,shallow,0.55,22594,conv.3,72,conv.3:out:72
shallow_b55_s22594,shallow,0.55,22594,conv.3,14,conv.3:out:14
shallow_b55_s22594,shallow,0.55,22594,conv.3,20,conv.3:out:20
shallow_b55_s22594,shallow,0.55,22594,conv.3,111,conv.3:out:111
shallow_b55_s22595,shallow,0.55,22595,conv.0,38,conv.0:out:38
shallow_b55_s22595,shallow,0.55,22595,conv.3,16,conv.3:out:16
shallow_b55_s22595,shallow,0.55,22595,conv.0,17,conv.0:out:17
shallow_b55_s22595,shallow,0.55,22595,conv.3,90,conv.3:out:90
shallow_b55_s22595,shallow,0.55,22595,conv.0,31,conv.0:out:31
shallow_b55_s22595,shallow,0.55,22595,conv.3,54,conv.3:out:54
shallow_b55_s22595,shallow,0.55,22595,conv.3,77,conv.3:out:77
shallow_b55_s22595,shallow,0.55,22595,conv.0,47,conv.0:out:47
shallow_b55_s22595,shallow,0.55,22595,conv.3,13,conv.3:out:13
shallow_b55_s22595,shallow,0.55,22595,conv.0,10,conv.0:out:10
shallow_b55_s22595,shallow,0.55,22595,conv.0,15,conv.0:out:15
shallow_b55_s22595,shallow,0.55,22595,conv.3,41,conv.3:out:41
shallow_b55_s22595,shallow,0.55,22595,conv.0,26,conv.0:out:26
shallow_b55_s22595,shallow,0.55,22595,conv.0,43,conv.0:out:43
shallow_b55_s22595,shallow,0.55,22595,conv.0,30,conv.0:out:30
shallow_b55_s22595,shallow,0.55,22595,conv.3,116,conv.3:out:116
shallow_b55_s22595,shallow,0.55,22595,conv.3,8,conv.3:out:8
shallow_b55_s22595,shallow,0.55,22595,conv.0,22,conv.0:out:22
shallow_b55_s22595,shallow,0.55,22595,conv.3,6,conv.3:out:6
shallow_b55_s22595,shallow,0.55,22595,conv.3,11,conv.3:out:11
shallow_b55_s22595,shallow,0.55,22595,conv.3,92,conv.3:out:92
shallow_b55_s22595,shallow,0.55,22595,conv.3,69,conv.3:out:69
shallow_b55_s22595,shallow,0.55,22595,conv.3,21,conv.3:out:21
shallow_b55_s22595,shallow,0.55,22595,conv.3,52,conv.3:out:52
shallow_b55_s22595,shallow,0.55,22595,conv.0,29,conv.0:out:29
shallow_b55_s22595,shallow,0.55,22595,conv.3,80,conv.3:out:80
shallow_b55_s22595,shallow,0.55,22595,conv.3,71,conv.3:out:71
shallow_b55_s22595,shallow,0.55,22595,conv.3,113,conv.3:out:113
shallow_b55_s22595,shallow,0.55,22595,conv.3,12,conv.3:out:12
shallow_b55_s22595,shallow,0.55,22595,conv.3,127,conv.3:out:127
shallow_b55_s22595,shallow,0.55,22595,conv.0,24,conv.0:out:24
shallow_b55_s22595,shallow,0.55,22595,conv.3,67,conv.3:out:67
shallow_b55_s22595,shallow,0.55,22595,conv.0,49,conv.0:out:49
shallow_b55_s22595,shallow,0.55,22595,conv.3,62,conv.3:out:62
shallow_b55_s22595,shallow,0.55,22595,conv.3,55,conv.3:out:55
shallow_b55_s22595,shallow,0.55,22595,conv.3,61,conv.3:out:61
shallow_b55_s22595,shallow,0.55,22595,conv.3,24,conv.3:out:24
shallow_b55_s22595,shallow,0.55,22595,conv.3,103,conv.3:out:103
shallow_b55_s22595,shallow,0.55,22595,conv.3,117,conv.3:out:117
shallow_b55_s22595,shallow,0.55,22595,conv.3,28,conv.3:out:28
shallow_b55_s22595,shallow,0.55,22595,conv.0,27,conv.0:out:27
shallow_b55_s22595,shallow,0.55,22595,conv.0,52,conv.0:out:52
shallow_b55_s22595,shallow,0.55,22595,conv.0,44,conv.0:out:44
shallow_b55_s22595,shallow,0.55,22595,conv.3,82,conv.3:out:82
shallow_b55_s22595,shallow,0.55,22595,conv.0,51,conv.0:out:51
shallow_b55_s22595,shallow,0.55,22595,conv.3,96,conv.3:out:96
shallow_b55_s22595,shallow,0.55,22595,conv.3,106,conv.3:out:106
shallow_b55_s22595,shallow,0.55,22595,conv.0,25,conv.0:out:25
shallow_b55_s22595,shallow,0.55,22595,conv.3,56,conv.3:out:56
shallow_b55_s22595,shallow,0.55,22595,conv.3,27,conv.3:out:27
shallow_b55_s22595,shallow,0.55,22595,conv.3,42,conv.3:out:42
shallow_b55_s22595,shallow,0.55,22595,conv.0,39,conv.0:out:39
shallow_b55_s22595,shallow,0.55,22595,conv.3,59,conv.3:out:59
shallow_b55_s22595,shallow,0.55,22595,conv.3,94,conv.3:out:94
shallow_b55_s22595,shallow,0.55,22595,conv.3,111,conv.3:out:111
shallow_b55_s22595,shallow,0.55,22595,conv.3,51,conv.3:out:51
shallow_b55_s22595,shallow,0.55,22595,conv.3,73,conv.3:out:73
shallow_b55_s22595,shallow,0.55,22595,conv.3,44,conv.3:out:44
shallow_b55_s22595,shallow,0.55,22595,conv.3,60,conv.3:out:60
shallow_b55_s22595,shallow,0.55,22595,conv.0,63,conv.0:out:63
shallow_b55_s22595,shallow,0.55,22595,conv.3,107,conv.3:out:107
shallow_b55_s22595,shallow,0.55,22595,conv.3,0,conv.3:out:0
shallow_b55_s22595,shallow,0.55,22595,conv.0,28,conv.0:out:28
shallow_b55_s22595,shallow,0.55,22595,conv.3,119,conv.3:out:119
shallow_b55_s22596,shallow,0.55,22596,conv.3,120,conv.3:out:120
shallow_b55_s22596,shallow,0.55,22596,conv.3,40,conv.3:out:40
shallow_b55_s22596,shallow,0.55,22596,conv.3,92,conv.3:out:92
shallow_b55_s22596,shallow,0.55,22596,conv.3,82,conv.3:out:82
shallow_b55_s22596,shallow,0.55,22596,conv.3,106,conv.3:out:106
shallow_b55_s22596,shallow,0.55,22596,conv.3,88,conv.3:out:88
shallow_b55_s22596,shallow,0.55,22596,conv.0,0,conv.0:out:0
shallow_b55_s22596,shallow,0.55,22596,conv.3,108,conv.3:out:108
shallow_b55_s22596,shallow,0.55,22596,conv.0,49,conv.0:out:49
shallow_b55_s22596,shallow,0.55,22596,conv.3,19,conv.3:out:19
shallow_b55_s22596,shallow,0.55,22596,conv.0,40,conv.0:out:40
shallow_b55_s22596,shallow,0.55,22596,conv.3,93,conv.3:out:93
shallow_b55_s22596,shallow,0.55,22596,conv.3,39,conv.3:out:39
shallow_b55_s22596,shallow,0.55,22596,conv.3,3,conv.3:out:3
shallow_b55_s22596,shallow,0.55,22596,conv.3,38,conv.3:out:38
shallow_b55_s22596,shallow,0.55,22596,conv.3,5,conv.3:out:5
shallow_b55_s22596,shallow,0.55,22596,conv.0,9,conv.0:out:9
shallow_b55_s22596,shallow,0.55,22596,conv.3,69,conv.3:out:69
shallow_b55_s22596,shallow,0.55,22596,conv.3,8,conv.3:out:8
shallow_b55_s22596,shallow,0.55,22596,conv.0,7,conv.0:out:7
shallow_b55_s22596,shallow,0.55,22596,conv.0,32,conv.0:out:32
shallow_b55_s22596,shallow,0.55,22596,conv.3,12,conv.3:out:12
shallow_b55_s22596,shallow,0.55,22596,conv.3,70,conv.3:out:70
shallow_b55_s22596,shallow,0.55,22596,conv.3,114,conv.3:out:114
shallow_b55_s22596,shallow,0.55,22596,conv.0,31,conv.0:out:31
shallow_b55_s22596,shallow,0.55,22596,conv.3,121,conv.3:out:121
shallow_b55_s22596,shallow,0.55,22596,conv.0,51,conv.0:out:51
shallow_b55_s22596,shallow,0.55,22596,conv.3,89,conv.3:out:89
shallow_b55_s22596,shallow,0.55,22596,conv.3,4,conv.3:out:4
shallow_b55_s22596,shallow,0.55,22596,conv.3,117,conv.3:out:117
shallow_b55_s22596,shallow,0.55,22596,conv.0,62,conv.0:out:62
shallow_b55_s22596,shallow,0.55,22596,conv.0,30,conv.0:out:30
shallow_b55_s22596,shallow,0.55,22596,conv.3,79,conv.3:out:79
shallow_b55_s22596,shallow,0.55,22596,conv.3,28,conv.3:out:28
shallow_b55_s22596,shallow,0.55,22596,conv.0,56,conv.0:out:56
shallow_b55_s22596,shallow,0.55,22596,conv.3,33,conv.3:out:33
shallow_b55_s22596,shallow,0.55,22596,conv.3,96,conv.3:out:96
shallow_b55_s22596,shallow,0.55,22596,conv.3,7,conv.3:out:7
shallow_b55_s22596,shallow,0.55,22596,conv.3,110,conv.3:out:110
shallow_b55_s22596,shallow,0.55,22596,conv.3,71,conv.3:out:71
shallow_b55_s22596,shallow,0.55,22596,conv.0,21,conv.0:out:21
shallow_b55_s22596,shallow,0.55,22596,conv.3,66,conv.3:out:66
shallow_b55_s22596,shallow,0.55,22596,conv.0,12,conv.0:out:12
shallow_b55_s22596,shallow,0.55,22596,conv.3,41,conv.3:out:41
shallow_b55_s22596,shallow,0.55,22596,conv.3,44,conv.3:out:44
shallow_b55_s22596,shallow,0.55,22596,conv.3,50,conv.3:out:50
shallow_b55_s22596,shallow,0.55,22596,conv.3,37,conv.3:out:37
shallow_b55_s22596,shallow,0.55,22596,conv.0,24,conv.0:out:24
shallow_b55_s22596,shallow,0.55,22596,conv.0,4,conv.0:out:4
shallow_b55_s22596,shallow,0.55,22596,conv.3,49,conv.3:out:49
shallow_b55_s22596,shallow,0.55,22596,conv.0,16,conv.0:out:16
shallow_b55_s22596,shallow,0.55,22596,conv.3,123,conv.3:out:123
shallow_b55_s22596,shallow,0.55,22596,conv.3,2,conv.3:out:2
shallow_b55_s22596,shallow,0.55,22596,conv.3,61,conv.3:out:61
shallow_b55_s22596,shallow,0.55,22596,conv.3,26,conv.3:out:26
shallow_b55_s22596,shallow,0.55,22596,conv.3,64,conv.3:out:64
shallow_b55_s22596,shallow,0.55,22596,conv.3,86,conv.3:out:86
shallow_b55_s22596,shallow,0.55,22596,conv.0,37,conv.0:out:37
shallow_b55_s22596,shallow,0.55,22596,conv.3,81,conv.3:out:81
shallow_b55_s22596,shallow,0.55,22596,conv.3,13,conv.3:out:13
shallow_b55_s22596,shallow,0.55,22596,conv.3,127,conv.3:out:127
shallow_b55_s22596,shallow,0.55,22596,conv.3,112,conv.3:out:112
shallow_b55_s22596,shallow,0.55,22596,conv.3,94,conv.3:out:94
shallow_b55_s22596,shallow,0.55,22596,conv.0,6,conv.0:out:6
shallow_b55_s22596,shallow,0.55,22596,conv.3,22,conv.3:out:22
shallow_b55_s22596,shallow,0.55,22596,conv.0,1,conv.0:out:1
shallow_b55_s22597,shallow,0.55,22597,conv.3,50,conv.3:out:50
shallow_b55_s22597,shallow,0.55,22597,conv.3,93,conv.3:out:93
shallow_b55_s22597,shallow,0.55,22597,conv.3,13,conv.3:out:13
shallow_b55_s22597,shallow,0.55,22597,conv.3,36,conv.3:out:36
shallow_b55_s22597,shallow,0.55,22597,conv.0,44,conv.0:out:44
shallow_b55_s22597,shallow,0.55,22597,conv.3,69,conv.3:out:69
shallow_b55_s22597,shallow,0.55,22597,conv.3,65,conv.3:out:65
shallow_b55_s22597,shallow,0.55,22597,conv.0,17,conv.0:out:17
shallow_b55_s22597,shallow,0.55,22597,conv.3,51,conv.3:out:51
shallow_b55_s22597,shallow,0.55,22597,conv.3,107,conv.3:out:107
shallow_b55_s22597,shallow,0.55,22597,conv.3,119,conv.3:out:119
shallow_b55_s22597,shallow,0.55,22597,conv.3,98,conv.3:out:98
shallow_b55_s22597,shallow,0.55,22597,conv.3,105,conv.3:out:105
shallow_b55_s22597,shallow,0.55,22597,conv.3,54,conv.3:out:54
shallow_b55_s22597,shallow,0.55,22597,conv.0,35,conv.0:out:35
shallow_b55_s22597,shallow,0.55,22597,conv.3,87,conv.3:out:87
shallow_b55_s22597,shallow,0.55,22597,conv.3,37,conv.3:out:37
shallow_b55_s22597,shallow,0.55,22597,conv.0,20,conv.0:out:20
shallow_b55_s22597,shallow,0.55,22597,conv.3,31,conv.3:out:31
shallow_b55_s22597,shallow,0.55,22597,conv.0,28,conv.0:out:28
shallow_b55_s22597,shallow,0.55,22597,conv.0,52,conv.0:out:52
shallow_b55_s22597,shallow,0.55,22597,conv.0,57,conv.0:out:57
shallow_b55_s22597,shallow,0.55,22597,conv.3,5,conv.3:out:5
shallow_b55_s22597,shallow,0.55,22597,conv.0,49,conv.0:out:49
shallow_b55_s22597,shallow,0.55,22597,conv.3,76,conv.3:out:76
shallow_b55_s22597,shallow,0.55,22597,conv.0,1,conv.0:out:1
shallow_b55_s22597,shallow,0.55,22597,conv.0,14,conv.0:out:14
shallow_b55_s22597,shallow,0.55,22597,conv.3,12,conv.3:out:12
shallow_b55_s22597,shallow,0.55,22597,conv.3,80,conv.3:out:80
shallow_b55_s22597,shallow,0.55,22597,conv.3,27,conv.3:out:27
shallow_b55_s22597,shallow,0.55,22597,conv.3,121,conv.3:out:121
shallow_b55_s22597,shallow,0.55,22597,conv.3,10,conv.3:out:10
shallow_b55_s22597,shallow,0.55,22597,conv.3,41,conv.3:out:41
shallow_b55_s22597,shallow,0.55,22597,conv.0,40,conv.0:out:40
shallow_b55_s22597,shallow,0.55,22597,conv.0,36,conv.0:out:36
shallow_b55_s22597,shallow,0.55,22597,conv.0,19,conv.0:out:19
shallow_b55_s22597,shallow,0.55,22597,conv.0,38,conv.0:out:38
shallow_b55_s22597,shallow,0.55,22597,conv.3,116,conv.3:out:116
shallow_b55_s22597,shallow,0.55,22597,conv.3,3,conv.3:out:3
shallow_b55_s22597,shallow,0.55,22597,conv.3,25,conv.3:out:25
shallow_b55_s22597,shallow,0.55,22597,conv.0,22,conv.0:out:22
shallow_b55_s22597,shallow,0.55,22597,conv.3,58,conv.3:out:58
shallow_b55_s22597,shallow,0.55,22597,conv.3,39,conv.3:out:39
shallow_b55_s22597,shallow,0.55,22597,conv.3,96,conv.3:out:96
shallow_b55_s22597,shallow,0.55,22597,conv.3,125,conv.3:out:125
shallow_b55_s22597,shallow,0.55,22597,conv.3,118,conv.3:out:118
shallow_b55_s22597,shallow,0.55,22597,conv.0,47,conv.0:out:47
shallow_b55_s22597,shallow,0.55,22597,conv.3,104,conv.3:out:104
shallow_b55_s22597,shallow,0.55,22597,conv.0,39,conv.0:out:39
shallow_b55_s22597,shallow,0.55,22597,conv.0,48,conv.0:out:48
shallow_b55_s22597,shallow,0.55,22597,conv.0,16,conv.0:out:16
shallow_b55_s22597,shallow,0.55,22597,conv.3,108,conv.3:out:108
shallow_b55_s22597,shallow,0.55,22597,conv.0,25,conv.0:out:25
shallow_b55_s22597,shallow,0.55,22597,conv.3,114,conv.3:out:114
shallow_b55_s22597,shallow,0.55,22597,conv.0,21,conv.0:out:21
shallow_b55_s22597,shallow,0.55,22597,conv.3,79,conv.3:out:79
shallow_b55_s22597,shallow,0.55,22597,conv.3,15,conv.3:out:15
shallow_b55_s22597,shallow,0.55,22597,conv.3,68,conv.3:out:68
shallow_b55_s22597,shallow,0.55,22597,conv.3,126,conv.3:out:126
shallow_b55_s22597,shallow,0.55,22597,conv.3,124,conv.3:out:124
shallow_b55_s22597,shallow,0.55,22597,conv.3,78,conv.3:out:78
shallow_b55_s22597,shallow,0.55,22597,conv.0,5,conv.0:out:5
shallow_b55_s22597,shallow,0.55,22597,conv.3,120,conv.3:out:120
shallow_b55_s22598,shallow,0.55,22598,conv.3,55,conv.3:out:55
shallow_b55_s22598,shallow,0.55,22598,conv.3,58,conv.3:out:58
shallow_b55_s22598,shallow,0.55,22598,conv.0,41,conv.0:out:41
shallow_b55_s22598,shallow,0.55,22598,conv.0,60,conv.0:out:60
shallow_b55_s22598,shallow,0.55,22598,conv.0,56,conv.0:out:56
shallow_b55_s22598,shallow,0.55,22598,conv.3,120,conv.3:out:120
shallow_b55_s22598,shallow,0.55,22598,conv.0,58,conv.0:out:58
shallow_b55_s22598,shallow,0.55,22598,conv.3,73,conv.3:out:73
shallow_b55_s22598,shallow,0.55,22598,conv.0,31,conv.0:out:31
shallow_b55_s22598,shallow,0.55,22598,conv.3,70,conv.3:out:70
shallow_b55_s22598,shallow,0.55,22598,conv.3,13,conv.3:out:13
shallow_b55_s22598,shallow,0.55,22598,conv.3,31,conv.3:out:31
shallow_b55_s22598,shallow,0.55,22598,conv.3,24,conv.3:out:24
shallow_b55_s22598,shallow,0.55,22598,conv.0,18,conv.0:out:18
shallow_b55_s22598,shallow,0.55,22598,conv.0,13,conv.0:out:13
shallow_b55_s22598,shallow,0.55,22598,conv.0,47,conv.0:out:47
shallow_b55_s22598,shallow,0.55,22598,conv.3,36,conv.3:out:36
shallow_b55_s22598,shallow,0.55,22598,conv.0,4,conv.0:out:4
shallow_b55_s22598,shallow,0.55,22598,conv.3,127,conv.3:out:127
shallow_b55_s22598,shallow,0.55,22598,conv.3,33,conv.3:out:33
shallow_b55_s22598,shallow,0.55,22598,conv.3,101,conv.3:out:101
shallow_b55_s22598,shallow,0.55,22598,conv.0,43,conv.0:out:43
shallow_b55_s22598,shallow,0.55,22598,conv.3,1,conv.3:out:1
shallow_b55_s22598,shallow,0.55,22598,conv.3,2,conv.3:out:2
shallow_b55_s22598,shallow,0.55,22598,conv.3,113,conv.3:out:113
shallow_b55_s22598,shallow,0.55,22598,conv.3,77,conv.3:out:77
shallow_b55_s22598,shallow,0.55,22598,conv.3,32,conv.3:out:32
shallow_b55_s22598,shallow,0.55,22598,conv.0,27,conv.0:out:27
shallow_b55_s22598,shallow,0.55,22598,conv.3,78,conv.3:out:78
shallow_b55_s22598,shallow,0.55,22598,conv.3,21,conv.3:out:21
shallow_b55_s22598,shallow,0.55,22598,conv.3,48,conv.3:out:48
shallow_b55_s22598,shallow,0.55,22598,conv.0,63,conv.0:out:63
shallow_b55_s22598,shallow,0.55,22598,conv.3,89,conv.3:out:89
shallow_b55_s22598,shallow,0.55,22598,conv.3,104,conv.3:out:104
shallow_b55_s22598,shallow,0.55,22598,conv.0,51,conv.0:out:51
shallow_b55_s22598,shallow,0.55,22598,conv.0,14,conv.0:out:14
shallow_b55_s22598,shallow,0.55,22598,conv.3,118,conv.3:out:118
shallow_b55_s22598,shallow,0.55,22598,conv.0,12,conv.0:out:12
shallow_b55_s22598,shallow,0.55,22598,conv.3,39,conv.3:out:39
shallow_b55_s22598,shallow,0.55,22598,conv.3,92,conv.3:out:92
shallow_b55_s22598,shallow,0.55,22598,conv.3,46,conv.3:out:46
shallow_b55_s22598,shallow,0.55,22598,conv.3,91,conv.3:out:91
shallow_b55_s22598,shallow,0.55,22598,conv.0,61,conv.0:out:61
shallow_b55_s22598,shallow,0.55,22598,conv.3,51,conv.3:out:51
shallow_b55_s22598,shallow,0.55,22598,conv.3,20,conv.3:out:20
shallow_b55_s22598,shallow,0.55,22598,conv.3,10,conv.3:out:10
shallow_b55_s22598,shallow,0.55,22598,conv.3,98,conv.3:out:98
shallow_b55_s22598,shallow,0.55,22598,conv.3,102,conv.3:out:102
shallow_b55_s22598,shallow,0.55,22598,conv.0,30,conv.0:out:30
shallow_b55_s22598,shallow,0.55,22598,conv.3,108,conv.3:out:108
shallow_b55_s22598,shallow,0.55,22598,conv.3,19,conv.3:out:19
shallow_b55_s22598,shallow,0.55,22598,conv.3,90,conv.3:out:90
shallow_b55_s22598,shallow,0.55,22598,conv.0,62,conv.0:out:62
shallow_b55_s22598,shallow,0.55,22598,conv.3,5,conv.3:out:5
shallow_b55_s22598,shallow,0.55,22598,conv.0,26,conv.0:out:26
shallow_b55_s22598,shallow,0.55,22598,conv.3,80,conv.3:out:80
shallow_b55_s22598,shallow,0.55,22598,conv.3,105,conv.3:out:105
shallow_b55_s22598,shallow,0.55,22598,conv.0,8,conv.0:out:8
shallow_b55_s22598,shallow,0.55,22598,conv.3,56,conv.3:out:56
shallow_b55_s22598,shallow,0.55,22598,conv.0,54,conv.0:out:54
shallow_b55_s22598,shallow,0.55,22598,conv.3,7,conv.3:out:7
shallow_b55_s22598,shallow,0.55,22598,conv.0,29,conv.0:out:29
shallow_b55_s22598,shallow,0.55,22598,conv.3,111,conv.3:out:111
shallow_b55_s22599,shallow,0.55,22599,conv.3,30,conv.3:out:30
shallow_b55_s22599,shallow,0.55,22599,conv.3,120,conv.3:out:120
shallow_b55_s22599,shallow,0.55,22599,conv.3,43,conv.3:out:43
shallow_b55_s22599,shallow,0.55,22599,conv.3,119,conv.3:out:119
shallow_b55_s22599,shallow,0.55,22599,conv.0,18,conv.0:out:18
shallow_b55_s22599,shallow,0.55,22599,conv.0,27,conv.0:out:27
shallow_b55_s22599,shallow,0.55,22599,conv.3,125,conv.3:out:125
shallow_b55_s22599,shallow,0.55,22599,conv.3,97,conv.3:out:97
shallow_b55_s22599,shallow,0.55,22599,conv.3,78,conv.3:out:78
shallow_b55_s22599,shallow,0.55,22599,conv.0,48,conv.0:out:48
shallow_b55_s22599,shallow,0.55,22599,conv.0,13,conv.0:out:13
shallow_b55_s22599,shallow,0.55,22599,conv.3,67,conv.3:out:67
shallow_b55_s22599,shallow,0.55,22599,conv.0,58,conv.0:out:58
shallow_b55_s22599,shallow,0.55,22599,conv.3,24,conv.3:out:24
shallow_b55_s22599,shallow,0.55,22599,conv.3,116,conv.3:out:116
shallow_b55_s22599,shallow,0.55,22599,conv.3,107,conv.3:out:107
shallow_b55_s22599,shallow,0.55,22599,conv.0,62,conv.0:out:62
shallow_b55_s22599,shallow,0.55,22599,conv.3,77,conv.3:out:77
shallow_b55_s22599,shallow,0.55,22599,conv.3,68,conv.3:out:68
shallow_b55_s22599,shallow,0.55,22599,conv.3,33,conv.3:out:33
shallow_b55_s22599,shallow,0.55,22599,conv.3,87,conv.3:out:87
shallow_b55_s22599,shallow,0.55,22599,conv.3,76,conv.3:out:76
shallow_b55_s22599,shallow,0.55,22599,conv.0,52,conv.0:out:52
shallow_b55_s22599,shallow,0.55,22599,conv.3,36,conv.3:out:36
shallow_b55_s22599,shallow,0.55,22599,conv.0,26,conv.0:out:26
shallow_b55_s22599,shallow,0.55,22599,conv.3,93,conv.3:out:93
shallow_b55_s22599,shallow,0.55,22599,conv.0,54,conv.0:out:54
shallow_b55_s22599,shallow,0.55,22599,conv.3,7,conv.3:out:7
shallow_b55_s22599,shallow,0.55,22599,conv.3,84,conv.3:out:84
shallow_b55_s22599,shallow,0.55,22599,conv.0,31,conv.0:out:31
shallow_b55_s22599,shallow,0.55,22599,conv.3,22,conv.3:out:22
shallow_b55_s22599,shallow,0.55,22599,conv.3,17,conv.3:out:17
shallow_b55_s22599,shallow,0.55,22599,conv.3,6,conv.3:out:6
shallow_b55_s22599,shallow,0.55,22599,conv.3,29,conv.3:out:29
shallow_b55_s22599,shallow,0.55,22599,conv.3,73,conv.3:out:73
shallow_b55_s22599,shallow,0.55,22599,conv.3,15,conv.3:out:15
shallow_b55_s22599,shallow,0.55,22599,conv.3,89,conv.3:out:89
shallow_b55_s22599,shallow,0.55,22599,conv.0,42,conv.0:out:42
shallow_b55_s22599,shallow,0.55,22599,conv.3,95,conv.3:out:95
shallow_b55_s22599,shallow,0.55,22599,conv.3,74,conv.3:out:74
shallow_b55_s22599,shallow,0.55,22599,conv.0,0,conv.0:out:0
shallow_b55_s22599,shallow,0.55,22599,conv.3,61,conv.3:out:61
shallow_b55_s22599,shallow,0.55,22599,conv.3,92,conv.3:out:92
shallow_b55_s22599,shallow,0.55,22599,conv.0,22,conv.0:out:22
shallow_b55_s22599,shallow,0.55,22599,conv.3,13,conv.3:out:13
shallow_b55_s22599,shallow,0.55,22599,conv.3,40,conv.3:out:40
shallow_b55_s22599,shallow,0.55,22599,conv.0,41,conv.0:out:41
shallow_b55_s22599,shallow,0.55,22599,conv.3,114,conv.3:out:114
shallow_b55_s22599,shallow,0.55,22599,conv.3,48,conv.3:out:48
shallow_b55_s22599,shallow,0.55,22599,conv.0,12,conv.0:out:12
shallow_b55_s22599,shallow,0.55,22599,conv.3,53,conv.3:out:53
shallow_b55_s22599,shallow,0.55,22599,conv.3,79,conv.3:out:79
shallow_b55_s22599,shallow,0.55,22599,conv.3,123,conv.3:out:123
shallow_b55_s22599,shallow,0.55,22599,conv.3,111,conv.3:out:111
shallow_b55_s22599,shallow,0.55,22599,conv.3,124,conv.3:out:124
shallow_b55_s22599,shallow,0.55,22599,conv.3,54,conv.3:out:54
shallow_b55_s22599,shallow,0.55,22599,conv.3,86,conv.3:out:86
shallow_b55_s22599,shallow,0.55,22599,conv.3,75,conv.3:out:75
shallow_b55_s22599,shallow,0.55,22599,conv.3,9,conv.3:out:9
shallow_b55_s22599,shallow,0.55,22599,conv.3,64,conv.3:out:64
shallow_b55_s22599,shallow,0.55,22599,conv.0,33,conv.0:out:33
shallow_b55_s22599,shallow,0.55,22599,conv.3,115,conv.3:out:115
shallow_b55_s22599,shallow,0.55,22599,conv.3,101,conv.3:out:101
shallow_b55_s22599,shallow,0.55,22599,conv.3,57,conv.3:out:57
shallow_b55_s22599,shallow,0.55,22599,conv.3,108,conv.3:out:108
shallow_b55_s22599,shallow,0.55,22599,conv.0,49,conv.0:out:49
shallow_b55_s22599,shallow,0.55,22599,conv.3,105,conv.3:out:105
shallow_b55_s22600,shallow,0.55,22600,conv.0,50,conv.0:out:50
shallow_b55_s22600,shallow,0.55,22600,conv.3,59,conv.3:out:59
shallow_b55_s22600,shallow,0.55,22600,conv.3,122,conv.3:out:122
shallow_b55_s22600,shallow,0.55,22600,conv.3,3,conv.3:out:3
shallow_b55_s22600,shallow,0.55,22600,conv.3,12,conv.3:out:12
shallow_b55_s22600,shallow,0.55,22600,conv.0,11,conv.0:out:11
shallow_b55_s22600,shallow,0.55,22600,conv.3,2,conv.3:out:2
shallow_b55_s22600,shallow,0.55,22600,conv.3,78,conv.3:out:78
shallow_b55_s22600,shallow,0.55,22600,conv.0,52,conv.0:out:52
shallow_b55_s22600,shallow,0.55,22600,conv.3,125,conv.3:out:125
shallow_b55_s22600,shallow,0.55,22600,conv.3,121,conv.3:out:121
shallow_b55_s22600,shallow,0.55,22600,conv.3,18,conv.3:out:18
shallow_b55_s22600,shallow,0.55,22600,conv.0,56,conv.0:out:56
shallow_b55_s22600,shallow,0.55,22600,conv.3,52,conv.3:out:52
shallow_b55_s22600,shallow,0.55,22600,conv.3,116,conv.3:out:116
shallow_b55_s22600,shallow,0.55,22600,conv.0,34,conv.0:out:34
shallow_b55_s22600,shallow,0.55,22600,conv.3,26,conv.3:out:26
shallow_b55_s22600,shallow,0.55,22600,conv.0,58,conv.0:out:58
shallow_b55_s22600,shallow,0.55,22600,conv.3,27,conv.3:out:27
shallow_b55_s22600,shallow,0.55,22600,conv.0,57,conv.0:out:57
shallow_b55_s22600,shallow,0.55,22600,conv.3,73,conv.3:out:73
shallow_b55_s22600,shallow,0.55,22600,conv.0,37,conv.0:out:37
shallow_b55_s22600,shallow,0.55,22600,conv.3,30,conv.3:out:30
shallow_b55_s22600,shallow,0.55,22600,conv.0,26,conv.0:out:26
shallow_b55_s22600,shallow,0.55,22600,conv.0,55,conv.0:out:55
shallow_b55_s22600,shallow,0.55,22600,conv.0,4,conv.0:out:4
shallow_b55_s22600,shallow,0.55,22600,conv.3,42,conv.3:out:42
shallow_b55_s22600,shallow,0.55,22600,conv.3,8,conv.3:out:8
shallow_b55_s22600,shallow,0.55,22600,conv.3,112,conv.3:out:112
shallow_b55_s22600,shallow,0.55,22600,conv.3,105,conv.3:out:105
shallow_b55_s22600,shallow,0.55,22600,conv.0,27,conv.0:out:27
shallow_b55_s22600,shallow,0.55,22600,conv.3,57,conv.3:out:57
shallow_b55_s22600,shallow,0.55,22600,conv.3,85,conv.3:out:85
shallow_b55_s22600,shallow,0.55,22600,conv.3,127,conv.3:out:127
shallow_b55_s22600,shallow,0.55,22600,conv.0,21,conv.0:out:21
shallow_b55_s22600,shallow,0.55,22600,conv.0,2,conv.0:out:2
shallow_b55_s22600,shallow,0.55,22600,conv.3,107,conv.3:out:107
shallow_b55_s22600,shallow,0.55,22600,conv.3,111,conv.3:out:111
shallow_b55_s22600,shallow,0.55,22600,conv.0,6,conv.0:out:6
shallow_b55_s22600,shallow,0.55,22600,conv.3,49,conv.3:out:49
shallow_b55_s22600,shallow,0.55,22600,conv.0,1,conv.0:out:1
shallow_b55_s22600,shallow,0.55,22600,conv.3,79,conv.3:out:79
shallow_b55_s22600,shallow,0.55,22600,conv.3,20,conv.3:out:20
shallow_b55_s22600,shallow,0.55,22600,conv.3,88,conv.3:out:88
shallow_b55_s22600,shallow,0.55,22600,conv.3,31,conv.3:out:31
shallow_b55_s22600,shallow,0.55,22600,conv.0,63,conv.0:out:63
shallow_b55_s22600,shallow,0.55,22600,conv.0,25,conv.0:out:25
shallow_b55_s22600,shallow,0.55,22600,conv.0,30,conv.0:out:30
shallow_b55_s22600,shallow,0.55,22600,conv.0,36,conv.0:out:36
shallow_b55_s22600,shallow,0.55,22600,conv.3,32,conv.3:out:32
shallow_b55_s22600,shallow,0.55,22600,conv.0,62,conv.0:out:62
shallow_b55_s22600,shallow,0.55,22600,conv.0,39,conv.0:out:39
shallow_b55_s22600,shallow,0.55,22600,conv.3,106,conv.3:out:106
shallow_b55_s22600,shallow,0.55,22600,conv.3,87,conv.3:out:87
shallow_b55_s22600,shallow,0.55,22600,conv.3,98,conv.3:out:98
shallow_b55_s22600,shallow,0.55,22600,conv.0,18,conv.0:out:18
shallow_b55_s22600,shallow,0.55,22600,conv.0,41,conv.0:out:41
shallow_b55_s22600,shallow,0.55,22600,conv.0,0,conv.0:out:0
shallow_b55_s22600,shallow,0.55,22600,conv.3,100,conv.3:out:100
shallow_b55_s22601,shallow,0.55,22601,conv.3,110,conv.3:out:110
shallow_b55_s22601,shallow,0.55,22601,conv.3,109,conv.3:out:109
shallow_b55_s22601,shallow,0.55,22601,conv.3,90,conv.3:out:90
shallow_b55_s22601,shallow,0.55,22601,conv.0,27,conv.0:out:27
shallow_b55_s22601,shallow,0.55,22601,conv.3,68,conv.3:out:68
shallow_b55_s22601,shallow,0.55,22601,conv.3,48,conv.3:out:48
shallow_b55_s22601,shallow,0.55,22601,conv.3,78,conv.3:out:78
shallow_b55_s22601,shallow,0.55,22601,conv.3,56,conv.3:out:56
shallow_b55_s22601,shallow,0.55,22601,conv.3,122,conv.3:out:122
shallow_b55_s22601,shallow,0.55,22601,conv.0,9,conv.0:out:9
shallow_b55_s22601,shallow,0.55,22601,conv.3,93,conv.3:out:93
shallow_b55_s22601,shallow,0.55,22601,conv.3,102,conv.3:out:102
shallow_b55_s22601,shallow,0.55,22601,conv.3,125,conv.3:out:125
shallow_b55_s22601,shallow,0.55,22601,conv.3,23,conv.3:out:23
shallow_b55_s22601,shallow,0.55,22601,conv.0,21,conv.0:out:21
shallow_b55_s22601,shallow,0.55,22601,conv.3,37,conv.3:out:37
shallow_b55_s22601,shallow,0.55,22601,conv.0,23,conv.0:out:23
shallow_b55_s22601,shallow,0.55,22601,conv.0,42,conv.0:out:42
shallow_b55_s22601,shallow,0.55,22601,conv.3,84,conv.3:out:84
shallow_b55_s22601,shallow,0.55,22601,conv.0,62,conv.0:out:62
shallow_b55_s22601,shallow,0.55,22601,conv.3,120,conv.3:out:120
shallow_b55_s22601,shallow,0.55,22601,conv.0,58,conv.0:out:58
shallow_b55_s22601,shallow,0.55,22601,conv.0,48,conv.0:out:48
shallow_b55_s22601,shallow,0.55,22601,conv.0,19,conv.0:out:19
shallow_b55_s22601,shallow,0.55,22601,conv.3,113,conv.3:out:113
shallow_b55_s22601,shallow,0.55,22601,conv.0,43,conv.0:out:43
shallow_b55_s22601,shallow,0.55,22601,conv.0,45,conv.0:out:45
shallow_b55_s22601,shallow,0.55,22601,conv.0,52,conv.0:out:52
shallow_b55_s22601,shallow,0.55,22601,conv.3,100,conv.3:out:100
shallow_b55_s22601,shallow,0.55,22601,conv.0,60,conv.0:out:60
shallow_b55_s22601,shallow,0.55,22601,conv.0,38,conv.0:out:38
shallow_b55_s22601,shallow,0.55,22601,conv.3,41,conv.3:out:41
shallow_b55_s22601,shallow,0.55,22601,conv.0,1,conv.0:out:1
shallow_b55_s22601,shallow,0.55,22601,conv.3,67,conv.3:out:67
shallow_b55_s22601,shallow,0.55,22601,conv.3,62,conv.3:out:62
shallow_b55_s22601,shallow,0.55,22601,conv.3,34,conv.3:out:34
shallow_b55_s22601,shallow,0.55,22601,conv.3,7,conv.3:out:7
shallow_b55_s22601,shallow,0.55,22601,conv.3,17,conv.3:out:17
shallow_b55_s22601,shallow,0.55,22601,conv.0,40,conv.0:out:40
shallow_b55_s22601,shallow,0.55,22601,conv.3,85,conv.3:out:85
shallow_b55_s22601,shallow,0.55,22601,conv.0,53,conv.0:out:53
shallow_b55_s22601,shallow,0.55,22601,conv.3,20,conv.3:out:20
shallow_b55_s22601,shallow,0.55,22601,conv.3,127,conv.3:out:127
shallow_b55_s22601,shallow,0.55,22601,conv.0,13,conv.0:out:13
shallow_b55_s22601,shallow,0.55,22601,conv.3,3,conv.3:out:3
shallow_b55_s22601,shallow,0.55,22601,conv.0,3,conv.0:out:3
shallow_b55_s22601,shallow,0.55,22601,conv.3,65,conv.3:out:65
shallow_b55_s22601,shallow,0.55,22601,conv.3,52,conv.3:out:52
shallow_b55_s22601,shallow,0.55,22601,conv.0,37,conv.0:out:37
shallow_b55_s22601,shallow,0.55,22601,conv.3,89,conv.3:out:89
shallow_b55_s22601,shallow,0.55,22601,conv.0,50,conv.0:out:50
shallow_b55_s22601,shallow,0.55,22601,conv.0,18,conv.0:out:18
shallow_b55_s22601,shallow,0.55,22601,conv.3,72,conv.3:out:72
shallow_b55_s22601,shallow,0.55,22601,conv.0,10,conv.0:out:10
shallow_b55_s22601,shallow,0.55,22601,conv.3,26,conv.3:out:26
shallow_b55_s22601,shallow,0.55,22601,conv.3,14,conv.3:out:14
shallow_b55_s22601,shallow,0.55,22601,conv.0,26,conv.0:out:26
shallow_b55_s22601,shallow,0.55,22601,conv.0,17,conv.0:out:17
shallow_b55_s22601,shallow,0.55,22601,conv.3,69,conv.3:out:69
shallow_b55_s22602,shallow,0.55,22602,conv.3,40,conv.3:out:40
shallow_b55_s22602,shallow,0.55,22602,conv.3,78,conv.3:out:78
shallow_b55_s22602,shallow,0.55,22602,conv.0,12,conv.0:out:12
shallow_b55_s22602,shallow,0.55,22602,conv.0,6,conv.0:out:6
shallow_b55_s22602,shallow,0.55,22602,conv.0,46,conv.0:out:46
shallow_b55_s22602,shallow,0.55,22602,conv.3,102,conv.3:out:102
shallow_b55_s22602,shallow,0.55,22602,conv.3,95,conv.3:out:95
shallow_b55_s22602,shallow,0.55,22602,conv.3,30,conv.3:out:30
shallow_b55_s22602,shallow,0.55,22602,conv.3,121,conv.3:out:121
shallow_b55_s22602,shallow,0.55,22602,conv.3,72,conv.3:out:72
shallow_b55_s22602,shallow,0.55,22602,conv.3,18,conv.3:out:18
shallow_b55_s22602,shallow,0.55,22602,conv.0,1,conv.0:out:1
shallow_b55_s22602,shallow,0.55,22602,conv.3,38,conv.3:out:38
shallow_b55_s22602,shallow,0.55,22602,conv.0,33,conv.0:out:33
shallow_b55_s22602,shallow,0.55,22602,conv.0,37,conv.0:out:37
shallow_b55_s22602,shallow,0.55,22602,conv.3,33,conv.3:out:33
shallow_b55_s22602,shallow,0.55,22602,conv.3,115,conv.3:out:115
shallow_b55_s22602,shallow,0.55,22602,conv.3,32,conv.3:out:32
shallow_b55_s22602,shallow,0.55,22602,conv.3,66,conv.3:out:66
shallow_b55_s22602,shallow,0.55,22602,conv.3,71,conv.3:out:71
shallow_b55_s22602,shallow,0.55,22602,conv.0,9,conv.0:out:9
shallow_b55_s22602,shallow,0.55,22602,conv.3,7,conv.3:out:7
shallow_b55_s22602,shallow,0.55,22602,conv.3,31,conv.3:out:31
shallow_b55_s22602,shallow,0.55,22602,conv.0,25,conv.0:out:25
shallow_b55_s22602,shallow,0.55,22602,conv.3,110,conv.3:out:110
shallow_b55_s22602,shallow,0.55,22602,conv.0,51,conv.0:out:51
shallow_b55_s22602,shallow,0.55,22602,conv.3,94,conv.3:out:94
shallow_b55_s22602,shallow,0.55,22602,conv.0,14,conv.0:out:14
shallow_b55_s22602,shallow,0.55,22602,conv.0,2,conv.0:out:2
shallow_b55_s22602,shallow,0.55,22602,conv.3,53,conv.3:out:53
shallow_b55_s22602,shallow,0.55,22602,conv.3,107,conv.3:out:107
shallow_b55_s22602,shallow,0.55,22602,conv.0,11,conv.0:out:11
shallow_b55_s22602,shallow,0.55,22602,conv.3,69,conv.3:out:69
shallow_b55_s22602,shallow,0.55,22602,conv.3,6,conv.3:out:6
shallow_b55_s22602,shallow,0.55,22602,conv.3,108,conv.3:out:108
shallow_b55_s22602,shallow,0.55,22602,conv.3,89,conv.3:out:89
shallow_b55_s22602,shallow,0.55,22602,conv.3,36,conv.3:out:36
shallow_b55_s22602,shallow,0.55,22602,conv.3,48,conv.3:out:48
shallow_b55_s22602,shallow,0.55,22602,conv.3,46,conv.3:out:46
shallow_b55_s22602,shallow,0.55,22602,conv.3,59,conv.3:out:59
shallow_b55_s22602,shallow,0.55,22602,conv.3,76,conv.3:out:76
shallow_b55_s22602,shallow,0.55,22602,conv.3,62,conv.3:out:62
shallow_b55_s22602,shallow,0.55,22602,conv.3,63,conv.3:out:63
shallow_b55_s22602,shallow,0.55,22602,conv.3,126,conv.3:out:126
shallow_b55_s22602,shallow,0.55,22602,conv.3,50,conv.3:out:50
shallow_b55_s22602,shallow,0.55,22602,conv.3,105,conv.3:out:105
shallow_b55_s22602,shallow,0.55,22602,conv.3,125,conv.3:out:125
shallow_b55_s22602,shallow,0.55,22602,conv.3,101,conv.3:out:101
shallow_b55_s22602,shallow,0.55,22602,conv.0,60,conv.0:out:60
shallow_b55_s22602,shallow,0.55,22602,conv.0,17,conv.0:out:17
shallow_b55_s22602,shallow,0.55,22602,conv.3,96,conv.3:out:96
shallow_b55_s22602,shallow,0.55,22602,conv.3,41,conv.3:out:41
shallow_b55_s22602,shallow,0.55,22602,conv.3,20,conv.3:out:20
shallow_b55_s22602,shallow,0.55,22602,conv.3,49,conv.3:out:49
shallow_b55_s22602,shallow,0.55,22602,conv.3,84,conv.3:out:84
shallow_b55_s22602,shallow,0.55,22602,conv.3,92,conv.3:out:92
shallow_b55_s22602,shallow,0.55,22602,conv.0,29,conv.0:out:29
shallow_b55_s22602,shallow,0.55,22602,conv.0,63,conv.0:out:63
shallow_b55_s22602,shallow,0.55,22602,conv.0,39,conv.0:out:39
shallow_b55_s22602,shallow,0.55,22602,conv.3,98,conv.3:out:98
shallow_b55_s22602,shallow,0.55,22602,conv.3,87,conv.3:out:87
shallow_b55_s22602,shallow,0.55,22602,conv.3,4,conv.3:out:4
shallow_b55_s22602,shallow,0.55,22602,conv.3,43,conv.3:out:43
shallow_b55_s22602,shallow,0.55,22602,conv.3,17,conv.3:out:17
shallow_b55_s22602,shallow,0.55,22602,conv.3,67,conv.3:out:67
shallow_b55_s22602,shallow,0.55,22602,conv.3,23,conv.3:out:23
shallow_b55_s22602,shallow,0.55,22602,conv.3,112,conv.3:out:112
shallow_b55_s22603,shallow,0.55,22603,conv.0,34,conv.0:out:34
shallow_b55_s22603,shallow,0.55,22603,conv.3,45,conv.3:out:45
shallow_b55_s22603,shallow,0.55,22603,conv.3,14,conv.3:out:14
shallow_b55_s22603,shallow,0.55,22603,conv.3,67,conv.3:out:67
shallow_b55_s22603,shallow,0.55,22603,conv.3,95,conv.3:out:95
shallow_b55_s22603,shallow,0.55,22603,conv.3,48,conv.3:out:48
shallow_b55_s22603,shallow,0.55,22603,conv.3,68,conv.3:out:68
shallow_b55_s22603,shallow,0.55,22603,conv.3,19,conv.3:out:19
shallow_b55_s22603,shallow,0.55,22603,conv.0,21,conv.0:out:21
shallow_b55_s22603,shallow,0.55,22603,conv.3,24,conv.3:out:24
shallow_b55_s22603,shallow,0.55,22603,conv.3,50,conv.3:out:50
shallow_b55_s22603,shallow,0.55,22603,conv.3,97,conv.3:out:97
shallow_b55_s22603,shallow,0.55,22603,conv.3,40,conv.3:out:40
shallow_b55_s22603,shallow,0.55,22603,conv.0,53,conv.0:out:53
shallow_b55_s22603,shallow,0.55,22603,conv.3,94,conv.3:out:94
shallow_b55_s22603,shallow,0.55,22603,conv.0,40,conv.0:out:40
shallow_b55_s22603,shallow,0.55,22603,conv.3,59,conv.3:out:59
shallow_b55_s22603,shallow,0.55,22603,conv.0,60,conv.0:out:60
shallow_b55_s22603,shallow,0.55,22603,conv.3,56,conv.3:out:56
shallow_b55_s22603,shallow,0.55,22603,conv.0,17,conv.0:out:17
shallow_b55_s22603,shallow,0.55,22603,conv.0,46,conv.0:out:46
shallow_b55_s22603,shallow,0.55,22603,conv.3,25,conv.3:out:25
shallow_b55_s22603,shallow,0.55,22603,conv.3,76,conv.3:out:76
shallow_b55_s22603,shallow,0.55,22603,conv.3,10,conv.3:out:10
shallow_b55_s22603,shallow,0.55,22603,conv.3,13,conv.3:out:13
shallow_b55_s22603,shallow,0.55,22603,conv.3,123,conv.3:out:123
shallow_b55_s22603,shallow,0.55,22603,conv.3,42,conv.3:out:42
shallow_b55_s22603,shallow,0.55,22603,conv.0,16,conv.0:out:16
shallow_b55_s22603,shallow,0.55,22603,conv.0,58,conv.0:out:58
shallow_b55_s22603,shallow,0.55,22603,conv.3,93,conv.3:out:93
shallow_b55_s22603,shallow,0.55,22603,conv.3,63,conv.3:out:63
shallow_b55_s22603,shallow,0.55,22603,conv.3,17,conv.3:out:17
shallow_b55_s22603,shallow,0.55,22603,conv.3,8,conv.3:out:8
shallow_b55_s22603,shallow,0.55,22603,conv.3,98,conv.3:out:98
shallow_b55_s22603,shallow,0.55,22603,conv.3,32,conv.3:out:32
shallow_b55_s22603,shallow,0.55,22603,conv.3,80,conv.3:out:80
shallow_b55_s22603,shallow,0.55,22603,conv.3,119,conv.3:out:119
shallow_b55_s22603,shallow,0.55,22603,conv.3,22,conv.3:out:22
shallow_b55_s22603,shallow,0.55,22603,conv.3,65,conv.3:out:65
shallow_b55_s22603,shallow,0.55,22603,conv.0,8,conv.0:out:8
shallow_b55_s22603,shallow,0.55,22603,conv.0,52,conv.0:out:52
shallow_b55_s22603,shallow,0.55,22603,conv.0,54,conv.0:out:54
shallow_b55_s22603,shallow,0.55,22603,conv.0,48,conv.0:out:48
shallow_b55_s22603,shallow,0.55,22603,conv.0,0,conv.0:out:0
shallow_b55_s22603,shallow,0.55,22603,conv.3,37,conv.3:out:37
shallow_b55_s22603,shallow,0.55,22603,conv.3,49,conv.3:out:49
shallow_b55_s22603,shallow,0.55,22603,conv.3,72,conv.3:out:72
shallow_b55_s22603,shallow,0.55,22603,conv.3,91,conv.3:out:91
shallow_b55_s22603,shallow,0.55,22603,conv.3,85,conv.3:out:85
shallow_b55_s22603,shallow,0.55,22603,conv.0,3,conv.0:out:3
shallow_b55_s22603,shallow,0.55,22603,conv.0,51,conv.0:out:51
shallow_b55_s22603,shallow,0.55,22603,conv.3,79,conv.3:out:79
shallow_b55_s22603,shallow,0.55,22603,conv.3,1,conv.3:out:1
shallow_b55_s22603,shallow,0.55,22603,conv.3,124,conv.3:out:124
shallow_b55_s22603,shallow,0.55,22603,conv.3,51,conv.3:out:51
shallow_b55_s22603,shallow,0.55,22603,conv.3,108,conv.3:out:108
shallow_b55_s22603,shallow,0.55,22603,conv.3,12,conv.3:out:12
shallow_b55_s22603,shallow,0.55,22603,conv.0,1,conv.0:out:1
shallow_b55_s22603,shallow,0.55,22603,conv.0,59,conv.0:out:59
shallow_b55_s22603,shallow,0.55,22603,conv.3,0,conv.3:out:0
shallow_b55_s22603,shallow,0.55,22603,conv.3,57,conv.3:out:57
shallow_b55_s22603,shallow,0.55,22603,conv.0,63,conv.0:out:63
shallow_b55_s22603,shallow,0.55,22603,conv.3,3,conv.3:out:3
shallow_b55_s22603,shallow,0.55,22603,conv.3,28,conv.3:out:28
shallow_b55_s22603,shallow,0.55,22603,conv.3,18,conv.3:out:18
shallow_b55_s22603,shallow,0.55,22603,conv.3,105,conv.3:out:105
shallow_b55_s22604,shallow,0.55,22604,conv.3,102,conv.3:out:102
shallow_b55_s22604,shallow,0.55,22604,conv.0,0,conv.0:out:0
shallow_b55_s22604,shallow,0.55,22604,conv.3,117,conv.3:out:117
shallow_b55_s22604,shallow,0.55,22604,conv.3,99,conv.3:out:99
shallow_b55_s22604,shallow,0.55,22604,conv.3,81,conv.3:out:81
shallow_b55_s22604,shallow,0.55,22604,conv.3,100,conv.3:out:100
shallow_b55_s22604,shallow,0.55,22604,conv.0,53,conv.0:out:53
shallow_b55_s22604,shallow,0.55,22604,conv.0,9,conv.0:out:9
shallow_b55_s22604,shallow,0.55,22604,conv.3,74,conv.3:out:74
shallow_b55_s22604,shallow,0.55,22604,conv.3,4,conv.3:out:4
shallow_b55_s22604,shallow,0.55,22604,conv.0,43,conv.0:out:43
shallow_b55_s22604,shallow,0.55,22604,conv.3,13,conv.3:out:13
shallow_b55_s22604,shallow,0.55,22604,conv.0,49,conv.0:out:49
shallow_b55_s22604,shallow,0.55,22604,conv.0,21,conv.0:out:21
shallow_b55_s22604,shallow,0.55,22604,conv.3,18,conv.3:out:18
shallow_b55_s22604,shallow,0.55,22604,conv.3,10,conv.3:out:10
shallow_b55_s22604,shallow,0.55,22604,conv.3,51,conv.3:out:51
shallow_b55_s22604,shallow,0.55,22604,conv.0,44,conv.0:out:44
shallow_b55_s22604,shallow,0.55,22604,conv.3,78,conv.3:out:78
shallow_b55_s22604,shallow,0.55,22604,conv.3,38,conv.3:out:38
shallow_b55_s22604,shallow,0.55,22604,conv.0,7,conv.0:out:7
shallow_b55_s22604,shallow,0.55,22604,conv.0,22,conv.0:out:22
shallow_b55_s22604,shallow,0.55,22604,conv.3,84,conv.3:out:84
shallow_b55_s22604,shallow,0.55,22604,conv.3,122,conv.3:out:122
shallow_b55_s22604,shallow,0.55,22604,conv.3,39,conv.3:out:39
shallow_b55_s22604,shallow,0.55,22604,conv.3,72,conv.3:out:72
shallow_b55_s22604,shallow,0.55,22604,conv.3,35,conv.3:out:35
shallow_b55_s22604,shallow,0.55,22604,conv.3,37,conv.3:out:37
shallow_b55_s22604,shallow,0.55,22604,conv.0,29,conv.0:out:29
shallow_b55_s22604,shallow,0.55,22604,conv.3,41,conv.3:out:41
shallow_b55_s22604,shallow,0.55,22604,conv.0,10,conv.0:out:10
shallow_b55_s22604,shallow,0.55,22604,conv.0,62,conv.0:out:62
shallow_b55_s22604,shallow,0.55,22604,conv.3,94,conv.3:out:94
shallow_b55_s22604,shallow,0.55,22604,conv.3,61,conv.3:out:61
shallow_b55_s22604,shallow,0.55,22604,conv.3,101,conv.3:out:101
shallow_b55_s22604,shallow,0.55,22604,conv.3,115,conv.3:out:115
shallow_b55_s22604,shallow,0.55,22604,conv.0,61,conv.0:out:61
shallow_b55_s22604,shallow,0.55,22604,conv.3,80,conv.3:out:80
shallow_b55_s22604,shallow,0.55,22604,conv.3,119,conv.3:out:119
shallow_b55_s22604,shallow,0.55,22604,conv.0,18,conv.0:out:18
shallow_b55_s22604,shallow,0.55,22604,conv.3,54,conv.3:out:54
shallow_b55_s22604,shallow,0.55,22604,conv.3,50,conv.3:out:50
shallow_b55_s22604,shallow,0.55,22604,conv.3,17,conv.3:out:17
shallow_b55_s22604,shallow,0.55,22604,conv.3,87,conv.3:out:87
shallow_b55_s22604,shallow,0.55,22604,conv.3,104,conv.3:out:104
shallow_b55_s22604,shallow,0.55,22604,conv.3,111,conv.3:out:111
shallow_b55_s22604,shallow,0.55,22604,conv.0,60,conv.0:out:60
shallow_b55_s22604,shallow,0.55,22604,conv.3,22,conv.3:out:22
shallow_b55_s22604,shallow,0.55,22604,conv.0,1,conv.0:out:1
shallow_b55_s22604,shallow,0.55,22604,conv.3,60,conv.3:out:60
shallow_b55_s22604,shallow,0.55,22604,conv.3,55,conv.3:out:55
shallow_b55_s22604,shallow,0.55,22604,conv.0,51,conv.0:out:51
shallow_b55_s22604,shallow,0.55,22604,conv.3,14,conv.3:out:14
shallow_b55_s22604,shallow,0.55,22604,conv.0,38,conv.0:out:38
shallow_b55_s22604,shallow,0.55,22604,conv.3,105,conv.3:out:105
shallow_b55_s22604,shallow,0.55,22604,conv.0,11,conv.0:out:11
shallow_b55_s22604,shallow,0.55,22604,conv.3,110,conv.3:out:110
shallow_b55_s22604,shallow,0.55,22604,conv.3,32,conv.3:out:32
shallow_b55_s22604,shallow,0.55,22604,conv.0,50,conv.0:out:50
shallow_b55_s22604,shallow,0.55,22604,conv.3,63,conv.3:out:63
shallow_b55_s22604,shallow,0.55,22604,conv.3,49,conv.3:out:49
shallow_b55_s22604,shallow,0.55,22604,conv.0,63,conv.0:out:63
shallow_b55_s22604,shallow,0.55,22604,conv.0,58,conv.0:out:58
shallow_b55_s22605,shallow,0.55,22605,conv.0,14,conv.0:out:14
shallow_b55_s22605,shallow,0.55,22605,conv.3,53,conv.3:out:53
shallow_b55_s22605,shallow,0.55,22605,conv.3,121,conv.3:out:121
shallow_b55_s22605,shallow,0.55,22605,conv.3,107,conv.3:out:107
shallow_b55_s22605,shallow,0.55,22605,conv.3,0,conv.3:out:0
shallow_b55_s22605,shallow,0.55,22605,conv.3,64,conv.3:out:64
shallow_b55_s22605,shallow,0.55,22605,conv.3,93,conv.3:out:93
shallow_b55_s22605,shallow,0.55,22605,conv.3,26,conv.3:out:26
shallow_b55_s22605,shallow,0.55,22605,conv.0,36,conv.0:out:36
shallow_b55_s22605,shallow,0.55,22605,conv.3,17,conv.3:out:17
shallow_b55_s22605,shallow,0.55,22605,conv.0,17,conv.0:out:17
shallow_b55_s22605,shallow,0.55,22605,conv.3,54,conv.3:out:54
shallow_b55_s22605,shallow,0.55,22605,conv.3,122,conv.3:out:122
shallow_b55_s22605,shallow,0.55,22605,conv.3,22,conv.3:out:22
shallow_b55_s22605,shallow,0.55,22605,conv.3,70,conv.3:out:70
shallow_b55_s22605,shallow,0.55,22605,conv.3,83,conv.3:out:83
shallow_b55_s22605,shallow,0.55,22605,conv.0,27,conv.0:out:27
shallow_b55_s22605,shallow,0.55,22605,conv.3,110,conv.3:out:110
shallow_b55_s22605,shallow,0.55,22605,conv.0,49,conv.0:out:49
shallow_b55_s22605,shallow,0.55,22605,conv.0,19,conv.0:out:19
shallow_b55_s22605,shallow,0.55,22605,conv.0,57,conv.0:out:57
shallow_b55_s22605,shallow,0.55,22605,conv.0,46,conv.0:out:46
shallow_b55_s22605,shallow,0.55,22605,conv.3,49,conv.3:out:49
shallow_b55_s22605,shallow,0.55,22605,conv.3,114,conv.3:out:114
shallow_b55_s22605,shallow,0.55,22605,conv.3,111,conv.3:out:111
shallow_b55_s22605,shallow,0.55,22605,conv.0,2,conv.0:out:2
shallow_b55_s22605,shallow,0.55,22605,conv.0,43,conv.0:out:43
shallow_b55_s22605,shallow,0.55,22605,conv.0,15,conv.0:out:15
shallow_b55_s22605,shallow,0.55,22605,conv.0,50,conv.0:out:50
shallow_b55_s22605,shallow,0.55,22605,conv.0,40,conv.0:out:40
shallow_b55_s22605,shallow,0.55,22605,conv.3,82,conv.3:out:82
shallow_b55_s22605,shallow,0.55,22605,conv.3,92,conv.3:out:92
shallow_b55_s22605,shallow,0.55,22605,conv.3,69,conv.3:out:69
shallow_b55_s22605,shallow,0.55,22605,conv.0,48,conv.0:out:48
shallow_b55_s22605,shallow,0.55,22605,conv.3,31,conv.3:out:31
shallow_b55_s22605,shallow,0.55,22605,conv.3,115,conv.3:out:115
shallow_b55_s22605,shallow,0.55,22605,conv.3,116,conv.3:out:116
shallow_b55_s22605,shallow,0.55,22605,conv.3,90,conv.3:out:90
shallow_b55_s22605,shallow,0.55,22605,conv.3,36,conv.3:out:36
shallow_b55_s22605,shallow,0.55,22605,conv.3,124,conv.3:out:124
shallow_b55_s22605,shallow,0.55,22605,conv.0,4,conv.0:out:4
shallow_b55_s22605,shallow,0.55,22605,conv.3,14,conv.3:out:14
shallow_b55_s22605,shallow,0.55,22605,conv.3,42,conv.3:out:42
shallow_b55_s22605,shallow,0.55,22605,conv.3,119,conv.3:out:119
shallow_b55_s22605,shallow,0.55,22605,conv.0,55,conv.0:out:55
shallow_b55_s22605,shallow,0.55,22605,conv.3,118,conv.3:out:118
shallow_b55_s22605,shallow,0.55,22605,conv.3,87,conv.3:out:87
shallow_b55_s22605,shallow,0.55,22605,conv.0,6,conv.0:out:6
shallow_b55_s22605,shallow,0.55,22605,conv.3,66,conv.3:out:66
shallow_b55_s22605,shallow,0.55,22605,conv.0,60,conv.0:out:60
shallow_b55_s22605,shallow,0.55,22605,conv.3,19,conv.3:out:19
shallow_b55_s22605,shallow,0.55,22605,conv.0,34,conv.0:out:34
shallow_b55_s22605,shallow,0.55,22605,conv.0,29,conv.0:out:29
shallow_b55_s22605,shallow,0.55,22605,conv.3,1,conv.3:out:1
shallow_b55_s22605,shallow,0.55,22605,conv.3,79,conv.3:out:79
shallow_b55_s22605,shallow,0.55,22605,conv.0,35,conv.0:out:35
shallow_b55_s22605,shallow,0.55,22605,conv.0,25,conv.0:out:25
shallow_b55_s22605,shallow,0.55,22605,conv.3,55,conv.3:out:55
shallow_b55_s22605,shallow,0.55,22605,conv.3,30,conv.3:out:30
shallow_b55_s22605,shallow,0.55,22605,conv.3,74,conv.3:out:74
shallow_b55_s22605,shallow,0.55,22605,conv.3,7,conv.3:out:7
shallow_b55_s22605,shallow,0.55,22605,conv.3,72,conv.3:out:72
shallow_b55_s22605,shallow,0.55,22605,conv.3,105,conv.3:out:105
shallow_b55_s22606,shallow,0.55,22606,conv.0,39,conv.0:out:39
shallow_b55_s22606,shallow,0.55,22606,conv.3,99,conv.3:out:99
shallow_b55_s22606,shallow,0.55,22606,conv.3,77,conv.3:out:77
shallow_b55_s22606,shallow,0.55,22606,conv.3,25,conv.3:out:25
shallow_b55_s22606,shallow,0.55,22606,conv.3,73,conv.3:out:73
shallow_b55_s22606,shallow,0.55,22606,conv.0,5,conv.0:out:5
shallow_b55_s22606,shallow,0.55,22606,conv.3,104,conv.3:out:104
shallow_b55_s22606,shallow,0.55,22606,conv.3,29,conv.3:out:29
shallow_b55_s22606,shallow,0.55,22606,conv.3,62,conv.3:out:62
shallow_b55_s22606,shallow,0.55,22606,conv.0,2,conv.0:out:2
shallow_b55_s22606,shallow,0.55,22606,conv.3,71,conv.3:out:71
shallow_b55_s22606,shallow,0.55,22606,conv.3,125,conv.3:out:125
shallow_b55_s22606,shallow,0.55,22606,conv.3,122,conv.3:out:122
shallow_b55_s22606,shallow,0.55,22606,conv.3,15,conv.3:out:15
shallow_b55_s22606,shallow,0.55,22606,conv.0,57,conv.0:out:57
shallow_b55_s22606,shallow,0.55,22606,conv.3,115,conv.3:out:115
shallow_b55_s22606,shallow,0.55,22606,conv.3,111,conv.3:out:111
shallow_b55_s22606,shallow,0.55,22606,conv.3,84,conv.3:out:84
shallow_b55_s22606,shallow,0.55,22606,conv.0,26,conv.0:out:26
shallow_b55_s22606,shallow,0.55,22606,conv.0,3,conv.0:out:3
shallow_b55_s22606,shallow,0.55,22606,conv.0,4,conv.0:out:4
shallow_b55_s22606,shallow,0.55,22606,conv.0,13,conv.0:out:13
shallow_b55_s22606,shallow,0.55,22606,conv.3,87,conv.3:out:87
shallow_b55_s22606,shallow,0.55,22606,conv.3,58,conv.3:out:58
shallow_b55_s22606,shallow,0.55,22606,conv.3,59,conv.3:out:59
shallow_b55_s22606,shallow,0.55,22606,conv.3,108,conv.3:out:108
shallow_b55_s22606,shallow,0.55,22606,conv.3,39,conv.3:out:39
shallow_b55_s22606,shallow,0.55,22606,conv.3,5,conv.3:out:5
shallow_b55_s22606,shallow,0.55,22606,conv.3,37,conv.3:out:37
shallow_b55_s22606,shallow,0.55,22606,conv.3,43,conv.3:out:43
shallow_b55_s22606,shallow,0.55,22606,conv.3,13,conv.3:out:13
shallow_b55_s22606,shallow,0.55,22606,conv.0,16,conv.0:out:16
shallow_b55_s22606,shallow,0.55,22606,conv.3,88,conv.3:out:88
shallow_b55_s22606,shallow,0.55,22606,conv.3,68,conv.3:out:68
shallow_b55_s22606,shallow,0.55,22606,conv.3,90,conv.3:out:90
shallow_b55_s22606,shallow,0.55,22606,conv.0,8,conv.0:out:8
shallow_b55_s22606,shallow,0.55,22606,conv.0,45,conv.0:out:45
shallow_b55_s22606,shallow,0.55,22606,conv.3,123,conv.3:out:123
shallow_b55_s22606,shallow,0.55,22606,conv.3,113,conv.3:out:113
shallow_b55_s22606,shallow,0.55,22606,conv.3,36,conv.3:out:36
shallow_b55_s22606,shallow,0.55,22606,conv.3,124,conv.3:out:124
shallow_b55_s22606,shallow,0.55,22606,conv.0,60,conv.0:out:60
shallow_b55_s22606,shallow,0.55,22606,conv.0,28,conv.0:out:28
shallow_b55_s22606,shallow,0.55,22606,conv.3,27,conv.3:out:27
shallow_b55_s22606,shallow,0.55,22606,conv.0,41,conv.0:out:41
shallow_b55_s22606,shallow,0.55,22606,conv.0,22,conv.0:out:22
shallow_b55_s22606,shallow,0.55,22606,conv.3,112,conv.3:out:112
shallow_b55_s22606,shallow,0.55,22606,conv.3,98,conv.3:out:98
shallow_b55_s22606,shallow,0.55,22606,conv.3,2,conv.3:out:2
shallow_b55_s22606,shallow,0.55,22606,conv.3,38,conv.3:out:38
shallow_b55_s22606,shallow,0.55,22606,conv.3,72,conv.3:out:72
shallow_b55_s22606,shallow,0.55,22606,conv.3,74,conv.3:out:74
shallow_b55_s22606,shallow,0.55,22606,conv.0,53,conv.0:out:53
shallow_b55_s22606,shallow,0.55,22606,conv.3,6,conv.3:out:6
shallow_b55_s22606,shallow,0.55,22606,conv.3,114,conv.3:out:114
shallow_b55_s22606,shallow,0.55,22606,conv.3,42,conv.3:out:42
shallow_b55_s22606,shallow,0.55,22606,conv.0,58,conv.0:out:58
shallow_b55_s22606,shallow,0.55,22606,conv.0,18,conv.0:out:18
shallow_b55_s22606,shallow,0.55,22606,conv.0,42,conv.0:out:42
shallow_b55_s22606,shallow,0.55,22606,conv.3,19,conv.3:out:19
shallow_b55_s22606,shallow,0.55,22606,conv.3,16,conv.3:out:16
shallow_b55_s22606,shallow,0.55,22606,conv.0,47,conv.0:out:47
shallow_b55_s22606,shallow,0.55,22606,conv.0,24,conv.0:out:24
shallow_b55_s22607,shallow,0.55,22607,conv.3,22,conv.3:out:22
shallow_b55_s22607,shallow,0.55,22607,conv.3,81,conv.3:out:81
shallow_b55_s22607,shallow,0.55,22607,conv.3,92,conv.3:out:92
shallow_b55_s22607,shallow,0.55,22607,conv.3,104,conv.3:out:104
shallow_b55_s22607,shallow,0.55,22607,conv.0,9,conv.0:out:9
shallow_b55_s22607,shallow,0.55,22607,conv.0,6,conv.0:out:6
shallow_b55_s22607,shallow,0.55,22607,conv.0,56,conv.0:out:56
shallow_b55_s22607,shallow,0.55,22607,conv.3,47,conv.3:out:47
shallow_b55_s22607,shallow,0.55,22607,conv.0,42,conv.0:out:42
shallow_b55_s22607,shallow,0.55,22607,conv.0,59,conv.0:out:59
shallow_b55_s22607,shallow,0.55,22607,conv.3,105,conv.3:out:105
shallow_b55_s22607,shallow,0.55,22607,conv.3,123,conv.3:out:123
shallow_b55_s22607,shallow,0.55,22607,conv.0,63,conv.0:out:63
shallow_b55_s22607,shallow,0.55,22607,conv.3,64,conv.3:out:64
shallow_b55_s22607,shallow,0.55,22607,conv.0,5,conv.0:out:5
shallow_b55_s22607,shallow,0.55,22607,conv.3,28,conv.3:out:28
shallow_b55_s22607,shallow,0.55,22607,conv.3,19,conv.3:out:19
shallow_b55_s22607,shallow,0.55,22607,conv.3,74,conv.3:out:74
shallow_b55_s22607,shallow,0.55,22607,conv.3,96,conv.3:out:96
shallow_b55_s22607,shallow,0.55,22607,conv.3,57,conv.3:out:57
shallow_b55_s22607,shallow,0.55,22607,conv.0,47,conv.0:out:47
shallow_b55_s22607,shallow,0.55,22607,conv.3,46,conv.3:out:46
shallow_b55_s22607,shallow,0.55,22607,conv.0,12,conv.0:out:12
shallow_b55_s22607,shallow,0.55,22607,conv.3,108,conv.3:out:108
shallow_b55_s22607,shallow,0.55,22607,conv.0,62,conv.0:out:62
shallow_b55_s22607,shallow,0.55,22607,conv.3,120,conv.3:out:120
shallow_b55_s22607,shallow,0.55,22607,conv.0,23,conv.0:out:23
shallow_b55_s22607,shallow,0.55,22607,conv.3,15,conv.3:out:15
shallow_b55_s22607,shallow,0.55,22607,conv.3,59,conv.3:out:59
shallow_b55_s22607,shallow,0.55,22607,conv.3,0,conv.3:out:0
shallow_b55_s22607,shallow,0.55,22607,conv.0,24,conv.0:out:24
shallow_b55_s22607,shallow,0.55,22607,conv.3,27,conv.3:out:27
shallow_b55_s22607,shallow,0.55,22607,conv.0,15,conv.0:out:15
shallow_b55_s22607,shallow,0.55,22607,conv.0,57,conv.0:out:57
shallow_b55_s22607,shallow,0.55,22607,conv.3,87,conv.3:out:87
shallow_b55_s22607,shallow,0.55,22607,conv.3,111,conv.3:out:111
shallow_b55_s22607,shallow,0.55,22607,conv.3,107,conv.3:out:107
shallow_b55_s22607,shallow,0.55,22607,conv.3,30,conv.3:out:30
shallow_b55_s22607,shallow,0.55,22607,conv.3,72,conv.3:out:72
shallow_b55_s22607,shallow,0.55,22607,conv.3,50,conv.3:out:50
shallow_b55_s22607,shallow,0.55,22607,conv.3,40,conv.3:out:40
shallow_b55_s22607,shallow,0.55,22607,conv.3,85,conv.3:out:85
shallow_b55_s22607,shallow,0.55,22607,conv.3,3,conv.3:out:3
shallow_b55_s22607,shallow,0.55,22607,conv.3,41,conv.3:out:41
shallow_b55_s22607,shallow,0.55,22607,conv.0,22,conv.0:out:22
shallow_b55_s22607,shallow,0.55,22607,conv.3,42,conv.3:out:42
shallow_b55_s22607,shallow,0.55,22607,conv.3,127,conv.3:out:127
shallow_b55_s22607,shallow,0.55,22607,conv.3,89,conv.3:out:89
shallow_b55_s22607,shallow,0.55,22607,conv.0,40,conv.0:out:40
shallow_b55_s22607,shallow,0.55,22607,conv.0,25,conv.0:out:25
shallow_b55_s22607,shallow,0.55,22607,conv.3,26,conv.3:out:26
shallow_b55_s22607,shallow,0.55,22607,conv.0,32,conv.0:out:32
shallow_b55_s22607,shallow,0.55,22607,conv.3,23,conv.3:out:23
shallow_b55_s22607,shallow,0.55,22607,conv.3,88,conv.3:out:88
shallow_b55_s22607,shallow,0.55,22607,conv.0,14,conv.0:out:14
shallow_b55_s22607,shallow,0.55,22607,conv.3,65,conv.3:out:65
shallow_b55_s22607,shallow,0.55,22607,conv.3,112,conv.3:out:112
shallow_b55_s22607,shallow,0.55,22607,conv.3,18,conv.3:out:18
shallow_b55_s22607,shallow,0.55,22607,conv.0,11,conv.0:out:11
shallow_b55_s22607,shallow,0.55,22607,conv.0,54,conv.0:out:54
shallow_b55_s22607,shallow,0.55,22607,conv.3,34,conv.3:out:34
shallow_b55_s22607,shallow,0.55,22607,conv.3,77,conv.3:out:77
shallow_b55_s22607,shallow,0.55,22607,conv.3,39,conv.3:out:39
shallow_b55_s22607,shallow,0.55,22607,conv.3,54,conv.3:out:54
shallow_b55_s22608,shallow,0.55,22608,conv.0,40,conv.0:out:40
shallow_b55_s22608,shallow,0.55,22608,conv.3,46,conv.3:out:46
shallow_b55_s22608,shallow,0.55,22608,conv.0,23,conv.0:out:23
shallow_b55_s22608,shallow,0.55,22608,conv.3,75,conv.3:out:75
shallow_b55_s22608,shallow,0.55,22608,conv.0,14,conv.0:out:14
shallow_b55_s22608,shallow,0.55,22608,conv.0,0,conv.0:out:0
shallow_b55_s22608,shallow,0.55,22608,conv.3,93,conv.3:out:93
shallow_b55_s22608,shallow,0.55,22608,conv.3,111,conv.3:out:111
shallow_b55_s22608,shallow,0.55,22608,conv.3,106,conv.3:out:106
shallow_b55_s22608,shallow,0.55,22608,conv.3,15,conv.3:out:15
shallow_b55_s22608,shallow,0.55,22608,conv.0,5,conv.0:out:5
shallow_b55_s22608,shallow,0.55,22608,conv.3,23,conv.3:out:23
shallow_b55_s22608,shallow,0.55,22608,conv.3,105,conv.3:out:105
shallow_b55_s22608,shallow,0.55,22608,conv.3,42,conv.3:out:42
shallow_b55_s22608,shallow,0.55,22608,conv.3,114,conv.3:out:114
shallow_b55_s22608,shallow,0.55,22608,conv.3,24,conv.3:out:24
shallow_b55_s22608,shallow,0.55,22608,conv.3,96,conv.3:out:96
shallow_b55_s22608,shallow,0.55,22608,conv.0,27,conv.0:out:27
shallow_b55_s22608,shallow,0.55,22608,conv.3,13,conv.3:out:13
shallow_b55_s22608,shallow,0.55,22608,conv.3,32,conv.3:out:32
shallow_b55_s22608,shallow,0.55,22608,conv.3,54,conv.3:out:54
shallow_b55_s22608,shallow,0.55,22608,conv.0,33,conv.0:out:33
shallow_b55_s22608,shallow,0.55,22608,conv.3,64,conv.3:out:64
shallow_b55_s22608,shallow,0.55,22608,conv.3,59,conv.3:out:59
shallow_b55_s22608,shallow,0.55,22608,conv.0,41,conv.0:out:41
shallow_b55_s22608,shallow,0.55,22608,conv.3,0,conv.3:out:0
shallow_b55_s22608,shallow,0.55,22608,conv.3,39,conv.3:out:39
shallow_b55_s22608,shallow,0.55,22608,conv.3,88,conv.3:out:88
shallow_b55_s22608,shallow,0.55,22608,conv.0,13,conv.0:out:13
shallow_b55_s22608,shallow,0.55,22608,conv.3,116,conv.3:out:116
shallow_b55_s22608,shallow,0.55,22608,conv.0,24,conv.0:out:24
shallow_b55_s22608,shallow,0.55,22608,conv.3,11,conv.3:out:11
shallow_b55_s22608,shallow,0.55,22608,conv.0,56,conv.0:out:56
shallow_b55_s22608,shallow,0.55,22608,conv.3,110,conv.3:out:110
shallow_b55_s22608,shallow,0.55,22608,conv.0,22,conv.0:out:22
shallow_b55_s22608,shallow,0.55,22608,conv.3,66,conv.3:out:66
shallow_b55_s22608,shallow,0.55,22608,conv.0,38,conv.0:out:38
shallow_b55_s22608,shallow,0.55,22608,conv.0,54,conv.0:out:54
shallow_b55_s22608,shallow,0.55,22608,conv.3,127,conv.3:out:127
shallow_b55_s22608,shallow,0.55,22608,conv.3,60,conv.3:out:60
shallow_b55_s22608,shallow,0.55,22608,conv.0,61,conv.0:out:61
shallow_b55_s22608,shallow,0.55,22608,conv.3,26,conv.3:out:26
shallow_b55_s22608,shallow,0.55,22608,conv.0,35,conv.0:out:35
shallow_b55_s22608,shallow,0.55,22608,conv.0,7,conv.0:out:7
shallow_b55_s22608,shallow,0.55,22608,conv.3,115,conv.3:out:115
shallow_b55_s22608,shallow,0.55,22608,conv.0,62,conv.0:out:62
shallow_b55_s22608,shallow,0.55,22608,conv.0,47,conv.0:out:47
shallow_b55_s22608,shallow,0.55,22608,conv.3,83,conv.3:out:83
shallow_b55_s22608,shallow,0.55,22608,conv.3,10,conv.3:out:10
shallow_b55_s22608,shallow,0.55,22608,conv.3,68,conv.3:out:68
shallow_b55_s22608,shallow,0.55,22608,conv.0,9,conv.0:out:9
shallow_b55_s22608,shallow,0.55,22608,conv.0,59,conv.0:out:59
shallow_b55_s22608,shallow,0.55,22608,conv.0,43,conv.0:out:43
shallow_b55_s22608,shallow,0.55,22608,conv.3,98,conv.3:out:98
shallow_b55_s22608,shallow,0.55,22608,conv.3,18,conv.3:out:18
shallow_b55_s22608,shallow,0.55,22608,conv.0,51,conv.0:out:51
shallow_b55_s22608,shallow,0.55,22608,conv.0,39,conv.0:out:39
shallow_b55_s22608,shallow,0.55,22608,conv.0,49,conv.0:out:49
shallow_b55_s22609,shallow,0.55,22609,conv.0,20,conv.0:out:20
shallow_b55_s22609,shallow,0.55,22609,conv.3,12,conv.3:out:12
shallow_b55_s22609,shallow,0.55,22609,conv.3,67,conv.3:out:67
shallow_b55_s22609,shallow,0.55,22609,conv.3,116,conv.3:out:116
shallow_b55_s22609,shallow,0.55,22609,conv.0,38,conv.0:out:38
shallow_b55_s22609,shallow,0.55,22609,conv.0,17,conv.0:out:17
shallow_b55_s22609,shallow,0.55,22609,conv.3,81,conv.3:out:81
shallow_b55_s22609,shallow,0.55,22609,conv.0,37,conv.0:out:37
shallow_b55_s22609,shallow,0.55,22609,conv.3,13,conv.3:out:13
shallow_b55_s22609,shallow,0.55,22609,conv.3,32,conv.3:out:32
shallow_b55_s22609,shallow,0.55,22609,conv.3,73,conv.3:out:73
shallow_b55_s22609,shallow,0.55,22609,conv.3,52,conv.3:out:52
shallow_b55_s22609,shallow,0.55,22609,conv.0,43,conv.0:out:43
shallow_b55_s22609,shallow,0.55,22609,conv.3,101,conv.3:out:101
shallow_b55_s22609,shallow,0.55,22609,conv.3,114,conv.3:out:114
shallow_b55_s22609,shallow,0.55,22609,conv.0,41,conv.0:out:41
shallow_b55_s22609,shallow,0.55,22609,conv.3,122,conv.3:out:122
shallow_b55_s22609,shallow,0.55,22609,conv.3,65,conv.3:out:65
shallow_b55_s22609,shallow,0.55,22609,conv.0,57,conv.0:out:57
shallow_b55_s22609,shallow,0.55,22609,conv.0,39,conv.0:out:39
shallow_b55_s22609,shallow,0.55,22609,conv.0,16,conv.0:out:16
shallow_b55_s22609,shallow,0.55,22609,conv.0,0,conv.0:out:0
shallow_b55_s22609,shallow,0.55,22609,conv.0,63,conv.0:out:63
shallow_b55_s22609,shallow,0.55,22609,conv.3,17,conv.3:out:17
shallow_b55_s22609,shallow,0.55,22609,conv.3,76,conv.3:out:76
shallow_b55_s22609,shallow,0.55,22609,conv.3,56,conv.3:out:56
shallow_b55_s22609,shallow,0.55,22609,conv.3,86,conv.3:out:86
shallow_b55_s22609,shallow,0.55,22609,conv.0,15,conv.0:out:15
shallow_b55_s22609,shallow,0.55,22609,conv.3,82,conv.3:out:82
shallow_b55_s22609,shallow,0.55,22609,conv.3,64,conv.3:out:64
shallow_b55_s22609,shallow,0.55,22609,conv.3,51,conv.3:out:51
shallow_b55_s22609,shallow,0.55,22609,conv.3,78,conv.3:out:78
shallow_b55_s22609,shallow,0.55,22609,conv.3,111,conv.3:out:111
shallow_b55_s22609,shallow,0.55,22609,conv.3,6,conv.3:out:6
shallow_b55_s22609,shallow,0.55,22609,conv.0,33,conv.0:out:33
shallow_b55_s22609,shallow,0.55,22609,conv.3,59,conv.3:out:59
shallow_b55_s22609,shallow,0.55,22609,conv.3,100,conv.3:out:100
shallow_b55_s22609,shallow,0.55,22609,conv.0,29,conv.0:out:29
shallow_b55_s22609,shallow,0.55,22609,conv.3,37,conv.3:out:37
shallow_b55_s22609,shallow,0.55,22609,conv.0,12,conv.0:out:12
shallow_b55_s22609,shallow,0.55,22609,conv.3,106,conv.3:out:106
shallow_b55_s22609,shallow,0.55,22609,conv.0,27,conv.0:out:27
shallow_b55_s22609,shallow,0.55,22609,conv.3,24,conv.3:out:24
shallow_b55_s22609,shallow,0.55,22609,conv.3,96,conv.3:out:96
shallow_b55_s22609,shallow,0.55,22609,conv.0,59,conv.0:out:59
shallow_b55_s22609,shallow,0.55,22609,conv.3,43,conv.3:out:43
shallow_b55_s22609,shallow,0.55,22609,conv.3,42,conv.3:out:42
shallow_b55_s22609,shallow,0.55,22609,conv.3,66,conv.3:out:66
shallow_b55_s22609,shallow,0.55,22609,conv.3,109,conv.3:out:109
shallow_b55_s22609,shallow,0.55,22609,conv.3,92,conv.3:out:92
shallow_b55_s22609,shallow,0.55,22609,conv.3,47,conv.3:out:47
shallow_b55_s22609,shallow,0.55,22609,conv.0,58,conv.0:out:58
shallow_b55_s22609,shallow,0.55,22609,conv.3,58,conv.3:out:58
shallow_b55_s22609,shallow,0.55,22609,conv.0,5,conv.0:out:5
shallow_b55_s22609,shallow,0.55,22609,conv.3,9,conv.3:out:9
shallow_b55_s22609,shallow,0.55,22609,conv.3,57,conv.3:out:57
shallow_b55_s22609,shallow,0.55,22609,conv.3,22,conv.3:out:22
shallow_b55_s22609,shallow,0.55,22609,conv.0,23,conv.0:out:23
shallow_b55_s22609,shallow,0.55,22609,conv.3,120,conv.3:out:120
shallow_b55_s22609,shallow,0.55,22609,conv.0,52,conv.0:out:52
shallow_b55_s22609,shallow,0.55,22609,conv.0,9,conv.0:out:9
shallow_b55_s22609,shallow,0.55,22609,conv.3,61,conv.3:out:61
shallow_b55_s22609,shallow,0.55,22609,conv.3,63,conv.3:out:63
shallow_b55_s22610,shallow,0.55,22610,conv.3,30,conv.3:out:30
shallow_b55_s22610,shallow,0.55,22610,conv.0,2,conv.0:out:2
shallow_b55_s22610,shallow,0.55,22610,conv.0,60,conv.0:out:60
shallow_b55_s22610,shallow,0.55,22610,conv.3,4,conv.3:out:4
shallow_b55_s22610,shallow,0.55,22610,conv.3,85,conv.3:out:85
shallow_b55_s22610,shallow,0.55,22610,conv.0,3,conv.0:out:3
shallow_b55_s22610,shallow,0.55,22610,conv.0,46,conv.0:out:46
shallow_b55_s22610,shallow,0.55,22610,conv.3,62,conv.3:out:62
shallow_b55_s22610,shallow,0.55,22610,conv.3,114,conv.3:out:114
shallow_b55_s22610,shallow,0.55,22610,conv.3,67,conv.3:out:67
shallow_b55_s22610,shallow,0.55,22610,conv.3,2,conv.3:out:2
shallow_b55_s22610,shallow,0.55,22610,conv.0,45,conv.0:out:45
shallow_b55_s22610,shallow,0.55,22610,conv.0,31,conv.0:out:31
shallow_b55_s22610,shallow,0.55,22610,conv.0,15,conv.0:out:15
shallow_b55_s22610,shallow,0.55,22610,conv.3,0,conv.3:out:0
shallow_b55_s22610,shallow,0.55,22610,conv.3,80,conv.3:out:80
shallow_b55_s22610,shallow,0.55,22610,conv.3,95,conv.3:out:95
shallow_b55_s22610,shallow,0.55,22610,conv.3,14,conv.3:out:14
shallow_b55_s22610,shallow,0.55,22610,conv.3,6,conv.3:out:6
shallow_b55_s22610,shallow,0.55,22610,conv.3,25,conv.3:out:25
shallow_b55_s22610,shallow,0.55,22610,conv.0,47,conv.0:out:47
shallow_b55_s22610,shallow,0.55,22610,conv.0,54,conv.0:out:54
shallow_b55_s22610,shallow,0.55,22610,conv.0,52,conv.0:out:52
shallow_b55_s22610,shallow,0.55,22610,conv.3,68,conv.3:out:68
shallow_b55_s22610,shallow,0.55,22610,conv.3,46,conv.3:out:46
shallow_b55_s22610,shallow,0.55,22610,conv.3,58,conv.3:out:58
shallow_b55_s22610,shallow,0.55,22610,conv.3,15,conv.3:out:15
shallow_b55_s22610,shallow,0.55,22610,conv.0,14,conv.0:out:14
shallow_b55_s22610,shallow,0.55,22610,conv.0,6,conv.0:out:6
shallow_b55_s22610,shallow,0.55,22610,conv.3,28,conv.3:out:28
shallow_b55_s22610,shallow,0.55,22610,conv.0,22,conv.0:out:22
shallow_b55_s22610,shallow,0.55,22610,conv.3,50,conv.3:out:50
shallow_b55_s22610,shallow,0.55,22610,conv.3,66,conv.3:out:66
shallow_b55_s22610,shallow,0.55,22610,conv.0,44,conv.0:out:44
shallow_b55_s22610,shallow,0.55,22610,conv.3,124,conv.3:out:124
shallow_b55_s22610,shallow,0.55,22610,conv.0,43,conv.0:out:43
shallow_b55_s22610,shallow,0.55,22610,conv.3,101,conv.3:out:101
shallow_b55_s22610,shallow,0.55,22610,conv.3,53,conv.3:out:53
shallow_b55_s22610,shallow,0.55,22610,conv.0,24,conv.0:out:24
shallow_b55_s22610,shallow,0.55,22610,conv.0,11,conv.0:out:11
shallow_b55_s22610,shallow,0.55,22610,conv.3,38,conv.3:out:38
shallow_b55_s22610,shallow,0.55,22610,conv.3,52,conv.3:out:52
shallow_b55_s22610,shallow,0.55,22610,conv.3,49,conv.3:out:49
shallow_b55_s22610,shallow,0.55,22610,conv.3,44,conv.3:out:44
shallow_b55_s22610,shallow,0.55,22610,conv.0,40,conv.0:out:40
shallow_b55_s22610,shallow,0.55,22610,conv.3,100,conv.3:out:100
shallow_b55_s22610,shallow,0.55,22610,conv.0,19,conv.0:out:19
shallow_b55_s22610,shallow,0.55,22610,conv.0,10,conv.0:out:10
shallow_b55_s22610,shallow,0.55,22610,conv.3,55,conv.3:out:55
shallow_b55_s22610,shallow,0.55,22610,conv.0,8,conv.0:out:8
shallow_b55_s22610,shallow,0.55,22610,conv.0,29,conv.0:out:29
shallow_b55_s22610,shallow,0.55,22610,conv.0,39,conv.0:out:39
shallow_b55_s22610,shallow,0.55,22610,conv.0,17,conv.0:out:17
shallow_b55_s22610,shallow,0.55,22610,conv.3,116,conv.3:out:116
shallow_b55_s22610,shallow,0.55,22610,conv.0,50,conv.0:out:50
shallow_b55_s22610,shallow,0.55,22610,conv.0,38,conv.0:out:38
shallow_b55_s22610,shallow,0.55,22610,conv.3,126,conv.3:out:126
shallow_b55_s22610,shallow,0.55,22610,conv.3,88,conv.3:out:88
shallow_b55_s22611,shallow,0.55,22611,conv.3,13,conv.3:out:13
shallow_b55_s22611,shallow,0.55,22611,conv.3,100,conv.3:out:100
shallow_b55_s22611,shallow,0.55,22611,conv.0,29,conv.0:out:29
shallow_b55_s22611,shallow,0.55,22611,conv.0,41,conv.0:out:41
shallow_b55_s22611,shallow,0.55,22611,conv.3,90,conv.3:out:90
shallow_b55_s22611,shallow,0.55,22611,conv.3,98,conv.3:out:98
shallow_b55_s22611,shallow,0.55,22611,conv.0,17,conv.0:out:17
shallow_b55_s22611,shallow,0.55,22611,conv.0,48,conv.0:out:48
shallow_b55_s22611,shallow,0.55,22611,conv.3,53,conv.3:out:53
shallow_b55_s22611,shallow,0.55,22611,conv.3,46,conv.3:out:46
shallow_b55_s22611,shallow,0.55,22611,conv.3,18,conv.3:out:18
shallow_b55_s22611,shallow,0.55,22611,conv.3,102,conv.3:out:102
shallow_b55_s22611,shallow,0.55,22611,conv.3,60,conv.3:out:60
shallow_b55_s22611,shallow,0.55,22611,conv.3,24,conv.3:out:24
shallow_b55_s22611,shallow,0.55,22611,conv.3,125,conv.3:out:125
shallow_b55_s22611,shallow,0.55,22611,conv.0,47,conv.0:out:47
shallow_b55_s22611,shallow,0.55,22611,conv.3,40,conv.3:out:40
shallow_b55_s22611,shallow,0.55,22611,conv.0,12,conv.0:out:12
shallow_b55_s22611,shallow,0.55,22611,conv.0,31,conv.0:out:31
shallow_b55_s22611,shallow,0.55,22611,conv.3,124,conv.3:out:124
shallow_b55_s22611,shallow,0.55,22611,conv.3,61,conv.3:out:61
shallow_b55_s22611,shallow,0.55,22611,conv.3,52,conv.3:out:52
shallow_b55_s22611,shallow,0.55,22611,conv.3,6,conv.3:out:6
shallow_b55_s22611,shallow,0.55,22611,conv.3,113,conv.3:out:113
shallow_b55_s22611,shallow,0.55,22611,conv.3,42,conv.3:out:42
shallow_b55_s22611,shallow,0.55,22611,conv.0,26,conv.0:out:26
shallow_b55_s22611,shallow,0.55,22611,conv.3,91,conv.3:out:91
shallow_b55_s22611,shallow,0.55,22611,conv.3,11,conv.3:out:11
shallow_b55_s22611,shallow,0.55,22611,conv.3,108,conv.3:out:108
shallow_b55_s22611,shallow,0.55,22611,conv.3,87,conv.3:out:87
shallow_b55_s22611,shallow,0.55,22611,conv.3,105,conv.3:out:105
shallow_b55_s22611,shallow,0.55,22611,conv.3,35,conv.3:out:35
shallow_b55_s22611,shallow,0.55,22611,conv.3,123,conv.3:out:123
shallow_b55_s22611,shallow,0.55,22611,conv.3,122,conv.3:out:122
shallow_b55_s22611,shallow,0.55,22611,conv.3,92,conv.3:out:92
shallow_b55_s22611,shallow,0.55,22611,conv.3,54,conv.3:out:54
shallow_b55_s22611,shallow,0.55,22611,conv.3,127,conv.3:out:127
shallow_b55_s22611,shallow,0.55,22611,conv.3,81,conv.3:out:81
shallow_b55_s22611,shallow,0.55,22611,conv.3,85,conv.3:out:85
shallow_b55_s22611,shallow,0.55,22611,conv.3,109,conv.3:out:109
shallow_b55_s22611,shallow,0.55,22611,conv.0,62,conv.0:out:62
shallow_b55_s22611,shallow,0.55,22611,conv.3,68,conv.3:out:68
shallow_b55_s22611,shallow,0.55,22611,conv.3,77,conv.3:out:77
shallow_b55_s22611,shallow,0.55,22611,conv.3,10,conv.3:out:10
shallow_b55_s22611,shallow,0.55,22611,conv.3,1,conv.3:out:1
shallow_b55_s22611,shallow,0.55,22611,conv.3,78,conv.3:out:78
shallow_b55_s22611,shallow,0.55,22611,conv.3,89,conv.3:out:89
shallow_b55_s22611,shallow,0.55,22611,conv.0,22,conv.0:out:22
shallow_b55_s22611,shallow,0.55,22611,conv.3,19,conv.3:out:19
shallow_b55_s22611,shallow,0.55,22611,conv.0,35,conv.0:out:35
shallow_b55_s22611,shallow,0.55,22611,conv.3,120,conv.3:out:120
shallow_b55_s22611,shallow,0.55,22611,conv.3,74,conv.3:out:74
shallow_b55_s22611,shallow,0.55,22611,conv.3,21,conv.3:out:21
shallow_b55_s22611,shallow,0.55,22611,conv.3,12,conv.3:out:12
shallow_b55_s22611,shallow,0.55,22611,conv.0,61,conv.0:out:61
shallow_b55_s22611,shallow,0.55,22611,conv.3,104,conv.3:out:104
shallow_b55_s22611,shallow,0.55,22611,conv.0,49,conv.0:out:49
shallow_b55_s22611,shallow,0.55,22611,conv.3,111,conv.3:out:111
shallow_b55_s22611,shallow,0.55,22611,conv.0,60,conv.0:out:60
shallow_b55_s22611,shallow,0.55,22611,conv.3,67,conv.3:out:67
shallow_b55_s22611,shallow,0.55,22611,conv.0,18,conv.0:out:18
shallow_b55_s22611,shallow,0.55,22611,conv.3,80,conv.3:out:80
shallow_b55_s22611,shallow,0.55,22611,conv.0,0,conv.0:out:0
shallow_b55_s22611,shallow,0.55,22611,conv.3,99,conv.3:out:99
shallow_b55_s22611,shallow,0.55,22611,conv.0,27,conv.0:out:27
shallow_b55_s22611,shallow,0.55,22611,conv.3,117,conv.3:out:117
shallow_b55_s22611,shallow,0.55,22611,conv.3,41,conv.3:out:41
shallow_b55_s22612,shallow,0.55,22612,conv.0,41,conv.0:out:41
shallow_b55_s22612,shallow,0.55,22612,conv.3,52,conv.3:out:52
shallow_b55_s22612,shallow,0.55,22612,conv.3,3,conv.3:out:3
shallow_b55_s22612,shallow,0.55,22612,conv.3,71,conv.3:out:71
shallow_b55_s22612,shallow,0.55,22612,conv.3,31,conv.3:out:31
shallow_b55_s22612,shallow,0.55,22612,conv.3,125,conv.3:out:125
shallow_b55_s22612,shallow,0.55,22612,conv.3,72,conv.3:out:72
shallow_b55_s22612,shallow,0.55,22612,conv.3,87,conv.3:out:87
shallow_b55_s22612,shallow,0.55,22612,conv.3,4,conv.3:out:4
shallow_b55_s22612,shallow,0.55,22612,conv.0,6,conv.0:out:6
shallow_b55_s22612,shallow,0.55,22612,conv.3,74,conv.3:out:74
shallow_b55_s22612,shallow,0.55,22612,conv.0,50,conv.0:out:50
shallow_b55_s22612,shallow,0.55,22612,conv.0,20,conv.0:out:20
shallow_b55_s22612,shallow,0.55,22612,conv.3,120,conv.3:out:120
shallow_b55_s22612,shallow,0.55,22612,conv.0,21,conv.0:out:21
shallow_b55_s22612,shallow,0.55,22612,conv.3,49,conv.3:out:49
shallow_b55_s22612,shallow,0.55,22612,conv.3,84,conv.3:out:84
shallow_b55_s22612,shallow,0.55,22612,conv.0,23,conv.0:out:23
shallow_b55_s22612,shallow,0.55,22612,conv.0,34,conv.0:out:34
shallow_b55_s22612,shallow,0.55,22612,conv.3,46,conv.3:out:46
shallow_b55_s22612,shallow,0.55,22612,conv.3,42,conv.3:out:42
shallow_b55_s22612,shallow,0.55,22612,conv.0,28,conv.0:out:28
shallow_b55_s22612,shallow,0.55,22612,conv.3,102,conv.3:out:102
shallow_b55_s22612,shallow,0.55,22612,conv.3,48,conv.3:out:48
shallow_b55_s22612,shallow,0.55,22612,conv.3,67,conv.3:out:67
shallow_b55_s22612,shallow,0.55,22612,conv.3,8,conv.3:out:8
shallow_b55_s22612,shallow,0.55,22612,conv.0,12,conv.0:out:12
shallow_b55_s22612,shallow,0.55,22612,conv.3,114,conv.3:out:114
shallow_b55_s22612,shallow,0.55,22612,conv.3,126,conv.3:out:126
shallow_b55_s22612,shallow,0.55,22612,conv.3,104,conv.3:out:104
shallow_b55_s22612,shallow,0.55,22612,conv.0,18,conv.0:out:18
shallow_b55_s22612,shallow,0.55,22612,conv.3,16,conv.3:out:16
shallow_b55_s22612,shallow,0.55,22612,conv.3,21,conv.3:out:21
shallow_b55_s22612,shallow,0.55,22612,conv.0,13,conv.0:out:13
shallow_b55_s22612,shallow,0.55,22612,conv.0,15,conv.0:out:15
shallow_b55_s22612,shallow,0.55,22612,conv.0,57,conv.0:out:57
shallow_b55_s22612,shallow,0.55,22612,conv.3,83,conv.3:out:83
shallow_b55_s22612,shallow,0.55,22612,conv.0,29,conv.0:out:29
shallow_b55_s22612,shallow,0.55,22612,conv.3,34,conv.3:out:34
shallow_b55_s22612,shallow,0.55,22612,conv.3,13,conv.3:out:13
shallow_b55_s22612,shallow,0.55,22612,conv.0,38,conv.0:out:38
shallow_b55_s22612,shallow,0.55,22612,conv.3,47,conv.3:out:47
shallow_b55_s22612,shallow,0.55,22612,conv.3,20,conv.3:out:20
shallow_b55_s22612,shallow,0.55,22612,conv.3,44,conv.3:out:44
shallow_b55_s22612,shallow,0.55,22612,conv.3,56,conv.3:out:56
shallow_b55_s22612,shallow,0.55,22612,conv.3,107,conv.3:out:107
shallow_b55_s22612,shallow,0.55,22612,conv.3,26,conv.3:out:26
shallow_b55_s22612,shallow,0.55,22612,conv.3,11,conv.3:out:11
shallow_b55_s22612,shallow,0.55,22612,conv.3,35,conv.3:out:35
shallow_b55_s22612,shallow,0.55,22612,conv.3,110,conv.3:out:110
shallow_b55_s22612,shallow,0.55,22612,conv.3,73,conv.3:out:73
shallow_b55_s22612,shallow,0.55,22612,conv.0,44,conv.0:out:44
shallow_b55_s22612,shallow,0.55,22612,conv.3,123,conv.3:out:123
shallow_b55_s22612,shallow,0.55,22612,conv.0,2,conv.0:out:2
shallow_b55_s22612,shallow,0.55,22612,conv.3,91,conv.3:out:91
shallow_b55_s22612,shallow,0.55,22612,conv.3,90,conv.3:out:90
shallow_b55_s22612,shallow,0.55,22612,conv.3,93,conv.3:out:93
shallow_b55_s22612,shallow,0.55,22612,conv.3,79,conv.3:out:79
shallow_b55_s22612,shallow,0.55,22612,conv.3,9,conv.3:out:9
shallow_b55_s22612,shallow,0.55,22612,conv.3,108,conv.3:out:108
shallow_b55_s22612,shallow,0.55,22612,conv.0,59,conv.0:out:59
shallow_b55_s22612,shallow,0.55,22612,conv.0,36,conv.0:out:36
shallow_b55_s22612,shallow,0.55,22612,conv.3,7,conv.3:out:7
shallow_b55_s22612,shallow,0.55,22612,conv.3,28,conv.3:out:28
shallow_b55_s22612,shallow,0.55,22612,conv.3,0,conv.3:out:0
shallow_b55_s22613,shallow,0.55,22613,conv.0,26,conv.0:out:26
shallow_b55_s22613,shallow,0.55,22613,conv.3,91,conv.3:out:91
shallow_b55_s22613,shallow,0.55,22613,conv.3,26,conv.3:out:26
shallow_b55_s22613,shallow,0.55,22613,conv.3,31,conv.3:out:31
shallow_b55_s22613,shallow,0.55,22613,conv.3,1,conv.3:out:1
shallow_b55_s22613,shallow,0.55,22613,conv.0,40,conv.0:out:40
shallow_b55_s22613,shallow,0.55,22613,conv.3,79,conv.3:out:79
shallow_b55_s22613,shallow,0.55,22613,conv.3,29,conv.3:out:29
shallow_b55_s22613,shallow,0.55,22613,conv.3,3,conv.3:out:3
shallow_b55_s22613,shallow,0.55,22613,conv.0,41,conv.0:out:41
shallow_b55_s22613,shallow,0.55,22613,conv.0,24,conv.0:out:24
shallow_b55_s22613,shallow,0.55,22613,conv.0,38,conv.0:out:38
shallow_b55_s22613,shallow,0.55,22613,conv.3,62,conv.3:out:62
shallow_b55_s22613,shallow,0.55,22613,conv.3,28,conv.3:out:28
shallow_b55_s22613,shallow,0.55,22613,conv.0,14,conv.0:out:14
shallow_b55_s22613,shallow,0.55,22613,conv.0,1,conv.0:out:1
shallow_b55_s22613,shallow,0.55,22613,conv.3,81,conv.3:out:81
shallow_b55_s22613,shallow,0.55,22613,conv.3,20,conv.3:out:20
shallow_b55_s22613,shallow,0.55,22613,conv.3,0,conv.3:out:0
shallow_b55_s22613,shallow,0.55,22613,conv.3,18,conv.3:out:18
shallow_b55_s22613,shallow,0.55,22613,conv.0,57,conv.0:out:57
shallow_b55_s22613,shallow,0.55,22613,conv.0,61,conv.0:out:61
shallow_b55_s22613,shallow,0.55,22613,conv.3,103,conv.3:out:103
shallow_b55_s22613,shallow,0.55,22613,conv.0,28,conv.0:out:28
shallow_b55_s22613,shallow,0.55,22613,conv.3,119,conv.3:out:119
shallow_b55_s22613,shallow,0.55,22613,conv.3,76,conv.3:out:76
shallow_b55_s22613,shallow,0.55,22613,conv.0,58,conv.0:out:58
shallow_b55_s22613,shallow,0.55,22613,conv.3,57,conv.3:out:57
shallow_b55_s22613,shallow,0.55,22613,conv.3,77,conv.3:out:77
shallow_b55_s22613,shallow,0.55,22613,conv.3,71,conv.3:out:71
shallow_b55_s22613,shallow,0.55,22613,conv.0,27,conv.0:out:27
shallow_b55_s22613,shallow,0.55,22613,conv.3,99,conv.3:out:99
shallow_b55_s22613,shallow,0.55,22613,conv.3,114,conv.3:out:114
shallow_b55_s22613,shallow,0.55,22613,conv.3,69,conv.3:out:69
shallow_b55_s22613,shallow,0.55,22613,conv.3,106,conv.3:out:106
shallow_b55_s22613,shallow,0.55,22613,conv.0,59,conv.0:out:59
shallow_b55_s22613,shallow,0.55,22613,conv.3,80,conv.3:out:80
shallow_b55_s22613,shallow,0.55,22613,conv.3,59,conv.3:out:59
shallow_b55_s22613,shallow,0.55,22613,conv.3,68,conv.3:out:68
shallow_b55_s22613,shallow,0.55,22613,conv.3,122,conv.3:out:122
shallow_b55_s22613,shallow,0.55,22613,conv.3,118,conv.3:out:118
shallow_b55_s22613,shallow,0.55,22613,conv.3,9,conv.3:out:9
shallow_b55_s22613,shallow,0.55,22613,conv.3,41,conv.3:out:41
shallow_b55_s22613,shallow,0.55,22613,conv.3,78,conv.3:out:78
shallow_b55_s22613,shallow,0.55,22613,conv.0,37,conv.0:out:37
shallow_b55_s22613,shallow,0.55,22613,conv.3,36,conv.3:out:36
shallow_b55_s22613,shallow,0.55,22613,conv.3,73,conv.3:out:73
shallow_b55_s22613,shallow,0.55,22613,conv.3,95,conv.3:out:95
shallow_b55_s22613,shallow,0.55,22613,conv.3,104,conv.3:out:104
shallow_b55_s22613,shallow,0.55,22613,conv.3,83,conv.3:out:83
shallow_b55_s22613,shallow,0.55,22613,conv.0,51,conv.0:out:51
shallow_b55_s22613,shallow,0.55,22613,conv.0,43,conv.0:out:43
shallow_b55_s22613,shallow,0.55,22613,conv.0,46,conv.0:out:46
shallow_b55_s22613,shallow,0.55,22613,conv.3,2,conv.3:out:2
shallow_b55_s22613,shallow,0.55,22613,conv.3,47,conv.3:out:47
shallow_b55_s22613,shallow,0.55,22613,conv.3,98,conv.3:out:98
shallow_b55_s22613,shallow,0.55,22613,conv.3,123,conv.3:out:123
shallow_b55_s22613,shallow,0.55,22613,conv.3,113,conv.3:out:113
shallow_b55_s22613,shallow,0.55,22613,conv.0,18,conv.0:out:18
shallow_b55_s22613,shallow,0.55,22613,conv.0,11,conv.0:out:11
shallow_b55_s22613,shallow,0.55,22613,conv.3,40,conv.3:out:40
shallow_b55_s22613,shallow,0.55,22613,conv.3,4,conv.3:out:4
shallow_b55_s22613,shallow,0.55,22613,conv.3,49,conv.3:out:49
shallow_b55_s22613,shallow,0.55,22613,conv.0,48,conv.0:out:48
shallow_b55_s22613,shallow,0.55,22613,conv.3,88,conv.3:out:88
shallow_b55_s22614,shallow,0.55,22614,conv.3,47,conv.3:out:47
shallow_b55_s22614,shallow,0.55,22614,conv.3,116,conv.3:out:116
shallow_b55_s22614,shallow,0.55,22614,conv.0,26,conv.0:out:26
shallow_b55_s22614,shallow,0.55,22614,conv.3,56,conv.3:out:56
shallow_b55_s22614,shallow,0.55,22614,conv.3,3,conv.3:out:3
shallow_b55_s22614,shallow,0.55,22614,conv.3,117,conv.3:out:117
shallow_b55_s22614,shallow,0.55,22614,conv.0,27,conv.0:out:27
shallow_b55_s22614,shallow,0.55,22614,conv.0,35,conv.0:out:35
shallow_b55_s22614,shallow,0.55,22614,conv.0,50,conv.0:out:50
shallow_b55_s22614,shallow,0.55,22614,conv.3,119,conv.3:out:119
shallow_b55_s22614,shallow,0.55,22614,conv.3,58,conv.3:out:58
shallow_b55_s22614,shallow,0.55,22614,conv.3,11,conv.3:out:11
shallow_b55_s22614,shallow,0.55,22614,conv.3,32,conv.3:out:32
shallow_b55_s22614,shallow,0.55,22614,conv.0,46,conv.0:out:46
shallow_b55_s22614,shallow,0.55,22614,conv.3,125,conv.3:out:125
shallow_b55_s22614,shallow,0.55,22614,conv.0,37,conv.0:out:37
shallow_b55_s22614,shallow,0.55,22614,conv.3,126,conv.3:out:126
shallow_b55_s22614,shallow,0.55,22614,conv.0,1,conv.0:out:1
shallow_b55_s22614,shallow,0.55,22614,conv.3,34,conv.3:out:34
shallow_b55_s22614,shallow,0.55,22614,conv.3,115,conv.3:out:115
shallow_b55_s22614,shallow,0.55,22614,conv.3,24,conv.3:out:24
shallow_b55_s22614,shallow,0.55,22614,conv.3,107,conv.3:out:107
shallow_b55_s22614,shallow,0.55,22614,conv.3,9,conv.3:out:9
shallow_b55_s22614,shallow,0.55,22614,conv.3,28,conv.3:out:28
shallow_b55_s22614,shallow,0.55,22614,conv.3,36,conv.3:out:36
shallow_b55_s22614,shallow,0.55,22614,conv.3,59,conv.3:out:59
shallow_b55_s22614,shallow,0.55,22614,conv.0,53,conv.0:out:53
shallow_b55_s22614,shallow,0.55,22614,conv.0,45,conv.0:out:45
shallow_b55_s22614,shallow,0.55,22614,conv.3,127,conv.3:out:127
shallow_b55_s22614,shallow,0.55,22614,conv.3,93,conv.3:out:93
shallow_b55_s22614,shallow,0.55,22614,conv.3,109,conv.3:out:109
shallow_b55_s22614,shallow,0.55,22614,conv.3,68,conv.3:out:68
shallow_b55_s22614,shallow,0.55,22614,conv.3,20,conv.3:out:20
shallow_b55_s22614,shallow,0.55,22614,conv.0,6,conv.0:out:6
shallow_b55_s22614,shallow,0.55,22614,conv.0,4,conv.0:out:4
shallow_b55_s22614,shallow,0.55,22614,conv.0,42,conv.0:out:42
shallow_b55_s22614,shallow,0.55,22614,conv.0,22,conv.0:out:22
shallow_b55_s22614,shallow,0.55,22614,conv.3,63,conv.3:out:63
shallow_b55_s22614,shallow,0.55,22614,conv.3,53,conv.3:out:53
shallow_b55_s22614,shallow,0.55,22614,conv.0,52,conv.0:out:52
shallow_b55_s22614,shallow,0.55,22614,conv.3,113,conv.3:out:113
shallow_b55_s22614,shallow,0.55,22614,conv.0,44,conv.0:out:44
shallow_b55_s22614,shallow,0.55,22614,conv.0,38,conv.0:out:38
shallow_b55_s22614,shallow,0.55,22614,conv.3,38,conv.3:out:38
shallow_b55_s22614,shallow,0.55,22614,conv.3,39,conv.3:out:39
shallow_b55_s22614,shallow,0.55,22614,conv.0,12,conv.0:out:12
shallow_b55_s22614,shallow,0.55,22614,conv.0,58,conv.0:out:58
shallow_b55_s22614,shallow,0.55,22614,conv.0,56,conv.0:out:56
shallow_b55_s22614,shallow,0.55,22614,conv.3,64,conv.3:out:64
shallow_b55_s22614,shallow,0.55,22614,conv.3,62,conv.3:out:62
shallow_b55_s22614,shallow,0.55,22614,conv.3,101,conv.3:out:101
shallow_b55_s22614,shallow,0.55,22614,conv.3,46,conv.3:out:46
shallow_b55_s22614,shallow,0.55,22614,conv.3,13,conv.3:out:13
shallow_b55_s22614,shallow,0.55,22614,conv.3,14,conv.3:out:14
shallow_b55_s22614,shallow,0.55,22614,conv.3,77,conv.3:out:77
shallow_b55_s22614,shallow,0.55,22614,conv.0,21,conv.0:out:21
shallow_b55_s22614,shallow,0.55,22614,conv.3,16,conv.3:out:16
shallow_b55_s22614,shallow,0.55,22614,conv.3,54,conv.3:out:54
shallow_b55_s22614,shallow,0.55,22614,conv.0,28,conv.0:out:28
shallow_b55_s22614,shallow,0.55,22614,conv.3,25,conv.3:out:25
shallow_b55_s22614,shallow,0.55,22614,conv.3,57,conv.3:out:57
shallow_b55_s22614,shallow,0.55,22614,conv.0,25,conv.0:out:25
shallow_b55_s22615,shallow,0.55,22615,conv.3,75,conv.3:out:75
shallow_b55_s22615,shallow,0.55,22615,conv.3,63,conv.3:out:63
shallow_b55_s22615,shallow,0.55,22615,conv.0,18,conv.0:out:18
shallow_b55_s22615,shallow,0.55,22615,conv.3,26,conv.3:out:26
shallow_b55_s22615,shallow,0.55,22615,conv.0,37,conv.0:out:37
shallow_b55_s22615,shallow,0.55,22615,conv.3,2,conv.3:out:2
shallow_b55_s22615,shallow,0.55,22615,conv.3,49,conv.3:out:49
shallow_b55_s22615,shallow,0.55,22615,conv.3,34,conv.3:out:34
shallow_b55_s22615,shallow,0.55,22615,conv.0,56,conv.0:out:56
shallow_b55_s22615,shallow,0.55,22615,conv.3,118,conv.3:out:118
shallow_b55_s22615,shallow,0.55,22615,conv.3,119,conv.3:out:119
shallow_b55_s22615,shallow,0.55,22615,conv.0,44,conv.0:out:44
shallow_b55_s22615,shallow,0.55,22615,conv.0,5,conv.0:out:5
shallow_b55_s22615,shallow,0.55,22615,conv.3,25,conv.3:out:25
shallow_b55_s22615,shallow,0.55,22615,conv.0,50,conv.0:out:50
shallow_b55_s22615,shallow,0.55,22615,conv.0,6,conv.0:out:6
shallow_b55_s22615,shallow,0.55,22615,conv.0,36,conv.0:out:36
shallow_b55_s22615,shallow,0.55,22615,conv.3,28,conv.3:out:28
shallow_b55_s22615,shallow,0.55,22615,conv.3,81,conv.3:out:81
shallow_b55_s22615,shallow,0.55,22615,conv.0,4,conv.0:out:4
shallow_b55_s22615,shallow,0.55,22615,conv.3,22,conv.3:out:22
shallow_b55_s22615,shallow,0.55,22615,conv.3,11,conv.3:out:11
shallow_b55_s22615,shallow,0.55,22615,conv.3,57,conv.3:out:57
shallow_b55_s22615,shallow,0.55,22615,conv.3,15,conv.3:out:15
shallow_b55_s22615,shallow,0.55,22615,conv.3,48,conv.3:out:48
shallow_b55_s22615,shallow,0.55,22615,conv.0,57,conv.0:out:57
shallow_b55_s22615,shallow,0.55,22615,conv.3,88,conv.3:out:88
shallow_b55_s22615,shallow,0.55,22615,conv.3,60,conv.3:out:60
shallow_b55_s22615,shallow,0.55,22615,conv.0,19,conv.0:out:19
shallow_b55_s22615,shallow,0.55,22615,conv.0,29,conv.0:out:29
shallow_b55_s22615,shallow,0.55,22615,conv.3,77,conv.3:out:77
shallow_b55_s22615,shallow,0.55,22615,conv.3,101,conv.3:out:101
shallow_b55_s22615,shallow,0.55,22615,conv.0,14,conv.0:out:14
shallow_b55_s22615,shallow,0.55,22615,conv.0,40,conv.0:out:40
shallow_b55_s22615,shallow,0.55,22615,conv.3,59,conv.3:out:59
shallow_b55_s22615,shallow,0.55,22615,conv.3,78,conv.3:out:78
shallow_b55_s22615,shallow,0.55,22615,conv.3,80,conv.3:out:80
shallow_b55_s22615,shallow,0.55,22615,conv.0,9,conv.0:out:9
shallow_b55_s22615,shallow,0.55,22615,conv.3,4,conv.3:out:4
shallow_b55_s22615,shallow,0.55,22615,conv.3,110,conv.3:out:110
shallow_b55_s22615,shallow,0.55,22615,conv.3,96,conv.3:out:96
shallow_b55_s22615,shallow,0.55,22615,conv.3,73,conv.3:out:73
shallow_b55_s22615,shallow,0.55,22615,conv.3,35,conv.3:out:35
shallow_b55_s22615,shallow,0.55,22615,conv.3,19,conv.3:out:19
shallow_b55_s22615,shallow,0.55,22615,conv.3,92,conv.3:out:92
shallow_b55_s22615,shallow,0.55,22615,conv.3,27,conv.3:out:27
shallow_b55_s22615,shallow,0.55,22615,conv.0,33,conv.0:out:33
shallow_b55_s22615,shallow,0.55,22615,conv.0,8,conv.0:out:8
shallow_b55_s22615,shallow,0.55,22615,conv.3,116,conv.3:out:116
shallow_b55_s22615,shallow,0.55,22615,conv.0,42,conv.0:out:42
shallow_b55_s22615,shallow,0.55,22615,conv.3,29,conv.3:out:29
shallow_b55_s22615,shallow,0.55,22615,conv.3,53,conv.3:out:53
shallow_b55_s22615,shallow,0.55,22615,conv.3,85,conv.3:out:85
shallow_b55_s22615,shallow,0.55,22615,conv.3,33,conv.3:out:33
shallow_b55_s22615,shallow,0.55,22615,conv.0,31,conv.0:out:31
shallow_b55_s22615,shallow,0.55,22615,conv.3,23,conv.3:out:23
shallow_b55_s22615,shallow,0.55,22615,conv.0,45,conv.0:out:45
shallow_b55_s22615,shallow,0.55,22615,conv.0,39,conv.0:out:39
shallow_b55_s22615,shallow,0.55,22615,conv.0,22,conv.0:out:22
shallow_b55_s22615,shallow,0.55,22615,conv.0,10,conv.0:out:10
shallow_b55_s22615,shallow,0.55,22615,conv.3,16,conv.3:out:16
shallow_b55_s22615,shallow,0.55,22615,conv.3,117,conv.3:out:117
deep_b40_s32426,deep,0.4,32426,conv.3,126,conv.3:out:126
deep_b40_s32426,deep,0.4,32426,conv.7,107,conv.7:out:107
deep_b40_s32426,deep,0.4,32426,conv.10,213,conv.10:out:213
deep_b40_s32426,deep,0.4,32426,conv.10,173,conv.10:out:173
deep_b40_s32426,deep,0.4,32426,conv.10,52,conv.10:out:52
deep_b40_s32426,deep,0.4,32426,conv.0,16,conv.0:out:16
deep_b40_s32426,deep,0.4,32426,conv.7,114,conv.7:out:114
deep_b40_s32426,deep,0.4,32426,conv.3,94,conv.3:out:94
deep_b40_s32426,deep,0.4,32426,conv.10,50,conv.10:out:50
deep_b40_s32426,deep,0.4,32426,conv.3,46,conv.3:out:46
deep_b40_s32426,deep,0.4,32426,conv.10,205,conv.10:out:205
deep_b40_s32426,deep,0.4,32426,conv.10,252,conv.10:out:252
deep_b40_s32426,deep,0.4,32426,conv.3,91,conv.3:out:91
deep_b40_s32426,deep,0.4,32426,conv.3,110,conv.3:out:110
deep_b40_s32426,deep,0.4,32426,conv.3,48,conv.3:out:48
deep_b40_s32426,deep,0.4,32426,conv.10,182,conv.10:out:182
deep_b40_s32426,deep,0.4,32426,conv.3,105,conv.3:out:105
deep_b40_s32426,deep,0.4,32426,conv.3,65,conv.3:out:65
deep_b40_s32426,deep,0.4,32426,conv.0,57,conv.0:out:57
deep_b40_s32426,deep,0.4,32426,conv.10,246,conv.10:out:246
deep_b40_s32426,deep,0.4,32426,conv.10,211,conv.10:out:211
deep_b40_s32426,deep,0.4,32426,conv.10,36,conv.10:out:36
deep_b40_s32426,deep,0.4,32426,conv.3,109,conv.3:out:109
deep_b40_s32426,deep,0.4,32426,conv.10,96,conv.10:out:96
deep_b40_s32426,deep,0.4,32426,conv.10,76,conv.10:out:76
deep_b40_s32426,deep,0.4,32426,conv.10,209,conv.10:out:209
deep_b40_s32426,deep,0.4,32426,conv.3,58,conv.3:out:58
deep_b40_s32426,deep,0.4,32426,conv.7,113,conv.7:out:113
deep_b40_s32426,deep,0.4,32426,conv.10,61,conv.10:out:61
deep_b40_s32426,deep,0.4,32426,conv.7,68,conv.7:out:68
deep_b40_s32426,deep,0.4,32426,conv.0,27,conv.0:out:27
deep_b40_s32426,deep,0.4,32426,conv.0,42,conv.0:out:42
deep_b40_s32426,deep,0.4,32426,conv.10,17,conv.10:out:17
deep_b40_s32426,deep,0.4,32426,conv.7,112,conv.7:out:112
deep_b40_s32426,deep,0.4,32426,conv.3,25,conv.3:out:25
deep_b40_s32426,deep,0.4,32426,conv.7,8,conv.7:out:8
deep_b40_s32426,deep,0.4,32426,conv.10,69,conv.10:out:69
deep_b40_s32426,deep,0.4,32426,conv.10,145,conv.10:out:145
deep_b40_s32426,deep,0.4,32426,conv.10,141,conv.10:out:141
deep_b40_s32426,deep,0.4,32426,conv.3,89,conv.3:out:89
deep_b40_s32426,deep,0.4,32426,conv.3,93,conv.3:out:93
deep_b40_s32426,deep,0.4,32426,conv.10,247,conv.10:out:247
deep_b40_s32426,deep,0.4,32426,conv.10,200,conv.10:out:200
deep_b40_s32426,deep,0.4,32426,conv.10,75,conv.10:out:75
deep_b40_s32426,deep,0.4,32426,conv.3,13,conv.3:out:13
deep_b40_s32426,deep,0.4,32426,conv.3,1,conv.3:out:1
deep_b40_s32426,deep,0.4,32426,conv.3,100,conv.3:out:100
deep_b40_s32426,deep,0.4,32426,conv.10,189,conv.10:out:189
deep_b40_s32426,deep,0.4,32426,conv.10,16,conv.10:out:16
deep_b40_s32426,deep,0.4,32426,conv.7,7,conv.7:out:7
deep_b40_s32426,deep,0.4,32426,conv.3,19,conv.3:out:19
deep_b40_s32426,deep,0.4,32426,conv.7,57,conv.7:out:57
deep_b40_s32426,deep,0.4,32426,conv.7,78,conv.7:out:78
deep_b40_s32426,deep,0.4,32426,conv.7,100,conv.7:out:100
deep_b40_s32426,deep,0.4,32426,conv.10,39,conv.10:out:39
deep_b40_s32426,deep,0.4,32426,conv.10,138,conv.10:out:138
deep_b40_s32426,deep,0.4,32426,conv.0,59,conv.0:out:59
deep_b40_s32426,deep,0.4,32426,conv.10,123,conv.10:out:123
deep_b40_s32426,deep,0.4,32426,conv.10,84,conv.10:out:84
deep_b40_s32426,deep,0.4,32426,conv.10,65,conv.10:out:65
deep_b40_s32426,deep,0.4,32426,conv.3,23,conv.3:out:23
deep_b40_s32426,deep,0.4,32426,conv.10,72,conv.10:out:72
deep_b40_s32426,deep,0.4,32426,conv.10,203,conv.10:out:203
deep_b40_s32426,deep,0.4,32426,conv.7,36,conv.7:out:36
deep_b40_s32426,deep,0.4,32426,conv.10,44,conv.10:out:44
deep_b40_s32426,deep,0.4,32426,conv.3,52,conv.3:out:52
deep_b40_s32426,deep,0.4,32426,conv.10,47,conv.10:out:47
deep_b40_s32426,deep,0.4,32426,conv.10,43,conv.10:out:43
deep_b40_s32426,deep,0.4,32426,conv.10,38,conv.10:out:38
deep_b40_s32426,deep,0.4,32426,conv.10,184,conv.10:out:184
deep_b40_s32426,deep,0.4,32426,conv.0,14,conv.0:out:14
deep_b40_s32426,deep,0.4,32426,conv.10,31,conv.10:out:31
deep_b40_s32426,deep,0.4,32426,conv.7,121,conv.7:out:121
deep_b40_s32426,deep,0.4,32426,conv.7,5,conv.7:out:5
deep_b40_s32426,deep,0.4,32426,conv.7,84,conv.7:out:84
deep_b40_s32426,deep,0.4,32426,conv.10,73,conv.10:out:73
deep_b40_s32426,deep,0.4,32426,conv.7,99,conv.7:out:99
deep_b40_s32426,deep,0.4,32426,conv.10,107,conv.10:out:107
deep_b40_s32426,deep,0.4,32426,conv.0,35,conv.0:out:35
deep_b40_s32426,deep,0.4,32426,conv.0,61,conv.0:out:61
deep_b40_s32426,deep,0.4,32426,conv.3,80,conv.3:out:80
deep_b40_s32426,deep,0.4,32426,conv.10,29,conv.10:out:29
deep_b40_s32426,deep,0.4,32426,conv.10,157,conv.10:out:157
deep_b40_s32426,deep,0.4,32426,conv.7,103,conv.7:out:103
deep_b40_s32426,deep,0.4,32426,conv.3,92,conv.3:out:92
deep_b40_s32426,deep,0.4,32426,conv.0,32,conv.0:out:32
deep_b40_s32426,deep,0.4,32426,conv.3,74,conv.3:out:74
deep_b40_s32426,deep,0.4,32426,conv.3,77,conv.3:out:77
deep_b40_s32426,deep,0.4,32426,conv.7,46,conv.7:out:46
deep_b40_s32426,deep,0.4,32426,conv.10,24,conv.10:out:24
deep_b40_s32426,deep,0.4,32426,conv.10,193,conv.10:out:193
deep_b40_s32426,deep,0.4,32426,conv.7,86,conv.7:out:86
deep_b40_s32426,deep,0.4,32426,conv.3,57,conv.3:out:57
deep_b40_s32426,deep,0.4,32426,conv.7,54,conv.7:out:54
deep_b40_s32426,deep,0.4,32426,conv.10,45,conv.10:out:45
deep_b40_s32426,deep,0.4,32426,conv.10,82,conv.10:out:82
deep_b40_s32426,deep,0.4,32426,conv.10,41,conv.10:out:41
deep_b40_s32426,deep,0.4,32426,conv.3,127,conv.3:out:127
deep_b40_s32426,deep,0.4,32426,conv.10,18,conv.10:out:18
deep_b40_s32426,deep,0.4,32426,conv.10,20,conv.10:out:20
deep_b40_s32426,deep,0.4,32426,conv.7,70,conv.7:out:70
deep_b40_s32426,deep,0.4,32426,conv.0,44,conv.0:out:44
deep_b40_s32426,deep,0.4,32426,conv.0,37,conv.0:out:37
deep_b40_s32426,deep,0.4,32426,conv.7,71,conv.7:out:71
deep_b40_s32426,deep,0.4,32426,conv.7,108,conv.7:out:108
deep_b40_s32426,deep,0.4,32426,conv.0,6,conv.0:out:6
deep_b40_s32426,deep,0.4,32426,conv.7,34,conv.7:out:34
deep_b40_s32426,deep,0.4,32426,conv.10,129,conv.10:out:129
deep_b40_s32426,deep,0.4,32426,conv.10,177,conv.10:out:177
deep_b40_s32426,deep,0.4,32426,conv.3,42,conv.3:out:42
deep_b40_s32426,deep,0.4,32426,conv.10,59,conv.10:out:59
deep_b40_s32426,deep,0.4,32426,conv.3,61,conv.3:out:61
deep_b40_s32426,deep,0.4,32426,conv.10,154,conv.10:out:154
deep_b40_s32426,deep,0.4,32426,conv.0,13,conv.0:out:13
deep_b40_s32426,deep,0.4,32426,conv.10,99,conv.10:out:99
deep_b40_s32426,deep,0.4,32426,conv.3,114,conv.3:out:114
deep_b40_s32426,deep,0.4,32426,conv.10,216,conv.10:out:216
deep_b40_s32426,deep,0.4,32426,conv.10,144,conv.10:out:144
deep_b40_s32426,deep,0.4,32426,conv.3,124,conv.3:out:124
deep_b40_s32426,deep,0.4,32426,conv.10,94,conv.10:out:94
deep_b40_s32426,deep,0.4,32426,conv.10,74,conv.10:out:74
deep_b40_s32426,deep,0.4,32426,conv.10,83,conv.10:out:83
deep_b40_s32426,deep,0.4,32426,conv.0,38,conv.0:out:38
deep_b40_s32426,deep,0.4,32426,conv.3,60,conv.3:out:60
deep_b40_s32426,deep,0.4,32426,conv.0,19,conv.0:out:19
deep_b40_s32426,deep,0.4,32426,conv.3,9,conv.3:out:9
deep_b40_s32426,deep,0.4,32426,conv.10,167,conv.10:out:167
deep_b40_s32426,deep,0.4,32426,conv.10,137,conv.10:out:137
deep_b40_s32426,deep,0.4,32426,conv.7,12,conv.7:out:12
deep_b40_s32426,deep,0.4,32426,conv.3,87,conv.3:out:87
deep_b40_s32426,deep,0.4,32426,conv.7,22,conv.7:out:22
deep_b40_s32426,deep,0.4,32426,conv.3,55,conv.3:out:55
deep_b40_s32427,deep,0.4,32427,conv.10,39,conv.10:out:39
deep_b40_s32427,deep,0.4,32427,conv.10,108,conv.10:out:108
deep_b40_s32427,deep,0.4,32427,conv.10,51,conv.10:out:51
deep_b40_s32427,deep,0.4,32427,conv.3,7,conv.3:out:7
deep_b40_s32427,deep,0.4,32427,conv.0,55,conv.0:out:55
deep_b40_s32427,deep,0.4,32427,conv.7,58,conv.7:out:58
deep_b40_s32427,deep,0.4,32427,conv.10,195,conv.10:out:195
deep_b40_s32427,deep,0.4,32427,conv.3,113,conv.3:out:113
deep_b40_s32427,deep,0.4,32427,conv.7,102,conv.7:out:102
deep_b40_s32427,deep,0.4,32427,conv.3,55,conv.3:out:55
deep_b40_s32427,deep,0.4,32427,conv.10,185,conv.10:out:185
deep_b40_s32427,deep,0.4,32427,conv.3,6,conv.3:out:6
deep_b40_s32427,deep,0.4,32427,conv.10,125,conv.10:out:125
deep_b40_s32427,deep,0.4,32427,conv.3,75,conv.3:out:75
deep_b40_s32427,deep,0.4,32427,conv.10,0,conv.10:out:0
deep_b40_s32427,deep,0.4,32427,conv.3,29,conv.3:out:29
deep_b40_s32427,deep,0.4,32427,conv.7,92,conv.7:out:92
deep_b40_s32427,deep,0.4,32427,conv.0,12,conv.0:out:12
deep_b40_s32427,deep,0.4,32427,conv.0,34,conv.0:out:34
deep_b40_s32427,deep,0.4,32427,conv.10,81,conv.10:out:81
deep_b40_s32427,deep,0.4,32427,conv.7,66,conv.7:out:66
deep_b40_s32427,deep,0.4,32427,conv.10,92,conv.10:out:92
deep_b40_s32427,deep,0.4,32427,conv.7,95,conv.7:out:95
deep_b40_s32427,deep,0.4,32427,conv.10,161,conv.10:out:161
deep_b40_s32427,deep,0.4,32427,conv.10,22,conv.10:out:22
deep_b40_s32427,deep,0.4,32427,conv.0,8,conv.0:out:8
deep_b40_s32427,deep,0.4,32427,conv.10,19,conv.10:out:19
deep_b40_s32427,deep,0.4,32427,conv.3,105,conv.3:out:105
deep_b40_s32427,deep,0.4,32427,conv.10,31,conv.10:out:31
deep_b40_s32427,deep,0.4,32427,conv.10,4,conv.10:out:4
deep_b40_s32427,deep,0.4,32427,conv.10,241,conv.10:out:241
deep_b40_s32427,deep,0.4,32427,conv.7,25,conv.7:out:25
deep_b40_s32427,deep,0.4,32427,conv.10,47,conv.10:out:47
deep_b40_s32427,deep,0.4,32427,conv.3,47,conv.3:out:47
deep_b40_s32427,deep,0.4,32427,conv.7,76,conv.7:out:76
deep_b40_s32427,deep,0.4,32427,conv.3,83,conv.3:out:83
deep_b40_s32427,deep,0.4,32427,conv.0,15,conv.0:out:15
deep_b40_s32427,deep,0.4,32427,conv.7,35,conv.7:out:35
deep_b40_s32427,deep,0.4,32427,conv.10,5,conv.10:out:5
deep_b40_s32427,deep,0.4,32427,conv.3,79,conv.3:out:79
deep_b40_s32427,deep,0.4,32427,conv.10,159,conv.10:out:159
deep_b40_s32427,deep,0.4,32427,conv.3,51,conv.3:out:51
deep_b40_s32427,deep,0.4,32427,conv.3,31,conv.3:out:31
deep_b40_s32427,deep,0.4,32427,conv.7,38,conv.7:out:38
deep_b40_s32427,deep,0.4,32427,conv.10,183,conv.10:out:183
deep_b40_s32427,deep,0.4,32427,conv.3,26,conv.3:out:26
deep_b40_s32427,deep,0.4,32427,conv.7,51,conv.7:out:51
deep_b40_s32427,deep,0.4,32427,conv.10,189,conv.10:out:189
deep_b40_s32427,deep,0.4,32427,conv.7,9,conv.7:out:9
deep_b40_s32427,deep,0.4,32427,conv.7,83,conv.7:out:83
deep_b40_s32427,deep,0.4,32427,conv.10,16,conv.10:out:16
deep_b40_s32427,deep,0.4,32427,conv.10,231,conv.10:out:231
deep_b40_s32427,deep,0.4,32427,conv.3,22,conv.3:out:22
deep_b40_s32427,deep,0.4,32427,conv.3,72,conv.3:out:72
deep_b40_s32427,deep,0.4,32427,conv.3,9,conv.3:out:9
deep_b40_s32427,deep,0.4,32427,conv.3,21,conv.3:out:21
deep_b40_s32427,deep,0.4,32427,conv.0,2,conv.0:out:2
deep_b40_s32427,deep,0.4,32427,conv.3,54,conv.3:out:54
deep_b40_s32427,deep,0.4,32427,conv.10,190,conv.10:out:190
deep_b40_s32427,deep,0.4,32427,conv.7,41,conv.7:out:41
deep_b40_s32427,deep,0.4,32427,conv.3,50,conv.3:out:50
deep_b40_s32427,deep,0.4,32427,conv.10,197,conv.10:out:197
deep_b40_s32427,deep,0.4,32427,conv.3,64,conv.3:out:64
deep_b40_s32427,deep,0.4,32427,conv.0,11,conv.0:out:11
deep_b40_s32427,deep,0.4,32427,conv.10,225,conv.10:out:225
deep_b40_s32427,deep,0.4,32427,conv.3,40,conv.3:out:40
deep_b40_s32427,deep,0.4,32427,conv.10,118,conv.10:out:118
deep_b40_s32427,deep,0.4,32427,conv.7,0,conv.7:out:0
deep_b40_s32427,deep,0.4,32427,conv.7,22,conv.7:out:22
deep_b40_s32427,deep,0.4,32427,conv.0,17,conv.0:out:17
deep_b40_s32427,deep,0.4,32427,conv.10,191,conv.10:out:191
deep_b40_s32427,deep,0.4,32427,conv.3,48,conv.3:out:48
deep_b40_s32427,deep,0.4,32427,conv.3,86,conv.3:out:86
deep_b40_s32427,deep,0.4,32427,conv.0,16,conv.0:out:16
deep_b40_s32427,deep,0.4,32427,conv.3,61,conv.3:out:61
deep_b40_s32427,deep,0.4,32427,conv.10,193,conv.10:out:193
deep_b40_s32427,deep,0.4,32427,conv.10,98,conv.10:out:98
deep_b40_s32427,deep,0.4,32427,conv.0,38,conv.0:out:38
deep_b40_s32427,deep,0.4,32427,conv.3,65,conv.3:out:65
deep_b40_s32427,deep,0.4,32427,conv.10,213,conv.10:out:213
deep_b40_s32427,deep,0.4,32427,conv.3,116,conv.3:out:116
deep_b40_s32427,deep,0.4,32427,conv.10,228,conv.10:out:228
deep_b40_s32427,deep,0.4,32427,conv.0,35,conv.0:out:35
deep_b40_s32427,deep,0.4,32427,conv.10,200,conv.10:out:200
deep_b40_s32427,deep,0.4,32427,conv.10,53,conv.10:out:53
deep_b40_s32427,deep,0.4,32427,conv.10,63,conv.10:out:63
deep_b40_s32427,deep,0.4,32427,conv.7,56,conv.7:out:56
deep_b40_s32427,deep,0.4,32427,conv.7,48,conv.7:out:48
deep_b40_s32427,deep,0.4,32427,conv.7,71,conv.7:out:71
deep_b40_s32427,deep,0.4,32427,conv.10,33,conv.10:out:33
deep_b40_s32427,deep,0.4,32427,conv.7,60,conv.7:out:60
deep_b40_s32427,deep,0.4,32427,conv.3,23,conv.3:out:23
deep_b40_s32427,deep,0.4,32427,conv.10,132,conv.10:out:132
deep_b40_s32427,deep,0.4,32427,conv.0,43,conv.0:out:43
deep_b40_s32427,deep,0.4,32427,conv.7,24,conv.7:out:24
deep_b40_s32427,deep,0.4,32427,conv.10,14,conv.10:out:14
deep_b40_s32427,deep,0.4,32427,conv.3,27,conv.3:out:27
deep_b40_s32427,deep,0.4,32427,conv.10,128,conv.10:out:128
deep_b40_s32427,deep,0.4,32427,conv.10,158,conv.10:out:158
deep_b40_s32427,deep,0.4,32427,conv.10,179,conv.10:out:179
deep_b40_s32427,deep,0.4,32427,conv.7,1,conv.7:out:1
deep_b40_s32427,deep,0.4,32427,conv.10,137,conv.10:out:137
deep_b40_s32427,deep,0.4,32427,conv.3,110,conv.3:out:110
deep_b40_s32427,deep,0.4,32427,conv.3,63,conv.3:out:63
deep_b40_s32427,deep,0.4,32427,conv.3,49,conv.3:out:49
deep_b40_s32427,deep,0.4,32427,conv.0,23,conv.0:out:23
deep_b40_s32427,deep,0.4,32427,conv.7,121,conv.7:out:121
deep_b40_s32427,deep,0.4,32427,conv.7,115,conv.7:out:115
deep_b40_s32427,deep,0.4,32427,conv.10,27,conv.10:out:27
deep_b40_s32427,deep,0.4,32427,conv.7,103,conv.7:out:103
deep_b40_s32427,deep,0.4,32427,conv.10,141,conv.10:out:141
deep_b40_s32427,deep,0.4,32427,conv.10,89,conv.10:out:89
deep_b40_s32427,deep,0.4,32427,conv.7,32,conv.7:out:32
deep_b40_s32427,deep,0.4,32427,conv.10,97,conv.10:out:97
deep_b40_s32427,deep,0.4,32427,conv.0,57,conv.0:out:57
deep_b40_s32427,deep,0.4,32427,conv.7,10,conv.7:out:10
deep_b40_s32427,deep,0.4,32427,conv.10,251,conv.10:out:251
deep_b40_s32427,deep,0.4,32427,conv.10,82,conv.10:out:82
deep_b40_s32427,deep,0.4,32427,conv.0,33,conv.0:out:33
deep_b40_s32427,deep,0.4,32427,conv.0,61,conv.0:out:61
deep_b40_s32427,deep,0.4,32427,conv.10,69,conv.10:out:69
deep_b40_s32427,deep,0.4,32427,conv.7,124,conv.7:out:124
deep_b40_s32427,deep,0.4,32427,conv.7,52,conv.7:out:52
deep_b40_s32427,deep,0.4,32427,conv.7,78,conv.7:out:78
deep_b40_s32427,deep,0.4,32427,conv.10,150,conv.10:out:150
deep_b40_s32427,deep,0.4,32427,conv.10,211,conv.10:out:211
deep_b40_s32428,deep,0.4,32428,conv.3,74,conv.3:out:74
deep_b40_s32428,deep,0.4,32428,conv.0,4,conv.0:out:4
deep_b40_s32428,deep,0.4,32428,conv.7,121,conv.7:out:121
deep_b40_s32428,deep,0.4,32428,conv.0,22,conv.0:out:22
deep_b40_s32428,deep,0.4,32428,conv.10,6,conv.10:out:6
deep_b40_s32428,deep,0.4,32428,conv.7,86,conv.7:out:86
deep_b40_s32428,deep,0.4,32428,conv.10,16,conv.10:out:16
deep_b40_s32428,deep,0.4,32428,conv.10,207,conv.10:out:207
deep_b40_s32428,deep,0.4,32428,conv.0,16,conv.0:out:16
deep_b40_s32428,deep,0.4,32428,conv.7,38,conv.7:out:38
deep_b40_s32428,deep,0.4,32428,conv.7,88,conv.7:out:88
deep_b40_s32428,deep,0.4,32428,conv.10,143,conv.10:out:143
deep_b40_s32428,deep,0.4,32428,conv.10,35,conv.10:out:35
deep_b40_s32428,deep,0.4,32428,conv.7,48,conv.7:out:48
deep_b40_s32428,deep,0.4,32428,conv.0,61,conv.0:out:61
deep_b40_s32428,deep,0.4,32428,conv.10,164,conv.10:out:164
deep_b40_s32428,deep,0.4,32428,conv.7,80,conv.7:out:80
deep_b40_s32428,deep,0.4,32428,conv.10,103,conv.10:out:103
deep_b40_s32428,deep,0.4,32428,conv.10,156,conv.10:out:156
deep_b40_s32428,deep,0.4,32428,conv.10,3,conv.10:out:3
deep_b40_s32428,deep,0.4,32428,conv.7,82,conv.7:out:82
deep_b40_s32428,deep,0.4,32428,conv.10,144,conv.10:out:144
deep_b40_s32428,deep,0.4,32428,conv.3,124,conv.3:out:124
deep_b40_s32428,deep,0.4,32428,conv.10,124,conv.10:out:124
deep_b40_s32428,deep,0.4,32428,conv.10,66,conv.10:out:66
deep_b40_s32428,deep,0.4,32428,conv.0,19,conv.0:out:19
deep_b40_s32428,deep,0.4,32428,conv.3,100,conv.3:out:100
deep_b40_s32428,deep,0.4,32428,conv.10,102,conv.10:out:102
deep_b40_s32428,deep,0.4,32428,conv.10,85,conv.10:out:85
deep_b40_s32428,deep,0.4,32428,conv.0,47,conv.0:out:47
deep_b40_s32428,deep,0.4,32428,conv.3,17,conv.3:out:17
deep_b40_s32428,deep,0.4,32428,conv.7,74,conv.7:out:74
deep_b40_s32428,deep,0.4,32428,conv.10,179,conv.10:out:179
deep_b40_s32428,deep,0.4,32428,conv.3,32,conv.3:out:32
deep_b40_s32428,deep,0.4,32428,conv.7,83,conv.7:out:83
deep_b40_s32428,deep,0.4,32428,conv.0,25,conv.0:out:25
deep_b40_s32428,deep,0.4,32428,conv.7,81,conv.7:out:81
deep_b40_s32428,deep,0.4,32428,conv.10,45,conv.10:out:45
deep_b40_s32428,deep,0.4,32428,conv.7,55,conv.7:out:55
deep_b40_s32428,deep,0.4,32428,conv.3,56,conv.3:out:56
deep_b40_s32428,deep,0.4,32428,conv.3,63,conv.3:out:63
deep_b40_s32428,deep,0.4,32428,conv.3,96,conv.3:out:96
deep_b40_s32428,deep,0.4,32428,conv.10,17,conv.10:out:17
deep_b40_s32428,deep,0.4,32428,conv.10,94,conv.10:out:94
deep_b40_s32428,deep,0.4,32428,conv.0,11,conv.0:out:11
deep_b40_s32428,deep,0.4,32428,conv.3,70,conv.3:out:70
deep_b40_s32428,deep,0.4,32428,conv.10,51,conv.10:out:51
deep_b40_s32428,deep,0.4,32428,conv.7,39,conv.7:out:39
deep_b40_s32428,deep,0.4,32428,conv.10,245,conv.10:out:245
deep_b40_s32428,deep,0.4,32428,conv.10,49,conv.10:out:49
deep_b40_s32428,deep,0.4,32428,conv.7,43,conv.7:out:43
deep_b40_s32428,deep,0.4,32428,conv.7,109,conv.7:out:109
deep_b40_s32428,deep,0.4,32428,conv.7,53,conv.7:out:53
deep_b40_s32428,deep,0.4,32428,conv.3,83,conv.3:out:83
deep_b40_s32428,deep,0.4,32428,conv.7,31,conv.7:out:31
deep_b40_s32428,deep,0.4,32428,conv.7,29,conv.7:out:29
deep_b40_s32428,deep,0.4,32428,conv.10,40,conv.10:out:40
deep_b40_s32428,deep,0.4,32428,conv.7,75,conv.7:out:75
deep_b40_s32428,deep,0.4,32428,conv.10,165,conv.10:out:165
deep_b40_s32428,deep,0.4,32428,conv.0,46,conv.0:out:46
deep_b40_s32428,deep,0.4,32428,conv.3,45,conv.3:out:45
deep_b40_s32428,deep,0.4,32428,conv.0,20,conv.0:out:20
deep_b40_s32428,deep,0.4,32428,conv.10,86,conv.10:out:86
deep_b40_s32428,deep,0.4,32428,conv.10,229,conv.10:out:229
deep_b40_s32428,deep,0.4,32428,conv.3,44,conv.3:out:44
deep_b40_s32428,deep,0.4,32428,conv.7,27,conv.7:out:27
deep_b40_s32428,deep,0.4,32428,conv.7,122,conv.7:out:122
deep_b40_s32428,deep,0.4,32428,conv.10,209,conv.10:out:209
deep_b40_s32428,deep,0.4,32428,conv.10,252,conv.10:out:252
deep_b40_s32428,deep,0.4,32428,conv.3,65,conv.3:out:65
deep_b40_s32428,deep,0.4,32428,conv.10,50,conv.10:out:50
deep_b40_s32428,deep,0.4,32428,conv.7,97,conv.7:out:97
deep_b40_s32428,deep,0.4,32428,conv.3,92,conv.3:out:92
deep_b40_s32428,deep,0.4,32428,conv.3,120,conv.3:out:120
deep_b40_s32428,deep,0.4,32428,conv.10,172,conv.10:out:172
deep_b40_s32428,deep,0.4,32428,conv.3,87,conv.3:out:87
deep_b40_s32428,deep,0.4,32428,conv.3,123,conv.3:out:123
deep_b40_s32428,deep,0.4,32428,conv.7,65,conv.7:out:65
deep_b40_s32428,deep,0.4,32428,conv.7,37,conv.7:out:37
deep_b40_s32428,deep,0.4,32428,conv.7,92,conv.7:out:92
deep_b40_s32428,deep,0.4,32428,conv.10,79,conv.10:out:79
deep_b40_s32428,deep,0.4,32428,conv.7,107,conv.7:out:107
deep_b40_s32428,deep,0.4,32428,conv.3,5,conv.3:out:5
deep_b40_s32428,deep,0.4,32428,conv.3,46,conv.3:out:46
deep_b40_s32428,deep,0.4,32428,conv.3,48,conv.3:out:48
deep_b40_s32428,deep,0.4,32428,conv.7,91,conv.7:out:91
deep_b40_s32428,deep,0.4,32428,conv.7,3,conv.7:out:3
deep_b40_s32428,deep,0.4,32428,conv.7,10,conv.7:out:10
deep_b40_s32428,deep,0.4,32428,conv.7,114,conv.7:out:114
deep_b40_s32428,deep,0.4,32428,conv.10,106,conv.10:out:106
deep_b40_s32428,deep,0.4,32428,conv.10,226,conv.10:out:226
deep_b40_s32428,deep,0.4,32428,conv.10,230,conv.10:out:230
deep_b40_s32428,deep,0.4,32428,conv.10,21,conv.10:out:21
deep_b40_s32428,deep,0.4,32428,conv.10,116,conv.10:out:116
deep_b40_s32428,deep,0.4,32428,conv.3,62,conv.3:out:62
deep_b40_s32428,deep,0.4,32428,conv.10,8,conv.10:out:8
deep_b40_s32428,deep,0.4,32428,conv.10,247,conv.10:out:247
deep_b40_s32428,deep,0.4,32428,conv.10,217,conv.10:out:217
deep_b40_s32428,deep,0.4,32428,conv.3,80,conv.3:out:80
deep_b40_s32428,deep,0.4,32428,conv.10,171,conv.10:out:171
deep_b40_s32428,deep,0.4,32428,conv.10,183,conv.10:out:183
deep_b40_s32428,deep,0.4,32428,conv.0,37,conv.0:out:37
deep_b40_s32428,deep,0.4,32428,conv.10,125,conv.10:out:125
deep_b40_s32428,deep,0.4,32428,conv.7,60,conv.7:out:60
deep_b40_s32428,deep,0.4,32428,conv.0,62,conv.0:out:62
deep_b40_s32428,deep,0.4,32428,conv.0,6,conv.0:out:6
deep_b40_s32428,deep,0.4,32428,conv.7,45,conv.7:out:45
deep_b40_s32428,deep,0.4,32428,conv.0,36,conv.0:out:36
deep_b40_s32428,deep,0.4,32428,conv.10,169,conv.10:out:169
deep_b40_s32428,deep,0.4,32428,conv.3,79,conv.3:out:79
deep_b40_s32428,deep,0.4,32428,conv.7,16,conv.7:out:16
deep_b40_s32428,deep,0.4,32428,conv.7,42,conv.7:out:42
deep_b40_s32428,deep,0.4,32428,conv.3,10,conv.3:out:10
deep_b40_s32428,deep,0.4,32428,conv.7,84,conv.7:out:84
deep_b40_s32428,deep,0.4,32428,conv.10,251,conv.10:out:251
deep_b40_s32428,deep,0.4,32428,conv.3,66,conv.3:out:66
deep_b40_s32428,deep,0.4,32428,conv.0,17,conv.0:out:17
deep_b40_s32428,deep,0.4,32428,conv.7,93,conv.7:out:93
deep_b40_s32428,deep,0.4,32428,conv.10,96,conv.10:out:96
deep_b40_s32429,deep,0.4,32429,conv.7,101,conv.7:out:101
deep_b40_s32429,deep,0.4,32429,conv.10,30,conv.10:out:30
deep_b40_s32429,deep,0.4,32429,conv.7,66,conv.7:out:66
deep_b40_s32429,deep,0.4,32429,conv.3,108,conv.3:out:108
deep_b40_s32429,deep,0.4,32429,conv.7,17,conv.7:out:17
deep_b40_s32429,deep,0.4,32429,conv.7,70,conv.7:out:70
deep_b40_s32429,deep,0.4,32429,conv.10,68,conv.10:out:68
deep_b40_s32429,deep,0.4,32429,conv.10,117,conv.10:out:117
deep_b40_s32429,deep,0.4,32429,conv.10,137,conv.10:out:137
deep_b40_s32429,deep,0.4,32429,conv.7,29,conv.7:out:29
deep_b40_s32429,deep,0.4,32429,conv.3,92,conv.3:out:92
deep_b40_s32429,deep,0.4,32429,conv.10,31,conv.10:out:31
deep_b40_s32429,deep,0.4,32429,conv.7,64,conv.7:out:64
deep_b40_s32429,deep,0.4,32429,conv.0,53,conv.0:out:53
deep_b40_s32429,deep,0.4,32429,conv.10,76,conv.10:out:76
deep_b40_s32429,deep,0.4,32429,conv.10,253,conv.10:out:253
deep_b40_s32429,deep,0.4,32429,conv.10,209,conv.10:out:209
deep_b40_s32429,deep,0.4,32429,conv.7,2,conv.7:out:2
deep_b40_s32429,deep,0.4,32429,conv.3,98,conv.3:out:98
deep_b40_s32429,deep,0.4,32429,conv.10,241,conv.10:out:241
deep_b40_s32429,deep,0.4,32429,conv.7,61,conv.7:out:61
deep_b40_s32429,deep,0.4,32429,conv.3,89,conv.3:out:89
deep_b40_s32429,deep,0.4,32429,conv.10,57,conv.10:out:57
deep_b40_s32429,deep,0.4,32429,conv.0,40,conv.0:out:40
deep_b40_s32429,deep,0.4,32429,conv.7,83,conv.7:out:83
deep_b40_s32429,deep,0.4,32429,conv.10,163,conv.10:out:163
deep_b40_s32429,deep,0.4,32429,conv.3,115,conv.3:out:115
deep_b40_s32429,deep,0.4,32429,conv.7,103,conv.7:out:103
deep_b40_s32429,deep,0.4,32429,conv.10,243,conv.10:out:243
deep_b40_s32429,deep,0.4,32429,conv.10,71,conv.10:out:71
deep_b40_s32429,deep,0.4,32429,conv.10,194,conv.10:out:194
deep_b40_s32429,deep,0.4,32429,conv.0,35,conv.0:out:35
deep_b40_s32429,deep,0.4,32429,conv.7,35,conv.7:out:35
deep_b40_s32429,deep,0.4,32429,conv.10,66,conv.10:out:66
deep_b40_s32429,deep,0.4,32429,conv.0,6,conv.0:out:6
deep_b40_s32429,deep,0.4,32429,conv.10,20,conv.10:out:20
deep_b40_s32429,deep,0.4,32429,conv.10,17,conv.10:out:17
deep_b40_s32429,deep,0.4,32429,conv.7,97,conv.7:out:97
deep_b40_s32429,deep,0.4,32429,conv.10,11,conv.10:out:11
deep_b40_s32429,deep,0.4,32429,conv.3,79,conv.3:out:79
deep_b40_s32429,deep,0.4,32429,conv.10,3,conv.10:out:3
deep_b40_s32429,deep,0.4,32429,conv.10,4,conv.10:out:4
deep_b40_s32429,deep,0.4,32429,conv.7,109,conv.7:out:109
deep_b40_s32429,deep,0.4,32429,conv.7,119,conv.7:out:119
deep_b40_s32429,deep,0.4,32429,conv.3,57,conv.3:out:57
deep_b40_s32429,deep,0.4,32429,conv.10,69,conv.10:out:69
deep_b40_s32429,deep,0.4,32429,conv.10,21,conv.10:out:21
deep_b40_s32429,deep,0.4,32429,conv.10,247,conv.10:out:247
deep_b40_s32429,deep,0.4,32429,conv.10,220,conv.10:out:220
deep_b40_s32429,deep,0.4,32429,conv.10,91,conv.10:out:91
deep_b40_s32429,deep,0.4,32429,conv.7,62,conv.7:out:62
deep_b40_s32429,deep,0.4,32429,conv.10,54,conv.10:out:54
deep_b40_s32429,deep,0.4,32429,conv.3,8,conv.3:out:8
deep_b40_s32429,deep,0.4,32429,conv.7,43,conv.7:out:43
deep_b40_s32429,deep,0.4,32429,conv.10,184,conv.10:out:184
deep_b40_s32429,deep,0.4,32429,conv.10,24,conv.10:out:24
deep_b40_s32429,deep,0.4,32429,conv.10,141,conv.10:out:141
deep_b40_s32429,deep,0.4,32429,conv.3,103,conv.3:out:103
deep_b40_s32429,deep,0.4,32429,conv.10,72,conv.10:out:72
deep_b40_s32429,deep,0.4,32429,conv.3,93,conv.3:out:93
deep_b40_s32429,deep,0.4,32429,conv.10,226,conv.10:out:226
deep_b40_s32429,deep,0.4,32429,conv.3,12,conv.3:out:12
deep_b40_s32429,deep,0.4,32429,conv.0,41,conv.0:out:41
deep_b40_s32429,deep,0.4,32429,conv.7,3,conv.7:out:3
deep_b40_s32429,deep,0.4,32429,conv.3,55,conv.3:out:55
deep_b40_s32429,deep,0.4,32429,conv.7,8,conv.7:out:8
deep_b40_s32429,deep,0.4,32429,conv.7,45,conv.7:out:45
deep_b40_s32429,deep,0.4,32429,conv.3,59,conv.3:out:59
deep_b40_s32429,deep,0.4,32429,conv.7,111,conv.7:out:111
deep_b40_s32429,deep,0.4,32429,conv.3,106,conv.3:out:106
deep_b40_s32429,deep,0.4,32429,conv.3,39,conv.3:out:39
deep_b40_s32429,deep,0.4,32429,conv.10,230,conv.10:out:230
deep_b40_s32429,deep,0.4,32429,conv.7,9,conv.7:out:9
deep_b40_s32429,deep,0.4,32429,conv.10,15,conv.10:out:15
deep_b40_s32429,deep,0.4,32429,conv.3,120,conv.3:out:120
deep_b40_s32429,deep,0.4,32429,conv.10,13,conv.10:out:13
deep_b40_s32429,deep,0.4,32429,conv.10,101,conv.10:out:101
deep_b40_s32429,deep,0.4,32429,conv.10,49,conv.10:out:49
deep_b40_s32429,deep,0.4,32429,conv.7,114,conv.7:out:114
deep_b40_s32429,deep,0.4,32429,conv.3,7,conv.3:out:7
deep_b40_s32429,deep,0.4,32429,conv.10,216,conv.10:out:216
deep_b40_s32429,deep,0.4,32429,conv.10,55,conv.10:out:55
deep_b40_s32429,deep,0.4,32429,conv.10,33,conv.10:out:33
deep_b40_s32429,deep,0.4,32429,conv.3,123,conv.3:out:123
deep_b40_s32429,deep,0.4,32429,conv.10,116,conv.10:out:116
deep_b40_s32429,deep,0.4,32429,conv.7,60,conv.7:out:60
deep_b40_s32429,deep,0.4,32429,conv.10,122,conv.10:out:122
deep_b40_s32429,deep,0.4,32429,conv.3,113,conv.3:out:113
deep_b40_s32429,deep,0.4,32429,conv.10,214,conv.10:out:214
deep_b40_s32429,deep,0.4,32429,conv.10,136,conv.10:out:136
deep_b40_s32429,deep,0.4,32429,conv.10,251,conv.10:out:251
deep_b40_s32429,deep,0.4,32429,conv.10,103,conv.10:out:103
deep_b40_s32429,deep,0.4,32429,conv.7,110,conv.7:out:110
deep_b40_s32429,deep,0.4,32429,conv.10,189,conv.10:out:189
deep_b40_s32429,deep,0.4,32429,conv.0,36,conv.0:out:36
deep_b40_s32429,deep,0.4,32429,conv.10,223,conv.10:out:223
deep_b40_s32429,deep,0.4,32429,conv.3,110,conv.3:out:110
deep_b40_s32429,deep,0.4,32429,conv.10,105,conv.10:out:105
deep_b40_s32429,deep,0.4,32429,conv.10,26,conv.10:out:26
deep_b40_s32429,deep,0.4,32429,conv.0,11,conv.0:out:11
deep_b40_s32429,deep,0.4,32429,conv.7,115,conv.7:out:115
deep_b40_s32429,deep,0.4,32429,conv.10,229,conv.10:out:229
deep_b40_s32429,deep,0.4,32429,conv.7,20,conv.7:out:20
deep_b40_s32429,deep,0.4,32429,conv.10,197,conv.10:out:197
deep_b40_s32429,deep,0.4,32429,conv.10,37,conv.10:out:37
deep_b40_s32429,deep,0.4,32429,conv.10,86,conv.10:out:86
deep_b40_s32429,deep,0.4,32429,conv.10,12,conv.10:out:12
deep_b40_s32429,deep,0.4,32429,conv.7,38,conv.7:out:38
deep_b40_s32429,deep,0.4,32429,conv.3,13,conv.3:out:13
deep_b40_s32429,deep,0.4,32429,conv.7,5,conv.7:out:5
deep_b40_s32429,deep,0.4,32429,conv.3,109,conv.3:out:109
deep_b40_s32429,deep,0.4,32429,conv.7,23,conv.7:out:23
deep_b40_s32429,deep,0.4,32429,conv.10,53,conv.10:out:53
deep_b40_s32429,deep,0.4,32429,conv.10,81,conv.10:out:81
deep_b40_s32429,deep,0.4,32429,conv.0,59,conv.0:out:59
deep_b40_s32429,deep,0.4,32429,conv.10,5,conv.10:out:5
deep_b40_s32429,deep,0.4,32429,conv.10,22,conv.10:out:22
deep_b40_s32429,deep,0.4,32429,conv.10,42,conv.10:out:42
deep_b40_s32429,deep,0.4,32429,conv.7,24,conv.7:out:24
deep_b40_s32429,deep,0.4,32429,conv.0,34,conv.0:out:34
deep_b40_s32429,deep,0.4,32429,conv.7,124,conv.7:out:124
deep_b40_s32429,deep,0.4,32429,conv.10,8,conv.10:out:8
deep_b40_s32429,deep,0.4,32429,conv.0,51,conv.0:out:51
deep_b40_s32429,deep,0.4,32429,conv.3,117,conv.3:out:117
deep_b40_s32429,deep,0.4,32429,conv.3,16,conv.3:out:16
deep_b40_s32429,deep,0.4,32429,conv.7,112,conv.7:out:112
deep_b40_s32429,deep,0.4,32429,conv.3,14,conv.3:out:14
deep_b40_s32429,deep,0.4,32429,conv.0,50,conv.0:out:50
deep_b40_s32429,deep,0.4,32429,conv.10,38,conv.10:out:38
deep_b40_s32429,deep,0.4,32429,conv.10,140,conv.10:out:140
deep_b40_s32429,deep,0.4,32429,conv.7,37,conv.7:out:37
deep_b40_s32430,deep,0.4,32430,conv.10,109,conv.10:out:109
deep_b40_s32430,deep,0.4,32430,conv.3,39,conv.3:out:39
deep_b40_s32430,deep,0.4,32430,conv.10,222,conv.10:out:222
deep_b40_s32430,deep,0.4,32430,conv.7,6,conv.7:out:6
deep_b40_s32430,deep,0.4,32430,conv.10,30,conv.10:out:30
deep_b40_s32430,deep,0.4,32430,conv.7,37,conv.7:out:37
deep_b40_s32430,deep,0.4,32430,conv.10,114,conv.10:out:114
deep_b40_s32430,deep,0.4,32430,conv.10,105,conv.10:out:105
deep_b40_s32430,deep,0.4,32430,conv.0,62,conv.0:out:62
deep_b40_s32430,deep,0.4,32430,conv.10,254,conv.10:out:254
deep_b40_s32430,deep,0.4,32430,conv.7,12,conv.7:out:12
deep_b40_s32430,deep,0.4,32430,conv.10,163,conv.10:out:163
deep_b40_s32430,deep,0.4,32430,conv.10,239,conv.10:out:239
deep_b40_s32430,deep,0.4,32430,conv.3,64,conv.3:out:64
deep_b40_s32430,deep,0.4,32430,conv.7,84,conv.7:out:84
deep_b40_s32430,deep,0.4,32430,conv.10,167,conv.10:out:167
deep_b40_s32430,deep,0.4,32430,conv.3,92,conv.3:out:92
deep_b40_s32430,deep,0.4,32430,conv.10,1,conv.10:out:1
deep_b40_s32430,deep,0.4,32430,conv.3,41,conv.3:out:41
deep_b40_s32430,deep,0.4,32430,conv.10,112,conv.10:out:112
deep_b40_s32430,deep,0.4,32430,conv.7,118,conv.7:out:118
deep_b40_s32430,deep,0.4,32430,conv.7,9,conv.7:out:9
deep_b40_s32430,deep,0.4,32430,conv.3,12,conv.3:out:12
deep_b40_s32430,deep,0.4,32430,conv.3,74,conv.3:out:74
deep_b40_s32430,deep,0.4,32430,conv.7,117,conv.7:out:117
deep_b40_s32430,deep,0.4,32430,conv.7,55,conv.7:out:55
deep_b40_s32430,deep,0.4,32430,conv.0,23,conv.0:out:23
deep_b40_s32430,deep,0.4,32430,conv.7,112,conv.7:out:112
deep_b40_s32430,deep,0.4,32430,conv.7,80,conv.7:out:80
deep_b40_s32430,deep,0.4,32430,conv.10,153,conv.10:out:153
deep_b40_s32430,deep,0.4,32430,conv.10,72,conv.10:out:72
deep_b40_s32430,deep,0.4,32430,conv.3,3,conv.3:out:3
deep_b40_s32430,deep,0.4,32430,conv.3,20,conv.3:out:20
deep_b40_s32430,deep,0.4,32430,conv.10,50,conv.10:out:50
deep_b40_s32430,deep,0.4,32430,conv.3,29,conv.3:out:29
deep_b40_s32430,deep,0.4,32430,conv.10,71,conv.10:out:71
deep_b40_s32430,deep,0.4,32430,conv.10,212,conv.10:out:212
deep_b40_s32430,deep,0.4,32430,conv.10,178,conv.10:out:178
deep_b40_s32430,deep,0.4,32430,conv.10,125,conv.10:out:125
deep_b40_s32430,deep,0.4,32430,conv.0,55,conv.0:out:55
deep_b40_s32430,deep,0.4,32430,conv.3,102,conv.3:out:102
deep_b40_s32430,deep,0.4,32430,conv.7,50,conv.7:out:50
deep_b40_s32430,deep,0.4,32430,conv.7,40,conv.7:out:40
deep_b40_s32430,deep,0.4,32430,conv.3,57,conv.3:out:57
deep_b40_s32430,deep,0.4,32430,conv.0,10,conv.0:out:10
deep_b40_s32430,deep,0.4,32430,conv.10,148,conv.10:out:148
deep_b40_s32430,deep,0.4,32430,conv.0,46,conv.0:out:46
deep_b40_s32430,deep,0.4,32430,conv.0,16,conv.0:out:16
deep_b40_s32430,deep,0.4,32430,conv.7,2,conv.7:out:2
deep_b40_s32430,deep,0.4,32430,conv.10,32,conv.10:out:32
deep_b40_s32430,deep,0.4,32430,conv.7,70,conv.7:out:70
deep_b40_s32430,deep,0.4,32430,conv.7,94,conv.7:out:94
deep_b40_s32430,deep,0.4,32430,conv.10,18,conv.10:out:18
deep_b40_s32430,deep,0.4,32430,conv.3,19,conv.3:out:19
deep_b40_s32430,deep,0.4,32430,conv.7,42,conv.7:out:42
deep_b40_s32430,deep,0.4,32430,conv.7,85,conv.7:out:85
deep_b40_s32430,deep,0.4,32430,conv.10,140,conv.10:out:140
deep_b40_s32430,deep,0.4,32430,conv.10,58,conv.10:out:58
deep_b40_s32430,deep,0.4,32430,conv.10,169,conv.10:out:169
deep_b40_s32430,deep,0.4,32430,conv.10,35,conv.10:out:35
deep_b40_s32430,deep,0.4,32430,conv.10,63,conv.10:out:63
deep_b40_s32430,deep,0.4,32430,conv.0,26,conv.0:out:26
deep_b40_s32430,deep,0.4,32430,conv.10,139,conv.10:out:139
deep_b40_s32430,deep,0.4,32430,conv.0,31,conv.0:out:31
deep_b40_s32430,deep,0.4,32430,conv.10,103,conv.10:out:103
deep_b40_s32430,deep,0.4,32430,conv.10,205,conv.10:out:205
deep_b40_s32430,deep,0.4,32430,conv.10,150,conv.10:out:150
deep_b40_s32430,deep,0.4,32430,conv.3,95,conv.3:out:95
deep_b40_s32430,deep,0.4,32430,conv.3,96,conv.3:out:96
deep_b40_s32430,deep,0.4,32430,conv.0,57,conv.0:out:57
deep_b40_s32430,deep,0.4,32430,conv.10,176,conv.10:out:176
deep_b40_s32430,deep,0.4,32430,conv.10,110,conv.10:out:110
deep_b40_s32430,deep,0.4,32430,conv.7,11,conv.7:out:11
deep_b40_s32430,deep,0.4,32430,conv.7,74,conv.7:out:74
deep_b40_s32430,deep,0.4,32430,conv.3,24,conv.3:out:24
deep_b40_s32430,deep,0.4,32430,conv.10,252,conv.10:out:252
deep_b40_s32430,deep,0.4,32430,conv.0,54,conv.0:out:54
deep_b40_s32430,deep,0.4,32430,conv.7,115,conv.7:out:115
deep_b40_s32430,deep,0.4,32430,conv.7,101,conv.7:out:101
deep_b40_s32430,deep,0.4,32430,conv.3,14,conv.3:out:14
deep_b40_s32430,deep,0.4,32430,conv.3,4,conv.3:out:4
deep_b40_s32430,deep,0.4,32430,conv.10,37,conv.10:out:37
deep_b40_s32430,deep,0.4,32430,conv.3,88,conv.3:out:88
deep_b40_s32430,deep,0.4,32430,conv.3,15,conv.3:out:15
deep_b40_s32430,deep,0.4,32430,conv.3,127,conv.3:out:127
deep_b40_s32430,deep,0.4,32430,conv.10,123,conv.10:out:123
deep_b40_s32430,deep,0.4,32430,conv.10,84,conv.10:out:84
deep_b40_s32430,deep,0.4,32430,conv.7,81,conv.7:out:81
deep_b40_s32430,deep,0.4,32430,conv.10,154,conv.10:out:154
deep_b40_s32430,deep,0.4,32430,conv.10,231,conv.10:out:231
deep_b40_s32430,deep,0.4,32430,conv.10,28,conv.10:out:28
deep_b40_s32430,deep,0.4,32430,conv.7,90,conv.7:out:90
deep_b40_s32430,deep,0.4,32430,conv.7,79,conv.7:out:79
deep_b40_s32430,deep,0.4,32430,conv.3,13,conv.3:out:13
deep_b40_s32430,deep,0.4,32430,conv.10,88,conv.10:out:88
deep_b40_s32430,deep,0.4,32430,conv.7,105,conv.7:out:105
deep_b40_s32430,deep,0.4,32430,conv.7,125,conv.7:out:125
deep_b40_s32430,deep,0.4,32430,conv.3,66,conv.3:out:66
deep_b40_s32430,deep,0.4,32430,conv.7,87,conv.7:out:87
deep_b40_s32430,deep,0.4,32430,conv.0,19,conv.0:out:19
deep_b40_s32430,deep,0.4,32430,conv.10,180,conv.10:out:180
deep_b40_s32430,deep,0.4,32430,conv.7,78,conv.7:out:78
deep_b40_s32430,deep,0.4,32430,conv.0,49,conv.0:out:49
deep_b40_s32430,deep,0.4,32430,conv.10,94,conv.10:out:94
deep_b40_s32430,deep,0.4,32430,conv.10,106,conv.10:out:106
deep_b40_s32430,deep,0.4,32430,conv.10,181,conv.10:out:181
deep_b40_s32430,deep,0.4,32430,conv.10,90,conv.10:out:90
deep_b40_s32430,deep,0.4,32430,conv.7,43,conv.7:out:43
deep_b40_s32430,deep,0.4,32430,conv.10,234,conv.10:out:234
deep_b40_s32430,deep,0.4,32430,conv.7,96,conv.7:out:96
deep_b40_s32430,deep,0.4,32430,conv.10,201,conv.10:out:201
deep_b40_s32430,deep,0.4,32430,conv.3,54,conv.3:out:54
deep_b40_s32430,deep,0.4,32430,conv.10,69,conv.10:out:69
deep_b40_s32430,deep,0.4,32430,conv.10,173,conv.10:out:173
deep_b40_s32430,deep,0.4,32430,conv.3,119,conv.3:out:119
deep_b40_s32430,deep,0.4,32430,conv.7,14,conv.7:out:14
deep_b40_s32430,deep,0.4,32430,conv.10,85,conv.10:out:85
deep_b40_s32430,deep,0.4,32430,conv.7,126,conv.7:out:126
deep_b40_s32430,deep,0.4,32430,conv.7,121,conv.7:out:121
deep_b40_s32430,deep,0.4,32430,conv.0,63,conv.0:out:63
deep_b40_s32430,deep,0.4,32430,conv.0,1,conv.0:out:1
deep_b40_s32430,deep,0.4,32430,conv.3,103,conv.3:out:103
deep_b40_s32430,deep,0.4,32430,conv.3,81,conv.3:out:81
deep_b40_s32430,deep,0.4,32430,conv.3,47,conv.3:out:47
deep_b40_s32431,deep,0.4,32431,conv.7,17,conv.7:out:17
deep_b40_s32431,deep,0.4,32431,conv.10,192,conv.10:out:192
deep_b40_s32431,deep,0.4,32431,conv.3,8,conv.3:out:8
deep_b40_s32431,deep,0.4,32431,conv.10,156,conv.10:out:156
deep_b40_s32431,deep,0.4,32431,conv.10,22,conv.10:out:22
deep_b40_s32431,deep,0.4,32431,conv.3,112,conv.3:out:112
deep_b40_s32431,deep,0.4,32431,conv.10,145,conv.10:out:145
deep_b40_s32431,deep,0.4,32431,conv.10,204,conv.10:out:204
deep_b40_s32431,deep,0.4,32431,conv.10,249,conv.10:out:249
deep_b40_s32431,deep,0.4,32431,conv.0,12,conv.0:out:12
deep_b40_s32431,deep,0.4,32431,conv.10,38,conv.10:out:38
deep_b40_s32431,deep,0.4,32431,conv.3,56,conv.3:out:56
deep_b40_s32431,deep,0.4,32431,conv.0,3,conv.0:out:3
deep_b40_s32431,deep,0.4,32431,conv.10,43,conv.10:out:43
deep_b40_s32431,deep,0.4,32431,conv.7,12,conv.7:out:12
deep_b40_s32431,deep,0.4,32431,conv.3,114,conv.3:out:114
deep_b40_s32431,deep,0.4,32431,conv.7,110,conv.7:out:110
deep_b40_s32431,deep,0.4,32431,conv.10,215,conv.10:out:215
deep_b40_s32431,deep,0.4,32431,conv.3,98,conv.3:out:98
deep_b40_s32431,deep,0.4,32431,conv.10,69,conv.10:out:69
deep_b40_s32431,deep,0.4,32431,conv.3,5,conv.3:out:5
deep_b40_s32431,deep,0.4,32431,conv.10,213,conv.10:out:213
deep_b40_s32431,deep,0.4,32431,conv.10,42,conv.10:out:42
deep_b40_s32431,deep,0.4,32431,conv.10,36,conv.10:out:36
deep_b40_s32431,deep,0.4,32431,conv.3,21,conv.3:out:21
deep_b40_s32431,deep,0.4,32431,conv.10,21,conv.10:out:21
deep_b40_s32431,deep,0.4,32431,conv.3,10,conv.3:out:10
deep_b40_s32431,deep,0.4,32431,conv.10,89,conv.10:out:89
deep_b40_s32431,deep,0.4,32431,conv.3,2,conv.3:out:2
deep_b40_s32431,deep,0.4,32431,conv.10,108,conv.10:out:108
deep_b40_s32431,deep,0.4,32431,conv.3,46,conv.3:out:46
deep_b40_s32431,deep,0.4,32431,conv.7,114,conv.7:out:114
deep_b40_s32431,deep,0.4,32431,conv.10,113,conv.10:out:113
deep_b40_s32431,deep,0.4,32431,conv.3,61,conv.3:out:61
deep_b40_s32431,deep,0.4,32431,conv.10,14,conv.10:out:14
deep_b40_s32431,deep,0.4,32431,conv.10,150,conv.10:out:150
deep_b40_s32431,deep,0.4,32431,conv.10,7,conv.10:out:7
deep_b40_s32431,deep,0.4,32431,conv.10,158,conv.10:out:158
deep_b40_s32431,deep,0.4,32431,conv.10,40,conv.10:out:40
deep_b40_s32431,deep,0.4,32431,conv.7,99,conv.7:out:99
deep_b40_s32431,deep,0.4,32431,conv.7,87,conv.7:out:87
deep_b40_s32431,deep,0.4,32431,conv.10,63,conv.10:out:63
deep_b40_s32431,deep,0.4,32431,conv.7,126,conv.7:out:126
deep_b40_s32431,deep,0.4,32431,conv.7,4,conv.7:out:4
deep_b40_s32431,deep,0.4,32431,conv.10,124,conv.10:out:124
deep_b40_s32431,deep,0.4,32431,conv.3,33,conv.3:out:33
deep_b40_s32431,deep,0.4,32431,conv.3,38,conv.3:out:38
deep_b40_s32431,deep,0.4,32431,conv.7,49,conv.7:out:49
deep_b40_s32431,deep,0.4,32431,conv.0,57,conv.0:out:57
deep_b40_s32431,deep,0.4,32431,conv.10,175,conv.10:out:175
deep_b40_s32431,deep,0.4,32431,conv.10,173,conv.10:out:173
deep_b40_s32431,deep,0.4,32431,conv.10,195,conv.10:out:195
deep_b40_s32431,deep,0.4,32431,conv.7,22,conv.7:out:22
deep_b40_s32431,deep,0.4,32431,conv.3,29,conv.3:out:29
deep_b40_s32431,deep,0.4,32431,conv.7,69,conv.7:out:69
deep_b40_s32431,deep,0.4,32431,conv.10,168,conv.10:out:168
deep_b40_s32431,deep,0.4,32431,conv.10,20,conv.10:out:20
deep_b40_s32431,deep,0.4,32431,conv.3,7,conv.3:out:7
deep_b40_s32431,deep,0.4,32431,conv.7,40,conv.7:out:40
deep_b40_s32431,deep,0.4,32431,conv.10,164,conv.10:out:164
deep_b40_s32431,deep,0.4,32431,conv.0,36,conv.0:out:36
deep_b40_s32431,deep,0.4,32431,conv.10,122,conv.10:out:122
deep_b40_s32431,deep,0.4,32431,conv.3,107,conv.3:out:107
deep_b40_s32431,deep,0.4,32431,conv.10,244,conv.10:out:244
deep_b40_s32431,deep,0.4,32431,conv.3,106,conv.3:out:106
deep_b40_s32431,deep,0.4,32431,conv.10,224,conv.10:out:224
deep_b40_s32431,deep,0.4,32431,conv.3,48,conv.3:out:48
deep_b40_s32431,deep,0.4,32431,conv.10,205,conv.10:out:205
deep_b40_s32431,deep,0.4,32431,conv.10,97,conv.10:out:97
deep_b40_s32431,deep,0.4,32431,conv.10,51,conv.10:out:51
deep_b40_s32431,deep,0.4,32431,conv.7,75,conv.7:out:75
deep_b40_s32431,deep,0.4,32431,conv.7,53,conv.7:out:53
deep_b40_s32431,deep,0.4,32431,conv.0,5,conv.0:out:5
deep_b40_s32431,deep,0.4,32431,conv.10,119,conv.10:out:119
deep_b40_s32431,deep,0.4,32431,conv.10,211,conv.10:out:211
deep_b40_s32431,deep,0.4,32431,conv.3,111,conv.3:out:111
deep_b40_s32431,deep,0.4,32431,conv.10,203,conv.10:out:203
deep_b40_s32431,deep,0.4,32431,conv.10,151,conv.10:out:151
deep_b40_s32431,deep,0.4,32431,conv.10,37,conv.10:out:37
deep_b40_s32431,deep,0.4,32431,conv.10,41,conv.10:out:41
deep_b40_s32431,deep,0.4,32431,conv.7,80,conv.7:out:80
deep_b40_s32431,deep,0.4,32431,conv.7,83,conv.7:out:83
deep_b40_s32431,deep,0.4,32431,conv.10,149,conv.10:out:149
deep_b40_s32431,deep,0.4,32431,conv.7,111,conv.7:out:111
deep_b40_s32431,deep,0.4,32431,conv.0,22,conv.0:out:22
deep_b40_s32431,deep,0.4,32431,conv.10,6,conv.10:out:6
deep_b40_s32431,deep,0.4,32431,conv.10,212,conv.10:out:212
deep_b40_s32431,deep,0.4,32431,conv.3,57,conv.3:out:57
deep_b40_s32431,deep,0.4,32431,conv.10,245,conv.10:out:245
deep_b40_s32431,deep,0.4,32431,conv.0,20,conv.0:out:20
deep_b40_s32431,deep,0.4,32431,conv.3,54,conv.3:out:54
deep_b40_s32431,deep,0.4,32431,conv.10,197,conv.10:out:197
deep_b40_s32431,deep,0.4,32431,conv.10,26,conv.10:out:26
deep_b40_s32431,deep,0.4,32431,conv.10,221,conv.10:out:221
deep_b40_s32431,deep,0.4,32431,conv.10,191,conv.10:out:191
deep_b40_s32431,deep,0.4,32431,conv.7,104,conv.7:out:104
deep_b40_s32431,deep,0.4,32431,conv.7,98,conv.7:out:98
deep_b40_s32431,deep,0.4,32431,conv.10,248,conv.10:out:248
deep_b40_s32431,deep,0.4,32431,conv.7,29,conv.7:out:29
deep_b40_s32431,deep,0.4,32431,conv.7,56,conv.7:out:56
deep_b40_s32431,deep,0.4,32431,conv.10,172,conv.10:out:172
deep_b40_s32431,deep,0.4,32431,conv.10,59,conv.10:out:59
deep_b40_s32431,deep,0.4,32431,conv.10,62,conv.10:out:62
deep_b40_s32431,deep,0.4,32431,conv.3,120,conv.3:out:120
deep_b40_s32431,deep,0.4,32431,conv.10,115,conv.10:out:115
deep_b40_s32431,deep,0.4,32431,conv.10,219,conv.10:out:219
deep_b40_s32431,deep,0.4,32431,conv.10,210,conv.10:out:210
deep_b40_s32431,deep,0.4,32431,conv.3,83,conv.3:out:83
deep_b40_s32431,deep,0.4,32431,conv.0,38,conv.0:out:38
deep_b40_s32431,deep,0.4,32431,conv.7,44,conv.7:out:44
deep_b40_s32431,deep,0.4,32431,conv.3,24,conv.3:out:24
deep_b40_s32431,deep,0.4,32431,conv.3,32,conv.3:out:32
deep_b40_s32431,deep,0.4,32431,conv.3,74,conv.3:out:74
deep_b40_s32431,deep,0.4,32431,conv.3,12,conv.3:out:12
deep_b40_s32431,deep,0.4,32431,conv.7,60,conv.7:out:60
deep_b40_s32431,deep,0.4,32431,conv.7,81,conv.7:out:81
deep_b40_s32431,deep,0.4,32431,conv.10,45,conv.10:out:45
deep_b40_s32431,deep,0.4,32431,conv.0,34,conv.0:out:34
deep_b40_s32431,deep,0.4,32431,conv.10,254,conv.10:out:254
deep_b40_s32431,deep,0.4,32431,conv.7,20,conv.7:out:20
deep_b40_s32431,deep,0.4,32431,conv.3,30,conv.3:out:30
deep_b40_s32431,deep,0.4,32431,conv.7,7,conv.7:out:7
deep_b40_s32431,deep,0.4,32431,conv.3,127,conv.3:out:127
deep_b40_s32431,deep,0.4,32431,conv.10,152,conv.10:out:152
deep_b40_s32431,deep,0.4,32431,conv.10,144,conv.10:out:144
deep_b40_s32431,deep,0.4,32431,conv.3,95,conv.3:out:95
deep_b40_s32431,deep,0.4,32431,conv.0,52,conv.0:out:52
deep_b40_s32431,deep,0.4,32431,conv.3,109,conv.3:out:109
deep_b40_s32431,deep,0.4,32431,conv.0,9,conv.0:out:9
deep_b40_s32431,deep,0.4,32431,conv.7,93,conv.7:out:93
deep_b40_s32431,deep,0.4,32431,conv.7,37,conv.7:out:37
deep_b40_s32431,deep,0.4,32431,conv.10,250,conv.10:out:250
deep_b40_s32432,deep,0.4,32432,conv.3,56,conv.3:out:56
deep_b40_s32432,deep,0.4,32432,conv.10,185,conv.10:out:185
deep_b40_s32432,deep,0.4,32432,conv.10,236,conv.10:out:236
deep_b40_s32432,deep,0.4,32432,conv.10,77,conv.10:out:77
deep_b40_s32432,deep,0.4,32432,conv.10,99,conv.10:out:99
deep_b40_s32432,deep,0.4,32432,conv.10,143,conv.10:out:143
deep_b40_s32432,deep,0.4,32432,conv.0,14,conv.0:out:14
deep_b40_s32432,deep,0.4,32432,conv.10,197,conv.10:out:197
deep_b40_s32432,deep,0.4,32432,conv.10,135,conv.10:out:135
deep_b40_s32432,deep,0.4,32432,conv.10,151,conv.10:out:151
deep_b40_s32432,deep,0.4,32432,conv.7,86,conv.7:out:86
deep_b40_s32432,deep,0.4,32432,conv.10,23,conv.10:out:23
deep_b40_s32432,deep,0.4,32432,conv.10,45,conv.10:out:45
deep_b40_s32432,deep,0.4,32432,conv.10,129,conv.10:out:129
deep_b40_s32432,deep,0.4,32432,conv.10,115,conv.10:out:115
deep_b40_s32432,deep,0.4,32432,conv.10,201,conv.10:out:201
deep_b40_s32432,deep,0.4,32432,conv.7,123,conv.7:out:123
deep_b40_s32432,deep,0.4,32432,conv.10,53,conv.10:out:53
deep_b40_s32432,deep,0.4,32432,conv.7,17,conv.7:out:17
deep_b40_s32432,deep,0.4,32432,conv.0,27,conv.0:out:27
deep_b40_s32432,deep,0.4,32432,conv.10,214,conv.10:out:214
deep_b40_s32432,deep,0.4,32432,conv.0,45,conv.0:out:45
deep_b40_s32432,deep,0.4,32432,conv.10,157,conv.10:out:157
deep_b40_s32432,deep,0.4,32432,conv.10,80,conv.10:out:80
deep_b40_s32432,deep,0.4,32432,conv.10,167,conv.10:out:167
deep_b40_s32432,deep,0.4,32432,conv.7,115,conv.7:out:115
deep_b40_s32432,deep,0.4,32432,conv.10,66,conv.10:out:66
deep_b40_s32432,deep,0.4,32432,conv.7,43,conv.7:out:43
deep_b40_s32432,deep,0.4,32432,conv.10,199,conv.10:out:199
deep_b40_s32432,deep,0.4,32432,conv.10,211,conv.10:out:211
deep_b40_s32432,deep,0.4,32432,conv.10,10,conv.10:out:10
deep_b40_s32432,deep,0.4,32432,conv.3,79,conv.3:out:79
deep_b40_s32432,deep,0.4,32432,conv.7,105,conv.7:out:105
deep_b40_s32432,deep,0.4,32432,conv.10,144,conv.10:out:144
deep_b40_s32432,deep,0.4,32432,conv.10,217,conv.10:out:217
deep_b40_s32432,deep,0.4,32432,conv.3,104,conv.3:out:104
deep_b40_s32432,deep,0.4,32432,conv.10,141,conv.10:out:141
deep_b40_s32432,deep,0.4,32432,conv.7,55,conv.7:out:55
deep_b40_s32432,deep,0.4,32432,conv.7,16,conv.7:out:16
deep_b40_s32432,deep,0.4,32432,conv.3,60,conv.3:out:60
deep_b40_s32432,deep,0.4,32432,conv.3,39,conv.3:out:39
deep_b40_s32432,deep,0.4,32432,conv.3,18,conv.3:out:18
deep_b40_s32432,deep,0.4,32432,conv.0,24,conv.0:out:24
deep_b40_s32432,deep,0.4,32432,conv.3,93,conv.3:out:93
deep_b40_s32432,deep,0.4,32432,conv.3,55,conv.3:out:55
deep_b40_s32432,deep,0.4,32432,conv.10,62,conv.10:out:62
deep_b40_s32432,deep,0.4,32432,conv.7,90,conv.7:out:90
deep_b40_s32432,deep,0.4,32432,conv.10,87,conv.10:out:87
deep_b40_s32432,deep,0.4,32432,conv.0,9,conv.0:out:9
deep_b40_s32432,deep,0.4,32432,conv.10,149,conv.10:out:149
deep_b40_s32432,deep,0.4,32432,conv.7,75,conv.7:out:75
deep_b40_s32432,deep,0.4,32432,conv.3,48,conv.3:out:48
deep_b40_s32432,deep,0.4,32432,conv.10,98,conv.10:out:98
deep_b40_s32432,deep,0.4,32432,conv.0,10,conv.0:out:10
deep_b40_s32432,deep,0.4,32432,conv.0,63,conv.0:out:63
deep_b40_s32432,deep,0.4,32432,conv.10,61,conv.10:out:61
deep_b40_s32432,deep,0.4,32432,conv.3,46,conv.3:out:46
deep_b40_s32432,deep,0.4,32432,conv.10,251,conv.10:out:251
deep_b40_s32432,deep,0.4,32432,conv.7,54,conv.7:out:54
deep_b40_s32432,deep,0.4,32432,conv.10,97,conv.10:out:97
deep_b40_s32432,deep,0.4,32432,conv.7,11,conv.7:out:11
deep_b40_s32432,deep,0.4,32432,conv.10,40,conv.10:out:40
deep_b40_s32432,deep,0.4,32432,conv.10,164,conv.10:out:164
deep_b40_s32432,deep,0.4,32432,conv.3,41,conv.3:out:41
deep_b40_s32432,deep,0.4,32432,conv.10,110,conv.10:out:110
deep_b40_s32432,deep,0.4,32432,conv.0,59,conv.0:out:59
deep_b40_s32432,deep,0.4,32432,conv.3,44,conv.3:out:44
deep_b40_s32432,deep,0.4,32432,conv.3,6,conv.3:out:6
deep_b40_s32432,deep,0.4,32432,conv.3,63,conv.3:out:63
deep_b40_s32432,deep,0.4,32432,conv.3,72,conv.3:out:72
deep_b40_s32432,deep,0.4,32432,conv.7,9,conv.7:out:9
deep_b40_s32432,deep,0.4,32432,conv.3,20,conv.3:out:20
deep_b40_s32432,deep,0.4,32432,conv.10,146,conv.10:out:146
deep_b40_s32432,deep,0.4,32432,conv.3,62,conv.3:out:62
deep_b40_s32432,deep,0.4,32432,conv.10,194,conv.10:out:194
deep_b40_s32432,deep,0.4,32432,conv.10,158,conv.10:out:158
deep_b40_s32432,deep,0.4,32432,conv.3,1,conv.3:out:1
deep_b40_s32432,deep,0.4,32432,conv.3,17,conv.3:out:17
deep_b40_s32432,deep,0.4,32432,conv.10,186,conv.10:out:186
deep_b40_s32432,deep,0.4,32432,conv.7,103,conv.7:out:103
deep_b40_s32432,deep,0.4,32432,conv.10,90,conv.10:out:90
deep_b40_s32432,deep,0.4,32432,conv.3,31,conv.3:out:31
deep_b40_s32432,deep,0.4,32432,conv.10,29,conv.10:out:29
deep_b40_s32432,deep,0.4,32432,conv.10,74,conv.10:out:74
deep_b40_s32432,deep,0.4,32432,conv.3,15,conv.3:out:15
deep_b40_s32432,deep,0.4,32432,conv.3,84,conv.3:out:84
deep_b40_s32432,deep,0.4,32432,conv.10,101,conv.10:out:101
deep_b40_s32432,deep,0.4,32432,conv.10,128,conv.10:out:128
deep_b40_s32432,deep,0.4,32432,conv.10,59,conv.10:out:59
deep_b40_s32432,deep,0.4,32432,conv.10,102,conv.10:out:102
deep_b40_s32432,deep,0.4,32432,conv.10,69,conv.10:out:69
deep_b40_s32432,deep,0.4,32432,conv.7,127,conv.7:out:127
deep_b40_s32432,deep,0.4,32432,conv.10,85,conv.10:out:85
deep_b40_s32432,deep,0.4,32432,conv.7,72,conv.7:out:72
deep_b40_s32432,deep,0.4,32432,conv.7,114,conv.7:out:114
deep_b40_s32432,deep,0.4,32432,conv.10,152,conv.10:out:152
deep_b40_s32432,deep,0.4,32432,conv.3,68,conv.3:out:68
deep_b40_s32432,deep,0.4,32432,conv.7,0,conv.7:out:0
deep_b40_s32432,deep,0.4,32432,conv.3,103,conv.3:out:103
deep_b40_s32432,deep,0.4,32432,conv.3,30,conv.3:out:30
deep_b40_s32432,deep,0.4,32432,conv.10,213,conv.10:out:213
deep_b40_s32432,deep,0.4,32432,conv.10,100,conv.10:out:100
deep_b40_s32432,deep,0.4,32432,conv.10,180,conv.10:out:180
deep_b40_s32432,deep,0.4,32432,conv.10,229,conv.10:out:229
deep_b40_s32432,deep,0.4,32432,conv.7,121,conv.7:out:121
deep_b40_s32432,deep,0.4,32432,conv.7,24,conv.7:out:24
deep_b40_s32432,deep,0.4,32432,conv.10,183,conv.10:out:183
deep_b40_s32432,deep,0.4,32432,conv.0,49,conv.0:out:49
deep_b40_s32432,deep,0.4,32432,conv.0,62,conv.0:out:62
deep_b40_s32432,deep,0.4,32432,conv.3,21,conv.3:out:21
deep_b40_s32432,deep,0.4,32432,conv.3,8,conv.3:out:8
deep_b40_s32432,deep,0.4,32432,conv.3,95,conv.3:out:95
deep_b40_s32432,deep,0.4,32432,conv.3,109,conv.3:out:109
deep_b40_s32432,deep,0.4,32432,conv.7,10,conv.7:out:10
deep_b40_s32432,deep,0.4,32432,conv.10,162,conv.10:out:162
deep_b40_s32432,deep,0.4,32432,conv.10,79,conv.10:out:79
deep_b40_s32432,deep,0.4,32432,conv.10,130,conv.10:out:130
deep_b40_s32432,deep,0.4,32432,conv.7,26,conv.7:out:26
deep_b40_s32432,deep,0.4,32432,conv.10,174,conv.10:out:174
deep_b40_s32432,deep,0.4,32432,conv.3,101,conv.3:out:101
deep_b40_s32432,deep,0.4,32432,conv.10,106,conv.10:out:106
deep_b40_s32432,deep,0.4,32432,conv.10,114,conv.10:out:114
deep_b40_s32432,deep,0.4,32432,conv.7,19,conv.7:out:19
deep_b40_s32432,deep,0.4,32432,conv.0,51,conv.0:out:51
deep_b40_s32432,deep,0.4,32432,conv.10,222,conv.10:out:222
deep_b40_s32432,deep,0.4,32432,conv.3,78,conv.3:out:78
deep_b40_s32432,deep,0.4,32432,conv.10,234,conv.10:out:234
deep_b40_s32432,deep,0.4,32432,conv.7,7,conv.7:out:7
deep_b40_s32432,deep,0.4,32432,conv.3,123,conv.3:out:123
deep_b40_s32432,deep,0.4,32432,conv.3,87,conv.3:out:87
deep_b40_s32432,deep,0.4,32432,conv.10,220,conv.10:out:220
deep_b40_s32432,deep,0.4,32432,conv.7,100,conv.7:out:100
deep_b40_s32432,deep,0.4,32432,conv.0,34,conv.0:out:34
deep_b40_s32432,deep,0.4,32432,conv.10,36,conv.10:out:36
deep_b40_s32432,deep,0.4,32432,conv.7,112,conv.7:out:112
deep_b40_s32433,deep,0.4,32433,conv.10,230,conv.10:out:230
deep_b40_s32433,deep,0.4,32433,conv.10,106,conv.10:out:106
deep_b40_s32433,deep,0.4,32433,conv.7,38,conv.7:out:38
deep_b40_s32433,deep,0.4,32433,conv.10,156,conv.10:out:156
deep_b40_s32433,deep,0.4,32433,conv.0,39,conv.0:out:39
deep_b40_s32433,deep,0.4,32433,conv.10,211,conv.10:out:211
deep_b40_s32433,deep,0.4,32433,conv.7,71,conv.7:out:71
deep_b40_s32433,deep,0.4,32433,conv.10,32,conv.10:out:32
deep_b40_s32433,deep,0.4,32433,conv.10,53,conv.10:out:53
deep_b40_s32433,deep,0.4,32433,conv.10,113,conv.10:out:113
deep_b40_s32433,deep,0.4,32433,conv.7,41,conv.7:out:41
deep_b40_s32433,deep,0.4,32433,conv.0,62,conv.0:out:62
deep_b40_s32433,deep,0.4,32433,conv.3,75,conv.3:out:75
deep_b40_s32433,deep,0.4,32433,conv.10,155,conv.10:out:155
deep_b40_s32433,deep,0.4,32433,conv.10,201,conv.10:out:201
deep_b40_s32433,deep,0.4,32433,conv.3,126,conv.3:out:126
deep_b40_s32433,deep,0.4,32433,conv.7,99,conv.7:out:99
deep_b40_s32433,deep,0.4,32433,conv.10,248,conv.10:out:248
deep_b40_s32433,deep,0.4,32433,conv.7,49,conv.7:out:49
deep_b40_s32433,deep,0.4,32433,conv.3,121,conv.3:out:121
deep_b40_s32433,deep,0.4,32433,conv.10,35,conv.10:out:35
deep_b40_s32433,deep,0.4,32433,conv.10,51,conv.10:out:51
deep_b40_s32433,deep,0.4,32433,conv.10,205,conv.10:out:205
deep_b40_s32433,deep,0.4,32433,conv.7,117,conv.7:out:117
deep_b40_s32433,deep,0.4,32433,conv.3,86,conv.3:out:86
deep_b40_s32433,deep,0.4,32433,conv.0,22,conv.0:out:22
deep_b40_s32433,deep,0.4,32433,conv.10,177,conv.10:out:177
deep_b40_s32433,deep,0.4,32433,conv.0,57,conv.0:out:57
deep_b40_s32433,deep,0.4,32433,conv.10,192,conv.10:out:192
deep_b40_s32433,deep,0.4,32433,conv.10,99,conv.10:out:99
deep_b40_s32433,deep,0.4,32433,conv.10,233,conv.10:out:233
deep_b40_s32433,deep,0.4,32433,conv.10,97,conv.10:out:97
deep_b40_s32433,deep,0.4,32433,conv.0,9,conv.0:out:9
deep_b40_s32433,deep,0.4,32433,conv.7,67,conv.7:out:67
deep_b40_s32433,deep,0.4,32433,conv.10,69,conv.10:out:69
deep_b40_s32433,deep,0.4,32433,conv.3,31,conv.3:out:31
deep_b40_s32433,deep,0.4,32433,conv.10,175,conv.10:out:175
deep_b40_s32433,deep,0.4,32433,conv.10,178,conv.10:out:178
deep_b40_s32433,deep,0.4,32433,conv.10,255,conv.10:out:255
deep_b40_s32433,deep,0.4,32433,conv.10,55,conv.10:out:55
deep_b40_s32433,deep,0.4,32433,conv.10,44,conv.10:out:44
deep_b40_s32433,deep,0.4,32433,conv.3,37,conv.3:out:37
deep_b40_s32433,deep,0.4,32433,conv.10,123,conv.10:out:123
deep_b40_s32433,deep,0.4,32433,conv.10,125,conv.10:out:125
deep_b40_s32433,deep,0.4,32433,conv.3,111,conv.3:out:111
deep_b40_s32433,deep,0.4,32433,conv.7,9,conv.7:out:9
deep_b40_s32433,deep,0.4,32433,conv.10,74,conv.10:out:74
deep_b40_s32433,deep,0.4,32433,conv.3,65,conv.3:out:65
deep_b40_s32433,deep,0.4,32433,conv.7,46,conv.7:out:46
deep_b40_s32433,deep,0.4,32433,conv.0,5,conv.0:out:5
deep_b40_s32433,deep,0.4,32433,conv.10,243,conv.10:out:243
deep_b40_s32433,deep,0.4,32433,conv.3,28,conv.3:out:28
deep_b40_s32433,deep,0.4,32433,conv.10,244,conv.10:out:244
deep_b40_s32433,deep,0.4,32433,conv.7,28,conv.7:out:28
deep_b40_s32433,deep,0.4,32433,conv.3,7,conv.3:out:7
deep_b40_s32433,deep,0.4,32433,conv.7,120,conv.7:out:120
deep_b40_s32433,deep,0.4,32433,conv.3,2,conv.3:out:2
deep_b40_s32433,deep,0.4,32433,conv.7,5,conv.7:out:5
deep_b40_s32433,deep,0.4,32433,conv.7,82,conv.7:out:82
deep_b40_s32433,deep,0.4,32433,conv.7,50,conv.7:out:50
deep_b40_s32433,deep,0.4,32433,conv.3,12,conv.3:out:12
deep_b40_s32433,deep,0.4,32433,conv.7,89,conv.7:out:89
deep_b40_s32433,deep,0.4,32433,conv.7,30,conv.7:out:30
deep_b40_s32433,deep,0.4,32433,conv.10,89,conv.10:out:89
deep_b40_s32433,deep,0.4,32433,conv.3,15,conv.3:out:15
deep_b40_s32433,deep,0.4,32433,conv.10,29,conv.10:out:29
deep_b40_s32433,deep,0.4,32433,conv.10,181,conv.10:out:181
deep_b40_s32433,deep,0.4,32433,conv.0,42,conv.0:out:42
deep_b40_s32433,deep,0.4,32433,conv.0,27,conv.0:out:27
deep_b40_s32433,deep,0.4,32433,conv.3,113,conv.3:out:113
deep_b40_s32433,deep,0.4,32433,conv.10,194,conv.10:out:194
deep_b40_s32433,deep,0.4,32433,conv.10,88,conv.10:out:88
deep_b40_s32433,deep,0.4,32433,conv.3,26,conv.3:out:26
deep_b40_s32433,deep,0.4,32433,conv.3,53,conv.3:out:53
deep_b40_s32433,deep,0.4,32433,conv.3,80,conv.3:out:80
deep_b40_s32433,deep,0.4,32433,conv.0,8,conv.0:out:8
deep_b40_s32433,deep,0.4,32433,conv.10,166,conv.10:out:166
deep_b40_s32433,deep,0.4,32433,conv.0,54,conv.0:out:54
deep_b40_s32433,deep,0.4,32433,conv.0,37,conv.0:out:37
deep_b40_s32433,deep,0.4,32433,conv.10,43,conv.10:out:43
deep_b40_s32433,deep,0.4,32433,conv.10,24,conv.10:out:24
deep_b40_s32433,deep,0.4,32433,conv.3,99,conv.3:out:99
deep_b40_s32433,deep,0.4,32433,conv.0,34,conv.0:out:34
deep_b40_s32433,deep,0.4,32433,conv.10,159,conv.10:out:159
deep_b40_s32433,deep,0.4,32433,conv.7,10,conv.7:out:10
deep_b40_s32433,deep,0.4,32433,conv.0,11,conv.0:out:11
deep_b40_s32433,deep,0.4,32433,conv.7,21,conv.7:out:21
deep_b40_s32433,deep,0.4,32433,conv.10,59,conv.10:out:59
deep_b40_s32433,deep,0.4,32433,conv.10,110,conv.10:out:110
deep_b40_s32433,deep,0.4,32433,conv.10,137,conv.10:out:137
deep_b40_s32433,deep,0.4,32433,conv.3,106,conv.3:out:106
deep_b40_s32433,deep,0.4,32433,conv.3,10,conv.3:out:10
deep_b40_s32433,deep,0.4,32433,conv.10,37,conv.10:out:37
deep_b40_s32433,deep,0.4,32433,conv.10,9,conv.10:out:9
deep_b40_s32433,deep,0.4,32433,conv.0,13,conv.0:out:13
deep_b40_s32433,deep,0.4,32433,conv.10,191,conv.10:out:191
deep_b40_s32433,deep,0.4,32433,conv.10,84,conv.10:out:84
deep_b40_s32433,deep,0.4,32433,conv.7,76,conv.7:out:76
deep_b40_s32433,deep,0.4,32433,conv.7,61,conv.7:out:61
deep_b40_s32433,deep,0.4,32433,conv.10,25,conv.10:out:25
deep_b40_s32433,deep,0.4,32433,conv.10,208,conv.10:out:208
deep_b40_s32433,deep,0.4,32433,conv.3,36,conv.3:out:36
deep_b40_s32433,deep,0.4,32433,conv.10,23,conv.10:out:23
deep_b40_s32433,deep,0.4,32433,conv.10,22,conv.10:out:22
deep_b40_s32433,deep,0.4,32433,conv.10,5,conv.10:out:5
deep_b40_s32433,deep,0.4,32433,conv.3,88,conv.3:out:88
deep_b40_s32433,deep,0.4,32433,conv.7,13,conv.7:out:13
deep_b40_s32433,deep,0.4,32433,conv.0,28,conv.0:out:28
deep_b40_s32433,deep,0.4,32433,conv.10,216,conv.10:out:216
deep_b40_s32433,deep,0.4,32433,conv.10,195,conv.10:out:195
deep_b40_s32433,deep,0.4,32433,conv.7,2,conv.7:out:2
deep_b40_s32433,deep,0.4,32433,conv.7,19,conv.7:out:19
deep_b40_s32433,deep,0.4,32433,conv.3,67,conv.3:out:67
deep_b40_s32433,deep,0.4,32433,conv.3,73,conv.3:out:73
deep_b40_s32433,deep,0.4,32433,conv.10,180,conv.10:out:180
deep_b40_s32433,deep,0.4,32433,conv.10,224,conv.10:out:224
deep_b40_s32433,deep,0.4,32433,conv.3,11,conv.3:out:11
deep_b40_s32433,deep,0.4,32433,conv.10,115,conv.10:out:115
deep_b40_s32433,deep,0.4,32433,conv.0,46,conv.0:out:46
deep_b40_s32433,deep,0.4,32433,conv.3,34,conv.3:out:34
deep_b40_s32433,deep,0.4,32433,conv.0,61,conv.0:out:61
deep_b40_s32433,deep,0.4,32433,conv.3,69,conv.3:out:69
deep_b40_s32433,deep,0.4,32433,conv.10,27,conv.10:out:27
deep_b40_s32433,deep,0.4,32433,conv.10,64,conv.10:out:64
deep_b40_s32433,deep,0.4,32433,conv.0,17,conv.0:out:17
deep_b40_s32433,deep,0.4,32433,conv.7,34,conv.7:out:34
deep_b40_s32433,deep,0.4,32433,conv.0,51,conv.0:out:51
deep_b40_s32433,deep,0.4,32433,conv.7,26,conv.7:out:26
deep_b40_s32433,deep,0.4,32433,conv.10,162,conv.10:out:162
deep_b40_s32433,deep,0.4,32433,conv.0,31,conv.0:out:31
deep_b40_s32433,deep,0.4,32433,conv.10,86,conv.10:out:86
deep_b40_s32433,deep,0.4,32433,conv.7,80,conv.7:out:80
deep_b40_s32434,deep,0.4,32434,conv.3,123,conv.3:out:123
deep_b40_s32434,deep,0.4,32434,conv.3,57,conv.3:out:57
deep_b40_s32434,deep,0.4,32434,conv.7,100,conv.7:out:100
deep_b40_s32434,deep,0.4,32434,conv.7,120,conv.7:out:120
deep_b40_s32434,deep,0.4,32434,conv.3,54,conv.3:out:54
deep_b40_s32434,deep,0.4,32434,conv.10,114,conv.10:out:114
deep_b40_s32434,deep,0.4,32434,conv.0,54,conv.0:out:54
deep_b40_s32434,deep,0.4,32434,conv.10,216,conv.10:out:216
deep_b40_s32434,deep,0.4,32434,conv.7,107,conv.7:out:107
deep_b40_s32434,deep,0.4,32434,conv.10,186,conv.10:out:186
deep_b40_s32434,deep,0.4,32434,conv.10,185,conv.10:out:185
deep_b40_s32434,deep,0.4,32434,conv.3,89,conv.3:out:89
deep_b40_s32434,deep,0.4,32434,conv.10,176,conv.10:out:176
deep_b40_s32434,deep,0.4,32434,conv.0,10,conv.0:out:10
deep_b40_s32434,deep,0.4,32434,conv.10,181,conv.10:out:181
deep_b40_s32434,deep,0.4,32434,conv.10,158,conv.10:out:158
deep_b40_s32434,deep,0.4,32434,conv.3,19,conv.3:out:19
deep_b40_s32434,deep,0.4,32434,conv.10,84,conv.10:out:84
deep_b40_s32434,deep,0.4,32434,conv.3,109,conv.3:out:109
deep_b40_s32434,deep,0.4,32434,conv.10,87,conv.10:out:87
deep_b40_s32434,deep,0.4,32434,conv.7,90,conv.7:out:90
deep_b40_s32434,deep,0.4,32434,conv.10,98,conv.10:out:98
deep_b40_s32434,deep,0.4,32434,conv.7,56,conv.7:out:56
deep_b40_s32434,deep,0.4,32434,conv.3,110,conv.3:out:110
deep_b40_s32434,deep,0.4,32434,conv.10,180,conv.10:out:180
deep_b40_s32434,deep,0.4,32434,conv.10,215,conv.10:out:215
deep_b40_s32434,deep,0.4,32434,conv.7,24,conv.7:out:24
deep_b40_s32434,deep,0.4,32434,conv.7,86,conv.7:out:86
deep_b40_s32434,deep,0.4,32434,conv.10,35,conv.10:out:35
deep_b40_s32434,deep,0.4,32434,conv.7,35,conv.7:out:35
deep_b40_s32434,deep,0.4,32434,conv.10,245,conv.10:out:245
deep_b40_s32434,deep,0.4,32434,conv.3,62,conv.3:out:62
deep_b40_s32434,deep,0.4,32434,conv.7,22,conv.7:out:22
deep_b40_s32434,deep,0.4,32434,conv.10,104,conv.10:out:104
deep_b40_s32434,deep,0.4,32434,conv.7,58,conv.7:out:58
deep_b40_s32434,deep,0.4,32434,conv.3,115,conv.3:out:115
deep_b40_s32434,deep,0.4,32434,conv.10,160,conv.10:out:160
deep_b40_s32434,deep,0.4,32434,conv.10,3,conv.10:out:3
deep_b40_s32434,deep,0.4,32434,conv.7,41,conv.7:out:41
deep_b40_s32434,deep,0.4,32434,conv.3,51,conv.3:out:51
deep_b40_s32434,deep,0.4,32434,conv.10,163,conv.10:out:163
deep_b40_s32434,deep,0.4,32434,conv.7,3,conv.7:out:3
deep_b40_s32434,deep,0.4,32434,conv.7,68,conv.7:out:68
deep_b40_s32434,deep,0.4,32434,conv.10,239,conv.10:out:239
deep_b40_s32434,deep,0.4,32434,conv.7,27,conv.7:out:27
deep_b40_s32434,deep,0.4,32434,conv.7,36,conv.7:out:36
deep_b40_s32434,deep,0.4,32434,conv.7,19,conv.7:out:19
deep_b40_s32434,deep,0.4,32434,conv.10,142,conv.10:out:142
deep_b40_s32434,deep,0.4,32434,conv.3,97,conv.3:out:97
deep_b40_s32434,deep,0.4,32434,conv.10,144,conv.10:out:144
deep_b40_s32434,deep,0.4,32434,conv.3,53,conv.3:out:53
deep_b40_s32434,deep,0.4,32434,conv.10,222,conv.10:out:222
deep_b40_s32434,deep,0.4,32434,conv.10,120,conv.10:out:120
deep_b40_s32434,deep,0.4,32434,conv.10,71,conv.10:out:71
deep_b40_s32434,deep,0.4,32434,conv.10,229,conv.10:out:229
deep_b40_s32434,deep,0.4,32434,conv.10,233,conv.10:out:233
deep_b40_s32434,deep,0.4,32434,conv.10,30,conv.10:out:30
deep_b40_s32434,deep,0.4,32434,conv.10,184,conv.10:out:184
deep_b40_s32434,deep,0.4,32434,conv.10,58,conv.10:out:58
deep_b40_s32434,deep,0.4,32434,conv.7,33,conv.7:out:33
deep_b40_s32434,deep,0.4,32434,conv.7,16,conv.7:out:16
deep_b40_s32434,deep,0.4,32434,conv.7,124,conv.7:out:124
deep_b40_s32434,deep,0.4,32434,conv.10,248,conv.10:out:248
deep_b40_s32434,deep,0.4,32434,conv.10,106,conv.10:out:106
deep_b40_s32434,deep,0.4,32434,conv.10,89,conv.10:out:89
deep_b40_s32434,deep,0.4,32434,conv.3,82,conv.3:out:82
deep_b40_s32434,deep,0.4,32434,conv.3,81,conv.3:out:81
deep_b40_s32434,deep,0.4,32434,conv.10,6,conv.10:out:6
deep_b40_s32434,deep,0.4,32434,conv.3,116,conv.3:out:116
deep_b40_s32434,deep,0.4,32434,conv.7,55,conv.7:out:55
deep_b40_s32434,deep,0.4,32434,conv.10,36,conv.10:out:36
deep_b40_s32434,deep,0.4,32434,conv.10,242,conv.10:out:242
deep_b40_s32434,deep,0.4,32434,conv.10,28,conv.10:out:28
deep_b40_s32434,deep,0.4,32434,conv.3,36,conv.3:out:36
deep_b40_s32434,deep,0.4,32434,conv.10,194,conv.10:out:194
deep_b40_s32434,deep,0.4,32434,conv.3,94,conv.3:out:94
deep_b40_s32434,deep,0.4,32434,conv.0,49,conv.0:out:49
deep_b40_s32434,deep,0.4,32434,conv.7,108,conv.7:out:108
deep_b40_s32434,deep,0.4,32434,conv.0,45,conv.0:out:45
deep_b40_s32434,deep,0.4,32434,conv.10,253,conv.10:out:253
deep_b40_s32434,deep,0.4,32434,conv.0,57,conv.0:out:57
deep_b40_s32434,deep,0.4,32434,conv.7,2,conv.7:out:2
deep_b40_s32434,deep,0.4,32434,conv.10,161,conv.10:out:161
deep_b40_s32434,deep,0.4,32434,conv.7,117,conv.7:out:117
deep_b40_s32434,deep,0.4,32434,conv.3,91,conv.3:out:91
deep_b40_s32434,deep,0.4,32434,conv.10,255,conv.10:out:255
deep_b40_s32434,deep,0.4,32434,conv.10,49,conv.10:out:49
deep_b40_s32434,deep,0.4,32434,conv.10,109,conv.10:out:109
deep_b40_s32434,deep,0.4,32434,conv.7,49,conv.7:out:49
deep_b40_s32434,deep,0.4,32434,conv.7,74,conv.7:out:74
deep_b40_s32434,deep,0.4,32434,conv.0,12,conv.0:out:12
deep_b40_s32434,deep,0.4,32434,conv.7,70,conv.7:out:70
deep_b40_s32434,deep,0.4,32434,conv.3,73,conv.3:out:73
deep_b40_s32434,deep,0.4,32434,conv.10,25,conv.10:out:25
deep_b40_s32434,deep,0.4,32434,conv.10,182,conv.10:out:182
deep_b40_s32434,deep,0.4,32434,conv.10,74,conv.10:out:74
deep_b40_s32434,deep,0.4,32434,conv.10,56,conv.10:out:56
deep_b40_s32434,deep,0.4,32434,conv.0,21,conv.0:out:21
deep_b40_s32434,deep,0.4,32434,conv.10,200,conv.10:out:200
deep_b40_s32434,deep,0.4,32434,conv.3,77,conv.3:out:77
deep_b40_s32434,deep,0.4,32434,conv.10,246,conv.10:out:246
deep_b40_s32434,deep,0.4,32434,conv.10,236,conv.10:out:236
deep_b40_s32434,deep,0.4,32434,conv.0,3,conv.0:out:3
deep_b40_s32434,deep,0.4,32434,conv.10,40,conv.10:out:40
deep_b40_s32434,deep,0.4,32434,conv.10,57,conv.10:out:57
deep_b40_s32434,deep,0.4,32434,conv.7,31,conv.7:out:31
deep_b40_s32434,deep,0.4,32434,conv.3,68,conv.3:out:68
deep_b40_s32434,deep,0.4,32434,conv.7,62,conv.7:out:62
deep_b40_s32434,deep,0.4,32434,conv.0,22,conv.0:out:22
deep_b40_s32434,deep,0.4,32434,conv.7,47,conv.7:out:47
deep_b40_s32434,deep,0.4,32434,conv.0,14,conv.0:out:14
deep_b40_s32434,deep,0.4,32434,conv.10,135,conv.10:out:135
deep_b40_s32434,deep,0.4,32434,conv.7,110,conv.7:out:110
deep_b40_s32434,deep,0.4,32434,conv.10,112,conv.10:out:112
deep_b40_s32434,deep,0.4,32434,conv.10,21,conv.10:out:21
deep_b40_s32434,deep,0.4,32434,conv.3,35,conv.3:out:35
deep_b40_s32434,deep,0.4,32434,conv.3,99,conv.3:out:99
deep_b40_s32434,deep,0.4,32434,conv.10,177,conv.10:out:177
deep_b40_s32434,deep,0.4,32434,conv.10,164,conv.10:out:164
deep_b40_s32434,deep,0.4,32434,conv.3,74,conv.3:out:74
deep_b40_s32434,deep,0.4,32434,conv.10,79,conv.10:out:79
deep_b40_s32434,deep,0.4,32434,conv.0,15,conv.0:out:15
deep_b40_s32434,deep,0.4,32434,conv.10,125,conv.10:out:125
deep_b40_s32434,deep,0.4,32434,conv.10,100,conv.10:out:100
deep_b40_s32434,deep,0.4,32434,conv.3,55,conv.3:out:55
deep_b40_s32434,deep,0.4,32434,conv.10,2,conv.10:out:2
deep_b40_s32434,deep,0.4,32434,conv.3,107,conv.3:out:107
deep_b40_s32434,deep,0.4,32434,conv.10,201,conv.10:out:201
deep_b40_s32434,deep,0.4,32434,conv.0,60,conv.0:out:60
deep_b40_s32434,deep,0.4,32434,conv.10,230,conv.10:out:230
deep_b40_s32434,deep,0.4,32434,conv.3,33,conv.3:out:33
deep_b40_s32434,deep,0.4,32434,conv.7,78,conv.7:out:78
deep_b40_s32435,deep,0.4,32435,conv.10,109,conv.10:out:109
deep_b40_s32435,deep,0.4,32435,conv.7,41,conv.7:out:41
deep_b40_s32435,deep,0.4,32435,conv.3,65,conv.3:out:65
deep_b40_s32435,deep,0.4,32435,conv.10,46,conv.10:out:46
deep_b40_s32435,deep,0.4,32435,conv.3,50,conv.3:out:50
deep_b40_s32435,deep,0.4,32435,conv.10,134,conv.10:out:134
deep_b40_s32435,deep,0.4,32435,conv.3,53,conv.3:out:53
deep_b40_s32435,deep,0.4,32435,conv.3,34,conv.3:out:34
deep_b40_s32435,deep,0.4,32435,conv.7,13,conv.7:out:13
deep_b40_s32435,deep,0.4,32435,conv.10,16,conv.10:out:16
deep_b40_s32435,deep,0.4,32435,conv.0,0,conv.0:out:0
deep_b40_s32435,deep,0.4,32435,conv.3,91,conv.3:out:91
deep_b40_s32435,deep,0.4,32435,conv.10,65,conv.10:out:65
deep_b40_s32435,deep,0.4,32435,conv.10,80,conv.10:out:80
deep_b40_s32435,deep,0.4,32435,conv.7,63,conv.7:out:63
deep_b40_s32435,deep,0.4,32435,conv.10,142,conv.10:out:142
deep_b40_s32435,deep,0.4,32435,conv.3,94,conv.3:out:94
deep_b40_s32435,deep,0.4,32435,conv.7,89,conv.7:out:89
deep_b40_s32435,deep,0.4,32435,conv.7,21,conv.7:out:21
deep_b40_s32435,deep,0.4,32435,conv.3,27,conv.3:out:27
deep_b40_s32435,deep,0.4,32435,conv.7,88,conv.7:out:88
deep_b40_s32435,deep,0.4,32435,conv.7,115,conv.7:out:115
deep_b40_s32435,deep,0.4,32435,conv.10,107,conv.10:out:107
deep_b40_s32435,deep,0.4,32435,conv.10,197,conv.10:out:197
deep_b40_s32435,deep,0.4,32435,conv.10,78,conv.10:out:78
deep_b40_s32435,deep,0.4,32435,conv.3,38,conv.3:out:38
deep_b40_s32435,deep,0.4,32435,conv.7,49,conv.7:out:49
deep_b40_s32435,deep,0.4,32435,conv.10,230,conv.10:out:230
deep_b40_s32435,deep,0.4,32435,conv.3,59,conv.3:out:59
deep_b40_s32435,deep,0.4,32435,conv.7,47,conv.7:out:47
deep_b40_s32435,deep,0.4,32435,conv.7,51,conv.7:out:51
deep_b40_s32435,deep,0.4,32435,conv.7,122,conv.7:out:122
deep_b40_s32435,deep,0.4,32435,conv.10,223,conv.10:out:223
deep_b40_s32435,deep,0.4,32435,conv.3,98,conv.3:out:98
deep_b40_s32435,deep,0.4,32435,conv.10,45,conv.10:out:45
deep_b40_s32435,deep,0.4,32435,conv.10,226,conv.10:out:226
deep_b40_s32435,deep,0.4,32435,conv.7,39,conv.7:out:39
deep_b40_s32435,deep,0.4,32435,conv.3,18,conv.3:out:18
deep_b40_s32435,deep,0.4,32435,conv.7,17,conv.7:out:17
deep_b40_s32435,deep,0.4,32435,conv.7,124,conv.7:out:124
deep_b40_s32435,deep,0.4,32435,conv.0,45,conv.0:out:45
deep_b40_s32435,deep,0.4,32435,conv.3,16,conv.3:out:16
deep_b40_s32435,deep,0.4,32435,conv.10,132,conv.10:out:132
deep_b40_s32435,deep,0.4,32435,conv.3,31,conv.3:out:31
deep_b40_s32435,deep,0.4,32435,conv.0,39,conv.0:out:39
deep_b40_s32435,deep,0.4,32435,conv.10,48,conv.10:out:48
deep_b40_s32435,deep,0.4,32435,conv.0,52,conv.0:out:52
deep_b40_s32435,deep,0.4,32435,conv.3,93,conv.3:out:93
deep_b40_s32435,deep,0.4,32435,conv.3,3,conv.3:out:3
deep_b40_s32435,deep,0.4,32435,conv.10,133,conv.10:out:133
deep_b40_s32435,deep,0.4,32435,conv.3,64,conv.3:out:64
deep_b40_s32435,deep,0.4,32435,conv.0,20,conv.0:out:20
deep_b40_s32435,deep,0.4,32435,conv.10,92,conv.10:out:92
deep_b40_s32435,deep,0.4,32435,conv.10,15,conv.10:out:15
deep_b40_s32435,deep,0.4,32435,conv.10,191,conv.10:out:191
deep_b40_s32435,deep,0.4,32435,conv.10,26,conv.10:out:26
deep_b40_s32435,deep,0.4,32435,conv.10,117,conv.10:out:117
deep_b40_s32435,deep,0.4,32435,conv.3,122,conv.3:out:122
deep_b40_s32435,deep,0.4,32435,conv.7,92,conv.7:out:92
deep_b40_s32435,deep,0.4,32435,conv.7,64,conv.7:out:64
deep_b40_s32435,deep,0.4,32435,conv.7,37,conv.7:out:37
deep_b40_s32435,deep,0.4,32435,conv.3,14,conv.3:out:14
deep_b40_s32435,deep,0.4,32435,conv.7,36,conv.7:out:36
deep_b40_s32435,deep,0.4,32435,conv.3,112,conv.3:out:112
deep_b40_s32435,deep,0.4,32435,conv.7,113,conv.7:out:113
deep_b40_s32435,deep,0.4,32435,conv.3,104,conv.3:out:104
deep_b40_s32435,deep,0.4,32435,conv.0,6,conv.0:out:6
deep_b40_s32435,deep,0.4,32435,conv.7,98,conv.7:out:98
deep_b40_s32435,deep,0.4,32435,conv.7,93,conv.7:out:93
deep_b40_s32435,deep,0.4,32435,conv.7,26,conv.7:out:26
deep_b40_s32435,deep,0.4,32435,conv.3,47,conv.3:out:47
deep_b40_s32435,deep,0.4,32435,conv.10,185,conv.10:out:185
deep_b40_s32435,deep,0.4,32435,conv.10,214,conv.10:out:214
deep_b40_s32435,deep,0.4,32435,conv.10,19,conv.10:out:19
deep_b40_s32435,deep,0.4,32435,conv.10,213,conv.10:out:213
deep_b40_s32435,deep,0.4,32435,conv.10,206,conv.10:out:206
deep_b40_s32435,deep,0.4,32435,conv.10,103,conv.10:out:103
deep_b40_s32435,deep,0.4,32435,conv.10,52,conv.10:out:52
deep_b40_s32435,deep,0.4,32435,conv.7,40,conv.7:out:40
deep_b40_s32435,deep,0.4,32435,conv.10,190,conv.10:out:190
deep_b40_s32435,deep,0.4,32435,conv.10,39,conv.10:out:39
deep_b40_s32435,deep,0.4,32435,conv.10,33,conv.10:out:33
deep_b40_s32435,deep,0.4,32435,conv.10,32,conv.10:out:32
deep_b40_s32435,deep,0.4,32435,conv.3,71,conv.3:out:71
deep_b40_s32435,deep,0.4,32435,conv.10,6,conv.10:out:6
deep_b40_s32435,deep,0.4,32435,conv.0,33,conv.0:out:33
deep_b40_s32435,deep,0.4,32435,conv.10,56,conv.10:out:56
deep_b40_s32435,deep,0.4,32435,conv.7,91,conv.7:out:91
deep_b40_s32435,deep,0.4,32435,conv.7,83,conv.7:out:83
deep_b40_s32435,deep,0.4,32435,conv.10,153,conv.10:out:153
deep_b40_s32435,deep,0.4,32435,conv.10,239,conv.10:out:239
deep_b40_s32435,deep,0.4,32435,conv.10,113,conv.10:out:113
deep_b40_s32435,deep,0.4,32435,conv.3,120,conv.3:out:120
deep_b40_s32435,deep,0.4,32435,conv.10,0,conv.10:out:0
deep_b40_s32435,deep,0.4,32435,conv.0,31,conv.0:out:31
deep_b40_s32435,deep,0.4,32435,conv.3,111,conv.3:out:111
deep_b40_s32435,deep,0.4,32435,conv.7,22,conv.7:out:22
deep_b40_s32435,deep,0.4,32435,conv.0,40,conv.0:out:40
deep_b40_s32435,deep,0.4,32435,conv.3,19,conv.3:out:19
deep_b40_s32435,deep,0.4,32435,conv.10,148,conv.10:out:148
deep_b40_s32435,deep,0.4,32435,conv.7,120,conv.7:out:120
deep_b40_s32435,deep,0.4,32435,conv.3,103,conv.3:out:103
deep_b40_s32435,deep,0.4,32435,conv.3,44,conv.3:out:44
deep_b40_s32435,deep,0.4,32435,conv.0,49,conv.0:out:49
deep_b40_s32435,deep,0.4,32435,conv.0,7,conv.0:out:7
deep_b40_s32435,deep,0.4,32435,conv.3,62,conv.3:out:62
deep_b40_s32435,deep,0.4,32435,conv.7,109,conv.7:out:109
deep_b40_s32435,deep,0.4,32435,conv.3,10,conv.3:out:10
deep_b40_s32435,deep,0.4,32435,conv.10,17,conv.10:out:17
deep_b40_s32435,deep,0.4,32435,conv.10,208,conv.10:out:208
deep_b40_s32435,deep,0.4,32435,conv.10,217,conv.10:out:217
deep_b40_s32435,deep,0.4,32435,conv.10,12,conv.10:out:12
deep_b40_s32435,deep,0.4,32435,conv.0,5,conv.0:out:5
deep_b40_s32435,deep,0.4,32435,conv.10,135,conv.10:out:135
deep_b40_s32435,deep,0.4,32435,conv.10,73,conv.10:out:73
deep_b40_s32435,deep,0.4,32435,conv.10,182,conv.10:out:182
deep_b40_s32435,deep,0.4,32435,conv.3,33,conv.3:out:33
deep_b40_s32435,deep,0.4,32435,conv.10,31,conv.10:out:31
deep_b40_s32435,deep,0.4,32435,conv.7,46,conv.7:out:46
deep_b40_s32435,deep,0.4,32435,conv.10,93,conv.10:out:93
deep_b40_s32435,deep,0.4,32435,conv.3,15,conv.3:out:15
deep_b40_s32435,deep,0.4,32435,conv.10,75,conv.10:out:75
deep_b40_s32435,deep,0.4,32435,conv.10,70,conv.10:out:70
deep_b40_s32435,deep,0.4,32435,conv.10,29,conv.10:out:29
deep_b40_s32435,deep,0.4,32435,conv.3,12,conv.3:out:12
deep_b40_s32435,deep,0.4,32435,conv.7,44,conv.7:out:44
deep_b40_s32436,deep,0.4,32436,conv.7,82,conv.7:out:82
deep_b40_s32436,deep,0.4,32436,conv.10,247,conv.10:out:247
deep_b40_s32436,deep,0.4,32436,conv.3,19,conv.3:out:19
deep_b40_s32436,deep,0.4,32436,conv.10,32,conv.10:out:32
deep_b40_s32436,deep,0.4,32436,conv.3,109,conv.3:out:109
deep_b40_s32436,deep,0.4,32436,conv.10,0,conv.10:out:0
deep_b40_s32436,deep,0.4,32436,conv.10,139,conv.10:out:139
deep_b40_s32436,deep,0.4,32436,conv.7,119,conv.7:out:119
deep_b40_s32436,deep,0.4,32436,conv.3,24,conv.3:out:24
deep_b40_s32436,deep,0.4,32436,conv.3,35,conv.3:out:35
deep_b40_s32436,deep,0.4,32436,conv.3,83,conv.3:out:83
deep_b40_s32436,deep,0.4,32436,conv.7,78,conv.7:out:78
deep_b40_s32436,deep,0.4,32436,conv.10,121,conv.10:out:121
deep_b40_s32436,deep,0.4,32436,conv.7,99,conv.7:out:99
deep_b40_s32436,deep,0.4,32436,conv.3,87,conv.3:out:87
deep_b40_s32436,deep,0.4,32436,conv.3,119,conv.3:out:119
deep_b40_s32436,deep,0.4,32436,conv.7,28,conv.7:out:28
deep_b40_s32436,deep,0.4,32436,conv.10,180,conv.10:out:180
deep_b40_s32436,deep,0.4,32436,conv.10,177,conv.10:out:177
deep_b40_s32436,deep,0.4,32436,conv.3,82,conv.3:out:82
deep_b40_s32436,deep,0.4,32436,conv.10,214,conv.10:out:214
deep_b40_s32436,deep,0.4,32436,conv.10,154,conv.10:out:154
deep_b40_s32436,deep,0.4,32436,conv.7,71,conv.7:out:71
deep_b40_s32436,deep,0.4,32436,conv.3,6,conv.3:out:6
deep_b40_s32436,deep,0.4,32436,conv.10,222,conv.10:out:222
deep_b40_s32436,deep,0.4,32436,conv.10,7,conv.10:out:7
deep_b40_s32436,deep,0.4,32436,conv.10,99,conv.10:out:99
deep_b40_s32436,deep,0.4,32436,conv.7,108,conv.7:out:108
deep_b40_s32436,deep,0.4,32436,conv.3,113,conv.3:out:113
deep_b40_s32436,deep,0.4,32436,conv.7,0,conv.7:out:0
deep_b40_s32436,deep,0.4,32436,conv.3,42,conv.3:out:42
deep_b40_s32436,deep,0.4,32436,conv.3,16,conv.3:out:16
deep_b40_s32436,deep,0.4,32436,conv.7,95,conv.7:out:95
deep_b40_s32436,deep,0.4,32436,conv.3,70,conv.3:out:70
deep_b40_s32436,deep,0.4,32436,conv.10,137,conv.10:out:137
deep_b40_s32436,deep,0.4,32436,conv.7,33,conv.7:out:33
deep_b40_s32436,deep,0.4,32436,conv.7,11,conv.7:out:11
deep_b40_s32436,deep,0.4,32436,conv.10,33,conv.10:out:33
deep_b40_s32436,deep,0.4,32436,conv.10,110,conv.10:out:110
deep_b40_s32436,deep,0.4,32436,conv.0,59,conv.0:out:59
deep_b40_s32436,deep,0.4,32436,conv.3,91,conv.3:out:91
deep_b40_s32436,deep,0.4,32436,conv.7,120,conv.7:out:120
deep_b40_s32436,deep,0.4,32436,conv.3,112,conv.3:out:112
deep_b40_s32436,deep,0.4,32436,conv.10,115,conv.10:out:115
deep_b40_s32436,deep,0.4,32436,conv.7,32,conv.7:out:32
deep_b40_s32436,deep,0.4,32436,conv.7,68,conv.7:out:68
deep_b40_s32436,deep,0.4,32436,conv.3,90,conv.3:out:90
deep_b40_s32436,deep,0.4,32436,conv.10,187,conv.10:out:187
deep_b40_s32436,deep,0.4,32436,conv.3,81,conv.3:out:81
deep_b40_s32436,deep,0.4,32436,conv.10,75,conv.10:out:75
deep_b40_s32436,deep,0.4,32436,conv.3,104,conv.3:out:104
deep_b40_s32436,deep,0.4,32436,conv.10,95,conv.10:out:95
deep_b40_s32436,deep,0.4,32436,conv.10,109,conv.10:out:109
deep_b40_s32436,deep,0.4,32436,conv.10,106,conv.10:out:106
deep_b40_s32436,deep,0.4,32436,conv.3,38,conv.3:out:38
deep_b40_s32436,deep,0.4,32436,conv.10,92,conv.10:out:92
deep_b40_s32436,deep,0.4,32436,conv.7,87,conv.7:out:87
deep_b40_s32436,deep,0.4,32436,conv.3,106,conv.3:out:106
deep_b40_s32436,deep,0.4,32436,conv.3,56,conv.3:out:56
deep_b40_s32436,deep,0.4,32436,conv.10,10,conv.10:out:10
deep_b40_s32436,deep,0.4,32436,conv.0,50,conv.0:out:50
deep_b40_s32436,deep,0.4,32436,conv.10,28,conv.10:out:28
deep_b40_s32436,deep,0.4,32436,conv.10,122,conv.10:out:122
deep_b40_s32436,deep,0.4,32436,conv.0,26,conv.0:out:26
deep_b40_s32436,deep,0.4,32436,conv.3,99,conv.3:out:99
deep_b40_s32436,deep,0.4,32436,conv.7,115,conv.7:out:115
deep_b40_s32436,deep,0.4,32436,conv.7,1,conv.7:out:1
deep_b40_s32436,deep,0.4,32436,conv.3,60,conv.3:out:60
deep_b40_s32436,deep,0.4,32436,conv.10,209,conv.10:out:209
deep_b40_s32436,deep,0.4,32436,conv.0,63,conv.0:out:63
deep_b40_s32436,deep,0.4,32436,conv.10,4,conv.10:out:4
deep_b40_s32436,deep,0.4,32436,conv.10,133,conv.10:out:133
deep_b40_s32436,deep,0.4,32436,conv.10,254,conv.10:out:254
deep_b40_s32436,deep,0.4,32436,conv.7,86,conv.7:out:86
deep_b40_s32436,deep,0.4,32436,conv.3,72,conv.3:out:72
deep_b40_s32436,deep,0.4,32436,conv.3,68,conv.3:out:68
deep_b40_s32436,deep,0.4,32436,conv.7,65,conv.7:out:65
deep_b40_s32436,deep,0.4,32436,conv.3,80,conv.3:out:80
deep_b40_s32436,deep,0.4,32436,conv.10,233,conv.10:out:233
deep_b40_s32436,deep,0.4,32436,conv.10,61,conv.10:out:61
deep_b40_s32436,deep,0.4,32436,conv.10,117,conv.10:out:117
deep_b40_s32436,deep,0.4,32436,conv.3,96,conv.3:out:96
deep_b40_s32436,deep,0.4,32436,conv.3,84,conv.3:out:84
deep_b40_s32436,deep,0.4,32436,conv.10,2,conv.10:out:2
deep_b40_s32436,deep,0.4,32436,conv.10,103,conv.10:out:103
deep_b40_s32436,deep,0.4,32436,conv.10,213,conv.10:out:213
deep_b40_s32436,deep,0.4,32436,conv.3,59,conv.3:out:59
deep_b40_s32436,deep,0.4,32436,conv.3,127,conv.3:out:127
deep_b40_s32436,deep,0.4,32436,conv.10,141,conv.10:out:141
deep_b40_s32436,deep,0.4,32436,conv.10,102,conv.10:out:102
deep_b40_s32436,deep,0.4,32436,conv.7,91,conv.7:out:91
deep_b40_s32436,deep,0.4,32436,conv.3,51,conv.3:out:51
deep_b40_s32436,deep,0.4,32436,conv.7,20,conv.7:out:20
deep_b40_s32436,deep,0.4,32436,conv.7,25,conv.7:out:25
deep_b40_s32436,deep,0.4,32436,conv.3,11,conv.3:out:11
deep_b40_s32436,deep,0.4,32436,conv.10,245,conv.10:out:245
deep_b40_s32436,deep,0.4,32436,conv.7,53,conv.7:out:53
deep_b40_s32436,deep,0.4,32436,conv.3,41,conv.3:out:41
deep_b40_s32436,deep,0.4,32436,conv.10,178,conv.10:out:178
deep_b40_s32436,deep,0.4,32436,conv.10,107,conv.10:out:107
deep_b40_s32436,deep,0.4,32436,conv.10,93,conv.10:out:93
deep_b40_s32436,deep,0.4,32436,conv.10,156,conv.10:out:156
deep_b40_s32436,deep,0.4,32436,conv.10,157,conv.10:out:157
deep_b40_s32436,deep,0.4,32436,conv.7,54,conv.7:out:54
deep_b40_s32436,deep,0.4,32436,conv.10,210,conv.10:out:210
deep_b40_s32436,deep,0.4,32436,conv.0,5,conv.0:out:5
deep_b40_s32436,deep,0.4,32436,conv.7,112,conv.7:out:112
deep_b40_s32436,deep,0.4,32436,conv.10,69,conv.10:out:69
deep_b40_s32436,deep,0.4,32436,conv.10,144,conv.10:out:144
deep_b40_s32436,deep,0.4,32436,conv.10,127,conv.10:out:127
deep_b40_s32436,deep,0.4,32436,conv.0,42,conv.0:out:42
deep_b40_s32436,deep,0.4,32436,conv.3,8,conv.3:out:8
deep_b40_s32436,deep,0.4,32436,conv.7,59,conv.7:out:59
deep_b40_s32436,deep,0.4,32436,conv.10,12,conv.10:out:12
deep_b40_s32436,deep,0.4,32436,conv.10,88,conv.10:out:88
deep_b40_s32436,deep,0.4,32436,conv.10,1,conv.10:out:1
deep_b40_s32436,deep,0.4,32436,conv.10,179,conv.10:out:179
deep_b40_s32436,deep,0.4,32436,conv.7,97,conv.7:out:97
deep_b40_s32436,deep,0.4,32436,conv.10,134,conv.10:out:134
deep_b40_s32436,deep,0.4,32436,conv.7,72,conv.7:out:72
deep_b40_s32436,deep,0.4,32436,conv.10,182,conv.10:out:182
deep_b40_s32436,deep,0.4,32436,conv.7,13,conv.7:out:13
deep_b40_s32436,deep,0.4,32436,conv.0,28,conv.0:out:28
deep_b40_s32436,deep,0.4,32436,conv.0,19,conv.0:out:19
deep_b40_s32436,deep,0.4,32436,conv.10,219,conv.10:out:219
deep_b40_s32436,deep,0.4,32436,conv.10,21,conv.10:out:21
deep_b40_s32436,deep,0.4,32436,conv.10,159,conv.10:out:159
deep_b40_s32436,deep,0.4,32436,conv.10,153,conv.10:out:153
deep_b40_s32436,deep,0.4,32436,conv.3,23,conv.3:out:23
deep_b40_s32436,deep,0.4,32436,conv.10,101,conv.10:out:101
deep_b40_s32437,deep,0.4,32437,conv.10,127,conv.10:out:127
deep_b40_s32437,deep,0.4,32437,conv.7,89,conv.7:out:89
deep_b40_s32437,deep,0.4,32437,conv.10,209,conv.10:out:209
deep_b40_s32437,deep,0.4,32437,conv.0,52,conv.0:out:52
deep_b40_s32437,deep,0.4,32437,conv.10,243,conv.10:out:243
deep_b40_s32437,deep,0.4,32437,conv.10,112,conv.10:out:112
deep_b40_s32437,deep,0.4,32437,conv.3,114,conv.3:out:114
deep_b40_s32437,deep,0.4,32437,conv.10,21,conv.10:out:21
deep_b40_s32437,deep,0.4,32437,conv.10,217,conv.10:out:217
deep_b40_s32437,deep,0.4,32437,conv.10,232,conv.10:out:232
deep_b40_s32437,deep,0.4,32437,conv.10,160,conv.10:out:160
deep_b40_s32437,deep,0.4,32437,conv.0,63,conv.0:out:63
deep_b40_s32437,deep,0.4,32437,conv.0,32,conv.0:out:32
deep_b40_s32437,deep,0.4,32437,conv.7,30,conv.7:out:30
deep_b40_s32437,deep,0.4,32437,conv.3,65,conv.3:out:65
deep_b40_s32437,deep,0.4,32437,conv.3,42,conv.3:out:42
deep_b40_s32437,deep,0.4,32437,conv.0,19,conv.0:out:19
deep_b40_s32437,deep,0.4,32437,conv.7,90,conv.7:out:90
deep_b40_s32437,deep,0.4,32437,conv.0,35,conv.0:out:35
deep_b40_s32437,deep,0.4,32437,conv.10,187,conv.10:out:187
deep_b40_s32437,deep,0.4,32437,conv.0,51,conv.0:out:51
deep_b40_s32437,deep,0.4,32437,conv.7,21,conv.7:out:21
deep_b40_s32437,deep,0.4,32437,conv.10,236,conv.10:out:236
deep_b40_s32437,deep,0.4,32437,conv.10,65,conv.10:out:65
deep_b40_s32437,deep,0.4,32437,conv.3,8,conv.3:out:8
deep_b40_s32437,deep,0.4,32437,conv.10,182,conv.10:out:182
deep_b40_s32437,deep,0.4,32437,conv.3,37,conv.3:out:37
deep_b40_s32437,deep,0.4,32437,conv.7,35,conv.7:out:35
deep_b40_s32437,deep,0.4,32437,conv.7,96,conv.7:out:96
deep_b40_s32437,deep,0.4,32437,conv.10,186,conv.10:out:186
deep_b40_s32437,deep,0.4,32437,conv.0,0,conv.0:out:0
deep_b40_s32437,deep,0.4,32437,conv.10,249,conv.10:out:249
deep_b40_s32437,deep,0.4,32437,conv.7,70,conv.7:out:70
deep_b40_s32437,deep,0.4,32437,conv.10,34,conv.10:out:34
deep_b40_s32437,deep,0.4,32437,conv.10,142,conv.10:out:142
deep_b40_s32437,deep,0.4,32437,conv.7,44,conv.7:out:44
deep_b40_s32437,deep,0.4,32437,conv.0,5,conv.0:out:5
deep_b40_s32437,deep,0.4,32437,conv.7,24,conv.7:out:24
deep_b40_s32437,deep,0.4,32437,conv.10,228,conv.10:out:228
deep_b40_s32437,deep,0.4,32437,conv.10,178,conv.10:out:178
deep_b40_s32437,deep,0.4,32437,conv.10,147,conv.10:out:147
deep_b40_s32437,deep,0.4,32437,conv.10,106,conv.10:out:106
deep_b40_s32437,deep,0.4,32437,conv.10,31,conv.10:out:31
deep_b40_s32437,deep,0.4,32437,conv.0,29,conv.0:out:29
deep_b40_s32437,deep,0.4,32437,conv.10,248,conv.10:out:248
deep_b40_s32437,deep,0.4,32437,conv.10,239,conv.10:out:239
deep_b40_s32437,deep,0.4,32437,conv.3,49,conv.3:out:49
deep_b40_s32437,deep,0.4,32437,conv.10,229,conv.10:out:229
deep_b40_s32437,deep,0.4,32437,conv.7,110,conv.7:out:110
deep_b40_s32437,deep,0.4,32437,conv.0,1,conv.0:out:1
deep_b40_s32437,deep,0.4,32437,conv.10,181,conv.10:out:181
deep_b40_s32437,deep,0.4,32437,conv.3,84,conv.3:out:84
deep_b40_s32437,deep,0.4,32437,conv.7,94,conv.7:out:94
deep_b40_s32437,deep,0.4,32437,conv.7,34,conv.7:out:34
deep_b40_s32437,deep,0.4,32437,conv.3,85,conv.3:out:85
deep_b40_s32437,deep,0.4,32437,conv.3,71,conv.3:out:71
deep_b40_s32437,deep,0.4,32437,conv.7,5,conv.7:out:5
deep_b40_s32437,deep,0.4,32437,conv.10,92,conv.10:out:92
deep_b40_s32437,deep,0.4,32437,conv.7,75,conv.7:out:75
deep_b40_s32437,deep,0.4,32437,conv.3,110,conv.3:out:110
deep_b40_s32437,deep,0.4,32437,conv.10,44,conv.10:out:44
deep_b40_s32437,deep,0.4,32437,conv.10,206,conv.10:out:206
deep_b40_s32437,deep,0.4,32437,conv.10,145,conv.10:out:145
deep_b40_s32437,deep,0.4,32437,conv.7,107,conv.7:out:107
deep_b40_s32437,deep,0.4,32437,conv.10,32,conv.10:out:32
deep_b40_s32437,deep,0.4,32437,conv.10,208,conv.10:out:208
deep_b40_s32437,deep,0.4,32437,conv.7,121,conv.7:out:121
deep_b40_s32437,deep,0.4,32437,conv.7,122,conv.7:out:122
deep_b40_s32437,deep,0.4,32437,conv.3,82,conv.3:out:82
deep_b40_s32437,deep,0.4,32437,conv.10,56,conv.10:out:56
deep_b40_s32437,deep,0.4,32437,conv.10,216,conv.10:out:216
deep_b40_s32437,deep,0.4,32437,conv.7,103,conv.7:out:103
deep_b40_s32437,deep,0.4,32437,conv.10,126,conv.10:out:126
deep_b40_s32437,deep,0.4,32437,conv.7,52,conv.7:out:52
deep_b40_s32437,deep,0.4,32437,conv.3,14,conv.3:out:14
deep_b40_s32437,deep,0.4,32437,conv.10,60,conv.10:out:60
deep_b40_s32437,deep,0.4,32437,conv.3,4,conv.3:out:4
deep_b40_s32437,deep,0.4,32437,conv.3,36,conv.3:out:36
deep_b40_s32437,deep,0.4,32437,conv.10,240,conv.10:out:240
deep_b40_s32437,deep,0.4,32437,conv.10,156,conv.10:out:156
deep_b40_s32437,deep,0.4,32437,conv.10,109,conv.10:out:109
deep_b40_s32437,deep,0.4,32437,conv.10,129,conv.10:out:129
deep_b40_s32437,deep,0.4,32437,conv.3,68,conv.3:out:68
deep_b40_s32437,deep,0.4,32437,conv.10,1,conv.10:out:1
deep_b40_s32437,deep,0.4,32437,conv.10,172,conv.10:out:172
deep_b40_s32437,deep,0.4,32437,conv.10,133,conv.10:out:133
deep_b40_s32437,deep,0.4,32437,conv.7,97,conv.7:out:97
deep_b40_s32437,deep,0.4,32437,conv.7,123,conv.7:out:123
deep_b40_s32437,deep,0.4,32437,conv.3,18,conv.3:out:18
deep_b40_s32437,deep,0.4,32437,conv.7,73,conv.7:out:73
deep_b40_s32437,deep,0.4,32437,conv.3,10,conv.3:out:10
deep_b40_s32437,deep,0.4,32437,conv.10,237,conv.10:out:237
deep_b40_s32437,deep,0.4,32437,conv.10,42,conv.10:out:42
deep_b40_s32437,deep,0.4,32437,conv.7,0,conv.7:out:0
deep_b40_s32437,deep,0.4,32437,conv.10,255,conv.10:out:255
deep_b40_s32437,deep,0.4,32437,conv.10,120,conv.10:out:120
deep_b40_s32437,deep,0.4,32437,conv.3,46,conv.3:out:46
deep_b40_s32437,deep,0.4,32437,conv.10,175,conv.10:out:175
deep_b40_s32437,deep,0.4,32437,conv.10,238,conv.10:out:238
deep_b40_s32437,deep,0.4,32437,conv.10,143,conv.10:out:143
deep_b40_s32437,deep,0.4,32437,conv.7,22,conv.7:out:22
deep_b40_s32437,deep,0.4,32437,conv.10,5,conv.10:out:5
deep_b40_s32437,deep,0.4,32437,conv.0,56,conv.0:out:56
deep_b40_s32437,deep,0.4,32437,conv.3,3,conv.3:out:3
deep_b40_s32437,deep,0.4,32437,conv.7,7,conv.7:out:7
deep_b40_s32437,deep,0.4,32437,conv.3,47,conv.3:out:47
deep_b40_s32437,deep,0.4,32437,conv.3,27,conv.3:out:27
deep_b40_s32437,deep,0.4,32437,conv.10,85,conv.10:out:85
deep_b40_s32437,deep,0.4,32437,conv.10,116,conv.10:out:116
deep_b40_s32437,deep,0.4,32437,conv.10,96,conv.10:out:96
deep_b40_s32437,deep,0.4,32437,conv.10,26,conv.10:out:26
deep_b40_s32437,deep,0.4,32437,conv.3,62,conv.3:out:62
deep_b40_s32437,deep,0.4,32437,conv.0,50,conv.0:out:50
deep_b40_s32437,deep,0.4,32437,conv.10,45,conv.10:out:45
deep_b40_s32437,deep,0.4,32437,conv.3,53,conv.3:out:53
deep_b40_s32437,deep,0.4,32437,conv.3,126,conv.3:out:126
deep_b40_s32437,deep,0.4,32437,conv.10,71,conv.10:out:71
deep_b40_s32437,deep,0.4,32437,conv.10,179,conv.10:out:179
deep_b40_s32437,deep,0.4,32437,conv.7,95,conv.7:out:95
deep_b40_s32437,deep,0.4,32437,conv.10,7,conv.10:out:7
deep_b40_s32437,deep,0.4,32437,conv.3,112,conv.3:out:112
deep_b40_s32437,deep,0.4,32437,conv.0,15,conv.0:out:15
deep_b40_s32437,deep,0.4,32437,conv.10,141,conv.10:out:141
deep_b40_s32437,deep,0.4,32437,conv.10,6,conv.10:out:6
deep_b40_s32437,deep,0.4,32437,conv.10,155,conv.10:out:155
deep_b40_s32437,deep,0.4,32437,conv.7,76,conv.7:out:76
deep_b40_s32437,deep,0.4,32437,conv.3,74,conv.3:out:74
deep_b40_s32437,deep,0.4,32437,conv.3,86,conv.3:out:86
deep_b40_s32437,deep,0.4,32437,conv.0,53,conv.0:out:53
deep_b40_s32437,deep,0.4,32437,conv.7,126,conv.7:out:126
deep_b40_s32437,deep,0.4,32437,conv.7,23,conv.7:out:23
deep_b40_s32437,deep,0.4,32437,conv.0,22,conv.0:out:22
deep_b40_s32438,deep,0.4,32438,conv.10,106,conv.10:out:106
deep_b40_s32438,deep,0.4,32438,conv.10,8,conv.10:out:8
deep_b40_s32438,deep,0.4,32438,conv.10,2,conv.10:out:2
deep_b40_s32438,deep,0.4,32438,conv.10,225,conv.10:out:225
deep_b40_s32438,deep,0.4,32438,conv.3,26,conv.3:out:26
deep_b40_s32438,deep,0.4,32438,conv.10,162,conv.10:out:162
deep_b40_s32438,deep,0.4,32438,conv.10,72,conv.10:out:72
deep_b40_s32438,deep,0.4,32438,conv.10,112,conv.10:out:112
deep_b40_s32438,deep,0.4,32438,conv.0,1,conv.0:out:1
deep_b40_s32438,deep,0.4,32438,conv.7,121,conv.7:out:121
deep_b40_s32438,deep,0.4,32438,conv.7,105,conv.7:out:105
deep_b40_s32438,deep,0.4,32438,conv.10,223,conv.10:out:223
deep_b40_s32438,deep,0.4,32438,conv.7,75,conv.7:out:75
deep_b40_s32438,deep,0.4,32438,conv.0,3,conv.0:out:3
deep_b40_s32438,deep,0.4,32438,conv.3,89,conv.3:out:89
deep_b40_s32438,deep,0.4,32438,conv.10,183,conv.10:out:183
deep_b40_s32438,deep,0.4,32438,conv.10,220,conv.10:out:220
deep_b40_s32438,deep,0.4,32438,conv.0,5,conv.0:out:5
deep_b40_s32438,deep,0.4,32438,conv.10,207,conv.10:out:207
deep_b40_s32438,deep,0.4,32438,conv.7,28,conv.7:out:28
deep_b40_s32438,deep,0.4,32438,conv.10,228,conv.10:out:228
deep_b40_s32438,deep,0.4,32438,conv.10,129,conv.10:out:129
deep_b40_s32438,deep,0.4,32438,conv.10,41,conv.10:out:41
deep_b40_s32438,deep,0.4,32438,conv.3,0,conv.3:out:0
deep_b40_s32438,deep,0.4,32438,conv.10,204,conv.10:out:204
deep_b40_s32438,deep,0.4,32438,conv.10,27,conv.10:out:27
deep_b40_s32438,deep,0.4,32438,conv.7,19,conv.7:out:19
deep_b40_s32438,deep,0.4,32438,conv.7,77,conv.7:out:77
deep_b40_s32438,deep,0.4,32438,conv.3,82,conv.3:out:82
deep_b40_s32438,deep,0.4,32438,conv.10,147,conv.10:out:147
deep_b40_s32438,deep,0.4,32438,conv.10,146,conv.10:out:146
deep_b40_s32438,deep,0.4,32438,conv.10,187,conv.10:out:187
deep_b40_s32438,deep,0.4,32438,conv.7,106,conv.7:out:106
deep_b40_s32438,deep,0.4,32438,conv.10,116,conv.10:out:116
deep_b40_s32438,deep,0.4,32438,conv.10,99,conv.10:out:99
deep_b40_s32438,deep,0.4,32438,conv.10,189,conv.10:out:189
deep_b40_s32438,deep,0.4,32438,conv.3,73,conv.3:out:73
deep_b40_s32438,deep,0.4,32438,conv.0,40,conv.0:out:40
deep_b40_s32438,deep,0.4,32438,conv.0,9,conv.0:out:9
deep_b40_s32438,deep,0.4,32438,conv.7,39,conv.7:out:39
deep_b40_s32438,deep,0.4,32438,conv.10,233,conv.10:out:233
deep_b40_s32438,deep,0.4,32438,conv.3,54,conv.3:out:54
deep_b40_s32438,deep,0.4,32438,conv.10,159,conv.10:out:159
deep_b40_s32438,deep,0.4,32438,conv.10,177,conv.10:out:177
deep_b40_s32438,deep,0.4,32438,conv.7,87,conv.7:out:87
deep_b40_s32438,deep,0.4,32438,conv.3,84,conv.3:out:84
deep_b40_s32438,deep,0.4,32438,conv.3,51,conv.3:out:51
deep_b40_s32438,deep,0.4,32438,conv.3,68,conv.3:out:68
deep_b40_s32438,deep,0.4,32438,conv.10,121,conv.10:out:121
deep_b40_s32438,deep,0.4,32438,conv.7,101,conv.7:out:101
deep_b40_s32438,deep,0.4,32438,conv.3,69,conv.3:out:69
deep_b40_s32438,deep,0.4,32438,conv.10,180,conv.10:out:180
deep_b40_s32438,deep,0.4,32438,conv.0,22,conv.0:out:22
deep_b40_s32438,deep,0.4,32438,conv.10,152,conv.10:out:152
deep_b40_s32438,deep,0.4,32438,conv.3,62,conv.3:out:62
deep_b40_s32438,deep,0.4,32438,conv.3,100,conv.3:out:100
deep_b40_s32438,deep,0.4,32438,conv.10,139,conv.10:out:139
deep_b40_s32438,deep,0.4,32438,conv.10,178,conv.10:out:178
deep_b40_s32438,deep,0.4,32438,conv.10,61,conv.10:out:61
deep_b40_s32438,deep,0.4,32438,conv.10,73,conv.10:out:73
deep_b40_s32438,deep,0.4,32438,conv.10,167,conv.10:out:167
deep_b40_s32438,deep,0.4,32438,conv.7,17,conv.7:out:17
deep_b40_s32438,deep,0.4,32438,conv.7,68,conv.7:out:68
deep_b40_s32438,deep,0.4,32438,conv.10,70,conv.10:out:70
deep_b40_s32438,deep,0.4,32438,conv.10,44,conv.10:out:44
deep_b40_s32438,deep,0.4,32438,conv.3,40,conv.3:out:40
deep_b40_s32438,deep,0.4,32438,conv.7,108,conv.7:out:108
deep_b40_s32438,deep,0.4,32438,conv.10,78,conv.10:out:78
deep_b40_s32438,deep,0.4,32438,conv.3,126,conv.3:out:126
deep_b40_s32438,deep,0.4,32438,conv.10,209,conv.10:out:209
deep_b40_s32438,deep,0.4,32438,conv.7,94,conv.7:out:94
deep_b40_s32438,deep,0.4,32438,conv.7,12,conv.7:out:12
deep_b40_s32438,deep,0.4,32438,conv.7,14,conv.7:out:14
deep_b40_s32438,deep,0.4,32438,conv.3,37,conv.3:out:37
deep_b40_s32438,deep,0.4,32438,conv.10,93,conv.10:out:93
deep_b40_s32438,deep,0.4,32438,conv.10,101,conv.10:out:101
deep_b40_s32438,deep,0.4,32438,conv.10,153,conv.10:out:153
deep_b40_s32438,deep,0.4,32438,conv.7,25,conv.7:out:25
deep_b40_s32438,deep,0.4,32438,conv.10,19,conv.10:out:19
deep_b40_s32438,deep,0.4,32438,conv.3,71,conv.3:out:71
deep_b40_s32438,deep,0.4,32438,conv.10,109,conv.10:out:109
deep_b40_s32438,deep,0.4,32438,conv.7,81,conv.7:out:81
deep_b40_s32438,deep,0.4,32438,conv.3,8,conv.3:out:8
deep_b40_s32438,deep,0.4,32438,conv.3,88,conv.3:out:88
deep_b40_s32438,deep,0.4,32438,conv.0,7,conv.0:out:7
deep_b40_s32438,deep,0.4,32438,conv.10,188,conv.10:out:188
deep_b40_s32438,deep,0.4,32438,conv.7,70,conv.7:out:70
deep_b40_s32438,deep,0.4,32438,conv.3,114,conv.3:out:114
deep_b40_s32438,deep,0.4,32438,conv.3,46,conv.3:out:46
deep_b40_s32438,deep,0.4,32438,conv.7,107,conv.7:out:107
deep_b40_s32438,deep,0.4,32438,conv.3,28,conv.3:out:28
deep_b40_s32438,deep,0.4,32438,conv.10,133,conv.10:out:133
deep_b40_s32438,deep,0.4,32438,conv.10,205,conv.10:out:205
deep_b40_s32438,deep,0.4,32438,conv.0,31,conv.0:out:31
deep_b40_s32438,deep,0.4,32438,conv.10,122,conv.10:out:122
deep_b40_s32438,deep,0.4,32438,conv.0,52,conv.0:out:52
deep_b40_s32438,deep,0.4,32438,conv.10,17,conv.10:out:17
deep_b40_s32438,deep,0.4,32438,conv.3,3,conv.3:out:3
deep_b40_s32438,deep,0.4,32438,conv.7,83,conv.7:out:83
deep_b40_s32438,deep,0.4,32438,conv.10,163,conv.10:out:163
deep_b40_s32438,deep,0.4,32438,conv.0,36,conv.0:out:36
deep_b40_s32438,deep,0.4,32438,conv.7,31,conv.7:out:31
deep_b40_s32438,deep,0.4,32438,conv.0,34,conv.0:out:34
deep_b40_s32438,deep,0.4,32438,conv.3,56,conv.3:out:56
deep_b40_s32438,deep,0.4,32438,conv.10,214,conv.10:out:214
deep_b40_s32438,deep,0.4,32438,conv.7,115,conv.7:out:115
deep_b40_s32438,deep,0.4,32438,conv.0,39,conv.0:out:39
deep_b40_s32438,deep,0.4,32438,conv.3,39,conv.3:out:39
deep_b40_s32438,deep,0.4,32438,conv.10,62,conv.10:out:62
deep_b40_s32438,deep,0.4,32438,conv.10,18,conv.10:out:18
deep_b40_s32438,deep,0.4,32438,conv.3,43,conv.3:out:43
deep_b40_s32438,deep,0.4,32438,conv.10,246,conv.10:out:246
deep_b40_s32438,deep,0.4,32438,conv.0,15,conv.0:out:15
deep_b40_s32438,deep,0.4,32438,conv.10,40,conv.10:out:40
deep_b40_s32438,deep,0.4,32438,conv.7,95,conv.7:out:95
deep_b40_s32438,deep,0.4,32438,conv.7,79,conv.7:out:79
deep_b40_s32438,deep,0.4,32438,conv.3,108,conv.3:out:108
deep_b40_s32438,deep,0.4,32438,conv.7,26,conv.7:out:26
deep_b40_s32438,deep,0.4,32438,conv.3,52,conv.3:out:52
deep_b40_s32438,deep,0.4,32438,conv.10,113,conv.10:out:113
deep_b40_s32438,deep,0.4,32438,conv.0,29,conv.0:out:29
deep_b40_s32438,deep,0.4,32438,conv.10,164,conv.10:out:164
deep_b40_s32438,deep,0.4,32438,conv.3,90,conv.3:out:90
deep_b40_s32438,deep,0.4,32438,conv.10,56,conv.10:out:56
deep_b40_s32438,deep,0.4,32438,conv.7,98,conv.7:out:98
deep_b40_s32438,deep,0.4,32438,conv.10,34,conv.10:out:34
deep_b40_s32438,deep,0.4,32438,conv.10,43,conv.10:out:43
deep_b40_s32438,deep,0.4,32438,conv.10,251,conv.10:out:251
deep_b40_s32438,deep,0.4,32438,conv.10,201,conv.10:out:201
deep_b40_s32438,deep,0.4,32438,conv.7,23,conv.7:out:23
deep_b40_s32438,deep,0.4,32438,conv.3,119,conv.3:out:119
deep_b40_s32438,deep,0.4,32438,conv.10,156,conv.10:out:156
deep_b40_s32439,deep,0.4,32439,conv.0,24,conv.0:out:24
deep_b40_s32439,deep,0.4,32439,conv.0,29,conv.0:out:29
deep_b40_s32439,deep,0.4,32439,conv.7,39,conv.7:out:39
deep_b40_s32439,deep,0.4,32439,conv.10,85,conv.10:out:85
deep_b40_s32439,deep,0.4,32439,conv.0,31,conv.0:out:31
deep_b40_s32439,deep,0.4,32439,conv.10,153,conv.10:out:153
deep_b40_s32439,deep,0.4,32439,conv.10,14,conv.10:out:14
deep_b40_s32439,deep,0.4,32439,conv.3,109,conv.3:out:109
deep_b40_s32439,deep,0.4,32439,conv.7,125,conv.7:out:125
deep_b40_s32439,deep,0.4,32439,conv.7,64,conv.7:out:64
deep_b40_s32439,deep,0.4,32439,conv.10,75,conv.10:out:75
deep_b40_s32439,deep,0.4,32439,conv.7,63,conv.7:out:63
deep_b40_s32439,deep,0.4,32439,conv.3,70,conv.3:out:70
deep_b40_s32439,deep,0.4,32439,conv.7,126,conv.7:out:126
deep_b40_s32439,deep,0.4,32439,conv.10,237,conv.10:out:237
deep_b40_s32439,deep,0.4,32439,conv.3,9,conv.3:out:9
deep_b40_s32439,deep,0.4,32439,conv.3,65,conv.3:out:65
deep_b40_s32439,deep,0.4,32439,conv.10,107,conv.10:out:107
deep_b40_s32439,deep,0.4,32439,conv.7,58,conv.7:out:58
deep_b40_s32439,deep,0.4,32439,conv.3,36,conv.3:out:36
deep_b40_s32439,deep,0.4,32439,conv.10,197,conv.10:out:197
deep_b40_s32439,deep,0.4,32439,conv.10,175,conv.10:out:175
deep_b40_s32439,deep,0.4,32439,conv.3,92,conv.3:out:92
deep_b40_s32439,deep,0.4,32439,conv.10,216,conv.10:out:216
deep_b40_s32439,deep,0.4,32439,conv.3,18,conv.3:out:18
deep_b40_s32439,deep,0.4,32439,conv.10,11,conv.10:out:11
deep_b40_s32439,deep,0.4,32439,conv.10,94,conv.10:out:94
deep_b40_s32439,deep,0.4,32439,conv.3,127,conv.3:out:127
deep_b40_s32439,deep,0.4,32439,conv.3,83,conv.3:out:83
deep_b40_s32439,deep,0.4,32439,conv.0,19,conv.0:out:19
deep_b40_s32439,deep,0.4,32439,conv.10,191,conv.10:out:191
deep_b40_s32439,deep,0.4,32439,conv.10,235,conv.10:out:235
deep_b40_s32439,deep,0.4,32439,conv.10,218,conv.10:out:218
deep_b40_s32439,deep,0.4,32439,conv.10,1,conv.10:out:1
deep_b40_s32439,deep,0.4,32439,conv.3,15,conv.3:out:15
deep_b40_s32439,deep,0.4,32439,conv.10,42,conv.10:out:42
deep_b40_s32439,deep,0.4,32439,conv.10,181,conv.10:out:181
deep_b40_s32439,deep,0.4,32439,conv.10,8,conv.10:out:8
deep_b40_s32439,deep,0.4,32439,conv.0,27,conv.0:out:27
deep_b40_s32439,deep,0.4,32439,conv.10,9,conv.10:out:9
deep_b40_s32439,deep,0.4,32439,conv.3,96,conv.3:out:96
deep_b40_s32439,deep,0.4,32439,conv.10,163,conv.10:out:163
deep_b40_s32439,deep,0.4,32439,conv.10,65,conv.10:out:65
deep_b40_s32439,deep,0.4,32439,conv.10,93,conv.10:out:93
deep_b40_s32439,deep,0.4,32439,conv.10,247,conv.10:out:247
deep_b40_s32439,deep,0.4,32439,conv.10,152,conv.10:out:152
deep_b40_s32439,deep,0.4,32439,conv.7,88,conv.7:out:88
deep_b40_s32439,deep,0.4,32439,conv.10,118,conv.10:out:118
deep_b40_s32439,deep,0.4,32439,conv.7,114,conv.7:out:114
deep_b40_s32439,deep,0.4,32439,conv.10,238,conv.10:out:238
deep_b40_s32439,deep,0.4,32439,conv.10,10,conv.10:out:10
deep_b40_s32439,deep,0.4,32439,conv.10,67,conv.10:out:67
deep_b40_s32439,deep,0.4,32439,conv.3,23,conv.3:out:23
deep_b40_s32439,deep,0.4,32439,conv.3,101,conv.3:out:101
deep_b40_s32439,deep,0.4,32439,conv.10,129,conv.10:out:129
deep_b40_s32439,deep,0.4,32439,conv.3,94,conv.3:out:94
deep_b40_s32439,deep,0.4,32439,conv.3,117,conv.3:out:117
deep_b40_s32439,deep,0.4,32439,conv.10,250,conv.10:out:250
deep_b40_s32439,deep,0.4,32439,conv.7,93,conv.7:out:93
deep_b40_s32439,deep,0.4,32439,conv.10,202,conv.10:out:202
deep_b40_s32439,deep,0.4,32439,conv.10,117,conv.10:out:117
deep_b40_s32439,deep,0.4,32439,conv.0,50,conv.0:out:50
deep_b40_s32439,deep,0.4,32439,conv.10,167,conv.10:out:167
deep_b40_s32439,deep,0.4,32439,conv.10,169,conv.10:out:169
deep_b40_s32439,deep,0.4,32439,conv.10,206,conv.10:out:206
deep_b40_s32439,deep,0.4,32439,conv.3,68,conv.3:out:68
deep_b40_s32439,deep,0.4,32439,conv.7,51,conv.7:out:51
deep_b40_s32439,deep,0.4,32439,conv.0,43,conv.0:out:43
deep_b40_s32439,deep,0.4,32439,conv.0,2,conv.0:out:2
deep_b40_s32439,deep,0.4,32439,conv.3,32,conv.3:out:32
deep_b40_s32439,deep,0.4,32439,conv.10,192,conv.10:out:192
deep_b40_s32439,deep,0.4,32439,conv.10,56,conv.10:out:56
deep_b40_s32439,deep,0.4,32439,conv.3,124,conv.3:out:124
deep_b40_s32439,deep,0.4,32439,conv.3,64,conv.3:out:64
deep_b40_s32439,deep,0.4,32439,conv.10,200,conv.10:out:200
deep_b40_s32439,deep,0.4,32439,conv.10,97,conv.10:out:97
deep_b40_s32439,deep,0.4,32439,conv.10,156,conv.10:out:156
deep_b40_s32439,deep,0.4,32439,conv.10,144,conv.10:out:144
deep_b40_s32439,deep,0.4,32439,conv.0,9,conv.0:out:9
deep_b40_s32439,deep,0.4,32439,conv.10,236,conv.10:out:236
deep_b40_s32439,deep,0.4,32439,conv.3,121,conv.3:out:121
deep_b40_s32439,deep,0.4,32439,conv.3,84,conv.3:out:84
deep_b40_s32439,deep,0.4,32439,conv.10,166,conv.10:out:166
deep_b40_s32439,deep,0.4,32439,conv.10,112,conv.10:out:112
deep_b40_s32439,deep,0.4,32439,conv.10,204,conv.10:out:204
deep_b40_s32439,deep,0.4,32439,conv.0,62,conv.0:out:62
deep_b40_s32439,deep,0.4,32439,conv.10,233,conv.10:out:233
deep_b40_s32439,deep,0.4,32439,conv.3,111,conv.3:out:111
deep_b40_s32439,deep,0.4,32439,conv.10,59,conv.10:out:59
deep_b40_s32439,deep,0.4,32439,conv.10,159,conv.10:out:159
deep_b40_s32439,deep,0.4,32439,conv.10,162,conv.10:out:162
deep_b40_s32439,deep,0.4,32439,conv.7,96,conv.7:out:96
deep_b40_s32439,deep,0.4,32439,conv.3,74,conv.3:out:74
deep_b40_s32439,deep,0.4,32439,conv.3,102,conv.3:out:102
deep_b40_s32439,deep,0.4,32439,conv.0,0,conv.0:out:0
deep_b40_s32439,deep,0.4,32439,conv.0,32,conv.0:out:32
deep_b40_s32439,deep,0.4,32439,conv.7,71,conv.7:out:71
deep_b40_s32439,deep,0.4,32439,conv.3,30,conv.3:out:30
deep_b40_s32439,deep,0.4,32439,conv.10,147,conv.10:out:147
deep_b40_s32439,deep,0.4,32439,conv.10,58,conv.10:out:58
deep_b40_s32439,deep,0.4,32439,conv.10,173,conv.10:out:173
deep_b40_s32439,deep,0.4,32439,conv.0,54,conv.0:out:54
deep_b40_s32439,deep,0.4,32439,conv.10,239,conv.10:out:239
deep_b40_s32439,deep,0.4,32439,conv.3,31,conv.3:out:31
deep_b40_s32439,deep,0.4,32439,conv.10,54,conv.10:out:54
deep_b40_s32439,deep,0.4,32439,conv.3,80,conv.3:out:80
deep_b40_s32439,deep,0.4,32439,conv.0,61,conv.0:out:61
deep_b40_s32439,deep,0.4,32439,conv.7,60,conv.7:out:60
deep_b40_s32439,deep,0.4,32439,conv.7,113,conv.7:out:113
deep_b40_s32439,deep,0.4,32439,conv.10,214,conv.10:out:214
deep_b40_s32439,deep,0.4,32439,conv.10,124,conv.10:out:124
deep_b40_s32439,deep,0.4,32439,conv.10,189,conv.10:out:189
deep_b40_s32439,deep,0.4,32439,conv.3,82,conv.3:out:82
deep_b40_s32439,deep,0.4,32439,conv.10,201,conv.10:out:201
deep_b40_s32439,deep,0.4,32439,conv.10,221,conv.10:out:221
deep_b40_s32439,deep,0.4,32439,conv.3,26,conv.3:out:26
deep_b40_s32439,deep,0.4,32439,conv.0,56,conv.0:out:56
deep_b40_s32439,deep,0.4,32439,conv.10,160,conv.10:out:160
deep_b40_s32439,deep,0.4,32439,conv.0,63,conv.0:out:63
deep_b40_s32439,deep,0.4,32439,conv.10,150,conv.10:out:150
deep_b40_s32439,deep,0.4,32439,conv.3,48,conv.3:out:48
deep_b40_s32439,deep,0.4,32439,conv.10,119,conv.10:out:119
deep_b40_s32439,deep,0.4,32439,conv.7,99,conv.7:out:99
deep_b40_s32439,deep,0.4,32439,conv.0,5,conv.0:out:5
deep_b40_s32439,deep,0.4,32439,conv.3,4,conv.3:out:4
deep_b40_s32439,deep,0.4,32439,conv.10,210,conv.10:out:210
deep_b40_s32439,deep,0.4,32439,conv.10,69,conv.10:out:69
deep_b40_s32439,deep,0.4,32439,conv.0,16,conv.0:out:16
deep_b40_s32439,deep,0.4,32439,conv.3,99,conv.3:out:99
deep_b40_s32439,deep,0.4,32439,conv.10,155,conv.10:out:155
deep_b40_s32439,deep,0.4,32439,conv.10,232,conv.10:out:232
deep_b40_s32439,deep,0.4,32439,conv.10,178,conv.10:out:178
deep_b40_s32439,deep,0.4,32439,conv.3,122,conv.3:out:122
deep_b40_s32439,deep,0.4,32439,conv.7,105,conv.7:out:105
deep_b40_s32439,deep,0.4,32439,conv.3,22,conv.3:out:22
deep_b40_s32439,deep,0.4,32439,conv.7,76,conv.7:out:76
deep_b40_s32439,deep,0.4,32439,conv.10,47,conv.10:out:47
deep_b40_s32439,deep,0.4,32439,conv.7,42,conv.7:out:42
deep_b40_s32439,deep,0.4,32439,conv.0,59,conv.0:out:59
deep_b40_s32439,deep,0.4,32439,conv.10,203,conv.10:out:203
deep_b40_s32440,deep,0.4,32440,conv.10,219,conv.10:out:219
deep_b40_s32440,deep,0.4,32440,conv.0,22,conv.0:out:22
deep_b40_s32440,deep,0.4,32440,conv.3,37,conv.3:out:37
deep_b40_s32440,deep,0.4,32440,conv.10,156,conv.10:out:156
deep_b40_s32440,deep,0.4,32440,conv.10,75,conv.10:out:75
deep_b40_s32440,deep,0.4,32440,conv.10,87,conv.10:out:87
deep_b40_s32440,deep,0.4,32440,conv.7,36,conv.7:out:36
deep_b40_s32440,deep,0.4,32440,conv.10,231,conv.10:out:231
deep_b40_s32440,deep,0.4,32440,conv.3,105,conv.3:out:105
deep_b40_s32440,deep,0.4,32440,conv.10,172,conv.10:out:172
deep_b40_s32440,deep,0.4,32440,conv.10,15,conv.10:out:15
deep_b40_s32440,deep,0.4,32440,conv.10,179,conv.10:out:179
deep_b40_s32440,deep,0.4,32440,conv.7,109,conv.7:out:109
deep_b40_s32440,deep,0.4,32440,conv.3,30,conv.3:out:30
deep_b40_s32440,deep,0.4,32440,conv.3,59,conv.3:out:59
deep_b40_s32440,deep,0.4,32440,conv.0,19,conv.0:out:19
deep_b40_s32440,deep,0.4,32440,conv.0,56,conv.0:out:56
deep_b40_s32440,deep,0.4,32440,conv.10,81,conv.10:out:81
deep_b40_s32440,deep,0.4,32440,conv.10,102,conv.10:out:102
deep_b40_s32440,deep,0.4,32440,conv.7,84,conv.7:out:84
deep_b40_s32440,deep,0.4,32440,conv.10,52,conv.10:out:52
deep_b40_s32440,deep,0.4,32440,conv.10,141,conv.10:out:141
deep_b40_s32440,deep,0.4,32440,conv.10,41,conv.10:out:41
deep_b40_s32440,deep,0.4,32440,conv.10,58,conv.10:out:58
deep_b40_s32440,deep,0.4,32440,conv.3,27,conv.3:out:27
deep_b40_s32440,deep,0.4,32440,conv.10,137,conv.10:out:137
deep_b40_s32440,deep,0.4,32440,conv.3,111,conv.3:out:111
deep_b40_s32440,deep,0.4,32440,conv.7,14,conv.7:out:14
deep_b40_s32440,deep,0.4,32440,conv.10,10,conv.10:out:10
deep_b40_s32440,deep,0.4,32440,conv.7,106,conv.7:out:106
deep_b40_s32440,deep,0.4,32440,conv.0,36,conv.0:out:36
deep_b40_s32440,deep,0.4,32440,conv.3,19,conv.3:out:19
deep_b40_s32440,deep,0.4,32440,conv.10,100,conv.10:out:100
deep_b40_s32440,deep,0.4,32440,conv.7,41,conv.7:out:41
deep_b40_s32440,deep,0.4,32440,conv.10,245,conv.10:out:245
deep_b40_s32440,deep,0.4,32440,conv.7,56,conv.7:out:56
deep_b40_s32440,deep,0.4,32440,conv.0,0,conv.0:out:0
deep_b40_s32440,deep,0.4,32440,conv.10,211,conv.10:out:211
deep_b40_s32440,deep,0.4,32440,conv.7,99,conv.7:out:99
deep_b40_s32440,deep,0.4,32440,conv.10,243,conv.10:out:243
deep_b40_s32440,deep,0.4,32440,conv.3,110,conv.3:out:110
deep_b40_s32440,deep,0.4,32440,conv.10,34,conv.10:out:34
deep_b40_s32440,deep,0.4,32440,conv.3,63,conv.3:out:63
deep_b40_s32440,deep,0.4,32440,conv.7,42,conv.7:out:42
deep_b40_s32440,deep,0.4,32440,conv.3,91,conv.3:out:91
deep_b40_s32440,deep,0.4,32440,conv.10,61,conv.10:out:61
deep_b40_s32440,deep,0.4,32440,conv.3,116,conv.3:out:116
deep_b40_s32440,deep,0.4,32440,conv.10,110,conv.10:out:110
deep_b40_s32440,deep,0.4,32440,conv.3,78,conv.3:out:78
deep_b40_s32440,deep,0.4,32440,conv.10,178,conv.10:out:178
deep_b40_s32440,deep,0.4,32440,conv.10,59,conv.10:out:59
deep_b40_s32440,deep,0.4,32440,conv.7,85,conv.7:out:85
deep_b40_s32440,deep,0.4,32440,conv.10,253,conv.10:out:253
deep_b40_s32440,deep,0.4,32440,conv.0,62,conv.0:out:62
deep_b40_s32440,deep,0.4,32440,conv.0,12,conv.0:out:12
deep_b40_s32440,deep,0.4,32440,conv.0,37,conv.0:out:37
deep_b40_s32440,deep,0.4,32440,conv.10,118,conv.10:out:118
deep_b40_s32440,deep,0.4,32440,conv.3,51,conv.3:out:51
deep_b40_s32440,deep,0.4,32440,conv.7,112,conv.7:out:112
deep_b40_s32440,deep,0.4,32440,conv.0,34,conv.0:out:34
deep_b40_s32440,deep,0.4,32440,conv.3,70,conv.3:out:70
deep_b40_s32440,deep,0.4,32440,conv.7,114,conv.7:out:114
deep_b40_s32440,deep,0.4,32440,conv.10,31,conv.10:out:31
deep_b40_s32440,deep,0.4,32440,conv.3,13,conv.3:out:13
deep_b40_s32440,deep,0.4,32440,conv.7,20,conv.7:out:20
deep_b40_s32440,deep,0.4,32440,conv.7,122,conv.7:out:122
deep_b40_s32440,deep,0.4,32440,conv.10,194,conv.10:out:194
deep_b40_s32440,deep,0.4,32440,conv.0,4,conv.0:out:4
deep_b40_s32440,deep,0.4,32440,conv.7,120,conv.7:out:120
deep_b40_s32440,deep,0.4,32440,conv.3,117,conv.3:out:117
deep_b40_s32440,deep,0.4,32440,conv.10,2,conv.10:out:2
deep_b40_s32440,deep,0.4,32440,conv.10,249,conv.10:out:249
deep_b40_s32440,deep,0.4,32440,conv.10,18,conv.10:out:18
deep_b40_s32440,deep,0.4,32440,conv.10,145,conv.10:out:145
deep_b40_s32440,deep,0.4,32440,conv.3,14,conv.3:out:14
deep_b40_s32440,deep,0.4,32440,conv.10,184,conv.10:out:184
deep_b40_s32440,deep,0.4,32440,conv.10,19,conv.10:out:19
deep_b40_s32440,deep,0.4,32440,conv.7,25,conv.7:out:25
deep_b40_s32440,deep,0.4,32440,conv.10,89,conv.10:out:89
deep_b40_s32440,deep,0.4,32440,conv.10,154,conv.10:out:154
deep_b40_s32440,deep,0.4,32440,conv.3,69,conv.3:out:69
deep_b40_s32440,deep,0.4,32440,conv.10,48,conv.10:out:48
deep_b40_s32440,deep,0.4,32440,conv.10,51,conv.10:out:51
deep_b40_s32440,deep,0.4,32440,conv.0,35,conv.0:out:35
deep_b40_s32440,deep,0.4,32440,conv.7,61,conv.7:out:61
deep_b40_s32440,deep,0.4,32440,conv.7,70,conv.7:out:70
deep_b40_s32440,deep,0.4,32440,conv.10,94,conv.10:out:94
deep_b40_s32440,deep,0.4,32440,conv.10,78,conv.10:out:78
deep_b40_s32440,deep,0.4,32440,conv.10,13,conv.10:out:13
deep_b40_s32440,deep,0.4,32440,conv.10,177,conv.10:out:177
deep_b40_s32440,deep,0.4,32440,conv.10,82,conv.10:out:82
deep_b40_s32440,deep,0.4,32440,conv.7,79,conv.7:out:79
deep_b40_s32440,deep,0.4,32440,conv.10,171,conv.10:out:171
deep_b40_s32440,deep,0.4,32440,conv.7,115,conv.7:out:115
deep_b40_s32440,deep,0.4,32440,conv.3,8,conv.3:out:8
deep_b40_s32440,deep,0.4,32440,conv.10,159,conv.10:out:159
deep_b40_s32440,deep,0.4,32440,conv.10,115,conv.10:out:115
deep_b40_s32440,deep,0.4,32440,conv.3,21,conv.3:out:21
deep_b40_s32440,deep,0.4,32440,conv.10,119,conv.10:out:119
deep_b40_s32440,deep,0.4,32440,conv.3,127,conv.3:out:127
deep_b40_s32440,deep,0.4,32440,conv.3,5,conv.3:out:5
deep_b40_s32440,deep,0.4,32440,conv.10,56,conv.10:out:56
deep_b40_s32440,deep,0.4,32440,conv.10,204,conv.10:out:204
deep_b40_s32440,deep,0.4,32440,conv.0,51,conv.0:out:51
deep_b40_s32440,deep,0.4,32440,conv.10,246,conv.10:out:246
deep_b40_s32440,deep,0.4,32440,conv.10,73,conv.10:out:73
deep_b40_s32440,deep,0.4,32440,conv.7,124,conv.7:out:124
deep_b40_s32440,deep,0.4,32440,conv.7,73,conv.7:out:73
deep_b40_s32440,deep,0.4,32440,conv.10,12,conv.10:out:12
deep_b40_s32440,deep,0.4,32440,conv.10,46,conv.10:out:46
deep_b40_s32440,deep,0.4,32440,conv.3,47,conv.3:out:47
deep_b40_s32440,deep,0.4,32440,conv.10,124,conv.10:out:124
deep_b40_s32440,deep,0.4,32440,conv.7,96,conv.7:out:96
deep_b40_s32440,deep,0.4,32440,conv.10,202,conv.10:out:202
deep_b40_s32440,deep,0.4,32440,conv.0,52,conv.0:out:52
deep_b40_s32440,deep,0.4,32440,conv.10,223,conv.10:out:223
deep_b40_s32440,deep,0.4,32440,conv.10,35,conv.10:out:35
deep_b40_s32440,deep,0.4,32440,conv.10,66,conv.10:out:66
deep_b40_s32440,deep,0.4,32440,conv.7,123,conv.7:out:123
deep_b40_s32440,deep,0.4,32440,conv.10,161,conv.10:out:161
deep_b40_s32440,deep,0.4,32440,conv.3,103,conv.3:out:103
deep_b40_s32440,deep,0.4,32440,conv.3,80,conv.3:out:80
deep_b40_s32440,deep,0.4,32440,conv.10,238,conv.10:out:238
deep_b40_s32440,deep,0.4,32440,conv.10,26,conv.10:out:26
deep_b40_s32440,deep,0.4,32440,conv.10,86,conv.10:out:86
deep_b40_s32440,deep,0.4,32440,conv.10,237,conv.10:out:237
deep_b40_s32440,deep,0.4,32440,conv.10,187,conv.10:out:187
deep_b40_s32440,deep,0.4,32440,conv.10,9,conv.10:out:9
deep_b40_s32440,deep,0.4,32440,conv.10,126,conv.10:out:126
deep_b40_s32440,deep,0.4,32440,conv.10,215,conv.10:out:215
deep_b40_s32440,deep,0.4,32440,conv.10,3,conv.10:out:3
deep_b40_s32440,deep,0.4,32440,conv.7,10,conv.7:out:10
deep_b40_s32440,deep,0.4,32440,conv.7,92,conv.7:out:92
deep_b40_s32440,deep,0.4,32440,conv.10,182,conv.10:out:182
deep_b40_s32440,deep,0.4,32440,conv.10,111,conv.10:out:111
deep_b40_s32440,deep,0.4,32440,conv.3,36,conv.3:out:36
deep_b40_s32440,deep,0.4,32440,conv.3,0,conv.3:out:0
deep_b40_s32440,deep,0.4,32440,conv.3,120,conv.3:out:120
deep_b40_s32441,deep,0.4,32441,conv.10,55,conv.10:out:55
deep_b40_s32441,deep,0.4,32441,conv.10,85,conv.10:out:85
deep_b40_s32441,deep,0.4,32441,conv.3,12,conv.3:out:12
deep_b40_s32441,deep,0.4,32441,conv.3,14,conv.3:out:14
deep_b40_s32441,deep,0.4,32441,conv.7,16,conv.7:out:16
deep_b40_s32441,deep,0.4,32441,conv.10,122,conv.10:out:122
deep_b40_s32441,deep,0.4,32441,conv.7,72,conv.7:out:72
deep_b40_s32441,deep,0.4,32441,conv.3,120,conv.3:out:120
deep_b40_s32441,deep,0.4,32441,conv.10,140,conv.10:out:140
deep_b40_s32441,deep,0.4,32441,conv.10,125,conv.10:out:125
deep_b40_s32441,deep,0.4,32441,conv.7,74,conv.7:out:74
deep_b40_s32441,deep,0.4,32441,conv.3,8,conv.3:out:8
deep_b40_s32441,deep,0.4,32441,conv.10,92,conv.10:out:92
deep_b40_s32441,deep,0.4,32441,conv.7,51,conv.7:out:51
deep_b40_s32441,deep,0.4,32441,conv.10,72,conv.10:out:72
deep_b40_s32441,deep,0.4,32441,conv.10,28,conv.10:out:28
deep_b40_s32441,deep,0.4,32441,conv.0,19,conv.0:out:19
deep_b40_s32441,deep,0.4,32441,conv.7,110,conv.7:out:110
deep_b40_s32441,deep,0.4,32441,conv.10,106,conv.10:out:106
deep_b40_s32441,deep,0.4,32441,conv.10,211,conv.10:out:211
deep_b40_s32441,deep,0.4,32441,conv.10,2,conv.10:out:2
deep_b40_s32441,deep,0.4,32441,conv.10,63,conv.10:out:63
deep_b40_s32441,deep,0.4,32441,conv.3,122,conv.3:out:122
deep_b40_s32441,deep,0.4,32441,conv.3,45,conv.3:out:45
deep_b40_s32441,deep,0.4,32441,conv.10,197,conv.10:out:197
deep_b40_s32441,deep,0.4,32441,conv.7,49,conv.7:out:49
deep_b40_s32441,deep,0.4,32441,conv.0,62,conv.0:out:62
deep_b40_s32441,deep,0.4,32441,conv.10,135,conv.10:out:135
deep_b40_s32441,deep,0.4,32441,conv.7,97,conv.7:out:97
deep_b40_s32441,deep,0.4,32441,conv.7,5,conv.7:out:5
deep_b40_s32441,deep,0.4,32441,conv.10,189,conv.10:out:189
deep_b40_s32441,deep,0.4,32441,conv.7,39,conv.7:out:39
deep_b40_s32441,deep,0.4,32441,conv.3,22,conv.3:out:22
deep_b40_s32441,deep,0.4,32441,conv.7,22,conv.7:out:22
deep_b40_s32441,deep,0.4,32441,conv.10,160,conv.10:out:160
deep_b40_s32441,deep,0.4,32441,conv.10,174,conv.10:out:174
deep_b40_s32441,deep,0.4,32441,conv.10,16,conv.10:out:16
deep_b40_s32441,deep,0.4,32441,conv.3,53,conv.3:out:53
deep_b40_s32441,deep,0.4,32441,conv.10,209,conv.10:out:209
deep_b40_s32441,deep,0.4,32441,conv.3,54,conv.3:out:54
deep_b40_s32441,deep,0.4,32441,conv.7,23,conv.7:out:23
deep_b40_s32441,deep,0.4,32441,conv.10,95,conv.10:out:95
deep_b40_s32441,deep,0.4,32441,conv.10,40,conv.10:out:40
deep_b40_s32441,deep,0.4,32441,conv.10,150,conv.10:out:150
deep_b40_s32441,deep,0.4,32441,conv.3,23,conv.3:out:23
deep_b40_s32441,deep,0.4,32441,conv.10,30,conv.10:out:30
deep_b40_s32441,deep,0.4,32441,conv.7,43,conv.7:out:43
deep_b40_s32441,deep,0.4,32441,conv.3,47,conv.3:out:47
deep_b40_s32441,deep,0.4,32441,conv.3,44,conv.3:out:44
deep_b40_s32441,deep,0.4,32441,conv.10,124,conv.10:out:124
deep_b40_s32441,deep,0.4,32441,conv.10,244,conv.10:out:244
deep_b40_s32441,deep,0.4,32441,conv.10,178,conv.10:out:178
deep_b40_s32441,deep,0.4,32441,conv.3,43,conv.3:out:43
deep_b40_s32441,deep,0.4,32441,conv.10,62,conv.10:out:62
deep_b40_s32441,deep,0.4,32441,conv.10,138,conv.10:out:138
deep_b40_s32441,deep,0.4,32441,conv.3,17,conv.3:out:17
deep_b40_s32441,deep,0.4,32441,conv.3,46,conv.3:out:46
deep_b40_s32441,deep,0.4,32441,conv.10,74,conv.10:out:74
deep_b40_s32441,deep,0.4,32441,conv.10,0,conv.10:out:0
deep_b40_s32441,deep,0.4,32441,conv.10,3,conv.10:out:3
deep_b40_s32441,deep,0.4,32441,conv.0,11,conv.0:out:11
deep_b40_s32441,deep,0.4,32441,conv.10,229,conv.10:out:229
deep_b40_s32441,deep,0.4,32441,conv.3,28,conv.3:out:28
deep_b40_s32441,deep,0.4,32441,conv.10,15,conv.10:out:15
deep_b40_s32441,deep,0.4,32441,conv.10,212,conv.10:out:212
deep_b40_s32441,deep,0.4,32441,conv.10,68,conv.10:out:68
deep_b40_s32441,deep,0.4,32441,conv.3,119,conv.3:out:119
deep_b40_s32441,deep,0.4,32441,conv.0,59,conv.0:out:59
deep_b40_s32441,deep,0.4,32441,conv.10,225,conv.10:out:225
deep_b40_s32441,deep,0.4,32441,conv.10,163,conv.10:out:163
deep_b40_s32441,deep,0.4,32441,conv.0,5,conv.0:out:5
deep_b40_s32441,deep,0.4,32441,conv.10,44,conv.10:out:44
deep_b40_s32441,deep,0.4,32441,conv.7,30,conv.7:out:30
deep_b40_s32441,deep,0.4,32441,conv.7,31,conv.7:out:31
deep_b40_s32441,deep,0.4,32441,conv.0,39,conv.0:out:39
deep_b40_s32441,deep,0.4,32441,conv.7,63,conv.7:out:63
deep_b40_s32441,deep,0.4,32441,conv.10,146,conv.10:out:146
deep_b40_s32441,deep,0.4,32441,conv.7,65,conv.7:out:65
deep_b40_s32441,deep,0.4,32441,conv.3,70,conv.3:out:70
deep_b40_s32441,deep,0.4,32441,conv.10,154,conv.10:out:154
deep_b40_s32441,deep,0.4,32441,conv.7,40,conv.7:out:40
deep_b40_s32441,deep,0.4,32441,conv.3,112,conv.3:out:112
deep_b40_s32441,deep,0.4,32441,conv.10,201,conv.10:out:201
deep_b40_s32441,deep,0.4,32441,conv.10,170,conv.10:out:170
deep_b40_s32441,deep,0.4,32441,conv.3,35,conv.3:out:35
deep_b40_s32441,deep,0.4,32441,conv.0,51,conv.0:out:51
deep_b40_s32441,deep,0.4,32441,conv.10,234,conv.10:out:234
deep_b40_s32441,deep,0.4,32441,conv.10,129,conv.10:out:129
deep_b40_s32441,deep,0.4,32441,conv.7,21,conv.7:out:21
deep_b40_s32441,deep,0.4,32441,conv.0,10,conv.0:out:10
deep_b40_s32441,deep,0.4,32441,conv.10,222,conv.10:out:222
deep_b40_s32441,deep,0.4,32441,conv.10,8,conv.10:out:8
deep_b40_s32441,deep,0.4,32441,conv.3,101,conv.3:out:101
deep_b40_s32441,deep,0.4,32441,conv.3,106,conv.3:out:106
deep_b40_s32441,deep,0.4,32441,conv.0,20,conv.0:out:20
deep_b40_s32441,deep,0.4,32441,conv.3,102,conv.3:out:102
deep_b40_s32441,deep,0.4,32441,conv.7,46,conv.7:out:46
deep_b40_s32441,deep,0.4,32441,conv.7,112,conv.7:out:112
deep_b40_s32441,deep,0.4,32441,conv.0,28,conv.0:out:28
deep_b40_s32441,deep,0.4,32441,conv.10,75,conv.10:out:75
deep_b40_s32441,deep,0.4,32441,conv.3,69,conv.3:out:69
deep_b40_s32441,deep,0.4,32441,conv.7,73,conv.7:out:73
deep_b40_s32441,deep,0.4,32441,conv.7,55,conv.7:out:55
deep_b40_s32441,deep,0.4,32441,conv.7,11,conv.7:out:11
deep_b40_s32441,deep,0.4,32441,conv.3,9,conv.3:out:9
deep_b40_s32441,deep,0.4,32441,conv.10,176,conv.10:out:176
deep_b40_s32441,deep,0.4,32441,conv.0,33,conv.0:out:33
deep_b40_s32441,deep,0.4,32441,conv.0,50,conv.0:out:50
deep_b40_s32441,deep,0.4,32441,conv.3,82,conv.3:out:82
deep_b40_s32441,deep,0.4,32441,conv.10,169,conv.10:out:169
deep_b40_s32441,deep,0.4,32441,conv.10,203,conv.10:out:203
deep_b40_s32441,deep,0.4,32441,conv.7,115,conv.7:out:115
deep_b40_s32441,deep,0.4,32441,conv.10,171,conv.10:out:171
deep_b40_s32441,deep,0.4,32441,conv.10,26,conv.10:out:26
deep_b40_s32441,deep,0.4,32441,conv.10,164,conv.10:out:164
deep_b40_s32441,deep,0.4,32441,conv.0,63,conv.0:out:63
deep_b40_s32441,deep,0.4,32441,conv.10,149,conv.10:out:149
deep_b40_s32441,deep,0.4,32441,conv.10,237,conv.10:out:237
deep_b40_s32441,deep,0.4,32441,conv.0,0,conv.0:out:0
deep_b40_s32441,deep,0.4,32441,conv.3,5,conv.3:out:5
deep_b40_s32441,deep,0.4,32441,conv.10,145,conv.10:out:145
deep_b40_s32441,deep,0.4,32441,conv.10,165,conv.10:out:165
deep_b40_s32441,deep,0.4,32441,conv.7,98,conv.7:out:98
deep_b40_s32441,deep,0.4,32441,conv.10,133,conv.10:out:133
deep_b40_s32441,deep,0.4,32441,conv.10,64,conv.10:out:64
deep_b40_s32441,deep,0.4,32441,conv.0,48,conv.0:out:48
deep_b40_s32441,deep,0.4,32441,conv.0,23,conv.0:out:23
deep_b40_s32441,deep,0.4,32441,conv.10,83,conv.10:out:83
deep_b40_s32441,deep,0.4,32441,conv.3,76,conv.3:out:76
deep_b40_s32441,deep,0.4,32441,conv.10,233,conv.10:out:233
deep_b40_s32441,deep,0.4,32441,conv.3,121,conv.3:out:121
deep_b40_s32441,deep,0.4,32441,conv.0,34,conv.0:out:34
deep_b40_s32441,deep,0.4,32441,conv.0,25,conv.0:out:25
deep_b40_s32442,deep,0.4,32442,conv.7,7,conv.7:out:7
deep_b40_s32442,deep,0.4,32442,conv.3,97,conv.3:out:97
deep_b40_s32442,deep,0.4,32442,conv.3,57,conv.3:out:57
deep_b40_s32442,deep,0.4,32442,conv.10,4,conv.10:out:4
deep_b40_s32442,deep,0.4,32442,conv.10,116,conv.10:out:116
deep_b40_s32442,deep,0.4,32442,conv.0,8,conv.0:out:8
deep_b40_s32442,deep,0.4,32442,conv.10,179,conv.10:out:179
deep_b40_s32442,deep,0.4,32442,conv.3,34,conv.3:out:34
deep_b40_s32442,deep,0.4,32442,conv.10,228,conv.10:out:228
deep_b40_s32442,deep,0.4,32442,conv.7,11,conv.7:out:11
deep_b40_s32442,deep,0.4,32442,conv.10,87,conv.10:out:87
deep_b40_s32442,deep,0.4,32442,conv.10,112,conv.10:out:112
deep_b40_s32442,deep,0.4,32442,conv.3,61,conv.3:out:61
deep_b40_s32442,deep,0.4,32442,conv.10,152,conv.10:out:152
deep_b40_s32442,deep,0.4,32442,conv.3,41,conv.3:out:41
deep_b40_s32442,deep,0.4,32442,conv.3,16,conv.3:out:16
deep_b40_s32442,deep,0.4,32442,conv.7,50,conv.7:out:50
deep_b40_s32442,deep,0.4,32442,conv.7,72,conv.7:out:72
deep_b40_s32442,deep,0.4,32442,conv.7,97,conv.7:out:97
deep_b40_s32442,deep,0.4,32442,conv.10,90,conv.10:out:90
deep_b40_s32442,deep,0.4,32442,conv.10,70,conv.10:out:70
deep_b40_s32442,deep,0.4,32442,conv.10,157,conv.10:out:157
deep_b40_s32442,deep,0.4,32442,conv.0,14,conv.0:out:14
deep_b40_s32442,deep,0.4,32442,conv.7,58,conv.7:out:58
deep_b40_s32442,deep,0.4,32442,conv.3,2,conv.3:out:2
deep_b40_s32442,deep,0.4,32442,conv.10,0,conv.10:out:0
deep_b40_s32442,deep,0.4,32442,conv.10,7,conv.10:out:7
deep_b40_s32442,deep,0.4,32442,conv.7,122,conv.7:out:122
deep_b40_s32442,deep,0.4,32442,conv.10,67,conv.10:out:67
deep_b40_s32442,deep,0.4,32442,conv.3,124,conv.3:out:124
deep_b40_s32442,deep,0.4,32442,conv.10,249,conv.10:out:249
deep_b40_s32442,deep,0.4,32442,conv.10,18,conv.10:out:18
deep_b40_s32442,deep,0.4,32442,conv.10,36,conv.10:out:36
deep_b40_s32442,deep,0.4,32442,conv.10,61,conv.10:out:61
deep_b40_s32442,deep,0.4,32442,conv.10,227,conv.10:out:227
deep_b40_s32442,deep,0.4,32442,conv.7,76,conv.7:out:76
deep_b40_s32442,deep,0.4,32442,conv.3,0,conv.3:out:0
deep_b40_s32442,deep,0.4,32442,conv.10,113,conv.10:out:113
deep_b40_s32442,deep,0.4,32442,conv.7,43,conv.7:out:43
deep_b40_s32442,deep,0.4,32442,conv.10,146,conv.10:out:146
deep_b40_s32442,deep,0.4,32442,conv.7,36,conv.7:out:36
deep_b40_s32442,deep,0.4,32442,conv.3,119,conv.3:out:119
deep_b40_s32442,deep,0.4,32442,conv.0,23,conv.0:out:23
deep_b40_s32442,deep,0.4,32442,conv.10,46,conv.10:out:46
deep_b40_s32442,deep,0.4,32442,conv.3,83,conv.3:out:83
deep_b40_s32442,deep,0.4,32442,conv.3,49,conv.3:out:49
deep_b40_s32442,deep,0.4,32442,conv.7,104,conv.7:out:104
deep_b40_s32442,deep,0.4,32442,conv.10,91,conv.10:out:91
deep_b40_s32442,deep,0.4,32442,conv.7,30,conv.7:out:30
deep_b40_s32442,deep,0.4,32442,conv.3,20,conv.3:out:20
deep_b40_s32442,deep,0.4,32442,conv.10,147,conv.10:out:147
deep_b40_s32442,deep,0.4,32442,conv.3,21,conv.3:out:21
deep_b40_s32442,deep,0.4,32442,conv.10,103,conv.10:out:103
deep_b40_s32442,deep,0.4,32442,conv.0,15,conv.0:out:15
deep_b40_s32442,deep,0.4,32442,conv.7,27,conv.7:out:27
deep_b40_s32442,deep,0.4,32442,conv.0,10,conv.0:out:10
deep_b40_s32442,deep,0.4,32442,conv.0,55,conv.0:out:55
deep_b40_s32442,deep,0.4,32442,conv.10,37,conv.10:out:37
deep_b40_s32442,deep,0.4,32442,conv.10,85,conv.10:out:85
deep_b40_s32442,deep,0.4,32442,conv.3,40,conv.3:out:40
deep_b40_s32442,deep,0.4,32442,conv.7,74,conv.7:out:74
deep_b40_s32442,deep,0.4,32442,conv.10,65,conv.10:out:65
deep_b40_s32442,deep,0.4,32442,conv.10,176,conv.10:out:176
deep_b40_s32442,deep,0.4,32442,conv.7,69,conv.7:out:69
deep_b40_s32442,deep,0.4,32442,conv.10,26,conv.10:out:26
deep_b40_s32442,deep,0.4,32442,conv.10,255,conv.10:out:255
deep_b40_s32442,deep,0.4,32442,conv.10,23,conv.10:out:23
deep_b40_s32442,deep,0.4,32442,conv.10,183,conv.10:out:183
deep_b40_s32442,deep,0.4,32442,conv.10,40,conv.10:out:40
deep_b40_s32442,deep,0.4,32442,conv.10,145,conv.10:out:145
deep_b40_s32442,deep,0.4,32442,conv.10,95,conv.10:out:95
deep_b40_s32442,deep,0.4,32442,conv.10,247,conv.10:out:247
deep_b40_s32442,deep,0.4,32442,conv.10,175,conv.10:out:175
deep_b40_s32442,deep,0.4,32442,conv.3,81,conv.3:out:81
deep_b40_s32442,deep,0.4,32442,conv.10,29,conv.10:out:29
deep_b40_s32442,deep,0.4,32442,conv.3,26,conv.3:out:26
deep_b40_s32442,deep,0.4,32442,conv.3,106,conv.3:out:106
deep_b40_s32442,deep,0.4,32442,conv.10,131,conv.10:out:131
deep_b40_s32442,deep,0.4,32442,conv.3,59,conv.3:out:59
deep_b40_s32442,deep,0.4,32442,conv.10,53,conv.10:out:53
deep_b40_s32442,deep,0.4,32442,conv.10,119,conv.10:out:119
deep_b40_s32442,deep,0.4,32442,conv.10,83,conv.10:out:83
deep_b40_s32442,deep,0.4,32442,conv.10,68,conv.10:out:68
deep_b40_s32442,deep,0.4,32442,conv.10,84,conv.10:out:84
deep_b40_s32442,deep,0.4,32442,conv.7,10,conv.7:out:10
deep_b40_s32442,deep,0.4,32442,conv.3,63,conv.3:out:63
deep_b40_s32442,deep,0.4,32442,conv.3,84,conv.3:out:84
deep_b40_s32442,deep,0.4,32442,conv.7,96,conv.7:out:96
deep_b40_s32442,deep,0.4,32442,conv.3,35,conv.3:out:35
deep_b40_s32442,deep,0.4,32442,conv.3,9,conv.3:out:9
deep_b40_s32442,deep,0.4,32442,conv.7,123,conv.7:out:123
deep_b40_s32442,deep,0.4,32442,conv.10,77,conv.10:out:77
deep_b40_s32442,deep,0.4,32442,conv.10,51,conv.10:out:51
deep_b40_s32442,deep,0.4,32442,conv.3,5,conv.3:out:5
deep_b40_s32442,deep,0.4,32442,conv.7,60,conv.7:out:60
deep_b40_s32442,deep,0.4,32442,conv.3,46,conv.3:out:46
deep_b40_s32442,deep,0.4,32442,conv.0,24,conv.0:out:24
deep_b40_s32442,deep,0.4,32442,conv.10,171,conv.10:out:171
deep_b40_s32442,deep,0.4,32442,conv.7,88,conv.7:out:88
deep_b40_s32442,deep,0.4,32442,conv.10,241,conv.10:out:241
deep_b40_s32442,deep,0.4,32442,conv.7,67,conv.7:out:67
deep_b40_s32442,deep,0.4,32442,conv.7,81,conv.7:out:81
deep_b40_s32442,deep,0.4,32442,conv.10,104,conv.10:out:104
deep_b40_s32442,deep,0.4,32442,conv.3,123,conv.3:out:123
deep_b40_s32442,deep,0.4,32442,conv.7,119,conv.7:out:119
deep_b40_s32442,deep,0.4,32442,conv.7,31,conv.7:out:31
deep_b40_s32442,deep,0.4,32442,conv.3,69,conv.3:out:69
deep_b40_s32442,deep,0.4,32442,conv.10,150,conv.10:out:150
deep_b40_s32442,deep,0.4,32442,conv.10,81,conv.10:out:81
deep_b40_s32442,deep,0.4,32442,conv.7,39,conv.7:out:39
deep_b40_s32442,deep,0.4,32442,conv.3,54,conv.3:out:54
deep_b40_s32442,deep,0.4,32442,conv.10,10,conv.10:out:10
deep_b40_s32442,deep,0.4,32442,conv.0,52,conv.0:out:52
deep_b40_s32442,deep,0.4,32442,conv.7,127,conv.7:out:127
deep_b40_s32442,deep,0.4,32442,conv.10,32,conv.10:out:32
deep_b40_s32442,deep,0.4,32442,conv.3,109,conv.3:out:109
deep_b40_s32442,deep,0.4,32442,conv.10,133,conv.10:out:133
deep_b40_s32442,deep,0.4,32442,conv.0,37,conv.0:out:37
deep_b40_s32442,deep,0.4,32442,conv.7,114,conv.7:out:114
deep_b40_s32442,deep,0.4,32442,conv.10,50,conv.10:out:50
deep_b40_s32442,deep,0.4,32442,conv.10,198,conv.10:out:198
deep_b40_s32442,deep,0.4,32442,conv.10,24,conv.10:out:24
deep_b40_s32442,deep,0.4,32442,conv.10,252,conv.10:out:252
deep_b40_s32442,deep,0.4,32442,conv.10,236,conv.10:out:236
deep_b40_s32442,deep,0.4,32442,conv.0,47,conv.0:out:47
deep_b40_s32442,deep,0.4,32442,conv.10,207,conv.10:out:207
deep_b40_s32442,deep,0.4,32442,conv.10,107,conv.10:out:107
deep_b40_s32442,deep,0.4,32442,conv.10,235,conv.10:out:235
deep_b40_s32442,deep,0.4,32442,conv.10,127,conv.10:out:127
deep_b40_s32442,deep,0.4,32442,conv.3,126,conv.3:out:126
deep_b40_s32442,deep,0.4,32442,conv.10,101,conv.10:out:101
deep_b40_s32442,deep,0.4,32442,conv.10,27,conv.10:out:27
deep_b40_s32442,deep,0.4,32442,conv.10,182,conv.10:out:182
deep_b40_s32442,deep,0.4,32442,conv.10,122,conv.10:out:122
deep_b40_s32442,deep,0.4,32442,conv.10,75,conv.10:out:75
deep_b40_s32442,deep,0.4,32442,conv.3,3,conv.3:out:3
deep_b40_s32443,deep,0.4,32443,conv.0,7,conv.0:out:7
deep_b40_s32443,deep,0.4,32443,conv.0,24,conv.0:out:24
deep_b40_s32443,deep,0.4,32443,conv.10,29,conv.10:out:29
deep_b40_s32443,deep,0.4,32443,conv.7,43,conv.7:out:43
deep_b40_s32443,deep,0.4,32443,conv.7,0,conv.7:out:0
deep_b40_s32443,deep,0.4,32443,conv.7,98,conv.7:out:98
deep_b40_s32443,deep,0.4,32443,conv.3,103,conv.3:out:103
deep_b40_s32443,deep,0.4,32443,conv.7,8,conv.7:out:8
deep_b40_s32443,deep,0.4,32443,conv.0,15,conv.0:out:15
deep_b40_s32443,deep,0.4,32443,conv.10,228,conv.10:out:228
deep_b40_s32443,deep,0.4,32443,conv.7,123,conv.7:out:123
deep_b40_s32443,deep,0.4,32443,conv.0,23,conv.0:out:23
deep_b40_s32443,deep,0.4,32443,conv.3,74,conv.3:out:74
deep_b40_s32443,deep,0.4,32443,conv.3,39,conv.3:out:39
deep_b40_s32443,deep,0.4,32443,conv.10,182,conv.10:out:182
deep_b40_s32443,deep,0.4,32443,conv.7,85,conv.7:out:85
deep_b40_s32443,deep,0.4,32443,conv.10,241,conv.10:out:241
deep_b40_s32443,deep,0.4,32443,conv.10,48,conv.10:out:48
deep_b40_s32443,deep,0.4,32443,conv.3,18,conv.3:out:18
deep_b40_s32443,deep,0.4,32443,conv.7,93,conv.7:out:93
deep_b40_s32443,deep,0.4,32443,conv.3,117,conv.3:out:117
deep_b40_s32443,deep,0.4,32443,conv.7,32,conv.7:out:32
deep_b40_s32443,deep,0.4,32443,conv.3,2,conv.3:out:2
deep_b40_s32443,deep,0.4,32443,conv.3,4,conv.3:out:4
deep_b40_s32443,deep,0.4,32443,conv.10,76,conv.10:out:76
deep_b40_s32443,deep,0.4,32443,conv.7,64,conv.7:out:64
deep_b40_s32443,deep,0.4,32443,conv.7,105,conv.7:out:105
deep_b40_s32443,deep,0.4,32443,conv.10,108,conv.10:out:108
deep_b40_s32443,deep,0.4,32443,conv.10,147,conv.10:out:147
deep_b40_s32443,deep,0.4,32443,conv.3,90,conv.3:out:90
deep_b40_s32443,deep,0.4,32443,conv.10,225,conv.10:out:225
deep_b40_s32443,deep,0.4,32443,conv.0,13,conv.0:out:13
deep_b40_s32443,deep,0.4,32443,conv.7,12,conv.7:out:12
deep_b40_s32443,deep,0.4,32443,conv.10,32,conv.10:out:32
deep_b40_s32443,deep,0.4,32443,conv.7,6,conv.7:out:6
deep_b40_s32443,deep,0.4,32443,conv.10,103,conv.10:out:103
deep_b40_s32443,deep,0.4,32443,conv.7,81,conv.7:out:81
deep_b40_s32443,deep,0.4,32443,conv.10,1,conv.10:out:1
deep_b40_s32443,deep,0.4,32443,conv.10,233,conv.10:out:233
deep_b40_s32443,deep,0.4,32443,conv.0,1,conv.0:out:1
deep_b40_s32443,deep,0.4,32443,conv.10,132,conv.10:out:132
deep_b40_s32443,deep,0.4,32443,conv.10,201,conv.10:out:201
deep_b40_s32443,deep,0.4,32443,conv.10,196,conv.10:out:196
deep_b40_s32443,deep,0.4,32443,conv.7,55,conv.7:out:55
deep_b40_s32443,deep,0.4,32443,conv.7,89,conv.7:out:89
deep_b40_s32443,deep,0.4,32443,conv.10,28,conv.10:out:28
deep_b40_s32443,deep,0.4,32443,conv.3,127,conv.3:out:127
deep_b40_s32443,deep,0.4,32443,conv.3,109,conv.3:out:109
deep_b40_s32443,deep,0.4,32443,conv.10,104,conv.10:out:104
deep_b40_s32443,deep,0.4,32443,conv.3,43,conv.3:out:43
deep_b40_s32443,deep,0.4,32443,conv.7,17,conv.7:out:17
deep_b40_s32443,deep,0.4,32443,conv.10,168,conv.10:out:168
deep_b40_s32443,deep,0.4,32443,conv.3,42,conv.3:out:42
deep_b40_s32443,deep,0.4,32443,conv.0,43,conv.0:out:43
deep_b40_s32443,deep,0.4,32443,conv.3,57,conv.3:out:57
deep_b40_s32443,deep,0.4,32443,conv.0,54,conv.0:out:54
deep_b40_s32443,deep,0.4,32443,conv.3,34,conv.3:out:34
deep_b40_s32443,deep,0.4,32443,conv.0,33,conv.0:out:33
deep_b40_s32443,deep,0.4,32443,conv.3,60,conv.3:out:60
deep_b40_s32443,deep,0.4,32443,conv.10,194,conv.10:out:194
deep_b40_s32443,deep,0.4,32443,conv.0,2,conv.0:out:2
deep_b40_s32443,deep,0.4,32443,conv.7,63,conv.7:out:63
deep_b40_s32443,deep,0.4,32443,conv.3,6,conv.3:out:6
deep_b40_s32443,deep,0.4,32443,conv.10,10,conv.10:out:10
deep_b40_s32443,deep,0.4,32443,conv.7,40,conv.7:out:40
deep_b40_s32443,deep,0.4,32443,conv.3,10,conv.3:out:10
deep_b40_s32443,deep,0.4,32443,conv.10,184,conv.10:out:184
deep_b40_s32443,deep,0.4,32443,conv.10,161,conv.10:out:161
deep_b40_s32443,deep,0.4,32443,conv.10,193,conv.10:out:193
deep_b40_s32443,deep,0.4,32443,conv.3,68,conv.3:out:68
deep_b40_s32443,deep,0.4,32443,conv.3,35,conv.3:out:35
deep_b40_s32443,deep,0.4,32443,conv.3,28,conv.3:out:28
deep_b40_s32443,deep,0.4,32443,conv.10,149,conv.10:out:149
deep_b40_s32443,deep,0.4,32443,conv.10,152,conv.10:out:152
deep_b40_s32443,deep,0.4,32443,conv.3,9,conv.3:out:9
deep_b40_s32443,deep,0.4,32443,conv.7,39,conv.7:out:39
deep_b40_s32443,deep,0.4,32443,conv.3,83,conv.3:out:83
deep_b40_s32443,deep,0.4,32443,conv.3,19,conv.3:out:19
deep_b40_s32443,deep,0.4,32443,conv.10,175,conv.10:out:175
deep_b40_s32443,deep,0.4,32443,conv.3,79,conv.3:out:79
deep_b40_s32443,deep,0.4,32443,conv.10,44,conv.10:out:44
deep_b40_s32443,deep,0.4,32443,conv.3,115,conv.3:out:115
deep_b40_s32443,deep,0.4,32443,conv.10,55,conv.10:out:55
deep_b40_s32443,deep,0.4,32443,conv.7,49,conv.7:out:49
deep_b40_s32443,deep,0.4,32443,conv.0,41,conv.0:out:41
deep_b40_s32443,deep,0.4,32443,conv.3,96,conv.3:out:96
deep_b40_s32443,deep,0.4,32443,conv.7,18,conv.7:out:18
deep_b40_s32443,deep,0.4,32443,conv.7,116,conv.7:out:116
deep_b40_s32443,deep,0.4,32443,conv.7,65,conv.7:out:65
deep_b40_s32443,deep,0.4,32443,conv.10,125,conv.10:out:125
deep_b40_s32443,deep,0.4,32443,conv.10,42,conv.10:out:42
deep_b40_s32443,deep,0.4,32443,conv.10,5,conv.10:out:5
deep_b40_s32443,deep,0.4,32443,conv.10,86,conv.10:out:86
deep_b40_s32443,deep,0.4,32443,conv.10,16,conv.10:out:16
deep_b40_s32443,deep,0.4,32443,conv.0,32,conv.0:out:32
deep_b40_s32443,deep,0.4,32443,conv.7,126,conv.7:out:126
deep_b40_s32443,deep,0.4,32443,conv.3,32,conv.3:out:32
deep_b40_s32443,deep,0.4,32443,conv.10,167,conv.10:out:167
deep_b40_s32443,deep,0.4,32443,conv.0,36,conv.0:out:36
deep_b40_s32443,deep,0.4,32443,conv.10,242,conv.10:out:242
deep_b40_s32443,deep,0.4,32443,conv.10,21,conv.10:out:21
deep_b40_s32443,deep,0.4,32443,conv.3,59,conv.3:out:59
deep_b40_s32443,deep,0.4,32443,conv.10,244,conv.10:out:244
deep_b40_s32443,deep,0.4,32443,conv.3,48,conv.3:out:48
deep_b40_s32443,deep,0.4,32443,conv.10,134,conv.10:out:134
deep_b40_s32443,deep,0.4,32443,conv.3,92,conv.3:out:92
deep_b40_s32443,deep,0.4,32443,conv.10,61,conv.10:out:61
deep_b40_s32443,deep,0.4,32443,conv.7,11,conv.7:out:11
deep_b40_s32443,deep,0.4,32443,conv.3,101,conv.3:out:101
deep_b40_s32443,deep,0.4,32443,conv.10,112,conv.10:out:112
deep_b40_s32443,deep,0.4,32443,conv.10,218,conv.10:out:218
deep_b40_s32443,deep,0.4,32443,conv.10,138,conv.10:out:138
deep_b40_s32443,deep,0.4,32443,conv.10,250,conv.10:out:250
deep_b40_s32443,deep,0.4,32443,conv.7,5,conv.7:out:5
deep_b40_s32443,deep,0.4,32443,conv.10,191,conv.10:out:191
deep_b40_s32443,deep,0.4,32443,conv.10,154,conv.10:out:154
deep_b40_s32443,deep,0.4,32443,conv.10,158,conv.10:out:158
deep_b40_s32443,deep,0.4,32443,conv.7,82,conv.7:out:82
deep_b40_s32443,deep,0.4,32443,conv.10,120,conv.10:out:120
deep_b40_s32443,deep,0.4,32443,conv.10,251,conv.10:out:251
deep_b40_s32443,deep,0.4,32443,conv.10,17,conv.10:out:17
deep_b40_s32443,deep,0.4,32443,conv.7,22,conv.7:out:22
deep_b40_s32443,deep,0.4,32443,conv.10,45,conv.10:out:45
deep_b40_s32443,deep,0.4,32443,conv.7,56,conv.7:out:56
deep_b40_s32443,deep,0.4,32443,conv.7,59,conv.7:out:59
deep_b40_s32443,deep,0.4,32443,conv.7,19,conv.7:out:19
deep_b40_s32444,deep,0.4,32444,conv.0,47,conv.0:out:47
deep_b40_s32444,deep,0.4,32444,conv.0,45,conv.0:out:45
deep_b40_s32444,deep,0.4,32444,conv.3,120,conv.3:out:120
deep_b40_s32444,deep,0.4,32444,conv.7,17,conv.7:out:17
deep_b40_s32444,deep,0.4,32444,conv.0,15,conv.0:out:15
deep_b40_s32444,deep,0.4,32444,conv.10,52,conv.10:out:52
deep_b40_s32444,deep,0.4,32444,conv.10,103,conv.10:out:103
deep_b40_s32444,deep,0.4,32444,conv.0,57,conv.0:out:57
deep_b40_s32444,deep,0.4,32444,conv.10,112,conv.10:out:112
deep_b40_s32444,deep,0.4,32444,conv.10,108,conv.10:out:108
deep_b40_s32444,deep,0.4,32444,conv.7,105,conv.7:out:105
deep_b40_s32444,deep,0.4,32444,conv.7,5,conv.7:out:5
deep_b40_s32444,deep,0.4,32444,conv.10,14,conv.10:out:14
deep_b40_s32444,deep,0.4,32444,conv.10,162,conv.10:out:162
deep_b40_s32444,deep,0.4,32444,conv.0,25,conv.0:out:25
deep_b40_s32444,deep,0.4,32444,conv.10,235,conv.10:out:235
deep_b40_s32444,deep,0.4,32444,conv.10,177,conv.10:out:177
deep_b40_s32444,deep,0.4,32444,conv.0,8,conv.0:out:8
deep_b40_s32444,deep,0.4,32444,conv.7,45,conv.7:out:45
deep_b40_s32444,deep,0.4,32444,conv.10,222,conv.10:out:222
deep_b40_s32444,deep,0.4,32444,conv.3,106,conv.3:out:106
deep_b40_s32444,deep,0.4,32444,conv.10,109,conv.10:out:109
deep_b40_s32444,deep,0.4,32444,conv.10,152,conv.10:out:152
deep_b40_s32444,deep,0.4,32444,conv.0,58,conv.0:out:58
deep_b40_s32444,deep,0.4,32444,conv.7,103,conv.7:out:103
deep_b40_s32444,deep,0.4,32444,conv.10,145,conv.10:out:145
deep_b40_s32444,deep,0.4,32444,conv.0,0,conv.0:out:0
deep_b40_s32444,deep,0.4,32444,conv.3,126,conv.3:out:126
deep_b40_s32444,deep,0.4,32444,conv.7,39,conv.7:out:39
deep_b40_s32444,deep,0.4,32444,conv.10,224,conv.10:out:224
deep_b40_s32444,deep,0.4,32444,conv.7,76,conv.7:out:76
deep_b40_s32444,deep,0.4,32444,conv.10,254,conv.10:out:254
deep_b40_s32444,deep,0.4,32444,conv.10,147,conv.10:out:147
deep_b40_s32444,deep,0.4,32444,conv.3,94,conv.3:out:94
deep_b40_s32444,deep,0.4,32444,conv.7,68,conv.7:out:68
deep_b40_s32444,deep,0.4,32444,conv.10,198,conv.10:out:198
deep_b40_s32444,deep,0.4,32444,conv.3,99,conv.3:out:99
deep_b40_s32444,deep,0.4,32444,conv.10,56,conv.10:out:56
deep_b40_s32444,deep,0.4,32444,conv.10,38,conv.10:out:38
deep_b40_s32444,deep,0.4,32444,conv.10,179,conv.10:out:179
deep_b40_s32444,deep,0.4,32444,conv.3,22,conv.3:out:22
deep_b40_s32444,deep,0.4,32444,conv.3,23,conv.3:out:23
deep_b40_s32444,deep,0.4,32444,conv.10,105,conv.10:out:105
deep_b40_s32444,deep,0.4,32444,conv.7,59,conv.7:out:59
deep_b40_s32444,deep,0.4,32444,conv.3,1,conv.3:out:1
deep_b40_s32444,deep,0.4,32444,conv.10,225,conv.10:out:225
deep_b40_s32444,deep,0.4,32444,conv.10,68,conv.10:out:68
deep_b40_s32444,deep,0.4,32444,conv.0,5,conv.0:out:5
deep_b40_s32444,deep,0.4,32444,conv.10,54,conv.10:out:54
deep_b40_s32444,deep,0.4,32444,conv.7,124,conv.7:out:124
deep_b40_s32444,deep,0.4,32444,conv.10,143,conv.10:out:143
deep_b40_s32444,deep,0.4,32444,conv.10,243,conv.10:out:243
deep_b40_s32444,deep,0.4,32444,conv.10,92,conv.10:out:92
deep_b40_s32444,deep,0.4,32444,conv.3,16,conv.3:out:16
deep_b40_s32444,deep,0.4,32444,conv.10,121,conv.10:out:121
deep_b40_s32444,deep,0.4,32444,conv.10,42,conv.10:out:42
deep_b40_s32444,deep,0.4,32444,conv.3,102,conv.3:out:102
deep_b40_s32444,deep,0.4,32444,conv.3,10,conv.3:out:10
deep_b40_s32444,deep,0.4,32444,conv.3,79,conv.3:out:79
deep_b40_s32444,deep,0.4,32444,conv.3,28,conv.3:out:28
deep_b40_s32444,deep,0.4,32444,conv.3,31,conv.3:out:31
deep_b40_s32444,deep,0.4,32444,conv.7,48,conv.7:out:48
deep_b40_s32444,deep,0.4,32444,conv.10,59,conv.10:out:59
deep_b40_s32444,deep,0.4,32444,conv.3,74,conv.3:out:74
deep_b40_s32444,deep,0.4,32444,conv.10,1,conv.10:out:1
deep_b40_s32444,deep,0.4,32444,conv.10,90,conv.10:out:90
deep_b40_s32444,deep,0.4,32444,conv.7,100,conv.7:out:100
deep_b40_s32444,deep,0.4,32444,conv.0,22,conv.0:out:22
deep_b40_s32444,deep,0.4,32444,conv.3,92,conv.3:out:92
deep_b40_s32444,deep,0.4,32444,conv.3,3,conv.3:out:3
deep_b40_s32444,deep,0.4,32444,conv.3,11,conv.3:out:11
deep_b40_s32444,deep,0.4,32444,conv.7,56,conv.7:out:56
deep_b40_s32444,deep,0.4,32444,conv.10,114,conv.10:out:114
deep_b40_s32444,deep,0.4,32444,conv.3,47,conv.3:out:47
deep_b40_s32444,deep,0.4,32444,conv.10,219,conv.10:out:219
deep_b40_s32444,deep,0.4,32444,conv.10,45,conv.10:out:45
deep_b40_s32444,deep,0.4,32444,conv.10,21,conv.10:out:21
deep_b40_s32444,deep,0.4,32444,conv.7,44,conv.7:out:44
deep_b40_s32444,deep,0.4,32444,conv.7,27,conv.7:out:27
deep_b40_s32444,deep,0.4,32444,conv.3,111,conv.3:out:111
deep_b40_s32444,deep,0.4,32444,conv.3,40,conv.3:out:40
deep_b40_s32444,deep,0.4,32444,conv.10,101,conv.10:out:101
deep_b40_s32444,deep,0.4,32444,conv.0,56,conv.0:out:56
deep_b40_s32444,deep,0.4,32444,conv.10,0,conv.10:out:0
deep_b40_s32444,deep,0.4,32444,conv.0,42,conv.0:out:42
deep_b40_s32444,deep,0.4,32444,conv.7,55,conv.7:out:55
deep_b40_s32444,deep,0.4,32444,conv.3,78,conv.3:out:78
deep_b40_s32444,deep,0.4,32444,conv.10,98,conv.10:out:98
deep_b40_s32444,deep,0.4,32444,conv.10,245,conv.10:out:245
deep_b40_s32444,deep,0.4,32444,conv.3,86,conv.3:out:86
deep_b40_s32444,deep,0.4,32444,conv.7,50,conv.7:out:50
deep_b40_s32444,deep,0.4,32444,conv.7,51,conv.7:out:51
deep_b40_s32444,deep,0.4,32444,conv.10,12,conv.10:out:12
deep_b40_s32444,deep,0.4,32444,conv.7,89,conv.7:out:89
deep_b40_s32444,deep,0.4,32444,conv.10,125,conv.10:out:125
deep_b40_s32444,deep,0.4,32444,conv.7,9,conv.7:out:9
deep_b40_s32444,deep,0.4,32444,conv.3,14,conv.3:out:14
deep_b40_s32444,deep,0.4,32444,conv.0,23,conv.0:out:23
deep_b40_s32444,deep,0.4,32444,conv.10,73,conv.10:out:73
deep_b40_s32444,deep,0.4,32444,conv.7,33,conv.7:out:33
deep_b40_s32444,deep,0.4,32444,conv.10,183,conv.10:out:183
deep_b40_s32444,deep,0.4,32444,conv.10,208,conv.10:out:208
deep_b40_s32444,deep,0.4,32444,conv.3,53,conv.3:out:53
deep_b40_s32444,deep,0.4,32444,conv.7,63,conv.7:out:63
deep_b40_s32444,deep,0.4,32444,conv.10,13,conv.10:out:13
deep_b40_s32444,deep,0.4,32444,conv.7,106,conv.7:out:106
deep_b40_s32444,deep,0.4,32444,conv.7,120,conv.7:out:120
deep_b40_s32444,deep,0.4,32444,conv.0,1,conv.0:out:1
deep_b40_s32444,deep,0.4,32444,conv.0,24,conv.0:out:24
deep_b40_s32444,deep,0.4,32444,conv.10,32,conv.10:out:32
deep_b40_s32444,deep,0.4,32444,conv.7,0,conv.7:out:0
deep_b40_s32444,deep,0.4,32444,conv.10,223,conv.10:out:223
deep_b40_s32444,deep,0.4,32444,conv.10,215,conv.10:out:215
deep_b40_s32444,deep,0.4,32444,conv.7,119,conv.7:out:119
deep_b40_s32444,deep,0.4,32444,conv.10,78,conv.10:out:78
deep_b40_s32444,deep,0.4,32444,conv.10,31,conv.10:out:31
deep_b40_s32444,deep,0.4,32444,conv.10,169,conv.10:out:169
deep_b40_s32444,deep,0.4,32444,conv.10,95,conv.10:out:95
deep_b40_s32444,deep,0.4,32444,conv.10,65,conv.10:out:65
deep_b40_s32444,deep,0.4,32444,conv.7,21,conv.7:out:21
deep_b40_s32444,deep,0.4,32444,conv.10,55,conv.10:out:55
deep_b40_s32444,deep,0.4,32444,conv.0,46,conv.0:out:46
deep_b40_s32444,deep,0.4,32444,conv.10,115,conv.10:out:115
deep_b40_s32444,deep,0.4,32444,conv.7,83,conv.7:out:83
deep_b40_s32444,deep,0.4,32444,conv.7,49,conv.7:out:49
deep_b40_s32444,deep,0.4,32444,conv.10,212,conv.10:out:212
deep_b40_s32444,deep,0.4,32444,conv.7,110,conv.7:out:110
deep_b40_s32444,deep,0.4,32444,conv.10,69,conv.10:out:69
deep_b40_s32444,deep,0.4,32444,conv.3,103,conv.3:out:103
deep_b40_s32445,deep,0.4,32445,conv.10,173,conv.10:out:173
deep_b40_s32445,deep,0.4,32445,conv.3,106,conv.3:out:106
deep_b40_s32445,deep,0.4,32445,conv.3,84,conv.3:out:84
deep_b40_s32445,deep,0.4,32445,conv.0,57,conv.0:out:57
deep_b40_s32445,deep,0.4,32445,conv.7,103,conv.7:out:103
deep_b40_s32445,deep,0.4,32445,conv.3,64,conv.3:out:64
deep_b40_s32445,deep,0.4,32445,conv.10,66,conv.10:out:66
deep_b40_s32445,deep,0.4,32445,conv.3,112,conv.3:out:112
deep_b40_s32445,deep,0.4,32445,conv.3,37,conv.3:out:37
deep_b40_s32445,deep,0.4,32445,conv.7,68,conv.7:out:68
deep_b40_s32445,deep,0.4,32445,conv.10,204,conv.10:out:204
deep_b40_s32445,deep,0.4,32445,conv.10,18,conv.10:out:18
deep_b40_s32445,deep,0.4,32445,conv.10,100,conv.10:out:100
deep_b40_s32445,deep,0.4,32445,conv.10,240,conv.10:out:240
deep_b40_s32445,deep,0.4,32445,conv.3,14,conv.3:out:14
deep_b40_s32445,deep,0.4,32445,conv.3,44,conv.3:out:44
deep_b40_s32445,deep,0.4,32445,conv.10,39,conv.10:out:39
deep_b40_s32445,deep,0.4,32445,conv.7,10,conv.7:out:10
deep_b40_s32445,deep,0.4,32445,conv.3,69,conv.3:out:69
deep_b40_s32445,deep,0.4,32445,conv.3,18,conv.3:out:18
deep_b40_s32445,deep,0.4,32445,conv.10,53,conv.10:out:53
deep_b40_s32445,deep,0.4,32445,conv.10,89,conv.10:out:89
deep_b40_s32445,deep,0.4,32445,conv.3,105,conv.3:out:105
deep_b40_s32445,deep,0.4,32445,conv.3,91,conv.3:out:91
deep_b40_s32445,deep,0.4,32445,conv.10,61,conv.10:out:61
deep_b40_s32445,deep,0.4,32445,conv.10,182,conv.10:out:182
deep_b40_s32445,deep,0.4,32445,conv.3,41,conv.3:out:41
deep_b40_s32445,deep,0.4,32445,conv.10,250,conv.10:out:250
deep_b40_s32445,deep,0.4,32445,conv.7,126,conv.7:out:126
deep_b40_s32445,deep,0.4,32445,conv.10,55,conv.10:out:55
deep_b40_s32445,deep,0.4,32445,conv.10,134,conv.10:out:134
deep_b40_s32445,deep,0.4,32445,conv.10,117,conv.10:out:117
deep_b40_s32445,deep,0.4,32445,conv.7,92,conv.7:out:92
deep_b40_s32445,deep,0.4,32445,conv.0,0,conv.0:out:0
deep_b40_s32445,deep,0.4,32445,conv.7,89,conv.7:out:89
deep_b40_s32445,deep,0.4,32445,conv.0,37,conv.0:out:37
deep_b40_s32445,deep,0.4,32445,conv.10,79,conv.10:out:79
deep_b40_s32445,deep,0.4,32445,conv.3,52,conv.3:out:52
deep_b40_s32445,deep,0.4,32445,conv.7,56,conv.7:out:56
deep_b40_s32445,deep,0.4,32445,conv.7,4,conv.7:out:4
deep_b40_s32445,deep,0.4,32445,conv.0,51,conv.0:out:51
deep_b40_s32445,deep,0.4,32445,conv.0,43,conv.0:out:43
deep_b40_s32445,deep,0.4,32445,conv.7,65,conv.7:out:65
deep_b40_s32445,deep,0.4,32445,conv.10,149,conv.10:out:149
deep_b40_s32445,deep,0.4,32445,conv.3,0,conv.3:out:0
deep_b40_s32445,deep,0.4,32445,conv.0,45,conv.0:out:45
deep_b40_s32445,deep,0.4,32445,conv.10,54,conv.10:out:54
deep_b40_s32445,deep,0.4,32445,conv.10,221,conv.10:out:221
deep_b40_s32445,deep,0.4,32445,conv.10,72,conv.10:out:72
deep_b40_s32445,deep,0.4,32445,conv.3,101,conv.3:out:101
deep_b40_s32445,deep,0.4,32445,conv.3,19,conv.3:out:19
deep_b40_s32445,deep,0.4,32445,conv.7,19,conv.7:out:19
deep_b40_s32445,deep,0.4,32445,conv.7,11,conv.7:out:11
deep_b40_s32445,deep,0.4,32445,conv.10,234,conv.10:out:234
deep_b40_s32445,deep,0.4,32445,conv.3,67,conv.3:out:67
deep_b40_s32445,deep,0.4,32445,conv.7,13,conv.7:out:13
deep_b40_s32445,deep,0.4,32445,conv.0,46,conv.0:out:46
deep_b40_s32445,deep,0.4,32445,conv.7,53,conv.7:out:53
deep_b40_s32445,deep,0.4,32445,conv.10,52,conv.10:out:52
deep_b40_s32445,deep,0.4,32445,conv.10,67,conv.10:out:67
deep_b40_s32445,deep,0.4,32445,conv.7,95,conv.7:out:95
deep_b40_s32445,deep,0.4,32445,conv.10,128,conv.10:out:128
deep_b40_s32445,deep,0.4,32445,conv.7,74,conv.7:out:74
deep_b40_s32445,deep,0.4,32445,conv.3,108,conv.3:out:108
deep_b40_s32445,deep,0.4,32445,conv.0,15,conv.0:out:15
deep_b40_s32445,deep,0.4,32445,conv.7,55,conv.7:out:55
deep_b40_s32445,deep,0.4,32445,conv.10,44,conv.10:out:44
deep_b40_s32445,deep,0.4,32445,conv.0,59,conv.0:out:59
deep_b40_s32445,deep,0.4,32445,conv.10,50,conv.10:out:50
deep_b40_s32445,deep,0.4,32445,conv.10,251,conv.10:out:251
deep_b40_s32445,deep,0.4,32445,conv.3,86,conv.3:out:86
deep_b40_s32445,deep,0.4,32445,conv.10,171,conv.10:out:171
deep_b40_s32445,deep,0.4,32445,conv.7,14,conv.7:out:14
deep_b40_s32445,deep,0.4,32445,conv.10,169,conv.10:out:169
deep_b40_s32445,deep,0.4,32445,conv.0,27,conv.0:out:27
deep_b40_s32445,deep,0.4,32445,conv.7,50,conv.7:out:50
deep_b40_s32445,deep,0.4,32445,conv.3,113,conv.3:out:113
deep_b40_s32445,deep,0.4,32445,conv.10,71,conv.10:out:71
deep_b40_s32445,deep,0.4,32445,conv.7,82,conv.7:out:82
deep_b40_s32445,deep,0.4,32445,conv.7,110,conv.7:out:110
deep_b40_s32445,deep,0.4,32445,conv.3,20,conv.3:out:20
deep_b40_s32445,deep,0.4,32445,conv.10,91,conv.10:out:91
deep_b40_s32445,deep,0.4,32445,conv.0,9,conv.0:out:9
deep_b40_s32445,deep,0.4,32445,conv.0,60,conv.0:out:60
deep_b40_s32445,deep,0.4,32445,conv.10,4,conv.10:out:4
deep_b40_s32445,deep,0.4,32445,conv.10,26,conv.10:out:26
deep_b40_s32445,deep,0.4,32445,conv.3,103,conv.3:out:103
deep_b40_s32445,deep,0.4,32445,conv.7,35,conv.7:out:35
deep_b40_s32445,deep,0.4,32445,conv.7,111,conv.7:out:111
deep_b40_s32445,deep,0.4,32445,conv.10,140,conv.10:out:140
deep_b40_s32445,deep,0.4,32445,conv.7,109,conv.7:out:109
deep_b40_s32445,deep,0.4,32445,conv.0,58,conv.0:out:58
deep_b40_s32445,deep,0.4,32445,conv.3,109,conv.3:out:109
deep_b40_s32445,deep,0.4,32445,conv.10,253,conv.10:out:253
deep_b40_s32445,deep,0.4,32445,conv.7,67,conv.7:out:67
deep_b40_s32445,deep,0.4,32445,conv.0,20,conv.0:out:20
deep_b40_s32445,deep,0.4,32445,conv.10,247,conv.10:out:247
deep_b40_s32445,deep,0.4,32445,conv.10,17,conv.10:out:17
deep_b40_s32445,deep,0.4,32445,conv.10,142,conv.10:out:142
deep_b40_s32445,deep,0.4,32445,conv.0,38,conv.0:out:38
deep_b40_s32445,deep,0.4,32445,conv.10,77,conv.10:out:77
deep_b40_s32445,deep,0.4,32445,conv.10,49,conv.10:out:49
deep_b40_s32445,deep,0.4,32445,conv.0,1,conv.0:out:1
deep_b40_s32445,deep,0.4,32445,conv.0,25,conv.0:out:25
deep_b40_s32445,deep,0.4,32445,conv.7,84,conv.7:out:84
deep_b40_s32445,deep,0.4,32445,conv.10,122,conv.10:out:122
deep_b40_s32445,deep,0.4,32445,conv.10,38,conv.10:out:38
deep_b40_s32445,deep,0.4,32445,conv.10,155,conv.10:out:155
deep_b40_s32445,deep,0.4,32445,conv.3,111,conv.3:out:111
deep_b40_s32445,deep,0.4,32445,conv.10,207,conv.10:out:207
deep_b40_s32445,deep,0.4,32445,conv.10,131,conv.10:out:131
deep_b40_s32445,deep,0.4,32445,conv.3,7,conv.3:out:7
deep_b40_s32445,deep,0.4,32445,conv.3,122,conv.3:out:122
deep_b40_s32445,deep,0.4,32445,conv.10,186,conv.10:out:186
deep_b40_s32445,deep,0.4,32445,conv.10,98,conv.10:out:98
deep_b40_s32445,deep,0.4,32445,conv.0,8,conv.0:out:8
deep_b40_s32445,deep,0.4,32445,conv.3,22,conv.3:out:22
deep_b40_s32445,deep,0.4,32445,conv.10,30,conv.10:out:30
deep_b40_s32445,deep,0.4,32445,conv.10,141,conv.10:out:141
deep_b40_s32445,deep,0.4,32445,conv.10,229,conv.10:out:229
deep_b40_s32445,deep,0.4,32445,conv.0,56,conv.0:out:56
deep_b40_s32445,deep,0.4,32445,conv.10,227,conv.10:out:227
deep_b40_s32445,deep,0.4,32445,conv.3,72,conv.3:out:72
deep_b40_s32445,deep,0.4,32445,conv.10,40,conv.10:out:40
deep_b40_s32445,deep,0.4,32445,conv.10,194,conv.10:out:194
deep_b40_s32445,deep,0.4,32445,conv.10,176,conv.10:out:176
deep_b40_s32445,deep,0.4,32445,conv.7,100,conv.7:out:100
deep_b40_s32445,deep,0.4,32445,conv.10,1,conv.10:out:1
deep_b40_s32445,deep,0.4,32445,conv.7,120,conv.7:out:120
deep_b40_s32446,deep,0.4,32446,conv.7,114,conv.7:out:114
deep_b40_s32446,deep,0.4,32446,conv.3,14,conv.3:out:14
deep_b40_s32446,deep,0.4,32446,conv.0,31,conv.0:out:31
deep_b40_s32446,deep,0.4,32446,conv.10,96,conv.10:out:96
deep_b40_s32446,deep,0.4,32446,conv.10,107,conv.10:out:107
deep_b40_s32446,deep,0.4,32446,conv.7,53,conv.7:out:53
deep_b40_s32446,deep,0.4,32446,conv.10,37,conv.10:out:37
deep_b40_s32446,deep,0.4,32446,conv.0,23,conv.0:out:23
deep_b40_s32446,deep,0.4,32446,conv.10,181,conv.10:out:181
deep_b40_s32446,deep,0.4,32446,conv.0,14,conv.0:out:14
deep_b40_s32446,deep,0.4,32446,conv.10,145,conv.10:out:145
deep_b40_s32446,deep,0.4,32446,conv.7,33,conv.7:out:33
deep_b40_s32446,deep,0.4,32446,conv.0,61,conv.0:out:61
deep_b40_s32446,deep,0.4,32446,conv.0,11,conv.0:out:11
deep_b40_s32446,deep,0.4,32446,conv.7,127,conv.7:out:127
deep_b40_s32446,deep,0.4,32446,conv.10,194,conv.10:out:194
deep_b40_s32446,deep,0.4,32446,conv.10,222,conv.10:out:222
deep_b40_s32446,deep,0.4,32446,conv.0,48,conv.0:out:48
deep_b40_s32446,deep,0.4,32446,conv.7,34,conv.7:out:34
deep_b40_s32446,deep,0.4,32446,conv.10,182,conv.10:out:182
deep_b40_s32446,deep,0.4,32446,conv.10,139,conv.10:out:139
deep_b40_s32446,deep,0.4,32446,conv.10,70,conv.10:out:70
deep_b40_s32446,deep,0.4,32446,conv.0,62,conv.0:out:62
deep_b40_s32446,deep,0.4,32446,conv.10,142,conv.10:out:142
deep_b40_s32446,deep,0.4,32446,conv.10,168,conv.10:out:168
deep_b40_s32446,deep,0.4,32446,conv.0,52,conv.0:out:52
deep_b40_s32446,deep,0.4,32446,conv.10,136,conv.10:out:136
deep_b40_s32446,deep,0.4,32446,conv.10,239,conv.10:out:239
deep_b40_s32446,deep,0.4,32446,conv.10,229,conv.10:out:229
deep_b40_s32446,deep,0.4,32446,conv.10,169,conv.10:out:169
deep_b40_s32446,deep,0.4,32446,conv.7,21,conv.7:out:21
deep_b40_s32446,deep,0.4,32446,conv.10,109,conv.10:out:109
deep_b40_s32446,deep,0.4,32446,conv.10,6,conv.10:out:6
deep_b40_s32446,deep,0.4,32446,conv.0,2,conv.0:out:2
deep_b40_s32446,deep,0.4,32446,conv.10,43,conv.10:out:43
deep_b40_s32446,deep,0.4,32446,conv.10,50,conv.10:out:50
deep_b40_s32446,deep,0.4,32446,conv.0,10,conv.0:out:10
deep_b40_s32446,deep,0.4,32446,conv.3,124,conv.3:out:124
deep_b40_s32446,deep,0.4,32446,conv.10,116,conv.10:out:116
deep_b40_s32446,deep,0.4,32446,conv.3,0,conv.3:out:0
deep_b40_s32446,deep,0.4,32446,conv.10,221,conv.10:out:221
deep_b40_s32446,deep,0.4,32446,conv.7,72,conv.7:out:72
deep_b40_s32446,deep,0.4,32446,conv.3,111,conv.3:out:111
deep_b40_s32446,deep,0.4,32446,conv.7,121,conv.7:out:121
deep_b40_s32446,deep,0.4,32446,conv.10,208,conv.10:out:208
deep_b40_s32446,deep,0.4,32446,conv.3,13,conv.3:out:13
deep_b40_s32446,deep,0.4,32446,conv.7,109,conv.7:out:109
deep_b40_s32446,deep,0.4,32446,conv.7,106,conv.7:out:106
deep_b40_s32446,deep,0.4,32446,conv.10,234,conv.10:out:234
deep_b40_s32446,deep,0.4,32446,conv.3,82,conv.3:out:82
deep_b40_s32446,deep,0.4,32446,conv.10,53,conv.10:out:53
deep_b40_s32446,deep,0.4,32446,conv.7,77,conv.7:out:77
deep_b40_s32446,deep,0.4,32446,conv.10,66,conv.10:out:66
deep_b40_s32446,deep,0.4,32446,conv.3,79,conv.3:out:79
deep_b40_s32446,deep,0.4,32446,conv.10,100,conv.10:out:100
deep_b40_s32446,deep,0.4,32446,conv.10,151,conv.10:out:151
deep_b40_s32446,deep,0.4,32446,conv.10,58,conv.10:out:58
deep_b40_s32446,deep,0.4,32446,conv.3,19,conv.3:out:19
deep_b40_s32446,deep,0.4,32446,conv.3,91,conv.3:out:91
deep_b40_s32446,deep,0.4,32446,conv.7,31,conv.7:out:31
deep_b40_s32446,deep,0.4,32446,conv.3,73,conv.3:out:73
deep_b40_s32446,deep,0.4,32446,conv.0,18,conv.0:out:18
deep_b40_s32446,deep,0.4,32446,conv.10,111,conv.10:out:111
deep_b40_s32446,deep,0.4,32446,conv.10,39,conv.10:out:39
deep_b40_s32446,deep,0.4,32446,conv.7,68,conv.7:out:68
deep_b40_s32446,deep,0.4,32446,conv.7,51,conv.7:out:51
deep_b40_s32446,deep,0.4,32446,conv.10,137,conv.10:out:137
deep_b40_s32446,deep,0.4,32446,conv.3,71,conv.3:out:71
deep_b40_s32446,deep,0.4,32446,conv.10,17,conv.10:out:17
deep_b40_s32446,deep,0.4,32446,conv.7,19,conv.7:out:19
deep_b40_s32446,deep,0.4,32446,conv.10,219,conv.10:out:219
deep_b40_s32446,deep,0.4,32446,conv.10,183,conv.10:out:183
deep_b40_s32446,deep,0.4,32446,conv.10,187,conv.10:out:187
deep_b40_s32446,deep,0.4,32446,conv.10,112,conv.10:out:112
deep_b40_s32446,deep,0.4,32446,conv.10,220,conv.10:out:220
deep_b40_s32446,deep,0.4,32446,conv.7,86,conv.7:out:86
deep_b40_s32446,deep,0.4,32446,conv.10,82,conv.10:out:82
deep_b40_s32446,deep,0.4,32446,conv.10,203,conv.10:out:203
deep_b40_s32446,deep,0.4,32446,conv.10,174,conv.10:out:174
deep_b40_s32446,deep,0.4,32446,conv.0,44,conv.0:out:44
deep_b40_s32446,deep,0.4,32446,conv.10,211,conv.10:out:211
deep_b40_s32446,deep,0.4,32446,conv.0,57,conv.0:out:57
deep_b40_s32446,deep,0.4,32446,conv.10,73,conv.10:out:73
deep_b40_s32446,deep,0.4,32446,conv.10,130,conv.10:out:130
deep_b40_s32446,deep,0.4,32446,conv.0,9,conv.0:out:9
deep_b40_s32446,deep,0.4,32446,conv.0,0,conv.0:out:0
deep_b40_s32446,deep,0.4,32446,conv.0,28,conv.0:out:28
deep_b40_s32446,deep,0.4,32446,conv.10,15,conv.10:out:15
deep_b40_s32446,deep,0.4,32446,conv.10,103,conv.10:out:103
deep_b40_s32446,deep,0.4,32446,conv.10,67,conv.10:out:67
deep_b40_s32446,deep,0.4,32446,conv.3,96,conv.3:out:96
deep_b40_s32446,deep,0.4,32446,conv.7,1,conv.7:out:1
deep_b40_s32446,deep,0.4,32446,conv.7,113,conv.7:out:113
deep_b40_s32446,deep,0.4,32446,conv.10,134,conv.10:out:134
deep_b40_s32446,deep,0.4,32446,conv.10,78,conv.10:out:78
deep_b40_s32446,deep,0.4,32446,conv.10,185,conv.10:out:185
deep_b40_s32446,deep,0.4,32446,conv.10,52,conv.10:out:52
deep_b40_s32446,deep,0.4,32446,conv.7,101,conv.7:out:101
deep_b40_s32446,deep,0.4,32446,conv.7,118,conv.7:out:118
deep_b40_s32446,deep,0.4,32446,conv.7,105,conv.7:out:105
deep_b40_s32446,deep,0.4,32446,conv.10,55,conv.10:out:55
deep_b40_s32446,deep,0.4,32446,conv.10,144,conv.10:out:144
deep_b40_s32446,deep,0.4,32446,conv.7,85,conv.7:out:85
deep_b40_s32446,deep,0.4,32446,conv.3,4,conv.3:out:4
deep_b40_s32446,deep,0.4,32446,conv.3,36,conv.3:out:36
deep_b40_s32446,deep,0.4,32446,conv.7,27,conv.7:out:27
deep_b40_s32446,deep,0.4,32446,conv.3,77,conv.3:out:77
deep_b40_s32446,deep,0.4,32446,conv.3,68,conv.3:out:68
deep_b40_s32446,deep,0.4,32446,conv.0,15,conv.0:out:15
deep_b40_s32446,deep,0.4,32446,conv.3,52,conv.3:out:52
deep_b40_s32446,deep,0.4,32446,conv.0,34,conv.0:out:34
deep_b40_s32446,deep,0.4,32446,conv.10,164,conv.10:out:164
deep_b40_s32446,deep,0.4,32446,conv.7,100,conv.7:out:100
deep_b40_s32446,deep,0.4,32446,conv.7,117,conv.7:out:117
deep_b40_s32446,deep,0.4,32446,conv.10,204,conv.10:out:204
deep_b40_s32446,deep,0.4,32446,conv.3,66,conv.3:out:66
deep_b40_s32446,deep,0.4,32446,conv.3,87,conv.3:out:87
deep_b40_s32446,deep,0.4,32446,conv.10,27,conv.10:out:27
deep_b40_s32446,deep,0.4,32446,conv.3,16,conv.3:out:16
deep_b40_s32446,deep,0.4,32446,conv.10,188,conv.10:out:188
deep_b40_s32446,deep,0.4,32446,conv.10,198,conv.10:out:198
deep_b40_s32446,deep,0.4,32446,conv.3,45,conv.3:out:45
deep_b40_s32446,deep,0.4,32446,conv.7,16,conv.7:out:16
deep_b40_s32446,deep,0.4,32446,conv.10,147,conv.10:out:147
deep_b40_s32446,deep,0.4,32446,conv.0,32,conv.0:out:32
deep_b40_s32446,deep,0.4,32446,conv.10,14,conv.10:out:14
deep_b40_s32446,deep,0.4,32446,conv.7,115,conv.7:out:115
deep_b40_s32446,deep,0.4,32446,conv.10,131,conv.10:out:131
deep_b40_s32446,deep,0.4,32446,conv.7,95,conv.7:out:95
deep_b40_s32446,deep,0.4,32446,conv.3,33,conv.3:out:33
deep_b40_s32446,deep,0.4,32446,conv.10,179,conv.10:out:179
deep_b40_s32446,deep,0.4,32446,conv.7,30,conv.7:out:30
deep_b40_s32447,deep,0.4,32447,conv.7,50,conv.7:out:50
deep_b40_s32447,deep,0.4,32447,conv.10,182,conv.10:out:182
deep_b40_s32447,deep,0.4,32447,conv.7,53,conv.7:out:53
deep_b40_s32447,deep,0.4,32447,conv.10,181,conv.10:out:181
deep_b40_s32447,deep,0.4,32447,conv.10,149,conv.10:out:149
deep_b40_s32447,deep,0.4,32447,conv.10,102,conv.10:out:102
deep_b40_s32447,deep,0.4,32447,conv.3,18,conv.3:out:18
deep_b40_s32447,deep,0.4,32447,conv.7,65,conv.7:out:65
deep_b40_s32447,deep,0.4,32447,conv.7,54,conv.7:out:54
deep_b40_s32447,deep,0.4,32447,conv.3,19,conv.3:out:19
deep_b40_s32447,deep,0.4,32447,conv.3,21,conv.3:out:21
deep_b40_s32447,deep,0.4,32447,conv.10,7,conv.10:out:7
deep_b40_s32447,deep,0.4,32447,conv.10,78,conv.10:out:78
deep_b40_s32447,deep,0.4,32447,conv.10,216,conv.10:out:216
deep_b40_s32447,deep,0.4,32447,conv.3,108,conv.3:out:108
deep_b40_s32447,deep,0.4,32447,conv.3,40,conv.3:out:40
deep_b40_s32447,deep,0.4,32447,conv.3,96,conv.3:out:96
deep_b40_s32447,deep,0.4,32447,conv.10,74,conv.10:out:74
deep_b40_s32447,deep,0.4,32447,conv.3,112,conv.3:out:112
deep_b40_s32447,deep,0.4,32447,conv.10,112,conv.10:out:112
deep_b40_s32447,deep,0.4,32447,conv.0,56,conv.0:out:56
deep_b40_s32447,deep,0.4,32447,conv.7,101,conv.7:out:101
deep_b40_s32447,deep,0.4,32447,conv.10,48,conv.10:out:48
deep_b40_s32447,deep,0.4,32447,conv.10,16,conv.10:out:16
deep_b40_s32447,deep,0.4,32447,conv.3,97,conv.3:out:97
deep_b40_s32447,deep,0.4,32447,conv.7,126,conv.7:out:126
deep_b40_s32447,deep,0.4,32447,conv.7,103,conv.7:out:103
deep_b40_s32447,deep,0.4,32447,conv.3,68,conv.3:out:68
deep_b40_s32447,deep,0.4,32447,conv.3,47,conv.3:out:47
deep_b40_s32447,deep,0.4,32447,conv.3,62,conv.3:out:62
deep_b40_s32447,deep,0.4,32447,conv.10,38,conv.10:out:38
deep_b40_s32447,deep,0.4,32447,conv.10,131,conv.10:out:131
deep_b40_s32447,deep,0.4,32447,conv.7,119,conv.7:out:119
deep_b40_s32447,deep,0.4,32447,conv.3,59,conv.3:out:59
deep_b40_s32447,deep,0.4,32447,conv.7,79,conv.7:out:79
deep_b40_s32447,deep,0.4,32447,conv.10,212,conv.10:out:212
deep_b40_s32447,deep,0.4,32447,conv.10,213,conv.10:out:213
deep_b40_s32447,deep,0.4,32447,conv.10,224,conv.10:out:224
deep_b40_s32447,deep,0.4,32447,conv.10,104,conv.10:out:104
deep_b40_s32447,deep,0.4,32447,conv.7,37,conv.7:out:37
deep_b40_s32447,deep,0.4,32447,conv.3,101,conv.3:out:101
deep_b40_s32447,deep,0.4,32447,conv.7,47,conv.7:out:47
deep_b40_s32447,deep,0.4,32447,conv.0,37,conv.0:out:37
deep_b40_s32447,deep,0.4,32447,conv.0,36,conv.0:out:36
deep_b40_s32447,deep,0.4,32447,conv.7,57,conv.7:out:57
deep_b40_s32447,deep,0.4,32447,conv.0,57,conv.0:out:57
deep_b40_s32447,deep,0.4,32447,conv.10,221,conv.10:out:221
deep_b40_s32447,deep,0.4,32447,conv.7,52,conv.7:out:52
deep_b40_s32447,deep,0.4,32447,conv.10,152,conv.10:out:152
deep_b40_s32447,deep,0.4,32447,conv.0,0,conv.0:out:0
deep_b40_s32447,deep,0.4,32447,conv.7,104,conv.7:out:104
deep_b40_s32447,deep,0.4,32447,conv.3,55,conv.3:out:55
deep_b40_s32447,deep,0.4,32447,conv.10,145,conv.10:out:145
deep_b40_s32447,deep,0.4,32447,conv.10,55,conv.10:out:55
deep_b40_s32447,deep,0.4,32447,conv.7,70,conv.7:out:70
deep_b40_s32447,deep,0.4,32447,conv.7,97,conv.7:out:97
deep_b40_s32447,deep,0.4,32447,conv.10,202,conv.10:out:202
deep_b40_s32447,deep,0.4,32447,conv.10,246,conv.10:out:246
deep_b40_s32447,deep,0.4,32447,conv.7,84,conv.7:out:84
deep_b40_s32447,deep,0.4,32447,conv.10,128,conv.10:out:128
deep_b40_s32447,deep,0.4,32447,conv.7,74,conv.7:out:74
deep_b40_s32447,deep,0.4,32447,conv.3,77,conv.3:out:77
deep_b40_s32447,deep,0.4,32447,conv.3,34,conv.3:out:34
deep_b40_s32447,deep,0.4,32447,conv.10,243,conv.10:out:243
deep_b40_s32447,deep,0.4,32447,conv.7,109,conv.7:out:109
deep_b40_s32447,deep,0.4,32447,conv.3,41,conv.3:out:41
deep_b40_s32447,deep,0.4,32447,conv.10,20,conv.10:out:20
deep_b40_s32447,deep,0.4,32447,conv.10,129,conv.10:out:129
deep_b40_s32447,deep,0.4,32447,conv.10,100,conv.10:out:100
deep_b40_s32447,deep,0.4,32447,conv.7,16,conv.7:out:16
deep_b40_s32447,deep,0.4,32447,conv.0,23,conv.0:out:23
deep_b40_s32447,deep,0.4,32447,conv.7,120,conv.7:out:120
deep_b40_s32447,deep,0.4,32447,conv.7,116,conv.7:out:116
deep_b40_s32447,deep,0.4,32447,conv.7,24,conv.7:out:24
deep_b40_s32447,deep,0.4,32447,conv.10,140,conv.10:out:140
deep_b40_s32447,deep,0.4,32447,conv.10,24,conv.10:out:24
deep_b40_s32447,deep,0.4,32447,conv.10,50,conv.10:out:50
deep_b40_s32447,deep,0.4,32447,conv.3,124,conv.3:out:124
deep_b40_s32447,deep,0.4,32447,conv.10,142,conv.10:out:142
deep_b40_s32447,deep,0.4,32447,conv.10,155,conv.10:out:155
deep_b40_s32447,deep,0.4,32447,conv.3,79,conv.3:out:79
deep_b40_s32447,deep,0.4,32447,conv.10,127,conv.10:out:127
deep_b40_s32447,deep,0.4,32447,conv.3,30,conv.3:out:30
deep_b40_s32447,deep,0.4,32447,conv.7,64,conv.7:out:64
deep_b40_s32447,deep,0.4,32447,conv.7,93,conv.7:out:93
deep_b40_s32447,deep,0.4,32447,conv.3,2,conv.3:out:2
deep_b40_s32447,deep,0.4,32447,conv.3,36,conv.3:out:36
deep_b40_s32447,deep,0.4,32447,conv.10,61,conv.10:out:61
deep_b40_s32447,deep,0.4,32447,conv.10,215,conv.10:out:215
deep_b40_s32447,deep,0.4,32447,conv.10,28,conv.10:out:28
deep_b40_s32447,deep,0.4,32447,conv.0,59,conv.0:out:59
deep_b40_s32447,deep,0.4,32447,conv.3,23,conv.3:out:23
deep_b40_s32447,deep,0.4,32447,conv.7,21,conv.7:out:21
deep_b40_s32447,deep,0.4,32447,conv.3,24,conv.3:out:24
deep_b40_s32447,deep,0.4,32447,conv.3,4,conv.3:out:4
deep_b40_s32447,deep,0.4,32447,conv.3,95,conv.3:out:95
deep_b40_s32447,deep,0.4,32447,conv.10,183,conv.10:out:183
deep_b40_s32447,deep,0.4,32447,conv.10,240,conv.10:out:240
deep_b40_s32447,deep,0.4,32447,conv.7,73,conv.7:out:73
deep_b40_s32447,deep,0.4,32447,conv.3,0,conv.3:out:0
deep_b40_s32447,deep,0.4,32447,conv.0,16,conv.0:out:16
deep_b40_s32447,deep,0.4,32447,conv.7,49,conv.7:out:49
deep_b40_s32447,deep,0.4,32447,conv.7,118,conv.7:out:118
deep_b40_s32447,deep,0.4,32447,conv.3,3,conv.3:out:3
deep_b40_s32447,deep,0.4,32447,conv.0,41,conv.0:out:41
deep_b40_s32447,deep,0.4,32447,conv.10,60,conv.10:out:60
deep_b40_s32447,deep,0.4,32447,conv.10,135,conv.10:out:135
deep_b40_s32447,deep,0.4,32447,conv.7,38,conv.7:out:38
deep_b40_s32447,deep,0.4,32447,conv.3,35,conv.3:out:35
deep_b40_s32447,deep,0.4,32447,conv.10,18,conv.10:out:18
deep_b40_s32447,deep,0.4,32447,conv.7,2,conv.7:out:2
deep_b40_s32447,deep,0.4,32447,conv.7,8,conv.7:out:8
deep_b40_s32447,deep,0.4,32447,conv.10,252,conv.10:out:252
deep_b40_s32447,deep,0.4,32447,conv.3,119,conv.3:out:119
deep_b40_s32447,deep,0.4,32447,conv.3,75,conv.3:out:75
deep_b40_s32447,deep,0.4,32447,conv.3,93,conv.3:out:93
deep_b40_s32447,deep,0.4,32447,conv.10,99,conv.10:out:99
deep_b40_s32447,deep,0.4,32447,conv.10,158,conv.10:out:158
deep_b40_s32447,deep,0.4,32447,conv.10,94,conv.10:out:94
deep_b40_s32447,deep,0.4,32447,conv.3,120,conv.3:out:120
deep_b40_s32447,deep,0.4,32447,conv.10,220,conv.10:out:220
deep_b40_s32447,deep,0.4,32447,conv.10,118,conv.10:out:118
deep_b40_s32447,deep,0.4,32447,conv.7,89,conv.7:out:89
deep_b40_s32448,deep,0.4,32448,conv.7,33,conv.7:out:33
deep_b40_s32448,deep,0.4,32448,conv.7,122,conv.7:out:122
deep_b40_s32448,deep,0.4,32448,conv.3,112,conv.3:out:112
deep_b40_s32448,deep,0.4,32448,conv.10,12,conv.10:out:12
deep_b40_s32448,deep,0.4,32448,conv.3,126,conv.3:out:126
deep_b40_s32448,deep,0.4,32448,conv.7,60,conv.7:out:60
deep_b40_s32448,deep,0.4,32448,conv.0,23,conv.0:out:23
deep_b40_s32448,deep,0.4,32448,conv.3,119,conv.3:out:119
deep_b40_s32448,deep,0.4,32448,conv.7,98,conv.7:out:98
deep_b40_s32448,deep,0.4,32448,conv.10,48,conv.10:out:48
deep_b40_s32448,deep,0.4,32448,conv.3,104,conv.3:out:104
deep_b40_s32448,deep,0.4,32448,conv.10,105,conv.10:out:105
deep_b40_s32448,deep,0.4,32448,conv.10,137,conv.10:out:137
deep_b40_s32448,deep,0.4,32448,conv.3,2,conv.3:out:2
deep_b40_s32448,deep,0.4,32448,conv.3,93,conv.3:out:93
deep_b40_s32448,deep,0.4,32448,conv.10,159,conv.10:out:159
deep_b40_s32448,deep,0.4,32448,conv.10,76,conv.10:out:76
deep_b40_s32448,deep,0.4,32448,conv.10,93,conv.10:out:93
deep_b40_s32448,deep,0.4,32448,conv.7,13,conv.7:out:13
deep_b40_s32448,deep,0.4,32448,conv.10,234,conv.10:out:234
deep_b40_s32448,deep,0.4,32448,conv.7,118,conv.7:out:118
deep_b40_s32448,deep,0.4,32448,conv.10,145,conv.10:out:145
deep_b40_s32448,deep,0.4,32448,conv.3,40,conv.3:out:40
deep_b40_s32448,deep,0.4,32448,conv.0,41,conv.0:out:41
deep_b40_s32448,deep,0.4,32448,conv.10,154,conv.10:out:154
deep_b40_s32448,deep,0.4,32448,conv.10,107,conv.10:out:107
deep_b40_s32448,deep,0.4,32448,conv.7,46,conv.7:out:46
deep_b40_s32448,deep,0.4,32448,conv.7,52,conv.7:out:52
deep_b40_s32448,deep,0.4,32448,conv.7,121,conv.7:out:121
deep_b40_s32448,deep,0.4,32448,conv.10,25,conv.10:out:25
deep_b40_s32448,deep,0.4,32448,conv.10,51,conv.10:out:51
deep_b40_s32448,deep,0.4,32448,conv.7,50,conv.7:out:50
deep_b40_s32448,deep,0.4,32448,conv.10,197,conv.10:out:197
deep_b40_s32448,deep,0.4,32448,conv.10,151,conv.10:out:151
deep_b40_s32448,deep,0.4,32448,conv.3,17,conv.3:out:17
deep_b40_s32448,deep,0.4,32448,conv.10,254,conv.10:out:254
deep_b40_s32448,deep,0.4,32448,conv.3,44,conv.3:out:44
deep_b40_s32448,deep,0.4,32448,conv.3,52,conv.3:out:52
deep_b40_s32448,deep,0.4,32448,conv.10,224,conv.10:out:224
deep_b40_s32448,deep,0.4,32448,conv.10,24,conv.10:out:24
deep_b40_s32448,deep,0.4,32448,conv.10,79,conv.10:out:79
deep_b40_s32448,deep,0.4,32448,conv.0,57,conv.0:out:57
deep_b40_s32448,deep,0.4,32448,conv.7,1,conv.7:out:1
deep_b40_s32448,deep,0.4,32448,conv.3,21,conv.3:out:21
deep_b40_s32448,deep,0.4,32448,conv.0,30,conv.0:out:30
deep_b40_s32448,deep,0.4,32448,conv.7,86,conv.7:out:86
deep_b40_s32448,deep,0.4,32448,conv.3,125,conv.3:out:125
deep_b40_s32448,deep,0.4,32448,conv.10,39,conv.10:out:39
deep_b40_s32448,deep,0.4,32448,conv.3,15,conv.3:out:15
deep_b40_s32448,deep,0.4,32448,conv.10,247,conv.10:out:247
deep_b40_s32448,deep,0.4,32448,conv.10,77,conv.10:out:77
deep_b40_s32448,deep,0.4,32448,conv.10,241,conv.10:out:241
deep_b40_s32448,deep,0.4,32448,conv.7,15,conv.7:out:15
deep_b40_s32448,deep,0.4,32448,conv.10,236,conv.10:out:236
deep_b40_s32448,deep,0.4,32448,conv.7,43,conv.7:out:43
deep_b40_s32448,deep,0.4,32448,conv.3,105,conv.3:out:105
deep_b40_s32448,deep,0.4,32448,conv.7,105,conv.7:out:105
deep_b40_s32448,deep,0.4,32448,conv.10,7,conv.10:out:7
deep_b40_s32448,deep,0.4,32448,conv.3,109,conv.3:out:109
deep_b40_s32448,deep,0.4,32448,conv.3,32,conv.3:out:32
deep_b40_s32448,deep,0.4,32448,conv.10,26,conv.10:out:26
deep_b40_s32448,deep,0.4,32448,conv.10,206,conv.10:out:206
deep_b40_s32448,deep,0.4,32448,conv.10,163,conv.10:out:163
deep_b40_s32448,deep,0.4,32448,conv.0,24,conv.0:out:24
deep_b40_s32448,deep,0.4,32448,conv.3,123,conv.3:out:123
deep_b40_s32448,deep,0.4,32448,conv.0,61,conv.0:out:61
deep_b40_s32448,deep,0.4,32448,conv.10,85,conv.10:out:85
deep_b40_s32448,deep,0.4,32448,conv.7,68,conv.7:out:68
deep_b40_s32448,deep,0.4,32448,conv.10,89,conv.10:out:89
deep_b40_s32448,deep,0.4,32448,conv.10,82,conv.10:out:82
deep_b40_s32448,deep,0.4,32448,conv.0,34,conv.0:out:34
deep_b40_s32448,deep,0.4,32448,conv.10,170,conv.10:out:170
deep_b40_s32448,deep,0.4,32448,conv.7,38,conv.7:out:38
deep_b40_s32448,deep,0.4,32448,conv.10,186,conv.10:out:186
deep_b40_s32448,deep,0.4,32448,conv.10,143,conv.10:out:143
deep_b40_s32448,deep,0.4,32448,conv.3,20,conv.3:out:20
deep_b40_s32448,deep,0.4,32448,conv.10,165,conv.10:out:165
deep_b40_s32448,deep,0.4,32448,conv.7,66,conv.7:out:66
deep_b40_s32448,deep,0.4,32448,conv.10,71,conv.10:out:71
deep_b40_s32448,deep,0.4,32448,conv.7,11,conv.7:out:11
deep_b40_s32448,deep,0.4,32448,conv.0,33,conv.0:out:33
deep_b40_s32448,deep,0.4,32448,conv.7,14,conv.7:out:14
deep_b40_s32448,deep,0.4,32448,conv.3,30,conv.3:out:30
deep_b40_s32448,deep,0.4,32448,conv.3,42,conv.3:out:42
deep_b40_s32448,deep,0.4,32448,conv.10,192,conv.10:out:192
deep_b40_s32448,deep,0.4,32448,conv.0,7,conv.0:out:7
deep_b40_s32448,deep,0.4,32448,conv.3,114,conv.3:out:114
deep_b40_s32448,deep,0.4,32448,conv.10,141,conv.10:out:141
deep_b40_s32448,deep,0.4,32448,conv.10,238,conv.10:out:238
deep_b40_s32448,deep,0.4,32448,conv.7,101,conv.7:out:101
deep_b40_s32448,deep,0.4,32448,conv.10,92,conv.10:out:92
deep_b40_s32448,deep,0.4,32448,conv.3,99,conv.3:out:99
deep_b40_s32448,deep,0.4,32448,conv.10,198,conv.10:out:198
deep_b40_s32448,deep,0.4,32448,conv.10,58,conv.10:out:58
deep_b40_s32448,deep,0.4,32448,conv.3,35,conv.3:out:35
deep_b40_s32448,deep,0.4,32448,conv.10,131,conv.10:out:131
deep_b40_s32448,deep,0.4,32448,conv.0,47,conv.0:out:47
deep_b40_s32448,deep,0.4,32448,conv.10,4,conv.10:out:4
deep_b40_s32448,deep,0.4,32448,conv.10,230,conv.10:out:230
deep_b40_s32448,deep,0.4,32448,conv.7,116,conv.7:out:116
deep_b40_s32448,deep,0.4,32448,conv.10,60,conv.10:out:60
deep_b40_s32448,deep,0.4,32448,conv.10,74,conv.10:out:74
deep_b40_s32448,deep,0.4,32448,conv.10,104,conv.10:out:104
deep_b40_s32448,deep,0.4,32448,conv.10,126,conv.10:out:126
deep_b40_s32448,deep,0.4,32448,conv.10,147,conv.10:out:147
deep_b40_s32448,deep,0.4,32448,conv.10,255,conv.10:out:255
deep_b40_s32448,deep,0.4,32448,conv.3,79,conv.3:out:79
deep_b40_s32448,deep,0.4,32448,conv.10,135,conv.10:out:135
deep_b40_s32448,deep,0.4,32448,conv.7,16,conv.7:out:16
deep_b40_s32448,deep,0.4,32448,conv.10,123,conv.10:out:123
deep_b40_s32448,deep,0.4,32448,conv.10,144,conv.10:out:144
deep_b40_s32448,deep,0.4,32448,conv.10,80,conv.10:out:80
deep_b40_s32448,deep,0.4,32448,conv.10,164,conv.10:out:164
deep_b40_s32448,deep,0.4,32448,conv.10,183,conv.10:out:183
deep_b40_s32448,deep,0.4,32448,conv.7,81,conv.7:out:81
deep_b40_s32448,deep,0.4,32448,conv.10,240,conv.10:out:240
deep_b40_s32448,deep,0.4,32448,conv.10,95,conv.10:out:95
deep_b40_s32448,deep,0.4,32448,conv.3,75,conv.3:out:75
deep_b40_s32448,deep,0.4,32448,conv.3,101,conv.3:out:101
deep_b40_s32448,deep,0.4,32448,conv.10,168,conv.10:out:168
deep_b40_s32448,deep,0.4,32448,conv.10,134,conv.10:out:134
deep_b40_s32448,deep,0.4,32448,conv.7,117,conv.7:out:117
deep_b40_s32448,deep,0.4,32448,conv.10,253,conv.10:out:253
deep_b40_s32448,deep,0.4,32448,conv.10,200,conv.10:out:200
deep_b40_s32448,deep,0.4,32448,conv.10,54,conv.10:out:54
deep_b40_s32448,deep,0.4,32448,conv.0,1,conv.0:out:1
deep_b40_s32448,deep,0.4,32448,conv.7,85,conv.7:out:85
deep_b40_s32448,deep,0.4,32448,conv.3,14,conv.3:out:14
deep_b40_s32448,deep,0.4,32448,conv.10,0,conv.10:out:0
deep_b40_s32448,deep,0.4,32448,conv.10,22,conv.10:out:22
deep_b40_s32448,deep,0.4,32448,conv.7,103,conv.7:out:103
deep_b40_s32448,deep,0.4,32448,conv.3,115,conv.3:out:115
deep_b40_s32448,deep,0.4,32448,conv.10,243,conv.10:out:243
deep_b40_s32448,deep,0.4,32448,conv.7,53,conv.7:out:53
deep_b40_s32448,deep,0.4,32448,conv.10,148,conv.10:out:148
deep_b40_s32448,deep,0.4,32448,conv.7,71,conv.7:out:71
deep_b40_s32449,deep,0.4,32449,conv.7,83,conv.7:out:83
deep_b40_s32449,deep,0.4,32449,conv.3,13,conv.3:out:13
deep_b40_s32449,deep,0.4,32449,conv.7,96,conv.7:out:96
deep_b40_s32449,deep,0.4,32449,conv.10,112,conv.10:out:112
deep_b40_s32449,deep,0.4,32449,conv.3,119,conv.3:out:119
deep_b40_s32449,deep,0.4,32449,conv.3,30,conv.3:out:30
deep_b40_s32449,deep,0.4,32449,conv.0,58,conv.0:out:58
deep_b40_s32449,deep,0.4,32449,conv.10,255,conv.10:out:255
deep_b40_s32449,deep,0.4,32449,conv.3,89,conv.3:out:89
deep_b40_s32449,deep,0.4,32449,conv.10,200,conv.10:out:200
deep_b40_s32449,deep,0.4,32449,conv.3,106,conv.3:out:106
deep_b40_s32449,deep,0.4,32449,conv.3,36,conv.3:out:36
deep_b40_s32449,deep,0.4,32449,conv.7,1,conv.7:out:1
deep_b40_s32449,deep,0.4,32449,conv.7,10,conv.7:out:10
deep_b40_s32449,deep,0.4,32449,conv.10,114,conv.10:out:114
deep_b40_s32449,deep,0.4,32449,conv.3,111,conv.3:out:111
deep_b40_s32449,deep,0.4,32449,conv.10,226,conv.10:out:226
deep_b40_s32449,deep,0.4,32449,conv.10,45,conv.10:out:45
deep_b40_s32449,deep,0.4,32449,conv.3,37,conv.3:out:37
deep_b40_s32449,deep,0.4,32449,conv.7,78,conv.7:out:78
deep_b40_s32449,deep,0.4,32449,conv.7,12,conv.7:out:12
deep_b40_s32449,deep,0.4,32449,conv.7,108,conv.7:out:108
deep_b40_s32449,deep,0.4,32449,conv.3,17,conv.3:out:17
deep_b40_s32449,deep,0.4,32449,conv.0,0,conv.0:out:0
deep_b40_s32449,deep,0.4,32449,conv.3,115,conv.3:out:115
deep_b40_s32449,deep,0.4,32449,conv.10,209,conv.10:out:209
deep_b40_s32449,deep,0.4,32449,conv.10,181,conv.10:out:181
deep_b40_s32449,deep,0.4,32449,conv.10,204,conv.10:out:204
deep_b40_s32449,deep,0.4,32449,conv.3,58,conv.3:out:58
deep_b40_s32449,deep,0.4,32449,conv.0,17,conv.0:out:17
deep_b40_s32449,deep,0.4,32449,conv.3,97,conv.3:out:97
deep_b40_s32449,deep,0.4,32449,conv.10,84,conv.10:out:84
deep_b40_s32449,deep,0.4,32449,conv.0,60,conv.0:out:60
deep_b40_s32449,deep,0.4,32449,conv.0,2,conv.0:out:2
deep_b40_s32449,deep,0.4,32449,conv.10,156,conv.10:out:156
deep_b40_s32449,deep,0.4,32449,conv.10,212,conv.10:out:212
deep_b40_s32449,deep,0.4,32449,conv.0,31,conv.0:out:31
deep_b40_s32449,deep,0.4,32449,conv.0,13,conv.0:out:13
deep_b40_s32449,deep,0.4,32449,conv.10,28,conv.10:out:28
deep_b40_s32449,deep,0.4,32449,conv.0,15,conv.0:out:15
deep_b40_s32449,deep,0.4,32449,conv.10,139,conv.10:out:139
deep_b40_s32449,deep,0.4,32449,conv.3,91,conv.3:out:91
deep_b40_s32449,deep,0.4,32449,conv.7,109,conv.7:out:109
deep_b40_s32449,deep,0.4,32449,conv.7,57,conv.7:out:57
deep_b40_s32449,deep,0.4,32449,conv.3,14,conv.3:out:14
deep_b40_s32449,deep,0.4,32449,conv.3,63,conv.3:out:63
deep_b40_s32449,deep,0.4,32449,conv.10,4,conv.10:out:4
deep_b40_s32449,deep,0.4,32449,conv.0,45,conv.0:out:45
deep_b40_s32449,deep,0.4,32449,conv.10,1,conv.10:out:1
deep_b40_s32449,deep,0.4,32449,conv.0,57,conv.0:out:57
deep_b40_s32449,deep,0.4,32449,conv.10,213,conv.10:out:213
deep_b40_s32449,deep,0.4,32449,conv.3,60,conv.3:out:60
deep_b40_s32449,deep,0.4,32449,conv.7,0,conv.7:out:0
deep_b40_s32449,deep,0.4,32449,conv.3,99,conv.3:out:99
deep_b40_s32449,deep,0.4,32449,conv.10,167,conv.10:out:167
deep_b40_s32449,deep,0.4,32449,conv.7,119,conv.7:out:119
deep_b40_s32449,deep,0.4,32449,conv.3,4,conv.3:out:4
deep_b40_s32449,deep,0.4,32449,conv.10,24,conv.10:out:24
deep_b40_s32449,deep,0.4,32449,conv.0,54,conv.0:out:54
deep_b40_s32449,deep,0.4,32449,conv.7,40,conv.7:out:40
deep_b40_s32449,deep,0.4,32449,conv.0,38,conv.0:out:38
deep_b40_s32449,deep,0.4,32449,conv.10,187,conv.10:out:187
deep_b40_s32449,deep,0.4,32449,conv.10,79,conv.10:out:79
deep_b40_s32449,deep,0.4,32449,conv.0,25,conv.0:out:25
deep_b40_s32449,deep,0.4,32449,conv.3,116,conv.3:out:116
deep_b40_s32449,deep,0.4,32449,conv.10,88,conv.10:out:88
deep_b40_s32449,deep,0.4,32449,conv.10,35,conv.10:out:35
deep_b40_s32449,deep,0.4,32449,conv.3,2,conv.3:out:2
deep_b40_s32449,deep,0.4,32449,conv.7,49,conv.7:out:49
deep_b40_s32449,deep,0.4,32449,conv.7,117,conv.7:out:117
deep_b40_s32449,deep,0.4,32449,conv.10,141,conv.10:out:141
deep_b40_s32449,deep,0.4,32449,conv.7,127,conv.7:out:127
deep_b40_s32449,deep,0.4,32449,conv.7,19,conv.7:out:19
deep_b40_s32449,deep,0.4,32449,conv.0,41,conv.0:out:41
deep_b40_s32449,deep,0.4,32449,conv.10,234,conv.10:out:234
deep_b40_s32449,deep,0.4,32449,conv.10,52,conv.10:out:52
deep_b40_s32449,deep,0.4,32449,conv.10,95,conv.10:out:95
deep_b40_s32449,deep,0.4,32449,conv.10,113,conv.10:out:113
deep_b40_s32449,deep,0.4,32449,conv.10,33,conv.10:out:33
deep_b40_s32449,deep,0.4,32449,conv.10,63,conv.10:out:63
deep_b40_s32449,deep,0.4,32449,conv.10,236,conv.10:out:236
deep_b40_s32449,deep,0.4,32449,conv.3,59,conv.3:out:59
deep_b40_s32449,deep,0.4,32449,conv.10,61,conv.10:out:61
deep_b40_s32449,deep,0.4,32449,conv.10,229,conv.10:out:229
deep_b40_s32449,deep,0.4,32449,conv.3,82,conv.3:out:82
deep_b40_s32449,deep,0.4,32449,conv.10,72,conv.10:out:72
deep_b40_s32449,deep,0.4,32449,conv.7,30,conv.7:out:30
deep_b40_s32449,deep,0.4,32449,conv.7,48,conv.7:out:48
deep_b40_s32449,deep,0.4,32449,conv.3,69,conv.3:out:69
deep_b40_s32449,deep,0.4,32449,conv.3,110,conv.3:out:110
deep_b40_s32449,deep,0.4,32449,conv.10,29,conv.10:out:29
deep_b40_s32449,deep,0.4,32449,conv.3,108,conv.3:out:108
deep_b40_s32449,deep,0.4,32449,conv.7,42,conv.7:out:42
deep_b40_s32449,deep,0.4,32449,conv.10,26,conv.10:out:26
deep_b40_s32449,deep,0.4,32449,conv.3,1,conv.3:out:1
deep_b40_s32449,deep,0.4,32449,conv.0,21,conv.0:out:21
deep_b40_s32449,deep,0.4,32449,conv.3,51,conv.3:out:51
deep_b40_s32449,deep,0.4,32449,conv.10,120,conv.10:out:120
deep_b40_s32449,deep,0.4,32449,conv.7,38,conv.7:out:38
deep_b40_s32449,deep,0.4,32449,conv.3,18,conv.3:out:18
deep_b40_s32449,deep,0.4,32449,conv.10,43,conv.10:out:43
deep_b40_s32449,deep,0.4,32449,conv.10,196,conv.10:out:196
deep_b40_s32449,deep,0.4,32449,conv.0,14,conv.0:out:14
deep_b40_s32449,deep,0.4,32449,conv.10,110,conv.10:out:110
deep_b40_s32449,deep,0.4,32449,conv.10,107,conv.10:out:107
deep_b40_s32449,deep,0.4,32449,conv.7,104,conv.7:out:104
deep_b40_s32449,deep,0.4,32449,conv.10,62,conv.10:out:62
deep_b40_s32449,deep,0.4,32449,conv.3,46,conv.3:out:46
deep_b40_s32449,deep,0.4,32449,conv.10,91,conv.10:out:91
deep_b40_s32449,deep,0.4,32449,conv.7,36,conv.7:out:36
deep_b40_s32449,deep,0.4,32449,conv.10,198,conv.10:out:198
deep_b40_s32449,deep,0.4,32449,conv.3,73,conv.3:out:73
deep_b40_s32449,deep,0.4,32449,conv.7,50,conv.7:out:50
deep_b40_s32449,deep,0.4,32449,conv.10,152,conv.10:out:152
deep_b40_s32449,deep,0.4,32449,conv.7,47,conv.7:out:47
deep_b40_s32449,deep,0.4,32449,conv.7,34,conv.7:out:34
deep_b40_s32449,deep,0.4,32449,conv.10,183,conv.10:out:183
deep_b40_s32449,deep,0.4,32449,conv.0,55,conv.0:out:55
deep_b40_s32449,deep,0.4,32449,conv.7,123,conv.7:out:123
deep_b40_s32449,deep,0.4,32449,conv.0,42,conv.0:out:42
deep_b40_s32449,deep,0.4,32449,conv.3,104,conv.3:out:104
deep_b40_s32449,deep,0.4,32449,conv.3,12,conv.3:out:12
deep_b40_s32449,deep,0.4,32449,conv.7,93,conv.7:out:93
deep_b40_s32449,deep,0.4,32449,conv.0,39,conv.0:out:39
deep_b40_s32449,deep,0.4,32449,conv.10,132,conv.10:out:132
deep_b40_s32449,deep,0.4,32449,conv.0,47,conv.0:out:47
deep_b40_s32450,deep,0.4,32450,conv.10,84,conv.10:out:84
deep_b40_s32450,deep,0.4,32450,conv.0,51,conv.0:out:51
deep_b40_s32450,deep,0.4,32450,conv.3,15,conv.3:out:15
deep_b40_s32450,deep,0.4,32450,conv.10,190,conv.10:out:190
deep_b40_s32450,deep,0.4,32450,conv.10,64,conv.10:out:64
deep_b40_s32450,deep,0.4,32450,conv.10,177,conv.10:out:177
deep_b40_s32450,deep,0.4,32450,conv.3,99,conv.3:out:99
deep_b40_s32450,deep,0.4,32450,conv.3,4,conv.3:out:4
deep_b40_s32450,deep,0.4,32450,conv.10,59,conv.10:out:59
deep_b40_s32450,deep,0.4,32450,conv.10,5,conv.10:out:5
deep_b40_s32450,deep,0.4,32450,conv.0,23,conv.0:out:23
deep_b40_s32450,deep,0.4,32450,conv.10,200,conv.10:out:200
deep_b40_s32450,deep,0.4,32450,conv.7,63,conv.7:out:63
deep_b40_s32450,deep,0.4,32450,conv.0,46,conv.0:out:46
deep_b40_s32450,deep,0.4,32450,conv.3,108,conv.3:out:108
deep_b40_s32450,deep,0.4,32450,conv.3,43,conv.3:out:43
deep_b40_s32450,deep,0.4,32450,conv.10,126,conv.10:out:126
deep_b40_s32450,deep,0.4,32450,conv.3,56,conv.3:out:56
deep_b40_s32450,deep,0.4,32450,conv.7,61,conv.7:out:61
deep_b40_s32450,deep,0.4,32450,conv.10,176,conv.10:out:176
deep_b40_s32450,deep,0.4,32450,conv.3,47,conv.3:out:47
deep_b40_s32450,deep,0.4,32450,conv.10,222,conv.10:out:222
deep_b40_s32450,deep,0.4,32450,conv.3,35,conv.3:out:35
deep_b40_s32450,deep,0.4,32450,conv.10,138,conv.10:out:138
deep_b40_s32450,deep,0.4,32450,conv.10,234,conv.10:out:234
deep_b40_s32450,deep,0.4,32450,conv.3,116,conv.3:out:116
deep_b40_s32450,deep,0.4,32450,conv.10,30,conv.10:out:30
deep_b40_s32450,deep,0.4,32450,conv.7,83,conv.7:out:83
deep_b40_s32450,deep,0.4,32450,conv.10,225,conv.10:out:225
deep_b40_s32450,deep,0.4,32450,conv.10,162,conv.10:out:162
deep_b40_s32450,deep,0.4,32450,conv.0,8,conv.0:out:8
deep_b40_s32450,deep,0.4,32450,conv.0,56,conv.0:out:56
deep_b40_s32450,deep,0.4,32450,conv.10,77,conv.10:out:77
deep_b40_s32450,deep,0.4,32450,conv.10,24,conv.10:out:24
deep_b40_s32450,deep,0.4,32450,conv.7,59,conv.7:out:59
deep_b40_s32450,deep,0.4,32450,conv.3,92,conv.3:out:92
deep_b40_s32450,deep,0.4,32450,conv.10,71,conv.10:out:71
deep_b40_s32450,deep,0.4,32450,conv.7,15,conv.7:out:15
deep_b40_s32450,deep,0.4,32450,conv.10,246,conv.10:out:246
deep_b40_s32450,deep,0.4,32450,conv.10,75,conv.10:out:75
deep_b40_s32450,deep,0.4,32450,conv.7,64,conv.7:out:64
deep_b40_s32450,deep,0.4,32450,conv.0,30,conv.0:out:30
deep_b40_s32450,deep,0.4,32450,conv.0,59,conv.0:out:59
deep_b40_s32450,deep,0.4,32450,conv.10,107,conv.10:out:107
deep_b40_s32450,deep,0.4,32450,conv.10,237,conv.10:out:237
deep_b40_s32450,deep,0.4,32450,conv.7,60,conv.7:out:60
deep_b40_s32450,deep,0.4,32450,conv.10,199,conv.10:out:199
deep_b40_s32450,deep,0.4,32450,conv.7,4,conv.7:out:4
deep_b40_s32450,deep,0.4,32450,conv.0,16,conv.0:out:16
deep_b40_s32450,deep,0.4,32450,conv.0,22,conv.0:out:22
deep_b40_s32450,deep,0.4,32450,conv.10,94,conv.10:out:94
deep_b40_s32450,deep,0.4,32450,conv.0,39,conv.0:out:39
deep_b40_s32450,deep,0.4,32450,conv.7,94,conv.7:out:94
deep_b40_s32450,deep,0.4,32450,conv.0,35,conv.0:out:35
deep_b40_s32450,deep,0.4,32450,conv.7,98,conv.7:out:98
deep_b40_s32450,deep,0.4,32450,conv.0,54,conv.0:out:54
deep_b40_s32450,deep,0.4,32450,conv.7,72,conv.7:out:72
deep_b40_s32450,deep,0.4,32450,conv.3,39,conv.3:out:39
deep_b40_s32450,deep,0.4,32450,conv.3,27,conv.3:out:27
deep_b40_s32450,deep,0.4,32450,conv.7,99,conv.7:out:99
deep_b40_s32450,deep,0.4,32450,conv.10,23,conv.10:out:23
deep_b40_s32450,deep,0.4,32450,conv.3,22,conv.3:out:22
deep_b40_s32450,deep,0.4,32450,conv.10,152,conv.10:out:152
deep_b40_s32450,deep,0.4,32450,conv.7,34,conv.7:out:34
deep_b40_s32450,deep,0.4,32450,conv.7,49,conv.7:out:49
deep_b40_s32450,deep,0.4,32450,conv.10,4,conv.10:out:4
deep_b40_s32450,deep,0.4,32450,conv.10,170,conv.10:out:170
deep_b40_s32450,deep,0.4,32450,conv.10,186,conv.10:out:186
deep_b40_s32450,deep,0.4,32450,conv.3,37,conv.3:out:37
deep_b40_s32450,deep,0.4,32450,conv.10,252,conv.10:out:252
deep_b40_s32450,deep,0.4,32450,conv.7,66,conv.7:out:66
deep_b40_s32450,deep,0.4,32450,conv.10,233,conv.10:out:233
deep_b40_s32450,deep,0.4,32450,conv.0,1,conv.0:out:1
deep_b40_s32450,deep,0.4,32450,conv.3,29,conv.3:out:29
deep_b40_s32450,deep,0.4,32450,conv.10,182,conv.10:out:182
deep_b40_s32450,deep,0.4,32450,conv.7,93,conv.7:out:93
deep_b40_s32450,deep,0.4,32450,conv.7,43,conv.7:out:43
deep_b40_s32450,deep,0.4,32450,conv.7,13,conv.7:out:13
deep_b40_s32450,deep,0.4,32450,conv.7,87,conv.7:out:87
deep_b40_s32450,deep,0.4,32450,conv.10,37,conv.10:out:37
deep_b40_s32450,deep,0.4,32450,conv.3,72,conv.3:out:72
deep_b40_s32450,deep,0.4,32450,conv.10,223,conv.10:out:223
deep_b40_s32450,deep,0.4,32450,conv.10,87,conv.10:out:87
deep_b40_s32450,deep,0.4,32450,conv.10,91,conv.10:out:91
deep_b40_s32450,deep,0.4,32450,conv.7,24,conv.7:out:24
deep_b40_s32450,deep,0.4,32450,conv.10,6,conv.10:out:6
deep_b40_s32450,deep,0.4,32450,conv.10,227,conv.10:out:227
deep_b40_s32450,deep,0.4,32450,conv.10,3,conv.10:out:3
deep_b40_s32450,deep,0.4,32450,conv.10,148,conv.10:out:148
deep_b40_s32450,deep,0.4,32450,conv.10,139,conv.10:out:139
deep_b40_s32450,deep,0.4,32450,conv.10,32,conv.10:out:32
deep_b40_s32450,deep,0.4,32450,conv.0,37,conv.0:out:37
deep_b40_s32450,deep,0.4,32450,conv.7,28,conv.7:out:28
deep_b40_s32450,deep,0.4,32450,conv.3,109,conv.3:out:109
deep_b40_s32450,deep,0.4,32450,conv.0,4,conv.0:out:4
deep_b40_s32450,deep,0.4,32450,conv.7,67,conv.7:out:67
deep_b40_s32450,deep,0.4,32450,conv.0,0,conv.0:out:0
deep_b40_s32450,deep,0.4,32450,conv.0,58,conv.0:out:58
deep_b40_s32450,deep,0.4,32450,conv.7,107,conv.7:out:107
deep_b40_s32450,deep,0.4,32450,conv.7,62,conv.7:out:62
deep_b40_s32450,deep,0.4,32450,conv.3,30,conv.3:out:30
deep_b40_s32450,deep,0.4,32450,conv.10,249,conv.10:out:249
deep_b40_s32450,deep,0.4,32450,conv.7,85,conv.7:out:85
deep_b40_s32450,deep,0.4,32450,conv.10,93,conv.10:out:93
deep_b40_s32450,deep,0.4,32450,conv.0,7,conv.0:out:7
deep_b40_s32450,deep,0.4,32450,conv.10,164,conv.10:out:164
deep_b40_s32450,deep,0.4,32450,conv.3,85,conv.3:out:85
deep_b40_s32450,deep,0.4,32450,conv.7,37,conv.7:out:37
deep_b40_s32450,deep,0.4,32450,conv.10,179,conv.10:out:179
deep_b40_s32450,deep,0.4,32450,conv.10,58,conv.10:out:58
deep_b40_s32450,deep,0.4,32450,conv.10,20,conv.10:out:20
deep_b40_s32450,deep,0.4,32450,conv.10,175,conv.10:out:175
deep_b40_s32450,deep,0.4,32450,conv.10,43,conv.10:out:43
deep_b40_s32450,deep,0.4,32450,conv.7,38,conv.7:out:38
deep_b40_s32450,deep,0.4,32450,conv.7,58,conv.7:out:58
deep_b40_s32450,deep,0.4,32450,conv.7,19,conv.7:out:19
deep_b40_s32450,deep,0.4,32450,conv.10,169,conv.10:out:169
deep_b40_s32450,deep,0.4,32450,conv.10,65,conv.10:out:65
deep_b40_s32450,deep,0.4,32450,conv.10,120,conv.10:out:120
deep_b40_s32450,deep,0.4,32450,conv.10,104,conv.10:out:104
deep_b40_s32450,deep,0.4,32450,conv.7,21,conv.7:out:21
deep_b40_s32450,deep,0.4,32450,conv.0,18,conv.0:out:18
deep_b40_s32450,deep,0.4,32450,conv.0,62,conv.0:out:62
deep_b40_s32450,deep,0.4,32450,conv.3,24,conv.3:out:24
deep_b40_s32450,deep,0.4,32450,conv.10,214,conv.10:out:214
deep_b40_s32450,deep,0.4,32450,conv.0,63,conv.0:out:63
deep_b40_s32450,deep,0.4,32450,conv.7,116,conv.7:out:116
deep_b40_s32451,deep,0.4,32451,conv.3,68,conv.3:out:68
deep_b40_s32451,deep,0.4,32451,conv.7,33,conv.7:out:33
deep_b40_s32451,deep,0.4,32451,conv.10,204,conv.10:out:204
deep_b40_s32451,deep,0.4,32451,conv.0,62,conv.0:out:62
deep_b40_s32451,deep,0.4,32451,conv.3,5,conv.3:out:5
deep_b40_s32451,deep,0.4,32451,conv.3,48,conv.3:out:48
deep_b40_s32451,deep,0.4,32451,conv.10,245,conv.10:out:245
deep_b40_s32451,deep,0.4,32451,conv.0,53,conv.0:out:53
deep_b40_s32451,deep,0.4,32451,conv.3,117,conv.3:out:117
deep_b40_s32451,deep,0.4,32451,conv.10,160,conv.10:out:160
deep_b40_s32451,deep,0.4,32451,conv.10,0,conv.10:out:0
deep_b40_s32451,deep,0.4,32451,conv.3,112,conv.3:out:112
deep_b40_s32451,deep,0.4,32451,conv.7,6,conv.7:out:6
deep_b40_s32451,deep,0.4,32451,conv.10,227,conv.10:out:227
deep_b40_s32451,deep,0.4,32451,conv.3,51,conv.3:out:51
deep_b40_s32451,deep,0.4,32451,conv.10,93,conv.10:out:93
deep_b40_s32451,deep,0.4,32451,conv.10,48,conv.10:out:48
deep_b40_s32451,deep,0.4,32451,conv.10,29,conv.10:out:29
deep_b40_s32451,deep,0.4,32451,conv.7,97,conv.7:out:97
deep_b40_s32451,deep,0.4,32451,conv.10,249,conv.10:out:249
deep_b40_s32451,deep,0.4,32451,conv.3,50,conv.3:out:50
deep_b40_s32451,deep,0.4,32451,conv.0,37,conv.0:out:37
deep_b40_s32451,deep,0.4,32451,conv.10,202,conv.10:out:202
deep_b40_s32451,deep,0.4,32451,conv.0,57,conv.0:out:57
deep_b40_s32451,deep,0.4,32451,conv.7,18,conv.7:out:18
deep_b40_s32451,deep,0.4,32451,conv.3,67,conv.3:out:67
deep_b40_s32451,deep,0.4,32451,conv.10,229,conv.10:out:229
deep_b40_s32451,deep,0.4,32451,conv.10,211,conv.10:out:211
deep_b40_s32451,deep,0.4,32451,conv.3,24,conv.3:out:24
deep_b40_s32451,deep,0.4,32451,conv.10,102,conv.10:out:102
deep_b40_s32451,deep,0.4,32451,conv.10,14,conv.10:out:14
deep_b40_s32451,deep,0.4,32451,conv.7,0,conv.7:out:0
deep_b40_s32451,deep,0.4,32451,conv.7,9,conv.7:out:9
deep_b40_s32451,deep,0.4,32451,conv.10,33,conv.10:out:33
deep_b40_s32451,deep,0.4,32451,conv.7,44,conv.7:out:44
deep_b40_s32451,deep,0.4,32451,conv.10,124,conv.10:out:124
deep_b40_s32451,deep,0.4,32451,conv.10,196,conv.10:out:196
deep_b40_s32451,deep,0.4,32451,conv.0,63,conv.0:out:63
deep_b40_s32451,deep,0.4,32451,conv.3,42,conv.3:out:42
deep_b40_s32451,deep,0.4,32451,conv.3,58,conv.3:out:58
deep_b40_s32451,deep,0.4,32451,conv.10,95,conv.10:out:95
deep_b40_s32451,deep,0.4,32451,conv.10,76,conv.10:out:76
deep_b40_s32451,deep,0.4,32451,conv.10,16,conv.10:out:16
deep_b40_s32451,deep,0.4,32451,conv.10,120,conv.10:out:120
deep_b40_s32451,deep,0.4,32451,conv.10,1,conv.10:out:1
deep_b40_s32451,deep,0.4,32451,conv.10,152,conv.10:out:152
deep_b40_s32451,deep,0.4,32451,conv.0,48,conv.0:out:48
deep_b40_s32451,deep,0.4,32451,conv.3,34,conv.3:out:34
deep_b40_s32451,deep,0.4,32451,conv.0,25,conv.0:out:25
deep_b40_s32451,deep,0.4,32451,conv.3,72,conv.3:out:72
deep_b40_s32451,deep,0.4,32451,conv.3,101,conv.3:out:101
deep_b40_s32451,deep,0.4,32451,conv.10,161,conv.10:out:161
deep_b40_s32451,deep,0.4,32451,conv.10,116,conv.10:out:116
deep_b40_s32451,deep,0.4,32451,conv.0,8,conv.0:out:8
deep_b40_s32451,deep,0.4,32451,conv.3,110,conv.3:out:110
deep_b40_s32451,deep,0.4,32451,conv.7,75,conv.7:out:75
deep_b40_s32451,deep,0.4,32451,conv.10,242,conv.10:out:242
deep_b40_s32451,deep,0.4,32451,conv.0,51,conv.0:out:51
deep_b40_s32451,deep,0.4,32451,conv.10,194,conv.10:out:194
deep_b40_s32451,deep,0.4,32451,conv.10,63,conv.10:out:63
deep_b40_s32451,deep,0.4,32451,conv.0,6,conv.0:out:6
deep_b40_s32451,deep,0.4,32451,conv.3,119,conv.3:out:119
deep_b40_s32451,deep,0.4,32451,conv.3,76,conv.3:out:76
deep_b40_s32451,deep,0.4,32451,conv.7,87,conv.7:out:87
deep_b40_s32451,deep,0.4,32451,conv.3,8,conv.3:out:8
deep_b40_s32451,deep,0.4,32451,conv.3,52,conv.3:out:52
deep_b40_s32451,deep,0.4,32451,conv.0,55,conv.0:out:55
deep_b40_s32451,deep,0.4,32451,conv.3,122,conv.3:out:122
deep_b40_s32451,deep,0.4,32451,conv.3,113,conv.3:out:113
deep_b40_s32451,deep,0.4,32451,conv.10,237,conv.10:out:237
deep_b40_s32451,deep,0.4,32451,conv.7,7,conv.7:out:7
deep_b40_s32451,deep,0.4,32451,conv.10,87,conv.10:out:87
deep_b40_s32451,deep,0.4,32451,conv.7,14,conv.7:out:14
deep_b40_s32451,deep,0.4,32451,conv.10,72,conv.10:out:72
deep_b40_s32451,deep,0.4,32451,conv.10,247,conv.10:out:247
deep_b40_s32451,deep,0.4,32451,conv.10,236,conv.10:out:236
deep_b40_s32451,deep,0.4,32451,conv.10,250,conv.10:out:250
deep_b40_s32451,deep,0.4,32451,conv.3,97,conv.3:out:97
deep_b40_s32451,deep,0.4,32451,conv.7,4,conv.7:out:4
deep_b40_s32451,deep,0.4,32451,conv.3,38,conv.3:out:38
deep_b40_s32451,deep,0.4,32451,conv.3,53,conv.3:out:53
deep_b40_s32451,deep,0.4,32451,conv.7,116,conv.7:out:116
deep_b40_s32451,deep,0.4,32451,conv.10,119,conv.10:out:119
deep_b40_s32451,deep,0.4,32451,conv.3,4,conv.3:out:4
deep_b40_s32451,deep,0.4,32451,conv.7,10,conv.7:out:10
deep_b40_s32451,deep,0.4,32451,conv.10,101,conv.10:out:101
deep_b40_s32451,deep,0.4,32451,conv.10,7,conv.10:out:7
deep_b40_s32451,deep,0.4,32451,conv.7,100,conv.7:out:100
deep_b40_s32451,deep,0.4,32451,conv.10,230,conv.10:out:230
deep_b40_s32451,deep,0.4,32451,conv.7,26,conv.7:out:26
deep_b40_s32451,deep,0.4,32451,conv.10,231,conv.10:out:231
deep_b40_s32451,deep,0.4,32451,conv.3,92,conv.3:out:92
deep_b40_s32451,deep,0.4,32451,conv.3,123,conv.3:out:123
deep_b40_s32451,deep,0.4,32451,conv.7,123,conv.7:out:123
deep_b40_s32451,deep,0.4,32451,conv.3,105,conv.3:out:105
deep_b40_s32451,deep,0.4,32451,conv.10,150,conv.10:out:150
deep_b40_s32451,deep,0.4,32451,conv.10,25,conv.10:out:25
deep_b40_s32451,deep,0.4,32451,conv.3,79,conv.3:out:79
deep_b40_s32451,deep,0.4,32451,conv.10,23,conv.10:out:23
deep_b40_s32451,deep,0.4,32451,conv.0,46,conv.0:out:46
deep_b40_s32451,deep,0.4,32451,conv.10,68,conv.10:out:68
deep_b40_s32451,deep,0.4,32451,conv.3,37,conv.3:out:37
deep_b40_s32451,deep,0.4,32451,conv.10,188,conv.10:out:188
deep_b40_s32451,deep,0.4,32451,conv.7,76,conv.7:out:76
deep_b40_s32451,deep,0.4,32451,conv.7,82,conv.7:out:82
deep_b40_s32451,deep,0.4,32451,conv.7,34,conv.7:out:34
deep_b40_s32451,deep,0.4,32451,conv.0,19,conv.0:out:19
deep_b40_s32451,deep,0.4,32451,conv.7,2,conv.7:out:2
deep_b40_s32451,deep,0.4,32451,conv.0,18,conv.0:out:18
deep_b40_s32451,deep,0.4,32451,conv.0,50,conv.0:out:50
deep_b40_s32451,deep,0.4,32451,conv.3,82,conv.3:out:82
deep_b40_s32451,deep,0.4,32451,conv.0,35,conv.0:out:35
deep_b40_s32451,deep,0.4,32451,conv.10,205,conv.10:out:205
deep_b40_s32451,deep,0.4,32451,conv.7,67,conv.7:out:67
deep_b40_s32451,deep,0.4,32451,conv.7,58,conv.7:out:58
deep_b40_s32451,deep,0.4,32451,conv.10,42,conv.10:out:42
deep_b40_s32451,deep,0.4,32451,conv.10,117,conv.10:out:117
deep_b40_s32451,deep,0.4,32451,conv.3,11,conv.3:out:11
deep_b40_s32451,deep,0.4,32451,conv.3,59,conv.3:out:59
deep_b40_s32451,deep,0.4,32451,conv.10,80,conv.10:out:80
deep_b40_s32451,deep,0.4,32451,conv.3,64,conv.3:out:64
deep_b40_s32451,deep,0.4,32451,conv.10,217,conv.10:out:217
deep_b40_s32451,deep,0.4,32451,conv.3,30,conv.3:out:30
deep_b40_s32451,deep,0.4,32451,conv.7,41,conv.7:out:41
deep_b40_s32451,deep,0.4,32451,conv.10,131,conv.10:out:131
deep_b40_s32451,deep,0.4,32451,conv.3,32,conv.3:out:32
deep_b40_s32451,deep,0.4,32451,conv.7,36,conv.7:out:36
deep_b40_s32451,deep,0.4,32451,conv.10,122,conv.10:out:122
deep_b40_s32452,deep,0.4,32452,conv.3,67,conv.3:out:67
deep_b40_s32452,deep,0.4,32452,conv.10,211,conv.10:out:211
deep_b40_s32452,deep,0.4,32452,conv.10,205,conv.10:out:205
deep_b40_s32452,deep,0.4,32452,conv.7,76,conv.7:out:76
deep_b40_s32452,deep,0.4,32452,conv.10,68,conv.10:out:68
deep_b40_s32452,deep,0.4,32452,conv.10,158,conv.10:out:158
deep_b40_s32452,deep,0.4,32452,conv.10,105,conv.10:out:105
deep_b40_s32452,deep,0.4,32452,conv.0,14,conv.0:out:14
deep_b40_s32452,deep,0.4,32452,conv.10,222,conv.10:out:222
deep_b40_s32452,deep,0.4,32452,conv.10,54,conv.10:out:54
deep_b40_s32452,deep,0.4,32452,conv.0,32,conv.0:out:32
deep_b40_s32452,deep,0.4,32452,conv.7,74,conv.7:out:74
deep_b40_s32452,deep,0.4,32452,conv.7,90,conv.7:out:90
deep_b40_s32452,deep,0.4,32452,conv.10,248,conv.10:out:248
deep_b40_s32452,deep,0.4,32452,conv.3,121,conv.3:out:121
deep_b40_s32452,deep,0.4,32452,conv.0,44,conv.0:out:44
deep_b40_s32452,deep,0.4,32452,conv.3,115,conv.3:out:115
deep_b40_s32452,deep,0.4,32452,conv.0,59,conv.0:out:59
deep_b40_s32452,deep,0.4,32452,conv.10,192,conv.10:out:192
deep_b40_s32452,deep,0.4,32452,conv.7,120,conv.7:out:120
deep_b40_s32452,deep,0.4,32452,conv.7,51,conv.7:out:51
deep_b40_s32452,deep,0.4,32452,conv.10,20,conv.10:out:20
deep_b40_s32452,deep,0.4,32452,conv.10,83,conv.10:out:83
deep_b40_s32452,deep,0.4,32452,conv.7,15,conv.7:out:15
deep_b40_s32452,deep,0.4,32452,conv.10,164,conv.10:out:164
deep_b40_s32452,deep,0.4,32452,conv.10,32,conv.10:out:32
deep_b40_s32452,deep,0.4,32452,conv.0,25,conv.0:out:25
deep_b40_s32452,deep,0.4,32452,conv.0,63,conv.0:out:63
deep_b40_s32452,deep,0.4,32452,conv.0,43,conv.0:out:43
deep_b40_s32452,deep,0.4,32452,conv.7,39,conv.7:out:39
deep_b40_s32452,deep,0.4,32452,conv.10,46,conv.10:out:46
deep_b40_s32452,deep,0.4,32452,conv.10,63,conv.10:out:63
deep_b40_s32452,deep,0.4,32452,conv.7,119,conv.7:out:119
deep_b40_s32452,deep,0.4,32452,conv.3,82,conv.3:out:82
deep_b40_s32452,deep,0.4,32452,conv.3,68,conv.3:out:68
deep_b40_s32452,deep,0.4,32452,conv.3,41,conv.3:out:41
deep_b40_s32452,deep,0.4,32452,conv.3,60,conv.3:out:60
deep_b40_s32452,deep,0.4,32452,conv.10,4,conv.10:out:4
deep_b40_s32452,deep,0.4,32452,conv.10,22,conv.10:out:22
deep_b40_s32452,deep,0.4,32452,conv.7,60,conv.7:out:60
deep_b40_s32452,deep,0.4,32452,conv.3,55,conv.3:out:55
deep_b40_s32452,deep,0.4,32452,conv.7,103,conv.7:out:103
deep_b40_s32452,deep,0.4,32452,conv.7,98,conv.7:out:98
deep_b40_s32452,deep,0.4,32452,conv.10,214,conv.10:out:214
deep_b40_s32452,deep,0.4,32452,conv.10,114,conv.10:out:114
deep_b40_s32452,deep,0.4,32452,conv.3,125,conv.3:out:125
deep_b40_s32452,deep,0.4,32452,conv.10,183,conv.10:out:183
deep_b40_s32452,deep,0.4,32452,conv.10,137,conv.10:out:137
deep_b40_s32452,deep,0.4,32452,conv.7,53,conv.7:out:53
deep_b40_s32452,deep,0.4,32452,conv.10,73,conv.10:out:73
deep_b40_s32452,deep,0.4,32452,conv.3,50,conv.3:out:50
deep_b40_s32452,deep,0.4,32452,conv.10,14,conv.10:out:14
deep_b40_s32452,deep,0.4,32452,conv.10,97,conv.10:out:97
deep_b40_s32452,deep,0.4,32452,conv.10,227,conv.10:out:227
deep_b40_s32452,deep,0.4,32452,conv.10,147,conv.10:out:147
deep_b40_s32452,deep,0.4,32452,conv.7,106,conv.7:out:106
deep_b40_s32452,deep,0.4,32452,conv.10,165,conv.10:out:165
deep_b40_s32452,deep,0.4,32452,conv.3,93,conv.3:out:93
deep_b40_s32452,deep,0.4,32452,conv.3,32,conv.3:out:32
deep_b40_s32452,deep,0.4,32452,conv.10,159,conv.10:out:159
deep_b40_s32452,deep,0.4,32452,conv.10,204,conv.10:out:204
deep_b40_s32452,deep,0.4,32452,conv.3,38,conv.3:out:38
deep_b40_s32452,deep,0.4,32452,conv.3,36,conv.3:out:36
deep_b40_s32452,deep,0.4,32452,conv.3,96,conv.3:out:96
deep_b40_s32452,deep,0.4,32452,conv.7,18,conv.7:out:18
deep_b40_s32452,deep,0.4,32452,conv.0,53,conv.0:out:53
deep_b40_s32452,deep,0.4,32452,conv.10,185,conv.10:out:185
deep_b40_s32452,deep,0.4,32452,conv.3,49,conv.3:out:49
deep_b40_s32452,deep,0.4,32452,conv.10,132,conv.10:out:132
deep_b40_s32452,deep,0.4,32452,conv.7,84,conv.7:out:84
deep_b40_s32452,deep,0.4,32452,conv.7,112,conv.7:out:112
deep_b40_s32452,deep,0.4,32452,conv.3,9,conv.3:out:9
deep_b40_s32452,deep,0.4,32452,conv.3,90,conv.3:out:90
deep_b40_s32452,deep,0.4,32452,conv.7,71,conv.7:out:71
deep_b40_s32452,deep,0.4,32452,conv.7,102,conv.7:out:102
deep_b40_s32452,deep,0.4,32452,conv.10,75,conv.10:out:75
deep_b40_s32452,deep,0.4,32452,conv.0,21,conv.0:out:21
deep_b40_s32452,deep,0.4,32452,conv.7,85,conv.7:out:85
deep_b40_s32452,deep,0.4,32452,conv.0,15,conv.0:out:15
deep_b40_s32452,deep,0.4,32452,conv.7,14,conv.7:out:14
deep_b40_s32452,deep,0.4,32452,conv.10,92,conv.10:out:92
deep_b40_s32452,deep,0.4,32452,conv.10,136,conv.10:out:136
deep_b40_s32452,deep,0.4,32452,conv.10,113,conv.10:out:113
deep_b40_s32452,deep,0.4,32452,conv.0,46,conv.0:out:46
deep_b40_s32452,deep,0.4,32452,conv.3,103,conv.3:out:103
deep_b40_s32452,deep,0.4,32452,conv.0,18,conv.0:out:18
deep_b40_s32452,deep,0.4,32452,conv.10,196,conv.10:out:196
deep_b40_s32452,deep,0.4,32452,conv.3,102,conv.3:out:102
deep_b40_s32452,deep,0.4,32452,conv.7,104,conv.7:out:104
deep_b40_s32452,deep,0.4,32452,conv.10,99,conv.10:out:99
deep_b40_s32452,deep,0.4,32452,conv.3,33,conv.3:out:33
deep_b40_s32452,deep,0.4,32452,conv.3,6,conv.3:out:6
deep_b40_s32452,deep,0.4,32452,conv.10,57,conv.10:out:57
deep_b40_s32452,deep,0.4,32452,conv.10,150,conv.10:out:150
deep_b40_s32452,deep,0.4,32452,conv.10,228,conv.10:out:228
deep_b40_s32452,deep,0.4,32452,conv.7,43,conv.7:out:43
deep_b40_s32452,deep,0.4,32452,conv.7,33,conv.7:out:33
deep_b40_s32452,deep,0.4,32452,conv.7,110,conv.7:out:110
deep_b40_s32452,deep,0.4,32452,conv.7,91,conv.7:out:91
deep_b40_s32452,deep,0.4,32452,conv.10,126,conv.10:out:126
deep_b40_s32452,deep,0.4,32452,conv.3,59,conv.3:out:59
deep_b40_s32452,deep,0.4,32452,conv.10,76,conv.10:out:76
deep_b40_s32452,deep,0.4,32452,conv.3,77,conv.3:out:77
deep_b40_s32452,deep,0.4,32452,conv.10,140,conv.10:out:140
deep_b40_s32452,deep,0.4,32452,conv.3,0,conv.3:out:0
deep_b40_s32452,deep,0.4,32452,conv.10,37,conv.10:out:37
deep_b40_s32452,deep,0.4,32452,conv.3,81,conv.3:out:81
deep_b40_s32452,deep,0.4,32452,conv.10,43,conv.10:out:43
deep_b40_s32452,deep,0.4,32452,conv.7,100,conv.7:out:100
deep_b40_s32452,deep,0.4,32452,conv.10,226,conv.10:out:226
deep_b40_s32452,deep,0.4,32452,conv.3,19,conv.3:out:19
deep_b40_s32452,deep,0.4,32452,conv.3,28,conv.3:out:28
deep_b40_s32452,deep,0.4,32452,conv.10,235,conv.10:out:235
deep_b40_s32452,deep,0.4,32452,conv.10,138,conv.10:out:138
deep_b40_s32452,deep,0.4,32452,conv.10,122,conv.10:out:122
deep_b40_s32452,deep,0.4,32452,conv.10,184,conv.10:out:184
deep_b40_s32452,deep,0.4,32452,conv.10,194,conv.10:out:194
deep_b40_s32452,deep,0.4,32452,conv.7,87,conv.7:out:87
deep_b40_s32452,deep,0.4,32452,conv.3,78,conv.3:out:78
deep_b40_s32452,deep,0.4,32452,conv.10,238,conv.10:out:238
deep_b40_s32452,deep,0.4,32452,conv.10,145,conv.10:out:145
deep_b40_s32452,deep,0.4,32452,conv.3,47,conv.3:out:47
deep_b40_s32452,deep,0.4,32452,conv.10,110,conv.10:out:110
deep_b40_s32452,deep,0.4,32452,conv.10,174,conv.10:out:174
deep_b40_s32452,deep,0.4,32452,conv.10,153,conv.10:out:153
deep_b40_s32452,deep,0.4,32452,conv.7,81,conv.7:out:81
deep_b40_s32452,deep,0.4,32452,conv.3,15,conv.3:out:15
deep_b40_s32452,deep,0.4,32452,conv.7,88,conv.7:out:88
deep_b40_s32452,deep,0.4,32452,conv.0,6,conv.0:out:6
deep_b40_s32453,deep,0.4,32453,conv.3,83,conv.3:out:83
deep_b40_s32453,deep,0.4,32453,conv.10,116,conv.10:out:116
deep_b40_s32453,deep,0.4,32453,conv.3,0,conv.3:out:0
deep_b40_s32453,deep,0.4,32453,conv.10,175,conv.10:out:175
deep_b40_s32453,deep,0.4,32453,conv.10,60,conv.10:out:60
deep_b40_s32453,deep,0.4,32453,conv.3,44,conv.3:out:44
deep_b40_s32453,deep,0.4,32453,conv.3,99,conv.3:out:99
deep_b40_s32453,deep,0.4,32453,conv.3,24,conv.3:out:24
deep_b40_s32453,deep,0.4,32453,conv.0,17,conv.0:out:17
deep_b40_s32453,deep,0.4,32453,conv.3,50,conv.3:out:50
deep_b40_s32453,deep,0.4,32453,conv.3,21,conv.3:out:21
deep_b40_s32453,deep,0.4,32453,conv.10,201,conv.10:out:201
deep_b40_s32453,deep,0.4,32453,conv.0,7,conv.0:out:7
deep_b40_s32453,deep,0.4,32453,conv.3,88,conv.3:out:88
deep_b40_s32453,deep,0.4,32453,conv.3,6,conv.3:out:6
deep_b40_s32453,deep,0.4,32453,conv.10,117,conv.10:out:117
deep_b40_s32453,deep,0.4,32453,conv.7,50,conv.7:out:50
deep_b40_s32453,deep,0.4,32453,conv.10,181,conv.10:out:181
deep_b40_s32453,deep,0.4,32453,conv.0,58,conv.0:out:58
deep_b40_s32453,deep,0.4,32453,conv.3,126,conv.3:out:126
deep_b40_s32453,deep,0.4,32453,conv.10,232,conv.10:out:232
deep_b40_s32453,deep,0.4,32453,conv.7,57,conv.7:out:57
deep_b40_s32453,deep,0.4,32453,conv.10,179,conv.10:out:179
deep_b40_s32453,deep,0.4,32453,conv.10,154,conv.10:out:154
deep_b40_s32453,deep,0.4,32453,conv.10,59,conv.10:out:59
deep_b40_s32453,deep,0.4,32453,conv.3,115,conv.3:out:115
deep_b40_s32453,deep,0.4,32453,conv.7,54,conv.7:out:54
deep_b40_s32453,deep,0.4,32453,conv.7,43,conv.7:out:43
deep_b40_s32453,deep,0.4,32453,conv.10,187,conv.10:out:187
deep_b40_s32453,deep,0.4,32453,conv.3,73,conv.3:out:73
deep_b40_s32453,deep,0.4,32453,conv.3,2,conv.3:out:2
deep_b40_s32453,deep,0.4,32453,conv.3,121,conv.3:out:121
deep_b40_s32453,deep,0.4,32453,conv.0,47,conv.0:out:47
deep_b40_s32453,deep,0.4,32453,conv.0,10,conv.0:out:10
deep_b40_s32453,deep,0.4,32453,conv.10,56,conv.10:out:56
deep_b40_s32453,deep,0.4,32453,conv.10,78,conv.10:out:78
deep_b40_s32453,deep,0.4,32453,conv.3,12,conv.3:out:12
deep_b40_s32453,deep,0.4,32453,conv.7,51,conv.7:out:51
deep_b40_s32453,deep,0.4,32453,conv.10,148,conv.10:out:148
deep_b40_s32453,deep,0.4,32453,conv.7,25,conv.7:out:25
deep_b40_s32453,deep,0.4,32453,conv.7,40,conv.7:out:40
deep_b40_s32453,deep,0.4,32453,conv.0,1,conv.0:out:1
deep_b40_s32453,deep,0.4,32453,conv.10,110,conv.10:out:110
deep_b40_s32453,deep,0.4,32453,conv.0,2,conv.0:out:2
deep_b40_s32453,deep,0.4,32453,conv.7,22,conv.7:out:22
deep_b40_s32453,deep,0.4,32453,conv.10,80,conv.10:out:80
deep_b40_s32453,deep,0.4,32453,conv.3,8,conv.3:out:8
deep_b40_s32453,deep,0.4,32453,conv.7,89,conv.7:out:89
deep_b40_s32453,deep,0.4,32453,conv.3,118,conv.3:out:118
deep_b40_s32453,deep,0.4,32453,conv.10,188,conv.10:out:188
deep_b40_s32453,deep,0.4,32453,conv.10,90,conv.10:out:90
deep_b40_s32453,deep,0.4,32453,conv.10,76,conv.10:out:76
deep_b40_s32453,deep,0.4,32453,conv.7,33,conv.7:out:33
deep_b40_s32453,deep,0.4,32453,conv.3,71,conv.3:out:71
deep_b40_s32453,deep,0.4,32453,conv.0,30,conv.0:out:30
deep_b40_s32453,deep,0.4,32453,conv.10,79,conv.10:out:79
deep_b40_s32453,deep,0.4,32453,conv.10,49,conv.10:out:49
deep_b40_s32453,deep,0.4,32453,conv.0,50,conv.0:out:50
deep_b40_s32453,deep,0.4,32453,conv.7,80,conv.7:out:80
deep_b40_s32453,deep,0.4,32453,conv.7,121,conv.7:out:121
deep_b40_s32453,deep,0.4,32453,conv.10,220,conv.10:out:220
deep_b40_s32453,deep,0.4,32453,conv.0,3,conv.0:out:3
deep_b40_s32453,deep,0.4,32453,conv.10,228,conv.10:out:228
deep_b40_s32453,deep,0.4,32453,conv.10,253,conv.10:out:253
deep_b40_s32453,deep,0.4,32453,conv.10,69,conv.10:out:69
deep_b40_s32453,deep,0.4,32453,conv.7,19,conv.7:out:19
deep_b40_s32453,deep,0.4,32453,conv.10,27,conv.10:out:27
deep_b40_s32453,deep,0.4,32453,conv.0,13,conv.0:out:13
deep_b40_s32453,deep,0.4,32453,conv.3,57,conv.3:out:57
deep_b40_s32453,deep,0.4,32453,conv.7,53,conv.7:out:53
deep_b40_s32453,deep,0.4,32453,conv.3,109,conv.3:out:109
deep_b40_s32453,deep,0.4,32453,conv.10,199,conv.10:out:199
deep_b40_s32453,deep,0.4,32453,conv.10,235,conv.10:out:235
deep_b40_s32453,deep,0.4,32453,conv.0,29,conv.0:out:29
deep_b40_s32453,deep,0.4,32453,conv.0,6,conv.0:out:6
deep_b40_s32453,deep,0.4,32453,conv.10,219,conv.10:out:219
deep_b40_s32453,deep,0.4,32453,conv.10,55,conv.10:out:55
deep_b40_s32453,deep,0.4,32453,conv.10,163,conv.10:out:163
deep_b40_s32453,deep,0.4,32453,conv.10,242,conv.10:out:242
deep_b40_s32453,deep,0.4,32453,conv.7,78,conv.7:out:78
deep_b40_s32453,deep,0.4,32453,conv.10,132,conv.10:out:132
deep_b40_s32453,deep,0.4,32453,conv.0,52,conv.0:out:52
deep_b40_s32453,deep,0.4,32453,conv.7,27,conv.7:out:27
deep_b40_s32453,deep,0.4,32453,conv.10,244,conv.10:out:244
deep_b40_s32453,deep,0.4,32453,conv.7,116,conv.7:out:116
deep_b40_s32453,deep,0.4,32453,conv.3,11,conv.3:out:11
deep_b40_s32453,deep,0.4,32453,conv.7,28,conv.7:out:28
deep_b40_s32453,deep,0.4,32453,conv.3,110,conv.3:out:110
deep_b40_s32453,deep,0.4,32453,conv.10,2,conv.10:out:2
deep_b40_s32453,deep,0.4,32453,conv.10,20,conv.10:out:20
deep_b40_s32453,deep,0.4,32453,conv.3,114,conv.3:out:114
deep_b40_s32453,deep,0.4,32453,conv.3,53,conv.3:out:53
deep_b40_s32453,deep,0.4,32453,conv.10,182,conv.10:out:182
deep_b40_s32453,deep,0.4,32453,conv.3,94,conv.3:out:94
deep_b40_s32453,deep,0.4,32453,conv.3,61,conv.3:out:61
deep_b40_s32453,deep,0.4,32453,conv.3,43,conv.3:out:43
deep_b40_s32453,deep,0.4,32453,conv.10,24,conv.10:out:24
deep_b40_s32453,deep,0.4,32453,conv.10,247,conv.10:out:247
deep_b40_s32453,deep,0.4,32453,conv.10,238,conv.10:out:238
deep_b40_s32453,deep,0.4,32453,conv.7,96,conv.7:out:96
deep_b40_s32453,deep,0.4,32453,conv.7,17,conv.7:out:17
deep_b40_s32453,deep,0.4,32453,conv.10,129,conv.10:out:129
deep_b40_s32453,deep,0.4,32453,conv.10,11,conv.10:out:11
deep_b40_s32453,deep,0.4,32453,conv.10,16,conv.10:out:16
deep_b40_s32453,deep,0.4,32453,conv.7,3,conv.7:out:3
deep_b40_s32453,deep,0.4,32453,conv.10,15,conv.10:out:15
deep_b40_s32453,deep,0.4,32453,conv.0,8,conv.0:out:8
deep_b40_s32453,deep,0.4,32453,conv.7,65,conv.7:out:65
deep_b40_s32453,deep,0.4,32453,conv.7,118,conv.7:out:118
deep_b40_s32453,deep,0.4,32453,conv.0,41,conv.0:out:41
deep_b40_s32453,deep,0.4,32453,conv.3,66,conv.3:out:66
deep_b40_s32453,deep,0.4,32453,conv.10,224,conv.10:out:224
deep_b40_s32453,deep,0.4,32453,conv.10,85,conv.10:out:85
deep_b40_s32453,deep,0.4,32453,conv.7,127,conv.7:out:127
deep_b40_s32453,deep,0.4,32453,conv.10,74,conv.10:out:74
deep_b40_s32453,deep,0.4,32453,conv.10,184,conv.10:out:184
deep_b40_s32453,deep,0.4,32453,conv.7,101,conv.7:out:101
deep_b40_s32453,deep,0.4,32453,conv.10,9,conv.10:out:9
deep_b40_s32453,deep,0.4,32453,conv.3,75,conv.3:out:75
deep_b40_s32453,deep,0.4,32453,conv.3,68,conv.3:out:68
deep_b40_s32453,deep,0.4,32453,conv.10,45,conv.10:out:45
deep_b40_s32453,deep,0.4,32453,conv.0,21,conv.0:out:21
deep_b40_s32453,deep,0.4,32453,conv.10,156,conv.10:out:156
deep_b40_s32453,deep,0.4,32453,conv.7,100,conv.7:out:100
deep_b40_s32453,deep,0.4,32453,conv.3,116,conv.3:out:116
deep_b40_s32453,deep,0.4,32453,conv.3,23,conv.3:out:23
deep_b40_s32453,deep,0.4,32453,conv.7,85,conv.7:out:85
deep_b40_s32454,deep,0.4,32454,conv.7,103,conv.7:out:103
deep_b40_s32454,deep,0.4,32454,conv.10,242,conv.10:out:242
deep_b40_s32454,deep,0.4,32454,conv.0,12,conv.0:out:12
deep_b40_s32454,deep,0.4,32454,conv.10,61,conv.10:out:61
deep_b40_s32454,deep,0.4,32454,conv.7,42,conv.7:out:42
deep_b40_s32454,deep,0.4,32454,conv.0,42,conv.0:out:42
deep_b40_s32454,deep,0.4,32454,conv.3,78,conv.3:out:78
deep_b40_s32454,deep,0.4,32454,conv.10,148,conv.10:out:148
deep_b40_s32454,deep,0.4,32454,conv.7,61,conv.7:out:61
deep_b40_s32454,deep,0.4,32454,conv.10,240,conv.10:out:240
deep_b40_s32454,deep,0.4,32454,conv.10,252,conv.10:out:252
deep_b40_s32454,deep,0.4,32454,conv.10,69,conv.10:out:69
deep_b40_s32454,deep,0.4,32454,conv.10,63,conv.10:out:63
deep_b40_s32454,deep,0.4,32454,conv.7,28,conv.7:out:28
deep_b40_s32454,deep,0.4,32454,conv.3,93,conv.3:out:93
deep_b40_s32454,deep,0.4,32454,conv.0,5,conv.0:out:5
deep_b40_s32454,deep,0.4,32454,conv.7,63,conv.7:out:63
deep_b40_s32454,deep,0.4,32454,conv.3,67,conv.3:out:67
deep_b40_s32454,deep,0.4,32454,conv.3,39,conv.3:out:39
deep_b40_s32454,deep,0.4,32454,conv.10,91,conv.10:out:91
deep_b40_s32454,deep,0.4,32454,conv.10,37,conv.10:out:37
deep_b40_s32454,deep,0.4,32454,conv.10,157,conv.10:out:157
deep_b40_s32454,deep,0.4,32454,conv.10,179,conv.10:out:179
deep_b40_s32454,deep,0.4,32454,conv.7,0,conv.7:out:0
deep_b40_s32454,deep,0.4,32454,conv.10,71,conv.10:out:71
deep_b40_s32454,deep,0.4,32454,conv.7,98,conv.7:out:98
deep_b40_s32454,deep,0.4,32454,conv.7,70,conv.7:out:70
deep_b40_s32454,deep,0.4,32454,conv.10,135,conv.10:out:135
deep_b40_s32454,deep,0.4,32454,conv.7,18,conv.7:out:18
deep_b40_s32454,deep,0.4,32454,conv.7,23,conv.7:out:23
deep_b40_s32454,deep,0.4,32454,conv.3,65,conv.3:out:65
deep_b40_s32454,deep,0.4,32454,conv.3,74,conv.3:out:74
deep_b40_s32454,deep,0.4,32454,conv.7,104,conv.7:out:104
deep_b40_s32454,deep,0.4,32454,conv.10,28,conv.10:out:28
deep_b40_s32454,deep,0.4,32454,conv.7,11,conv.7:out:11
deep_b40_s32454,deep,0.4,32454,conv.10,190,conv.10:out:190
deep_b40_s32454,deep,0.4,32454,conv.3,95,conv.3:out:95
deep_b40_s32454,deep,0.4,32454,conv.0,32,conv.0:out:32
deep_b40_s32454,deep,0.4,32454,conv.7,110,conv.7:out:110
deep_b40_s32454,deep,0.4,32454,conv.10,4,conv.10:out:4
deep_b40_s32454,deep,0.4,32454,conv.10,114,conv.10:out:114
deep_b40_s32454,deep,0.4,32454,conv.10,243,conv.10:out:243
deep_b40_s32454,deep,0.4,32454,conv.10,36,conv.10:out:36
deep_b40_s32454,deep,0.4,32454,conv.3,122,conv.3:out:122
deep_b40_s32454,deep,0.4,32454,conv.0,50,conv.0:out:50
deep_b40_s32454,deep,0.4,32454,conv.10,206,conv.10:out:206
deep_b40_s32454,deep,0.4,32454,conv.10,105,conv.10:out:105
deep_b40_s32454,deep,0.4,32454,conv.10,130,conv.10:out:130
deep_b40_s32454,deep,0.4,32454,conv.10,75,conv.10:out:75
deep_b40_s32454,deep,0.4,32454,conv.7,19,conv.7:out:19
deep_b40_s32454,deep,0.4,32454,conv.7,76,conv.7:out:76
deep_b40_s32454,deep,0.4,32454,conv.3,42,conv.3:out:42
deep_b40_s32454,deep,0.4,32454,conv.7,116,conv.7:out:116
deep_b40_s32454,deep,0.4,32454,conv.3,18,conv.3:out:18
deep_b40_s32454,deep,0.4,32454,conv.10,70,conv.10:out:70
deep_b40_s32454,deep,0.4,32454,conv.0,30,conv.0:out:30
deep_b40_s32454,deep,0.4,32454,conv.10,196,conv.10:out:196
deep_b40_s32454,deep,0.4,32454,conv.10,233,conv.10:out:233
deep_b40_s32454,deep,0.4,32454,conv.7,27,conv.7:out:27
deep_b40_s32454,deep,0.4,32454,conv.7,66,conv.7:out:66
deep_b40_s32454,deep,0.4,32454,conv.0,37,conv.0:out:37
deep_b40_s32454,deep,0.4,32454,conv.10,238,conv.10:out:238
deep_b40_s32454,deep,0.4,32454,conv.10,177,conv.10:out:177
deep_b40_s32454,deep,0.4,32454,conv.10,31,conv.10:out:31
deep_b40_s32454,deep,0.4,32454,conv.10,118,conv.10:out:118
deep_b40_s32454,deep,0.4,32454,conv.0,11,conv.0:out:11
deep_b40_s32454,deep,0.4,32454,conv.10,171,conv.10:out:171
deep_b40_s32454,deep,0.4,32454,conv.7,86,conv.7:out:86
deep_b40_s32454,deep,0.4,32454,conv.3,53,conv.3:out:53
deep_b40_s32454,deep,0.4,32454,conv.10,109,conv.10:out:109
deep_b40_s32454,deep,0.4,32454,conv.10,212,conv.10:out:212
deep_b40_s32454,deep,0.4,32454,conv.10,56,conv.10:out:56
deep_b40_s32454,deep,0.4,32454,conv.7,29,conv.7:out:29
deep_b40_s32454,deep,0.4,32454,conv.10,202,conv.10:out:202
deep_b40_s32454,deep,0.4,32454,conv.0,33,conv.0:out:33
deep_b40_s32454,deep,0.4,32454,conv.10,220,conv.10:out:220
deep_b40_s32454,deep,0.4,32454,conv.7,52,conv.7:out:52
deep_b40_s32454,deep,0.4,32454,conv.10,57,conv.10:out:57
deep_b40_s32454,deep,0.4,32454,conv.10,94,conv.10:out:94
deep_b40_s32454,deep,0.4,32454,conv.0,40,conv.0:out:40
deep_b40_s32454,deep,0.4,32454,conv.10,158,conv.10:out:158
deep_b40_s32454,deep,0.4,32454,conv.7,45,conv.7:out:45
deep_b40_s32454,deep,0.4,32454,conv.3,104,conv.3:out:104
deep_b40_s32454,deep,0.4,32454,conv.10,112,conv.10:out:112
deep_b40_s32454,deep,0.4,32454,conv.10,40,conv.10:out:40
deep_b40_s32454,deep,0.4,32454,conv.10,153,conv.10:out:153
deep_b40_s32454,deep,0.4,32454,conv.10,188,conv.10:out:188
deep_b40_s32454,deep,0.4,32454,conv.0,20,conv.0:out:20
deep_b40_s32454,deep,0.4,32454,conv.10,120,conv.10:out:120
deep_b40_s32454,deep,0.4,32454,conv.0,17,conv.0:out:17
deep_b40_s32454,deep,0.4,32454,conv.10,38,conv.10:out:38
deep_b40_s32454,deep,0.4,32454,conv.10,199,conv.10:out:199
deep_b40_s32454,deep,0.4,32454,conv.0,58,conv.0:out:58
deep_b40_s32454,deep,0.4,32454,conv.10,33,conv.10:out:33
deep_b40_s32454,deep,0.4,32454,conv.10,99,conv.10:out:99
deep_b40_s32454,deep,0.4,32454,conv.3,62,conv.3:out:62
deep_b40_s32454,deep,0.4,32454,conv.10,132,conv.10:out:132
deep_b40_s32454,deep,0.4,32454,conv.0,62,conv.0:out:62
deep_b40_s32454,deep,0.4,32454,conv.10,137,conv.10:out:137
deep_b40_s32454,deep,0.4,32454,conv.7,90,conv.7:out:90
deep_b40_s32454,deep,0.4,32454,conv.3,107,conv.3:out:107
deep_b40_s32454,deep,0.4,32454,conv.10,172,conv.10:out:172
deep_b40_s32454,deep,0.4,32454,conv.7,77,conv.7:out:77
deep_b40_s32454,deep,0.4,32454,conv.10,32,conv.10:out:32
deep_b40_s32454,deep,0.4,32454,conv.7,33,conv.7:out:33
deep_b40_s32454,deep,0.4,32454,conv.10,100,conv.10:out:100
deep_b40_s32454,deep,0.4,32454,conv.10,175,conv.10:out:175
deep_b40_s32454,deep,0.4,32454,conv.0,51,conv.0:out:51
deep_b40_s32454,deep,0.4,32454,conv.0,52,conv.0:out:52
deep_b40_s32454,deep,0.4,32454,conv.3,97,conv.3:out:97
deep_b40_s32454,deep,0.4,32454,conv.7,5,conv.7:out:5
deep_b40_s32454,deep,0.4,32454,conv.10,160,conv.10:out:160
deep_b40_s32454,deep,0.4,32454,conv.7,106,conv.7:out:106
deep_b40_s32454,deep,0.4,32454,conv.10,180,conv.10:out:180
deep_b40_s32454,deep,0.4,32454,conv.0,23,conv.0:out:23
deep_b40_s32454,deep,0.4,32454,conv.10,205,conv.10:out:205
deep_b40_s32454,deep,0.4,32454,conv.3,80,conv.3:out:80
deep_b40_s32454,deep,0.4,32454,conv.10,21,conv.10:out:21
deep_b40_s32454,deep,0.4,32454,conv.0,35,conv.0:out:35
deep_b40_s32454,deep,0.4,32454,conv.7,75,conv.7:out:75
deep_b40_s32454,deep,0.4,32454,conv.10,184,conv.10:out:184
deep_b40_s32454,deep,0.4,32454,conv.10,54,conv.10:out:54
deep_b40_s32454,deep,0.4,32454,conv.10,133,conv.10:out:133
deep_b40_s32454,deep,0.4,32454,conv.7,105,conv.7:out:105
deep_b40_s32454,deep,0.4,32454,conv.10,215,conv.10:out:215
deep_b40_s32454,deep,0.4,32454,conv.10,145,conv.10:out:145
deep_b40_s32454,deep,0.4,32454,conv.3,82,conv.3:out:82
deep_b40_s32454,deep,0.4,32454,conv.10,141,conv.10:out:141
deep_b40_s32454,deep,0.4,32454,conv.10,25,conv.10:out:25
deep_b40_s32454,deep,0.4,32454,conv.10,110,conv.10:out:110
deep_b40_s32454,deep,0.4,32454,conv.0,6,conv.0:out:6
deep_b40_s32454,deep,0.4,32454,conv.10,136,conv.10:out:136
deep_b40_s32454,deep,0.4,32454,conv.10,92,conv.10:out:92
deep_b40_s32454,deep,0.4,32454,conv.3,12,conv.3:out:12
deep_b40_s32454,deep,0.4,32454,conv.10,210,conv.10:out:210
deep_b40_s32455,deep,0.4,32455,conv.10,168,conv.10:out:168
deep_b40_s32455,deep,0.4,32455,conv.3,7,conv.3:out:7
deep_b40_s32455,deep,0.4,32455,conv.0,19,conv.0:out:19
deep_b40_s32455,deep,0.4,32455,conv.10,151,conv.10:out:151
deep_b40_s32455,deep,0.4,32455,conv.0,61,conv.0:out:61
deep_b40_s32455,deep,0.4,32455,conv.10,208,conv.10:out:208
deep_b40_s32455,deep,0.4,32455,conv.3,68,conv.3:out:68
deep_b40_s32455,deep,0.4,32455,conv.10,25,conv.10:out:25
deep_b40_s32455,deep,0.4,32455,conv.3,5,conv.3:out:5
deep_b40_s32455,deep,0.4,32455,conv.10,248,conv.10:out:248
deep_b40_s32455,deep,0.4,32455,conv.10,15,conv.10:out:15
deep_b40_s32455,deep,0.4,32455,conv.3,16,conv.3:out:16
deep_b40_s32455,deep,0.4,32455,conv.0,7,conv.0:out:7
deep_b40_s32455,deep,0.4,32455,conv.3,62,conv.3:out:62
deep_b40_s32455,deep,0.4,32455,conv.3,102,conv.3:out:102
deep_b40_s32455,deep,0.4,32455,conv.3,110,conv.3:out:110
deep_b40_s32455,deep,0.4,32455,conv.3,90,conv.3:out:90
deep_b40_s32455,deep,0.4,32455,conv.10,0,conv.10:out:0
deep_b40_s32455,deep,0.4,32455,conv.0,9,conv.0:out:9
deep_b40_s32455,deep,0.4,32455,conv.3,54,conv.3:out:54
deep_b40_s32455,deep,0.4,32455,conv.10,229,conv.10:out:229
deep_b40_s32455,deep,0.4,32455,conv.7,110,conv.7:out:110
deep_b40_s32455,deep,0.4,32455,conv.0,40,conv.0:out:40
deep_b40_s32455,deep,0.4,32455,conv.10,56,conv.10:out:56
deep_b40_s32455,deep,0.4,32455,conv.7,5,conv.7:out:5
deep_b40_s32455,deep,0.4,32455,conv.10,188,conv.10:out:188
deep_b40_s32455,deep,0.4,32455,conv.3,111,conv.3:out:111
deep_b40_s32455,deep,0.4,32455,conv.7,24,conv.7:out:24
deep_b40_s32455,deep,0.4,32455,conv.0,24,conv.0:out:24
deep_b40_s32455,deep,0.4,32455,conv.7,58,conv.7:out:58
deep_b40_s32455,deep,0.4,32455,conv.7,94,conv.7:out:94
deep_b40_s32455,deep,0.4,32455,conv.0,15,conv.0:out:15
deep_b40_s32455,deep,0.4,32455,conv.10,80,conv.10:out:80
deep_b40_s32455,deep,0.4,32455,conv.7,76,conv.7:out:76
deep_b40_s32455,deep,0.4,32455,conv.10,156,conv.10:out:156
deep_b40_s32455,deep,0.4,32455,conv.10,41,conv.10:out:41
deep_b40_s32455,deep,0.4,32455,conv.7,95,conv.7:out:95
deep_b40_s32455,deep,0.4,32455,conv.10,127,conv.10:out:127
deep_b40_s32455,deep,0.4,32455,conv.10,249,conv.10:out:249
deep_b40_s32455,deep,0.4,32455,conv.0,41,conv.0:out:41
deep_b40_s32455,deep,0.4,32455,conv.3,12,conv.3:out:12
deep_b40_s32455,deep,0.4,32455,conv.3,36,conv.3:out:36
deep_b40_s32455,deep,0.4,32455,conv.3,104,conv.3:out:104
deep_b40_s32455,deep,0.4,32455,conv.10,17,conv.10:out:17
deep_b40_s32455,deep,0.4,32455,conv.7,35,conv.7:out:35
deep_b40_s32455,deep,0.4,32455,conv.10,53,conv.10:out:53
deep_b40_s32455,deep,0.4,32455,conv.0,17,conv.0:out:17
deep_b40_s32455,deep,0.4,32455,conv.3,44,conv.3:out:44
deep_b40_s32455,deep,0.4,32455,conv.7,4,conv.7:out:4
deep_b40_s32455,deep,0.4,32455,conv.7,99,conv.7:out:99
deep_b40_s32455,deep,0.4,32455,conv.10,2,conv.10:out:2
deep_b40_s32455,deep,0.4,32455,conv.10,112,conv.10:out:112
deep_b40_s32455,deep,0.4,32455,conv.3,27,conv.3:out:27
deep_b40_s32455,deep,0.4,32455,conv.7,67,conv.7:out:67
deep_b40_s32455,deep,0.4,32455,conv.0,31,conv.0:out:31
deep_b40_s32455,deep,0.4,32455,conv.10,126,conv.10:out:126
deep_b40_s32455,deep,0.4,32455,conv.10,64,conv.10:out:64
deep_b40_s32455,deep,0.4,32455,conv.10,55,conv.10:out:55
deep_b40_s32455,deep,0.4,32455,conv.3,40,conv.3:out:40
deep_b40_s32455,deep,0.4,32455,conv.7,116,conv.7:out:116
deep_b40_s32455,deep,0.4,32455,conv.10,146,conv.10:out:146
deep_b40_s32455,deep,0.4,32455,conv.7,62,conv.7:out:62
deep_b40_s32455,deep,0.4,32455,conv.10,33,conv.10:out:33
deep_b40_s32455,deep,0.4,32455,conv.10,46,conv.10:out:46
deep_b40_s32455,deep,0.4,32455,conv.7,127,conv.7:out:127
deep_b40_s32455,deep,0.4,32455,conv.7,102,conv.7:out:102
deep_b40_s32455,deep,0.4,32455,conv.10,220,conv.10:out:220
deep_b40_s32455,deep,0.4,32455,conv.10,24,conv.10:out:24
deep_b40_s32455,deep,0.4,32455,conv.10,75,conv.10:out:75
deep_b40_s32455,deep,0.4,32455,conv.3,9,conv.3:out:9
deep_b40_s32455,deep,0.4,32455,conv.10,244,conv.10:out:244
deep_b40_s32455,deep,0.4,32455,conv.10,152,conv.10:out:152
deep_b40_s32455,deep,0.4,32455,conv.7,56,conv.7:out:56
deep_b40_s32455,deep,0.4,32455,conv.10,184,conv.10:out:184
deep_b40_s32455,deep,0.4,32455,conv.10,3,conv.10:out:3
deep_b40_s32455,deep,0.4,32455,conv.7,15,conv.7:out:15
deep_b40_s32455,deep,0.4,32455,conv.7,115,conv.7:out:115
deep_b40_s32455,deep,0.4,32455,conv.10,121,conv.10:out:121
deep_b40_s32455,deep,0.4,32455,conv.3,30,conv.3:out:30
deep_b40_s32455,deep,0.4,32455,conv.3,80,conv.3:out:80
deep_b40_s32455,deep,0.4,32455,conv.10,228,conv.10:out:228
deep_b40_s32455,deep,0.4,32455,conv.10,1,conv.10:out:1
deep_b40_s32455,deep,0.4,32455,conv.10,172,conv.10:out:172
deep_b40_s32455,deep,0.4,32455,conv.10,65,conv.10:out:65
deep_b40_s32455,deep,0.4,32455,conv.7,111,conv.7:out:111
deep_b40_s32455,deep,0.4,32455,conv.7,11,conv.7:out:11
deep_b40_s32455,deep,0.4,32455,conv.10,129,conv.10:out:129
deep_b40_s32455,deep,0.4,32455,conv.10,19,conv.10:out:19
deep_b40_s32455,deep,0.4,32455,conv.7,48,conv.7:out:48
deep_b40_s32455,deep,0.4,32455,conv.3,119,conv.3:out:119
deep_b40_s32455,deep,0.4,32455,conv.7,75,conv.7:out:75
deep_b40_s32455,deep,0.4,32455,conv.10,71,conv.10:out:71
deep_b40_s32455,deep,0.4,32455,conv.3,0,conv.3:out:0
deep_b40_s32455,deep,0.4,32455,conv.10,90,conv.10:out:90
deep_b40_s32455,deep,0.4,32455,conv.3,52,conv.3:out:52
deep_b40_s32455,deep,0.4,32455,conv.0,47,conv.0:out:47
deep_b40_s32455,deep,0.4,32455,conv.10,59,conv.10:out:59
deep_b40_s32455,deep,0.4,32455,conv.10,234,conv.10:out:234
deep_b40_s32455,deep,0.4,32455,conv.3,123,conv.3:out:123
deep_b40_s32455,deep,0.4,32455,conv.10,154,conv.10:out:154
deep_b40_s32455,deep,0.4,32455,conv.10,143,conv.10:out:143
deep_b40_s32455,deep,0.4,32455,conv.10,246,conv.10:out:246
deep_b40_s32455,deep,0.4,32455,conv.10,235,conv.10:out:235
deep_b40_s32455,deep,0.4,32455,conv.10,98,conv.10:out:98
deep_b40_s32455,deep,0.4,32455,conv.0,30,conv.0:out:30
deep_b40_s32455,deep,0.4,32455,conv.10,158,conv.10:out:158
deep_b40_s32455,deep,0.4,32455,conv.10,91,conv.10:out:91
deep_b40_s32455,deep,0.4,32455,conv.7,19,conv.7:out:19
deep_b40_s32455,deep,0.4,32455,conv.10,218,conv.10:out:218
deep_b40_s32455,deep,0.4,32455,conv.7,71,conv.7:out:71
deep_b40_s32455,deep,0.4,32455,conv.3,121,conv.3:out:121
deep_b40_s32455,deep,0.4,32455,conv.7,30,conv.7:out:30
deep_b40_s32455,deep,0.4,32455,conv.3,108,conv.3:out:108
deep_b40_s32455,deep,0.4,32455,conv.0,2,conv.0:out:2
deep_b40_s32455,deep,0.4,32455,conv.3,78,conv.3:out:78
deep_b40_s32455,deep,0.4,32455,conv.7,61,conv.7:out:61
deep_b40_s32455,deep,0.4,32455,conv.10,67,conv.10:out:67
deep_b40_s32455,deep,0.4,32455,conv.3,57,conv.3:out:57
deep_b40_s32455,deep,0.4,32455,conv.3,84,conv.3:out:84
deep_b40_s32455,deep,0.4,32455,conv.0,0,conv.0:out:0
deep_b40_s32455,deep,0.4,32455,conv.7,16,conv.7:out:16
deep_b40_s32455,deep,0.4,32455,conv.10,202,conv.10:out:202
deep_b40_s32455,deep,0.4,32455,conv.10,181,conv.10:out:181
deep_b40_s32455,deep,0.4,32455,conv.10,10,conv.10:out:10
deep_b40_s32455,deep,0.4,32455,conv.3,107,conv.3:out:107
deep_b40_s32455,deep,0.4,32455,conv.10,116,conv.10:out:116
deep_b40_s32455,deep,0.4,32455,conv.10,42,conv.10:out:42
deep_b40_s32455,deep,0.4,32455,conv.7,10,conv.7:out:10
deep_b40_s32455,deep,0.4,32455,conv.7,124,conv.7:out:124
deep_b40_s32455,deep,0.4,32455,conv.10,254,conv.10:out:254
deep_b40_s32456,deep,0.4,32456,conv.10,97,conv.10:out:97
deep_b40_s32456,deep,0.4,32456,conv.7,25,conv.7:out:25
deep_b40_s32456,deep,0.4,32456,conv.10,171,conv.10:out:171
deep_b40_s32456,deep,0.4,32456,conv.7,82,conv.7:out:82
deep_b40_s32456,deep,0.4,32456,conv.10,24,conv.10:out:24
deep_b40_s32456,deep,0.4,32456,conv.7,24,conv.7:out:24
deep_b40_s32456,deep,0.4,32456,conv.0,52,conv.0:out:52
deep_b40_s32456,deep,0.4,32456,conv.10,255,conv.10:out:255
deep_b40_s32456,deep,0.4,32456,conv.10,247,conv.10:out:247
deep_b40_s32456,deep,0.4,32456,conv.10,90,conv.10:out:90
deep_b40_s32456,deep,0.4,32456,conv.10,184,conv.10:out:184
deep_b40_s32456,deep,0.4,32456,conv.7,111,conv.7:out:111
deep_b40_s32456,deep,0.4,32456,conv.10,68,conv.10:out:68
deep_b40_s32456,deep,0.4,32456,conv.0,50,conv.0:out:50
deep_b40_s32456,deep,0.4,32456,conv.10,216,conv.10:out:216
deep_b40_s32456,deep,0.4,32456,conv.0,45,conv.0:out:45
deep_b40_s32456,deep,0.4,32456,conv.10,129,conv.10:out:129
deep_b40_s32456,deep,0.4,32456,conv.7,31,conv.7:out:31
deep_b40_s32456,deep,0.4,32456,conv.3,70,conv.3:out:70
deep_b40_s32456,deep,0.4,32456,conv.0,39,conv.0:out:39
deep_b40_s32456,deep,0.4,32456,conv.10,229,conv.10:out:229
deep_b40_s32456,deep,0.4,32456,conv.10,65,conv.10:out:65
deep_b40_s32456,deep,0.4,32456,conv.10,222,conv.10:out:222
deep_b40_s32456,deep,0.4,32456,conv.3,17,conv.3:out:17
deep_b40_s32456,deep,0.4,32456,conv.7,49,conv.7:out:49
deep_b40_s32456,deep,0.4,32456,conv.3,79,conv.3:out:79
deep_b40_s32456,deep,0.4,32456,conv.10,12,conv.10:out:12
deep_b40_s32456,deep,0.4,32456,conv.7,54,conv.7:out:54
deep_b40_s32456,deep,0.4,32456,conv.3,23,conv.3:out:23
deep_b40_s32456,deep,0.4,32456,conv.10,207,conv.10:out:207
deep_b40_s32456,deep,0.4,32456,conv.0,59,conv.0:out:59
deep_b40_s32456,deep,0.4,32456,conv.7,34,conv.7:out:34
deep_b40_s32456,deep,0.4,32456,conv.10,23,conv.10:out:23
deep_b40_s32456,deep,0.4,32456,conv.3,60,conv.3:out:60
deep_b40_s32456,deep,0.4,32456,conv.10,180,conv.10:out:180
deep_b40_s32456,deep,0.4,32456,conv.10,136,conv.10:out:136
deep_b40_s32456,deep,0.4,32456,conv.3,103,conv.3:out:103
deep_b40_s32456,deep,0.4,32456,conv.10,248,conv.10:out:248
deep_b40_s32456,deep,0.4,32456,conv.3,84,conv.3:out:84
deep_b40_s32456,deep,0.4,32456,conv.7,8,conv.7:out:8
deep_b40_s32456,deep,0.4,32456,conv.3,31,conv.3:out:31
deep_b40_s32456,deep,0.4,32456,conv.3,98,conv.3:out:98
deep_b40_s32456,deep,0.4,32456,conv.7,17,conv.7:out:17
deep_b40_s32456,deep,0.4,32456,conv.10,94,conv.10:out:94
deep_b40_s32456,deep,0.4,32456,conv.7,7,conv.7:out:7
deep_b40_s32456,deep,0.4,32456,conv.7,101,conv.7:out:101
deep_b40_s32456,deep,0.4,32456,conv.3,13,conv.3:out:13
deep_b40_s32456,deep,0.4,32456,conv.3,30,conv.3:out:30
deep_b40_s32456,deep,0.4,32456,conv.3,6,conv.3:out:6
deep_b40_s32456,deep,0.4,32456,conv.10,174,conv.10:out:174
deep_b40_s32456,deep,0.4,32456,conv.3,34,conv.3:out:34
deep_b40_s32456,deep,0.4,32456,conv.3,43,conv.3:out:43
deep_b40_s32456,deep,0.4,32456,conv.0,61,conv.0:out:61
deep_b40_s32456,deep,0.4,32456,conv.10,181,conv.10:out:181
deep_b40_s32456,deep,0.4,32456,conv.3,39,conv.3:out:39
deep_b40_s32456,deep,0.4,32456,conv.3,47,conv.3:out:47
deep_b40_s32456,deep,0.4,32456,conv.10,25,conv.10:out:25
deep_b40_s32456,deep,0.4,32456,conv.10,18,conv.10:out:18
deep_b40_s32456,deep,0.4,32456,conv.7,93,conv.7:out:93
deep_b40_s32456,deep,0.4,32456,conv.3,65,conv.3:out:65
deep_b40_s32456,deep,0.4,32456,conv.0,43,conv.0:out:43
deep_b40_s32456,deep,0.4,32456,conv.7,115,conv.7:out:115
deep_b40_s32456,deep,0.4,32456,conv.7,127,conv.7:out:127
deep_b40_s32456,deep,0.4,32456,conv.10,155,conv.10:out:155
deep_b40_s32456,deep,0.4,32456,conv.10,57,conv.10:out:57
deep_b40_s32456,deep,0.4,32456,conv.0,44,conv.0:out:44
deep_b40_s32456,deep,0.4,32456,conv.7,12,conv.7:out:12
deep_b40_s32456,deep,0.4,32456,conv.3,3,conv.3:out:3
deep_b40_s32456,deep,0.4,32456,conv.10,115,conv.10:out:115
deep_b40_s32456,deep,0.4,32456,conv.7,99,conv.7:out:99
deep_b40_s32456,deep,0.4,32456,conv.0,4,conv.0:out:4
deep_b40_s32456,deep,0.4,32456,conv.10,106,conv.10:out:106
deep_b40_s32456,deep,0.4,32456,conv.10,202,conv.10:out:202
deep_b40_s32456,deep,0.4,32456,conv.10,149,conv.10:out:149
deep_b40_s32456,deep,0.4,32456,conv.3,94,conv.3:out:94
deep_b40_s32456,deep,0.4,32456,conv.3,68,conv.3:out:68
deep_b40_s32456,deep,0.4,32456,conv.10,92,conv.10:out:92
deep_b40_s32456,deep,0.4,32456,conv.7,120,conv.7:out:120
deep_b40_s32456,deep,0.4,32456,conv.10,112,conv.10:out:112
deep_b40_s32456,deep,0.4,32456,conv.7,95,conv.7:out:95
deep_b40_s32456,deep,0.4,32456,conv.0,21,conv.0:out:21
deep_b40_s32456,deep,0.4,32456,conv.10,210,conv.10:out:210
deep_b40_s32456,deep,0.4,32456,conv.7,126,conv.7:out:126
deep_b40_s32456,deep,0.4,32456,conv.10,120,conv.10:out:120
deep_b40_s32456,deep,0.4,32456,conv.0,51,conv.0:out:51
deep_b40_s32456,deep,0.4,32456,conv.10,42,conv.10:out:42
deep_b40_s32456,deep,0.4,32456,conv.3,86,conv.3:out:86
deep_b40_s32456,deep,0.4,32456,conv.0,5,conv.0:out:5
deep_b40_s32456,deep,0.4,32456,conv.10,121,conv.10:out:121
deep_b40_s32456,deep,0.4,32456,conv.10,109,conv.10:out:109
deep_b40_s32456,deep,0.4,32456,conv.3,69,conv.3:out:69
deep_b40_s32456,deep,0.4,32456,conv.7,83,conv.7:out:83
deep_b40_s32456,deep,0.4,32456,conv.0,30,conv.0:out:30
deep_b40_s32456,deep,0.4,32456,conv.10,83,conv.10:out:83
deep_b40_s32456,deep,0.4,32456,conv.7,55,conv.7:out:55
deep_b40_s32456,deep,0.4,32456,conv.0,26,conv.0:out:26
deep_b40_s32456,deep,0.4,32456,conv.7,87,conv.7:out:87
deep_b40_s32456,deep,0.4,32456,conv.7,21,conv.7:out:21
deep_b40_s32456,deep,0.4,32456,conv.10,177,conv.10:out:177
deep_b40_s32456,deep,0.4,32456,conv.10,89,conv.10:out:89
deep_b40_s32456,deep,0.4,32456,conv.10,223,conv.10:out:223
deep_b40_s32456,deep,0.4,32456,conv.10,159,conv.10:out:159
deep_b40_s32456,deep,0.4,32456,conv.7,57,conv.7:out:57
deep_b40_s32456,deep,0.4,32456,conv.10,69,conv.10:out:69
deep_b40_s32456,deep,0.4,32456,conv.3,82,conv.3:out:82
deep_b40_s32456,deep,0.4,32456,conv.10,75,conv.10:out:75
deep_b40_s32456,deep,0.4,32456,conv.3,4,conv.3:out:4
deep_b40_s32456,deep,0.4,32456,conv.10,3,conv.10:out:3
deep_b40_s32456,deep,0.4,32456,conv.10,63,conv.10:out:63
deep_b40_s32456,deep,0.4,32456,conv.3,80,conv.3:out:80
deep_b40_s32456,deep,0.4,32456,conv.10,131,conv.10:out:131
deep_b40_s32456,deep,0.4,32456,conv.3,28,conv.3:out:28
deep_b40_s32456,deep,0.4,32456,conv.10,228,conv.10:out:228
deep_b40_s32456,deep,0.4,32456,conv.3,56,conv.3:out:56
deep_b40_s32456,deep,0.4,32456,conv.10,8,conv.10:out:8
deep_b40_s32456,deep,0.4,32456,conv.10,119,conv.10:out:119
deep_b40_s32456,deep,0.4,32456,conv.10,226,conv.10:out:226
deep_b40_s32456,deep,0.4,32456,conv.10,45,conv.10:out:45
deep_b40_s32456,deep,0.4,32456,conv.10,188,conv.10:out:188
deep_b40_s32456,deep,0.4,32456,conv.7,70,conv.7:out:70
deep_b40_s32456,deep,0.4,32456,conv.10,56,conv.10:out:56
deep_b40_s32456,deep,0.4,32456,conv.3,76,conv.3:out:76
deep_b40_s32456,deep,0.4,32456,conv.10,178,conv.10:out:178
deep_b40_s32456,deep,0.4,32456,conv.10,162,conv.10:out:162
deep_b40_s32456,deep,0.4,32456,conv.3,1,conv.3:out:1
deep_b40_s32456,deep,0.4,32456,conv.10,203,conv.10:out:203
deep_b40_s32456,deep,0.4,32456,conv.10,82,conv.10:out:82
deep_b40_s32456,deep,0.4,32456,conv.10,231,conv.10:out:231
deep_b40_s32456,deep,0.4,32456,conv.3,29,conv.3:out:29
deep_b40_s32456,deep,0.4,32456,conv.7,42,conv.7:out:42
deep_b40_s32456,deep,0.4,32456,conv.10,182,conv.10:out:182
deep_b40_s32456,deep,0.4,32456,conv.10,249,conv.10:out:249
deep_b40_s32456,deep,0.4,32456,conv.3,27,conv.3:out:27
deep_b40_s32457,deep,0.4,32457,conv.7,29,conv.7:out:29
deep_b40_s32457,deep,0.4,32457,conv.10,71,conv.10:out:71
deep_b40_s32457,deep,0.4,32457,conv.10,45,conv.10:out:45
deep_b40_s32457,deep,0.4,32457,conv.7,9,conv.7:out:9
deep_b40_s32457,deep,0.4,32457,conv.10,42,conv.10:out:42
deep_b40_s32457,deep,0.4,32457,conv.7,52,conv.7:out:52
deep_b40_s32457,deep,0.4,32457,conv.10,173,conv.10:out:173
deep_b40_s32457,deep,0.4,32457,conv.10,64,conv.10:out:64
deep_b40_s32457,deep,0.4,32457,conv.0,30,conv.0:out:30
deep_b40_s32457,deep,0.4,32457,conv.10,123,conv.10:out:123
deep_b40_s32457,deep,0.4,32457,conv.7,114,conv.7:out:114
deep_b40_s32457,deep,0.4,32457,conv.7,43,conv.7:out:43
deep_b40_s32457,deep,0.4,32457,conv.10,67,conv.10:out:67
deep_b40_s32457,deep,0.4,32457,conv.7,92,conv.7:out:92
deep_b40_s32457,deep,0.4,32457,conv.10,11,conv.10:out:11
deep_b40_s32457,deep,0.4,32457,conv.10,118,conv.10:out:118
deep_b40_s32457,deep,0.4,32457,conv.7,48,conv.7:out:48
deep_b40_s32457,deep,0.4,32457,conv.3,104,conv.3:out:104
deep_b40_s32457,deep,0.4,32457,conv.10,155,conv.10:out:155
deep_b40_s32457,deep,0.4,32457,conv.3,11,conv.3:out:11
deep_b40_s32457,deep,0.4,32457,conv.7,6,conv.7:out:6
deep_b40_s32457,deep,0.4,32457,conv.10,154,conv.10:out:154
deep_b40_s32457,deep,0.4,32457,conv.10,108,conv.10:out:108
deep_b40_s32457,deep,0.4,32457,conv.3,87,conv.3:out:87
deep_b40_s32457,deep,0.4,32457,conv.10,227,conv.10:out:227
deep_b40_s32457,deep,0.4,32457,conv.10,122,conv.10:out:122
deep_b40_s32457,deep,0.4,32457,conv.3,0,conv.3:out:0
deep_b40_s32457,deep,0.4,32457,conv.7,97,conv.7:out:97
deep_b40_s32457,deep,0.4,32457,conv.10,146,conv.10:out:146
deep_b40_s32457,deep,0.4,32457,conv.3,89,conv.3:out:89
deep_b40_s32457,deep,0.4,32457,conv.10,185,conv.10:out:185
deep_b40_s32457,deep,0.4,32457,conv.3,123,conv.3:out:123
deep_b40_s32457,deep,0.4,32457,conv.10,142,conv.10:out:142
deep_b40_s32457,deep,0.4,32457,conv.7,102,conv.7:out:102
deep_b40_s32457,deep,0.4,32457,conv.0,63,conv.0:out:63
deep_b40_s32457,deep,0.4,32457,conv.3,39,conv.3:out:39
deep_b40_s32457,deep,0.4,32457,conv.7,42,conv.7:out:42
deep_b40_s32457,deep,0.4,32457,conv.3,43,conv.3:out:43
deep_b40_s32457,deep,0.4,32457,conv.7,87,conv.7:out:87
deep_b40_s32457,deep,0.4,32457,conv.7,32,conv.7:out:32
deep_b40_s32457,deep,0.4,32457,conv.7,2,conv.7:out:2
deep_b40_s32457,deep,0.4,32457,conv.10,91,conv.10:out:91
deep_b40_s32457,deep,0.4,32457,conv.10,161,conv.10:out:161
deep_b40_s32457,deep,0.4,32457,conv.3,109,conv.3:out:109
deep_b40_s32457,deep,0.4,32457,conv.10,130,conv.10:out:130
deep_b40_s32457,deep,0.4,32457,conv.3,28,conv.3:out:28
deep_b40_s32457,deep,0.4,32457,conv.10,6,conv.10:out:6
deep_b40_s32457,deep,0.4,32457,conv.3,18,conv.3:out:18
deep_b40_s32457,deep,0.4,32457,conv.10,201,conv.10:out:201
deep_b40_s32457,deep,0.4,32457,conv.10,149,conv.10:out:149
deep_b40_s32457,deep,0.4,32457,conv.3,16,conv.3:out:16
deep_b40_s32457,deep,0.4,32457,conv.0,46,conv.0:out:46
deep_b40_s32457,deep,0.4,32457,conv.10,184,conv.10:out:184
deep_b40_s32457,deep,0.4,32457,conv.10,51,conv.10:out:51
deep_b40_s32457,deep,0.4,32457,conv.10,119,conv.10:out:119
deep_b40_s32457,deep,0.4,32457,conv.0,17,conv.0:out:17
deep_b40_s32457,deep,0.4,32457,conv.0,8,conv.0:out:8
deep_b40_s32457,deep,0.4,32457,conv.7,88,conv.7:out:88
deep_b40_s32457,deep,0.4,32457,conv.10,240,conv.10:out:240
deep_b40_s32457,deep,0.4,32457,conv.10,103,conv.10:out:103
deep_b40_s32457,deep,0.4,32457,conv.10,158,conv.10:out:158
deep_b40_s32457,deep,0.4,32457,conv.7,91,conv.7:out:91
deep_b40_s32457,deep,0.4,32457,conv.7,17,conv.7:out:17
deep_b40_s32457,deep,0.4,32457,conv.7,56,conv.7:out:56
deep_b40_s32457,deep,0.4,32457,conv.10,49,conv.10:out:49
deep_b40_s32457,deep,0.4,32457,conv.10,232,conv.10:out:232
deep_b40_s32457,deep,0.4,32457,conv.10,207,conv.10:out:207
deep_b40_s32457,deep,0.4,32457,conv.7,82,conv.7:out:82
deep_b40_s32457,deep,0.4,32457,conv.10,188,conv.10:out:188
deep_b40_s32457,deep,0.4,32457,conv.3,60,conv.3:out:60
deep_b40_s32457,deep,0.4,32457,conv.10,210,conv.10:out:210
deep_b40_s32457,deep,0.4,32457,conv.3,2,conv.3:out:2
deep_b40_s32457,deep,0.4,32457,conv.0,11,conv.0:out:11
deep_b40_s32457,deep,0.4,32457,conv.10,148,conv.10:out:148
deep_b40_s32457,deep,0.4,32457,conv.10,41,conv.10:out:41
deep_b40_s32457,deep,0.4,32457,conv.3,124,conv.3:out:124
deep_b40_s32457,deep,0.4,32457,conv.7,111,conv.7:out:111
deep_b40_s32457,deep,0.4,32457,conv.3,25,conv.3:out:25
deep_b40_s32457,deep,0.4,32457,conv.7,57,conv.7:out:57
deep_b40_s32457,deep,0.4,32457,conv.10,25,conv.10:out:25
deep_b40_s32457,deep,0.4,32457,conv.3,62,conv.3:out:62
deep_b40_s32457,deep,0.4,32457,conv.10,179,conv.10:out:179
deep_b40_s32457,deep,0.4,32457,conv.0,44,conv.0:out:44
deep_b40_s32457,deep,0.4,32457,conv.10,87,conv.10:out:87
deep_b40_s32457,deep,0.4,32457,conv.3,55,conv.3:out:55
deep_b40_s32457,deep,0.4,32457,conv.10,48,conv.10:out:48
deep_b40_s32457,deep,0.4,32457,conv.10,133,conv.10:out:133
deep_b40_s32457,deep,0.4,32457,conv.10,162,conv.10:out:162
deep_b40_s32457,deep,0.4,32457,conv.10,30,conv.10:out:30
deep_b40_s32457,deep,0.4,32457,conv.3,77,conv.3:out:77
deep_b40_s32457,deep,0.4,32457,conv.3,125,conv.3:out:125
deep_b40_s32457,deep,0.4,32457,conv.10,61,conv.10:out:61
deep_b40_s32457,deep,0.4,32457,conv.0,12,conv.0:out:12
deep_b40_s32457,deep,0.4,32457,conv.0,37,conv.0:out:37
deep_b40_s32457,deep,0.4,32457,conv.10,2,conv.10:out:2
deep_b40_s32457,deep,0.4,32457,conv.10,46,conv.10:out:46
deep_b40_s32457,deep,0.4,32457,conv.10,206,conv.10:out:206
deep_b40_s32457,deep,0.4,32457,conv.10,220,conv.10:out:220
deep_b40_s32457,deep,0.4,32457,conv.10,141,conv.10:out:141
deep_b40_s32457,deep,0.4,32457,conv.3,65,conv.3:out:65
deep_b40_s32457,deep,0.4,32457,conv.10,186,conv.10:out:186
deep_b40_s32457,deep,0.4,32457,conv.7,13,conv.7:out:13
deep_b40_s32457,deep,0.4,32457,conv.10,23,conv.10:out:23
deep_b40_s32457,deep,0.4,32457,conv.10,93,conv.10:out:93
deep_b40_s32457,deep,0.4,32457,conv.3,8,conv.3:out:8
deep_b40_s32457,deep,0.4,32457,conv.3,80,conv.3:out:80
deep_b40_s32457,deep,0.4,32457,conv.10,204,conv.10:out:204
deep_b40_s32457,deep,0.4,32457,conv.0,35,conv.0:out:35
deep_b40_s32457,deep,0.4,32457,conv.3,47,conv.3:out:47
deep_b40_s32457,deep,0.4,32457,conv.0,1,conv.0:out:1
deep_b40_s32457,deep,0.4,32457,conv.7,12,conv.7:out:12
deep_b40_s32457,deep,0.4,32457,conv.3,69,conv.3:out:69
deep_b40_s32457,deep,0.4,32457,conv.0,19,conv.0:out:19
deep_b40_s32457,deep,0.4,32457,conv.10,85,conv.10:out:85
deep_b40_s32457,deep,0.4,32457,conv.3,107,conv.3:out:107
deep_b40_s32457,deep,0.4,32457,conv.10,250,conv.10:out:250
deep_b40_s32457,deep,0.4,32457,conv.0,20,conv.0:out:20
deep_b40_s32457,deep,0.4,32457,conv.3,7,conv.3:out:7
deep_b40_s32457,deep,0.4,32457,conv.3,92,conv.3:out:92
deep_b40_s32457,deep,0.4,32457,conv.3,90,conv.3:out:90
deep_b40_s32457,deep,0.4,32457,conv.7,72,conv.7:out:72
deep_b40_s32457,deep,0.4,32457,conv.10,167,conv.10:out:167
deep_b40_s32457,deep,0.4,32457,conv.10,110,conv.10:out:110
deep_b40_s32457,deep,0.4,32457,conv.7,122,conv.7:out:122
deep_b40_s32457,deep,0.4,32457,conv.0,58,conv.0:out:58
deep_b40_s32457,deep,0.4,32457,conv.10,245,conv.10:out:245
deep_b40_s32457,deep,0.4,32457,conv.10,199,conv.10:out:199
deep_b40_s32457,deep,0.4,32457,conv.10,70,conv.10:out:70
deep_b40_s32457,deep,0.4,32457,conv.10,107,conv.10:out:107
deep_b40_s32457,deep,0.4,32457,conv.7,71,conv.7:out:71
deep_b40_s32457,deep,0.4,32457,conv.3,50,conv.3:out:50
deep_b40_s32457,deep,0.4,32457,conv.10,56,conv.10:out:56
deep_b40_s32457,deep,0.4,32457,conv.10,99,conv.10:out:99
deep_b40_s32457,deep,0.4,32457,conv.10,209,conv.10:out:209
deep_b40_s32457,deep,0.4,32457,conv.10,223,conv.10:out:223
deep_b40_s32458,deep,0.4,32458,conv.0,5,conv.0:out:5
deep_b40_s32458,deep,0.4,32458,conv.10,92,conv.10:out:92
deep_b40_s32458,deep,0.4,32458,conv.7,97,conv.7:out:97
deep_b40_s32458,deep,0.4,32458,conv.3,48,conv.3:out:48
deep_b40_s32458,deep,0.4,32458,conv.10,63,conv.10:out:63
deep_b40_s32458,deep,0.4,32458,conv.10,163,conv.10:out:163
deep_b40_s32458,deep,0.4,32458,conv.3,40,conv.3:out:40
deep_b40_s32458,deep,0.4,32458,conv.10,45,conv.10:out:45
deep_b40_s32458,deep,0.4,32458,conv.10,109,conv.10:out:109
deep_b40_s32458,deep,0.4,32458,conv.10,54,conv.10:out:54
deep_b40_s32458,deep,0.4,32458,conv.3,32,conv.3:out:32
deep_b40_s32458,deep,0.4,32458,conv.3,74,conv.3:out:74
deep_b40_s32458,deep,0.4,32458,conv.10,122,conv.10:out:122
deep_b40_s32458,deep,0.4,32458,conv.7,78,conv.7:out:78
deep_b40_s32458,deep,0.4,32458,conv.10,252,conv.10:out:252
deep_b40_s32458,deep,0.4,32458,conv.10,154,conv.10:out:154
deep_b40_s32458,deep,0.4,32458,conv.3,96,conv.3:out:96
deep_b40_s32458,deep,0.4,32458,conv.0,48,conv.0:out:48
deep_b40_s32458,deep,0.4,32458,conv.10,153,conv.10:out:153
deep_b40_s32458,deep,0.4,32458,conv.10,253,conv.10:out:253
deep_b40_s32458,deep,0.4,32458,conv.7,40,conv.7:out:40
deep_b40_s32458,deep,0.4,32458,conv.3,71,conv.3:out:71
deep_b40_s32458,deep,0.4,32458,conv.7,43,conv.7:out:43
deep_b40_s32458,deep,0.4,32458,conv.10,70,conv.10:out:70
deep_b40_s32458,deep,0.4,32458,conv.10,26,conv.10:out:26
deep_b40_s32458,deep,0.4,32458,conv.7,110,conv.7:out:110
deep_b40_s32458,deep,0.4,32458,conv.10,108,conv.10:out:108
deep_b40_s32458,deep,0.4,32458,conv.3,126,conv.3:out:126
deep_b40_s32458,deep,0.4,32458,conv.10,161,conv.10:out:161
deep_b40_s32458,deep,0.4,32458,conv.10,114,conv.10:out:114
deep_b40_s32458,deep,0.4,32458,conv.10,178,conv.10:out:178
deep_b40_s32458,deep,0.4,32458,conv.10,56,conv.10:out:56
deep_b40_s32458,deep,0.4,32458,conv.3,123,conv.3:out:123
deep_b40_s32458,deep,0.4,32458,conv.10,133,conv.10:out:133
deep_b40_s32458,deep,0.4,32458,conv.3,114,conv.3:out:114
deep_b40_s32458,deep,0.4,32458,conv.10,18,conv.10:out:18
deep_b40_s32458,deep,0.4,32458,conv.7,98,conv.7:out:98
deep_b40_s32458,deep,0.4,32458,conv.7,24,conv.7:out:24
deep_b40_s32458,deep,0.4,32458,conv.0,33,conv.0:out:33
deep_b40_s32458,deep,0.4,32458,conv.10,140,conv.10:out:140
deep_b40_s32458,deep,0.4,32458,conv.7,124,conv.7:out:124
deep_b40_s32458,deep,0.4,32458,conv.0,11,conv.0:out:11
deep_b40_s32458,deep,0.4,32458,conv.3,53,conv.3:out:53
deep_b40_s32458,deep,0.4,32458,conv.7,77,conv.7:out:77
deep_b40_s32458,deep,0.4,32458,conv.10,103,conv.10:out:103
deep_b40_s32458,deep,0.4,32458,conv.3,19,conv.3:out:19
deep_b40_s32458,deep,0.4,32458,conv.7,49,conv.7:out:49
deep_b40_s32458,deep,0.4,32458,conv.3,87,conv.3:out:87
deep_b40_s32458,deep,0.4,32458,conv.3,73,conv.3:out:73
deep_b40_s32458,deep,0.4,32458,conv.10,230,conv.10:out:230
deep_b40_s32458,deep,0.4,32458,conv.3,52,conv.3:out:52
deep_b40_s32458,deep,0.4,32458,conv.10,176,conv.10:out:176
deep_b40_s32458,deep,0.4,32458,conv.10,47,conv.10:out:47
deep_b40_s32458,deep,0.4,32458,conv.3,55,conv.3:out:55
deep_b40_s32458,deep,0.4,32458,conv.3,45,conv.3:out:45
deep_b40_s32458,deep,0.4,32458,conv.10,172,conv.10:out:172
deep_b40_s32458,deep,0.4,32458,conv.10,84,conv.10:out:84
deep_b40_s32458,deep,0.4,32458,conv.10,5,conv.10:out:5
deep_b40_s32458,deep,0.4,32458,conv.10,210,conv.10:out:210
deep_b40_s32458,deep,0.4,32458,conv.3,13,conv.3:out:13
deep_b40_s32458,deep,0.4,32458,conv.10,100,conv.10:out:100
deep_b40_s32458,deep,0.4,32458,conv.7,15,conv.7:out:15
deep_b40_s32458,deep,0.4,32458,conv.3,120,conv.3:out:120
deep_b40_s32458,deep,0.4,32458,conv.3,86,conv.3:out:86
deep_b40_s32458,deep,0.4,32458,conv.10,188,conv.10:out:188
deep_b40_s32458,deep,0.4,32458,conv.10,33,conv.10:out:33
deep_b40_s32458,deep,0.4,32458,conv.7,69,conv.7:out:69
deep_b40_s32458,deep,0.4,32458,conv.3,26,conv.3:out:26
deep_b40_s32458,deep,0.4,32458,conv.0,13,conv.0:out:13
deep_b40_s32458,deep,0.4,32458,conv.7,17,conv.7:out:17
deep_b40_s32458,deep,0.4,32458,conv.3,97,conv.3:out:97
deep_b40_s32458,deep,0.4,32458,conv.10,136,conv.10:out:136
deep_b40_s32458,deep,0.4,32458,conv.3,111,conv.3:out:111
deep_b40_s32458,deep,0.4,32458,conv.7,2,conv.7:out:2
deep_b40_s32458,deep,0.4,32458,conv.3,41,conv.3:out:41
deep_b40_s32458,deep,0.4,32458,conv.10,12,conv.10:out:12
deep_b40_s32458,deep,0.4,32458,conv.7,126,conv.7:out:126
deep_b40_s32458,deep,0.4,32458,conv.3,31,conv.3:out:31
deep_b40_s32458,deep,0.4,32458,conv.10,206,conv.10:out:206
deep_b40_s32458,deep,0.4,32458,conv.10,35,conv.10:out:35
deep_b40_s32458,deep,0.4,32458,conv.10,201,conv.10:out:201
deep_b40_s32458,deep,0.4,32458,conv.7,1,conv.7:out:1
deep_b40_s32458,deep,0.4,32458,conv.7,30,conv.7:out:30
deep_b40_s32458,deep,0.4,32458,conv.0,51,conv.0:out:51
deep_b40_s32458,deep,0.4,32458,conv.3,17,conv.3:out:17
deep_b40_s32458,deep,0.4,32458,conv.7,95,conv.7:out:95
deep_b40_s32458,deep,0.4,32458,conv.10,6,conv.10:out:6
deep_b40_s32458,deep,0.4,32458,conv.3,1,conv.3:out:1
deep_b40_s32458,deep,0.4,32458,conv.10,164,conv.10:out:164
deep_b40_s32458,deep,0.4,32458,conv.10,30,conv.10:out:30
deep_b40_s32458,deep,0.4,32458,conv.10,112,conv.10:out:112
deep_b40_s32458,deep,0.4,32458,conv.7,57,conv.7:out:57
deep_b40_s32458,deep,0.4,32458,conv.3,21,conv.3:out:21
deep_b40_s32458,deep,0.4,32458,conv.7,53,conv.7:out:53
deep_b40_s32458,deep,0.4,32458,conv.7,115,conv.7:out:115
deep_b40_s32458,deep,0.4,32458,conv.10,181,conv.10:out:181
deep_b40_s32458,deep,0.4,32458,conv.3,94,conv.3:out:94
deep_b40_s32458,deep,0.4,32458,conv.7,14,conv.7:out:14
deep_b40_s32458,deep,0.4,32458,conv.10,72,conv.10:out:72
deep_b40_s32458,deep,0.4,32458,conv.7,83,conv.7:out:83
deep_b40_s32458,deep,0.4,32458,conv.10,240,conv.10:out:240
deep_b40_s32458,deep,0.4,32458,conv.7,51,conv.7:out:51
deep_b40_s32458,deep,0.4,32458,conv.10,250,conv.10:out:250
deep_b40_s32458,deep,0.4,32458,conv.7,54,conv.7:out:54
deep_b40_s32458,deep,0.4,32458,conv.0,47,conv.0:out:47
deep_b40_s32458,deep,0.4,32458,conv.10,110,conv.10:out:110
deep_b40_s32458,deep,0.4,32458,conv.7,99,conv.7:out:99
deep_b40_s32458,deep,0.4,32458,conv.0,26,conv.0:out:26
deep_b40_s32458,deep,0.4,32458,conv.0,9,conv.0:out:9
deep_b40_s32458,deep,0.4,32458,conv.10,226,conv.10:out:226
deep_b40_s32458,deep,0.4,32458,conv.10,148,conv.10:out:148
deep_b40_s32458,deep,0.4,32458,conv.7,21,conv.7:out:21
deep_b40_s32458,deep,0.4,32458,conv.3,28,conv.3:out:28
deep_b40_s32458,deep,0.4,32458,conv.0,10,conv.0:out:10
deep_b40_s32458,deep,0.4,32458,conv.3,15,conv.3:out:15
deep_b40_s32458,deep,0.4,32458,conv.7,35,conv.7:out:35
deep_b40_s32458,deep,0.4,32458,conv.3,58,conv.3:out:58
deep_b40_s32458,deep,0.4,32458,conv.7,66,conv.7:out:66
deep_b40_s32458,deep,0.4,32458,conv.3,34,conv.3:out:34
deep_b40_s32458,deep,0.4,32458,conv.3,91,conv.3:out:91
deep_b40_s32458,deep,0.4,32458,conv.7,58,conv.7:out:58
deep_b40_s32458,deep,0.4,32458,conv.3,112,conv.3:out:112
deep_b40_s32458,deep,0.4,32458,conv.0,18,conv.0:out:18
deep_b40_s32458,deep,0.4,32458,conv.3,5,conv.3:out:5
deep_b40_s32459,deep,0.4,32459,conv.3,52,conv.3:out:52
deep_b40_s32459,deep,0.4,32459,conv.3,100,conv.3:out:100
deep_b40_s32459,deep,0.4,32459,conv.3,110,conv.3:out:110
deep_b40_s32459,deep,0.4,32459,conv.10,249,conv.10:out:249
deep_b40_s32459,deep,0.4,32459,conv.10,71,conv.10:out:71
deep_b40_s32459,deep,0.4,32459,conv.7,120,conv.7:out:120
deep_b40_s32459,deep,0.4,32459,conv.10,126,conv.10:out:126
deep_b40_s32459,deep,0.4,32459,conv.7,80,conv.7:out:80
deep_b40_s32459,deep,0.4,32459,conv.10,190,conv.10:out:190
deep_b40_s32459,deep,0.4,32459,conv.7,102,conv.7:out:102
deep_b40_s32459,deep,0.4,32459,conv.7,123,conv.7:out:123
deep_b40_s32459,deep,0.4,32459,conv.0,7,conv.0:out:7
deep_b40_s32459,deep,0.4,32459,conv.10,7,conv.10:out:7
deep_b40_s32459,deep,0.4,32459,conv.3,21,conv.3:out:21
deep_b40_s32459,deep,0.4,32459,conv.10,206,conv.10:out:206
deep_b40_s32459,deep,0.4,32459,conv.10,22,conv.10:out:22
deep_b40_s32459,deep,0.4,32459,conv.0,20,conv.0:out:20
deep_b40_s32459,deep,0.4,32459,conv.10,246,conv.10:out:246
deep_b40_s32459,deep,0.4,32459,conv.10,160,conv.10:out:160
deep_b40_s32459,deep,0.4,32459,conv.7,4,conv.7:out:4
deep_b40_s32459,deep,0.4,32459,conv.3,48,conv.3:out:48
deep_b40_s32459,deep,0.4,32459,conv.7,95,conv.7:out:95
deep_b40_s32459,deep,0.4,32459,conv.3,55,conv.3:out:55
deep_b40_s32459,deep,0.4,32459,conv.7,55,conv.7:out:55
deep_b40_s32459,deep,0.4,32459,conv.10,87,conv.10:out:87
deep_b40_s32459,deep,0.4,32459,conv.10,162,conv.10:out:162
deep_b40_s32459,deep,0.4,32459,conv.3,73,conv.3:out:73
deep_b40_s32459,deep,0.4,32459,conv.10,145,conv.10:out:145
deep_b40_s32459,deep,0.4,32459,conv.10,168,conv.10:out:168
deep_b40_s32459,deep,0.4,32459,conv.7,8,conv.7:out:8
deep_b40_s32459,deep,0.4,32459,conv.10,61,conv.10:out:61
deep_b40_s32459,deep,0.4,32459,conv.10,140,conv.10:out:140
deep_b40_s32459,deep,0.4,32459,conv.10,53,conv.10:out:53
deep_b40_s32459,deep,0.4,32459,conv.3,94,conv.3:out:94
deep_b40_s32459,deep,0.4,32459,conv.0,49,conv.0:out:49
deep_b40_s32459,deep,0.4,32459,conv.10,231,conv.10:out:231
deep_b40_s32459,deep,0.4,32459,conv.3,54,conv.3:out:54
deep_b40_s32459,deep,0.4,32459,conv.10,138,conv.10:out:138
deep_b40_s32459,deep,0.4,32459,conv.7,2,conv.7:out:2
deep_b40_s32459,deep,0.4,32459,conv.0,16,conv.0:out:16
deep_b40_s32459,deep,0.4,32459,conv.7,101,conv.7:out:101
deep_b40_s32459,deep,0.4,32459,conv.10,166,conv.10:out:166
deep_b40_s32459,deep,0.4,32459,conv.3,74,conv.3:out:74
deep_b40_s32459,deep,0.4,32459,conv.10,157,conv.10:out:157
deep_b40_s32459,deep,0.4,32459,conv.3,45,conv.3:out:45
deep_b40_s32459,deep,0.4,32459,conv.10,14,conv.10:out:14
deep_b40_s32459,deep,0.4,32459,conv.10,134,conv.10:out:134
deep_b40_s32459,deep,0.4,32459,conv.7,45,conv.7:out:45
deep_b40_s32459,deep,0.4,32459,conv.10,209,conv.10:out:209
deep_b40_s32459,deep,0.4,32459,conv.3,58,conv.3:out:58
deep_b40_s32459,deep,0.4,32459,conv.3,98,conv.3:out:98
deep_b40_s32459,deep,0.4,32459,conv.3,6,conv.3:out:6
deep_b40_s32459,deep,0.4,32459,conv.10,86,conv.10:out:86
deep_b40_s32459,deep,0.4,32459,conv.3,101,conv.3:out:101
deep_b40_s32459,deep,0.4,32459,conv.7,21,conv.7:out:21
deep_b40_s32459,deep,0.4,32459,conv.3,111,conv.3:out:111
deep_b40_s32459,deep,0.4,32459,conv.10,19,conv.10:out:19
deep_b40_s32459,deep,0.4,32459,conv.3,25,conv.3:out:25
deep_b40_s32459,deep,0.4,32459,conv.10,101,conv.10:out:101
deep_b40_s32459,deep,0.4,32459,conv.10,43,conv.10:out:43
deep_b40_s32459,deep,0.4,32459,conv.3,89,conv.3:out:89
deep_b40_s32459,deep,0.4,32459,conv.10,229,conv.10:out:229
deep_b40_s32459,deep,0.4,32459,conv.10,153,conv.10:out:153
deep_b40_s32459,deep,0.4,32459,conv.7,75,conv.7:out:75
deep_b40_s32459,deep,0.4,32459,conv.7,31,conv.7:out:31
deep_b40_s32459,deep,0.4,32459,conv.10,236,conv.10:out:236
deep_b40_s32459,deep,0.4,32459,conv.3,84,conv.3:out:84
deep_b40_s32459,deep,0.4,32459,conv.7,66,conv.7:out:66
deep_b40_s32459,deep,0.4,32459,conv.10,214,conv.10:out:214
deep_b40_s32459,deep,0.4,32459,conv.10,230,conv.10:out:230
deep_b40_s32459,deep,0.4,32459,conv.10,212,conv.10:out:212
deep_b40_s32459,deep,0.4,32459,conv.3,106,conv.3:out:106
deep_b40_s32459,deep,0.4,32459,conv.7,43,conv.7:out:43
deep_b40_s32459,deep,0.4,32459,conv.10,111,conv.10:out:111
deep_b40_s32459,deep,0.4,32459,conv.10,203,conv.10:out:203
deep_b40_s32459,deep,0.4,32459,conv.3,107,conv.3:out:107
deep_b40_s32459,deep,0.4,32459,conv.10,239,conv.10:out:239
deep_b40_s32459,deep,0.4,32459,conv.10,139,conv.10:out:139
deep_b40_s32459,deep,0.4,32459,conv.7,109,conv.7:out:109
deep_b40_s32459,deep,0.4,32459,conv.3,39,conv.3:out:39
deep_b40_s32459,deep,0.4,32459,conv.7,12,conv.7:out:12
deep_b40_s32459,deep,0.4,32459,conv.3,36,conv.3:out:36
deep_b40_s32459,deep,0.4,32459,conv.3,5,conv.3:out:5
deep_b40_s32459,deep,0.4,32459,conv.10,1,conv.10:out:1
deep_b40_s32459,deep,0.4,32459,conv.3,72,conv.3:out:72
deep_b40_s32459,deep,0.4,32459,conv.7,29,conv.7:out:29
deep_b40_s32459,deep,0.4,32459,conv.0,58,conv.0:out:58
deep_b40_s32459,deep,0.4,32459,conv.3,33,conv.3:out:33
deep_b40_s32459,deep,0.4,32459,conv.10,241,conv.10:out:241
deep_b40_s32459,deep,0.4,32459,conv.3,34,conv.3:out:34
deep_b40_s32459,deep,0.4,32459,conv.0,61,conv.0:out:61
deep_b40_s32459,deep,0.4,32459,conv.7,71,conv.7:out:71
deep_b40_s32459,deep,0.4,32459,conv.3,10,conv.3:out:10
deep_b40_s32459,deep,0.4,32459,conv.0,53,conv.0:out:53
deep_b40_s32459,deep,0.4,32459,conv.10,68,conv.10:out:68
deep_b40_s32459,deep,0.4,32459,conv.7,27,conv.7:out:27
deep_b40_s32459,deep,0.4,32459,conv.0,0,conv.0:out:0
deep_b40_s32459,deep,0.4,32459,conv.0,54,conv.0:out:54
deep_b40_s32459,deep,0.4,32459,conv.7,125,conv.7:out:125
deep_b40_s32459,deep,0.4,32459,conv.3,78,conv.3:out:78
deep_b40_s32459,deep,0.4,32459,conv.7,11,conv.7:out:11
deep_b40_s32459,deep,0.4,32459,conv.10,183,conv.10:out:183
deep_b40_s32459,deep,0.4,32459,conv.10,41,conv.10:out:41
deep_b40_s32459,deep,0.4,32459,conv.0,17,conv.0:out:17
deep_b40_s32459,deep,0.4,32459,conv.3,81,conv.3:out:81
deep_b40_s32459,deep,0.4,32459,conv.10,201,conv.10:out:201
deep_b40_s32459,deep,0.4,32459,conv.3,113,conv.3:out:113
deep_b40_s32459,deep,0.4,32459,conv.3,79,conv.3:out:79
deep_b40_s32459,deep,0.4,32459,conv.10,72,conv.10:out:72
deep_b40_s32459,deep,0.4,32459,conv.7,111,conv.7:out:111
deep_b40_s32459,deep,0.4,32459,conv.10,96,conv.10:out:96
deep_b40_s32459,deep,0.4,32459,conv.3,2,conv.3:out:2
deep_b40_s32459,deep,0.4,32459,conv.10,116,conv.10:out:116
deep_b40_s32459,deep,0.4,32459,conv.3,121,conv.3:out:121
deep_b40_s32459,deep,0.4,32459,conv.10,152,conv.10:out:152
deep_b40_s32459,deep,0.4,32459,conv.7,57,conv.7:out:57
deep_b40_s32459,deep,0.4,32459,conv.7,91,conv.7:out:91
deep_b40_s32459,deep,0.4,32459,conv.10,49,conv.10:out:49
deep_b40_s32459,deep,0.4,32459,conv.3,13,conv.3:out:13
deep_b40_s32459,deep,0.4,32459,conv.10,69,conv.10:out:69
deep_b40_s32459,deep,0.4,32459,conv.10,89,conv.10:out:89
deep_b40_s32459,deep,0.4,32459,conv.10,98,conv.10:out:98
deep_b40_s32459,deep,0.4,32459,conv.7,119,conv.7:out:119
deep_b40_s32459,deep,0.4,32459,conv.7,28,conv.7:out:28
deep_b40_s32459,deep,0.4,32459,conv.0,9,conv.0:out:9
deep_b40_s32459,deep,0.4,32459,conv.7,18,conv.7:out:18
deep_b40_s32460,deep,0.4,32460,conv.0,49,conv.0:out:49
deep_b40_s32460,deep,0.4,32460,conv.3,60,conv.3:out:60
deep_b40_s32460,deep,0.4,32460,conv.3,64,conv.3:out:64
deep_b40_s32460,deep,0.4,32460,conv.10,116,conv.10:out:116
deep_b40_s32460,deep,0.4,32460,conv.3,33,conv.3:out:33
deep_b40_s32460,deep,0.4,32460,conv.10,148,conv.10:out:148
deep_b40_s32460,deep,0.4,32460,conv.10,132,conv.10:out:132
deep_b40_s32460,deep,0.4,32460,conv.3,83,conv.3:out:83
deep_b40_s32460,deep,0.4,32460,conv.10,49,conv.10:out:49
deep_b40_s32460,deep,0.4,32460,conv.10,251,conv.10:out:251
deep_b40_s32460,deep,0.4,32460,conv.7,25,conv.7:out:25
deep_b40_s32460,deep,0.4,32460,conv.3,63,conv.3:out:63
deep_b40_s32460,deep,0.4,32460,conv.7,75,conv.7:out:75
deep_b40_s32460,deep,0.4,32460,conv.7,51,conv.7:out:51
deep_b40_s32460,deep,0.4,32460,conv.7,3,conv.7:out:3
deep_b40_s32460,deep,0.4,32460,conv.10,68,conv.10:out:68
deep_b40_s32460,deep,0.4,32460,conv.3,11,conv.3:out:11
deep_b40_s32460,deep,0.4,32460,conv.0,27,conv.0:out:27
deep_b40_s32460,deep,0.4,32460,conv.10,191,conv.10:out:191
deep_b40_s32460,deep,0.4,32460,conv.10,221,conv.10:out:221
deep_b40_s32460,deep,0.4,32460,conv.10,85,conv.10:out:85
deep_b40_s32460,deep,0.4,32460,conv.10,133,conv.10:out:133
deep_b40_s32460,deep,0.4,32460,conv.0,19,conv.0:out:19
deep_b40_s32460,deep,0.4,32460,conv.3,112,conv.3:out:112
deep_b40_s32460,deep,0.4,32460,conv.7,100,conv.7:out:100
deep_b40_s32460,deep,0.4,32460,conv.10,229,conv.10:out:229
deep_b40_s32460,deep,0.4,32460,conv.10,139,conv.10:out:139
deep_b40_s32460,deep,0.4,32460,conv.10,195,conv.10:out:195
deep_b40_s32460,deep,0.4,32460,conv.10,35,conv.10:out:35
deep_b40_s32460,deep,0.4,32460,conv.10,242,conv.10:out:242
deep_b40_s32460,deep,0.4,32460,conv.10,108,conv.10:out:108
deep_b40_s32460,deep,0.4,32460,conv.0,25,conv.0:out:25
deep_b40_s32460,deep,0.4,32460,conv.10,126,conv.10:out:126
deep_b40_s32460,deep,0.4,32460,conv.7,23,conv.7:out:23
deep_b40_s32460,deep,0.4,32460,conv.10,66,conv.10:out:66
deep_b40_s32460,deep,0.4,32460,conv.7,54,conv.7:out:54
deep_b40_s32460,deep,0.4,32460,conv.10,70,conv.10:out:70
deep_b40_s32460,deep,0.4,32460,conv.10,54,conv.10:out:54
deep_b40_s32460,deep,0.4,32460,conv.7,18,conv.7:out:18
deep_b40_s32460,deep,0.4,32460,conv.3,119,conv.3:out:119
deep_b40_s32460,deep,0.4,32460,conv.10,86,conv.10:out:86
deep_b40_s32460,deep,0.4,32460,conv.10,52,conv.10:out:52
deep_b40_s32460,deep,0.4,32460,conv.3,46,conv.3:out:46
deep_b40_s32460,deep,0.4,32460,conv.7,79,conv.7:out:79
deep_b40_s32460,deep,0.4,32460,conv.3,1,conv.3:out:1
deep_b40_s32460,deep,0.4,32460,conv.10,140,conv.10:out:140
deep_b40_s32460,deep,0.4,32460,conv.7,113,conv.7:out:113
deep_b40_s32460,deep,0.4,32460,conv.7,43,conv.7:out:43
deep_b40_s32460,deep,0.4,32460,conv.3,126,conv.3:out:126
deep_b40_s32460,deep,0.4,32460,conv.3,7,conv.3:out:7
deep_b40_s32460,deep,0.4,32460,conv.7,28,conv.7:out:28
deep_b40_s32460,deep,0.4,32460,conv.10,63,conv.10:out:63
deep_b40_s32460,deep,0.4,32460,conv.10,230,conv.10:out:230
deep_b40_s32460,deep,0.4,32460,conv.10,111,conv.10:out:111
deep_b40_s32460,deep,0.4,32460,conv.10,10,conv.10:out:10
deep_b40_s32460,deep,0.4,32460,conv.3,27,conv.3:out:27
deep_b40_s32460,deep,0.4,32460,conv.10,122,conv.10:out:122
deep_b40_s32460,deep,0.4,32460,conv.7,105,conv.7:out:105
deep_b40_s32460,deep,0.4,32460,conv.10,234,conv.10:out:234
deep_b40_s32460,deep,0.4,32460,conv.10,101,conv.10:out:101
deep_b40_s32460,deep,0.4,32460,conv.10,225,conv.10:out:225
deep_b40_s32460,deep,0.4,32460,conv.10,61,conv.10:out:61
deep_b40_s32460,deep,0.4,32460,conv.10,217,conv.10:out:217
deep_b40_s32460,deep,0.4,32460,conv.7,94,conv.7:out:94
deep_b40_s32460,deep,0.4,32460,conv.3,67,conv.3:out:67
deep_b40_s32460,deep,0.4,32460,conv.10,181,conv.10:out:181
deep_b40_s32460,deep,0.4,32460,conv.7,95,conv.7:out:95
deep_b40_s32460,deep,0.4,32460,conv.10,137,conv.10:out:137
deep_b40_s32460,deep,0.4,32460,conv.3,42,conv.3:out:42
deep_b40_s32460,deep,0.4,32460,conv.10,46,conv.10:out:46
deep_b40_s32460,deep,0.4,32460,conv.7,13,conv.7:out:13
deep_b40_s32460,deep,0.4,32460,conv.10,164,conv.10:out:164
deep_b40_s32460,deep,0.4,32460,conv.10,28,conv.10:out:28
deep_b40_s32460,deep,0.4,32460,conv.10,252,conv.10:out:252
deep_b40_s32460,deep,0.4,32460,conv.10,169,conv.10:out:169
deep_b40_s32460,deep,0.4,32460,conv.0,10,conv.0:out:10
deep_b40_s32460,deep,0.4,32460,conv.3,115,conv.3:out:115
deep_b40_s32460,deep,0.4,32460,conv.10,215,conv.10:out:215
deep_b40_s32460,deep,0.4,32460,conv.7,80,conv.7:out:80
deep_b40_s32460,deep,0.4,32460,conv.10,30,conv.10:out:30
deep_b40_s32460,deep,0.4,32460,conv.7,41,conv.7:out:41
deep_b40_s32460,deep,0.4,32460,conv.10,157,conv.10:out:157
deep_b40_s32460,deep,0.4,32460,conv.10,241,conv.10:out:241
deep_b40_s32460,deep,0.4,32460,conv.7,117,conv.7:out:117
deep_b40_s32460,deep,0.4,32460,conv.10,14,conv.10:out:14
deep_b40_s32460,deep,0.4,32460,conv.10,141,conv.10:out:141
deep_b40_s32460,deep,0.4,32460,conv.10,106,conv.10:out:106
deep_b40_s32460,deep,0.4,32460,conv.10,207,conv.10:out:207
deep_b40_s32460,deep,0.4,32460,conv.7,112,conv.7:out:112
deep_b40_s32460,deep,0.4,32460,conv.3,18,conv.3:out:18
deep_b40_s32460,deep,0.4,32460,conv.3,39,conv.3:out:39
deep_b40_s32460,deep,0.4,32460,conv.3,17,conv.3:out:17
deep_b40_s32460,deep,0.4,32460,conv.10,128,conv.10:out:128
deep_b40_s32460,deep,0.4,32460,conv.3,43,conv.3:out:43
deep_b40_s32460,deep,0.4,32460,conv.7,88,conv.7:out:88
deep_b40_s32460,deep,0.4,32460,conv.10,112,conv.10:out:112
deep_b40_s32460,deep,0.4,32460,conv.10,236,conv.10:out:236
deep_b40_s32460,deep,0.4,32460,conv.3,105,conv.3:out:105
deep_b40_s32460,deep,0.4,32460,conv.3,0,conv.3:out:0
deep_b40_s32460,deep,0.4,32460,conv.7,38,conv.7:out:38
deep_b40_s32460,deep,0.4,32460,conv.3,82,conv.3:out:82
deep_b40_s32460,deep,0.4,32460,conv.10,227,conv.10:out:227
deep_b40_s32460,deep,0.4,32460,conv.7,89,conv.7:out:89
deep_b40_s32460,deep,0.4,32460,conv.10,4,conv.10:out:4
deep_b40_s32460,deep,0.4,32460,conv.7,116,conv.7:out:116
deep_b40_s32460,deep,0.4,32460,conv.7,26,conv.7:out:26
deep_b40_s32460,deep,0.4,32460,conv.10,102,conv.10:out:102
deep_b40_s32460,deep,0.4,32460,conv.10,20,conv.10:out:20
deep_b40_s32460,deep,0.4,32460,conv.7,37,conv.7:out:37
deep_b40_s32460,deep,0.4,32460,conv.10,76,conv.10:out:76
deep_b40_s32460,deep,0.4,32460,conv.10,162,conv.10:out:162
deep_b40_s32460,deep,0.4,32460,conv.0,40,conv.0:out:40
deep_b40_s32460,deep,0.4,32460,conv.7,119,conv.7:out:119
deep_b40_s32460,deep,0.4,32460,conv.7,91,conv.7:out:91
deep_b40_s32460,deep,0.4,32460,conv.7,19,conv.7:out:19
deep_b40_s32460,deep,0.4,32460,conv.3,93,conv.3:out:93
deep_b40_s32460,deep,0.4,32460,conv.7,99,conv.7:out:99
deep_b40_s32460,deep,0.4,32460,conv.3,101,conv.3:out:101
deep_b40_s32460,deep,0.4,32460,conv.10,192,conv.10:out:192
deep_b40_s32460,deep,0.4,32460,conv.3,104,conv.3:out:104
deep_b40_s32460,deep,0.4,32460,conv.7,106,conv.7:out:106
deep_b40_s32460,deep,0.4,32460,conv.3,86,conv.3:out:86
deep_b40_s32460,deep,0.4,32460,conv.10,200,conv.10:out:200
deep_b40_s32460,deep,0.4,32460,conv.10,50,conv.10:out:50
deep_b40_s32460,deep,0.4,32460,conv.10,39,conv.10:out:39
deep_b40_s32460,deep,0.4,32460,conv.10,159,conv.10:out:159
deep_b40_s32460,deep,0.4,32460,conv.3,116,conv.3:out:116
deep_b40_s32460,deep,0.4,32460,conv.7,8,conv.7:out:8
deep_b40_s32460,deep,0.4,32460,conv.10,203,conv.10:out:203
deep_b40_s32460,deep,0.4,32460,conv.7,34,conv.7:out:34
deep_b40_s32460,deep,0.4,32460,conv.7,104,conv.7:out:104
deep_b40_s32461,deep,0.4,32461,conv.10,157,conv.10:out:157
deep_b40_s32461,deep,0.4,32461,conv.7,8,conv.7:out:8
deep_b40_s32461,deep,0.4,32461,conv.7,72,conv.7:out:72
deep_b40_s32461,deep,0.4,32461,conv.10,250,conv.10:out:250
deep_b40_s32461,deep,0.4,32461,conv.3,92,conv.3:out:92
deep_b40_s32461,deep,0.4,32461,conv.7,126,conv.7:out:126
deep_b40_s32461,deep,0.4,32461,conv.10,228,conv.10:out:228
deep_b40_s32461,deep,0.4,32461,conv.10,224,conv.10:out:224
deep_b40_s32461,deep,0.4,32461,conv.3,74,conv.3:out:74
deep_b40_s32461,deep,0.4,32461,conv.10,14,conv.10:out:14
deep_b40_s32461,deep,0.4,32461,conv.3,126,conv.3:out:126
deep_b40_s32461,deep,0.4,32461,conv.3,49,conv.3:out:49
deep_b40_s32461,deep,0.4,32461,conv.10,158,conv.10:out:158
deep_b40_s32461,deep,0.4,32461,conv.7,119,conv.7:out:119
deep_b40_s32461,deep,0.4,32461,conv.0,55,conv.0:out:55
deep_b40_s32461,deep,0.4,32461,conv.10,11,conv.10:out:11
deep_b40_s32461,deep,0.4,32461,conv.0,16,conv.0:out:16
deep_b40_s32461,deep,0.4,32461,conv.10,199,conv.10:out:199
deep_b40_s32461,deep,0.4,32461,conv.10,159,conv.10:out:159
deep_b40_s32461,deep,0.4,32461,conv.10,12,conv.10:out:12
deep_b40_s32461,deep,0.4,32461,conv.3,22,conv.3:out:22
deep_b40_s32461,deep,0.4,32461,conv.10,32,conv.10:out:32
deep_b40_s32461,deep,0.4,32461,conv.0,26,conv.0:out:26
deep_b40_s32461,deep,0.4,32461,conv.3,113,conv.3:out:113
deep_b40_s32461,deep,0.4,32461,conv.10,40,conv.10:out:40
deep_b40_s32461,deep,0.4,32461,conv.10,110,conv.10:out:110
deep_b40_s32461,deep,0.4,32461,conv.0,52,conv.0:out:52
deep_b40_s32461,deep,0.4,32461,conv.10,115,conv.10:out:115
deep_b40_s32461,deep,0.4,32461,conv.3,54,conv.3:out:54
deep_b40_s32461,deep,0.4,32461,conv.7,84,conv.7:out:84
deep_b40_s32461,deep,0.4,32461,conv.3,111,conv.3:out:111
deep_b40_s32461,deep,0.4,32461,conv.10,125,conv.10:out:125
deep_b40_s32461,deep,0.4,32461,conv.7,120,conv.7:out:120
deep_b40_s32461,deep,0.4,32461,conv.10,206,conv.10:out:206
deep_b40_s32461,deep,0.4,32461,conv.7,30,conv.7:out:30
deep_b40_s32461,deep,0.4,32461,conv.3,25,conv.3:out:25
deep_b40_s32461,deep,0.4,32461,conv.10,105,conv.10:out:105
deep_b40_s32461,deep,0.4,32461,conv.10,171,conv.10:out:171
deep_b40_s32461,deep,0.4,32461,conv.10,8,conv.10:out:8
deep_b40_s32461,deep,0.4,32461,conv.0,23,conv.0:out:23
deep_b40_s32461,deep,0.4,32461,conv.3,93,conv.3:out:93
deep_b40_s32461,deep,0.4,32461,conv.7,117,conv.7:out:117
deep_b40_s32461,deep,0.4,32461,conv.3,84,conv.3:out:84
deep_b40_s32461,deep,0.4,32461,conv.10,91,conv.10:out:91
deep_b40_s32461,deep,0.4,32461,conv.10,78,conv.10:out:78
deep_b40_s32461,deep,0.4,32461,conv.3,56,conv.3:out:56
deep_b40_s32461,deep,0.4,32461,conv.0,6,conv.0:out:6
deep_b40_s32461,deep,0.4,32461,conv.10,248,conv.10:out:248
deep_b40_s32461,deep,0.4,32461,conv.10,196,conv.10:out:196
deep_b40_s32461,deep,0.4,32461,conv.0,49,conv.0:out:49
deep_b40_s32461,deep,0.4,32461,conv.3,21,conv.3:out:21
deep_b40_s32461,deep,0.4,32461,conv.10,13,conv.10:out:13
deep_b40_s32461,deep,0.4,32461,conv.3,114,conv.3:out:114
deep_b40_s32461,deep,0.4,32461,conv.3,44,conv.3:out:44
deep_b40_s32461,deep,0.4,32461,conv.7,47,conv.7:out:47
deep_b40_s32461,deep,0.4,32461,conv.7,57,conv.7:out:57
deep_b40_s32461,deep,0.4,32461,conv.3,75,conv.3:out:75
deep_b40_s32461,deep,0.4,32461,conv.10,71,conv.10:out:71
deep_b40_s32461,deep,0.4,32461,conv.3,29,conv.3:out:29
deep_b40_s32461,deep,0.4,32461,conv.10,175,conv.10:out:175
deep_b40_s32461,deep,0.4,32461,conv.10,116,conv.10:out:116
deep_b40_s32461,deep,0.4,32461,conv.10,246,conv.10:out:246
deep_b40_s32461,deep,0.4,32461,conv.10,239,conv.10:out:239
deep_b40_s32461,deep,0.4,32461,conv.0,61,conv.0:out:61
deep_b40_s32461,deep,0.4,32461,conv.3,31,conv.3:out:31
deep_b40_s32461,deep,0.4,32461,conv.3,12,conv.3:out:12
deep_b40_s32461,deep,0.4,32461,conv.3,36,conv.3:out:36
deep_b40_s32461,deep,0.4,32461,conv.0,9,conv.0:out:9
deep_b40_s32461,deep,0.4,32461,conv.7,122,conv.7:out:122
deep_b40_s32461,deep,0.4,32461,conv.10,132,conv.10:out:132
deep_b40_s32461,deep,0.4,32461,conv.7,11,conv.7:out:11
deep_b40_s32461,deep,0.4,32461,conv.10,38,conv.10:out:38
deep_b40_s32461,deep,0.4,32461,conv.7,2,conv.7:out:2
deep_b40_s32461,deep,0.4,32461,conv.10,126,conv.10:out:126
deep_b40_s32461,deep,0.4,32461,conv.10,185,conv.10:out:185
deep_b40_s32461,deep,0.4,32461,conv.10,100,conv.10:out:100
deep_b40_s32461,deep,0.4,32461,conv.10,148,conv.10:out:148
deep_b40_s32461,deep,0.4,32461,conv.0,14,conv.0:out:14
deep_b40_s32461,deep,0.4,32461,conv.7,29,conv.7:out:29
deep_b40_s32461,deep,0.4,32461,conv.10,30,conv.10:out:30
deep_b40_s32461,deep,0.4,32461,conv.7,5,conv.7:out:5
deep_b40_s32461,deep,0.4,32461,conv.10,96,conv.10:out:96
deep_b40_s32461,deep,0.4,32461,conv.3,73,conv.3:out:73
deep_b40_s32461,deep,0.4,32461,conv.0,12,conv.0:out:12
deep_b40_s32461,deep,0.4,32461,conv.10,65,conv.10:out:65
deep_b40_s32461,deep,0.4,32461,conv.10,0,conv.10:out:0
deep_b40_s32461,deep,0.4,32461,conv.7,112,conv.7:out:112
deep_b40_s32461,deep,0.4,32461,conv.10,80,conv.10:out:80
deep_b40_s32461,deep,0.4,32461,conv.0,0,conv.0:out:0
deep_b40_s32461,deep,0.4,32461,conv.3,27,conv.3:out:27
deep_b40_s32461,deep,0.4,32461,conv.7,34,conv.7:out:34
deep_b40_s32461,deep,0.4,32461,conv.3,43,conv.3:out:43
deep_b40_s32461,deep,0.4,32461,conv.7,98,conv.7:out:98
deep_b40_s32461,deep,0.4,32461,conv.3,115,conv.3:out:115
deep_b40_s32461,deep,0.4,32461,conv.3,106,conv.3:out:106
deep_b40_s32461,deep,0.4,32461,conv.10,102,conv.10:out:102
deep_b40_s32461,deep,0.4,32461,conv.10,245,conv.10:out:245
deep_b40_s32461,deep,0.4,32461,conv.10,161,conv.10:out:161
deep_b40_s32461,deep,0.4,32461,conv.3,109,conv.3:out:109
deep_b40_s32461,deep,0.4,32461,conv.0,43,conv.0:out:43
deep_b40_s32461,deep,0.4,32461,conv.7,82,conv.7:out:82
deep_b40_s32461,deep,0.4,32461,conv.10,24,conv.10:out:24
deep_b40_s32461,deep,0.4,32461,conv.10,178,conv.10:out:178
deep_b40_s32461,deep,0.4,32461,conv.7,87,conv.7:out:87
deep_b40_s32461,deep,0.4,32461,conv.10,214,conv.10:out:214
deep_b40_s32461,deep,0.4,32461,conv.10,211,conv.10:out:211
deep_b40_s32461,deep,0.4,32461,conv.10,74,conv.10:out:74
deep_b40_s32461,deep,0.4,32461,conv.10,15,conv.10:out:15
deep_b40_s32461,deep,0.4,32461,conv.7,18,conv.7:out:18
deep_b40_s32461,deep,0.4,32461,conv.10,21,conv.10:out:21
deep_b40_s32461,deep,0.4,32461,conv.7,123,conv.7:out:123
deep_b40_s32461,deep,0.4,32461,conv.10,63,conv.10:out:63
deep_b40_s32461,deep,0.4,32461,conv.0,40,conv.0:out:40
deep_b40_s32461,deep,0.4,32461,conv.10,231,conv.10:out:231
deep_b40_s32461,deep,0.4,32461,conv.7,66,conv.7:out:66
deep_b40_s32461,deep,0.4,32461,conv.3,51,conv.3:out:51
deep_b40_s32461,deep,0.4,32461,conv.7,41,conv.7:out:41
deep_b40_s32461,deep,0.4,32461,conv.10,145,conv.10:out:145
deep_b40_s32461,deep,0.4,32461,conv.10,93,conv.10:out:93
deep_b40_s32461,deep,0.4,32461,conv.3,4,conv.3:out:4
deep_b40_s32461,deep,0.4,32461,conv.3,45,conv.3:out:45
deep_b40_s32461,deep,0.4,32461,conv.10,162,conv.10:out:162
deep_b40_s32461,deep,0.4,32461,conv.7,70,conv.7:out:70
deep_b40_s32461,deep,0.4,32461,conv.10,51,conv.10:out:51
deep_b40_s32461,deep,0.4,32461,conv.7,0,conv.7:out:0
deep_b40_s32461,deep,0.4,32461,conv.0,63,conv.0:out:63
deep_b40_s32461,deep,0.4,32461,conv.10,119,conv.10:out:119
deep_b40_s32461,deep,0.4,32461,conv.10,118,conv.10:out:118
deep_b40_s32461,deep,0.4,32461,conv.10,180,conv.10:out:180
deep_b40_s32461,deep,0.4,32461,conv.10,215,conv.10:out:215
deep_b40_s32461,deep,0.4,32461,conv.10,7,conv.10:out:7
deep_b40_s32461,deep,0.4,32461,conv.7,49,conv.7:out:49
deep_b40_s32461,deep,0.4,32461,conv.0,4,conv.0:out:4
deep_b40_s32462,deep,0.4,32462,conv.10,93,conv.10:out:93
deep_b40_s32462,deep,0.4,32462,conv.3,3,conv.3:out:3
deep_b40_s32462,deep,0.4,32462,conv.3,83,conv.3:out:83
deep_b40_s32462,deep,0.4,32462,conv.3,110,conv.3:out:110
deep_b40_s32462,deep,0.4,32462,conv.10,171,conv.10:out:171
deep_b40_s32462,deep,0.4,32462,conv.3,9,conv.3:out:9
deep_b40_s32462,deep,0.4,32462,conv.7,21,conv.7:out:21
deep_b40_s32462,deep,0.4,32462,conv.3,38,conv.3:out:38
deep_b40_s32462,deep,0.4,32462,conv.7,67,conv.7:out:67
deep_b40_s32462,deep,0.4,32462,conv.7,123,conv.7:out:123
deep_b40_s32462,deep,0.4,32462,conv.10,242,conv.10:out:242
deep_b40_s32462,deep,0.4,32462,conv.7,95,conv.7:out:95
deep_b40_s32462,deep,0.4,32462,conv.3,13,conv.3:out:13
deep_b40_s32462,deep,0.4,32462,conv.0,57,conv.0:out:57
deep_b40_s32462,deep,0.4,32462,conv.3,117,conv.3:out:117
deep_b40_s32462,deep,0.4,32462,conv.7,69,conv.7:out:69
deep_b40_s32462,deep,0.4,32462,conv.10,168,conv.10:out:168
deep_b40_s32462,deep,0.4,32462,conv.7,111,conv.7:out:111
deep_b40_s32462,deep,0.4,32462,conv.7,103,conv.7:out:103
deep_b40_s32462,deep,0.4,32462,conv.0,18,conv.0:out:18
deep_b40_s32462,deep,0.4,32462,conv.0,46,conv.0:out:46
deep_b40_s32462,deep,0.4,32462,conv.10,17,conv.10:out:17
deep_b40_s32462,deep,0.4,32462,conv.3,99,conv.3:out:99
deep_b40_s32462,deep,0.4,32462,conv.3,36,conv.3:out:36
deep_b40_s32462,deep,0.4,32462,conv.10,37,conv.10:out:37
deep_b40_s32462,deep,0.4,32462,conv.10,229,conv.10:out:229
deep_b40_s32462,deep,0.4,32462,conv.10,99,conv.10:out:99
deep_b40_s32462,deep,0.4,32462,conv.10,177,conv.10:out:177
deep_b40_s32462,deep,0.4,32462,conv.10,246,conv.10:out:246
deep_b40_s32462,deep,0.4,32462,conv.3,11,conv.3:out:11
deep_b40_s32462,deep,0.4,32462,conv.10,244,conv.10:out:244
deep_b40_s32462,deep,0.4,32462,conv.7,116,conv.7:out:116
deep_b40_s32462,deep,0.4,32462,conv.7,56,conv.7:out:56
deep_b40_s32462,deep,0.4,32462,conv.7,64,conv.7:out:64
deep_b40_s32462,deep,0.4,32462,conv.10,126,conv.10:out:126
deep_b40_s32462,deep,0.4,32462,conv.0,5,conv.0:out:5
deep_b40_s32462,deep,0.4,32462,conv.7,83,conv.7:out:83
deep_b40_s32462,deep,0.4,32462,conv.10,75,conv.10:out:75
deep_b40_s32462,deep,0.4,32462,conv.3,105,conv.3:out:105
deep_b40_s32462,deep,0.4,32462,conv.10,213,conv.10:out:213
deep_b40_s32462,deep,0.4,32462,conv.7,40,conv.7:out:40
deep_b40_s32462,deep,0.4,32462,conv.10,77,conv.10:out:77
deep_b40_s32462,deep,0.4,32462,conv.10,223,conv.10:out:223
deep_b40_s32462,deep,0.4,32462,conv.10,207,conv.10:out:207
deep_b40_s32462,deep,0.4,32462,conv.10,51,conv.10:out:51
deep_b40_s32462,deep,0.4,32462,conv.3,68,conv.3:out:68
deep_b40_s32462,deep,0.4,32462,conv.3,87,conv.3:out:87
deep_b40_s32462,deep,0.4,32462,conv.10,102,conv.10:out:102
deep_b40_s32462,deep,0.4,32462,conv.7,121,conv.7:out:121
deep_b40_s32462,deep,0.4,32462,conv.0,3,conv.0:out:3
deep_b40_s32462,deep,0.4,32462,conv.10,103,conv.10:out:103
deep_b40_s32462,deep,0.4,32462,conv.10,137,conv.10:out:137
deep_b40_s32462,deep,0.4,32462,conv.3,90,conv.3:out:90
deep_b40_s32462,deep,0.4,32462,conv.0,12,conv.0:out:12
deep_b40_s32462,deep,0.4,32462,conv.10,169,conv.10:out:169
deep_b40_s32462,deep,0.4,32462,conv.3,19,conv.3:out:19
deep_b40_s32462,deep,0.4,32462,conv.7,125,conv.7:out:125
deep_b40_s32462,deep,0.4,32462,conv.0,54,conv.0:out:54
deep_b40_s32462,deep,0.4,32462,conv.0,43,conv.0:out:43
deep_b40_s32462,deep,0.4,32462,conv.10,115,conv.10:out:115
deep_b40_s32462,deep,0.4,32462,conv.10,74,conv.10:out:74
deep_b40_s32462,deep,0.4,32462,conv.3,8,conv.3:out:8
deep_b40_s32462,deep,0.4,32462,conv.10,66,conv.10:out:66
deep_b40_s32462,deep,0.4,32462,conv.0,13,conv.0:out:13
deep_b40_s32462,deep,0.4,32462,conv.10,196,conv.10:out:196
deep_b40_s32462,deep,0.4,32462,conv.10,58,conv.10:out:58
deep_b40_s32462,deep,0.4,32462,conv.7,93,conv.7:out:93
deep_b40_s32462,deep,0.4,32462,conv.0,45,conv.0:out:45
deep_b40_s32462,deep,0.4,32462,conv.3,18,conv.3:out:18
deep_b40_s32462,deep,0.4,32462,conv.7,71,conv.7:out:71
deep_b40_s32462,deep,0.4,32462,conv.3,20,conv.3:out:20
deep_b40_s32462,deep,0.4,32462,conv.10,118,conv.10:out:118
deep_b40_s32462,deep,0.4,32462,conv.0,31,conv.0:out:31
deep_b40_s32462,deep,0.4,32462,conv.7,54,conv.7:out:54
deep_b40_s32462,deep,0.4,32462,conv.10,87,conv.10:out:87
deep_b40_s32462,deep,0.4,32462,conv.10,46,conv.10:out:46
deep_b40_s32462,deep,0.4,32462,conv.10,230,conv.10:out:230
deep_b40_s32462,deep,0.4,32462,conv.3,30,conv.3:out:30
deep_b40_s32462,deep,0.4,32462,conv.3,48,conv.3:out:48
deep_b40_s32462,deep,0.4,32462,conv.7,122,conv.7:out:122
deep_b40_s32462,deep,0.4,32462,conv.10,69,conv.10:out:69
deep_b40_s32462,deep,0.4,32462,conv.3,5,conv.3:out:5
deep_b40_s32462,deep,0.4,32462,conv.10,155,conv.10:out:155
deep_b40_s32462,deep,0.4,32462,conv.7,50,conv.7:out:50
deep_b40_s32462,deep,0.4,32462,conv.0,9,conv.0:out:9
deep_b40_s32462,deep,0.4,32462,conv.3,6,conv.3:out:6
deep_b40_s32462,deep,0.4,32462,conv.10,150,conv.10:out:150
deep_b40_s32462,deep,0.4,32462,conv.10,89,conv.10:out:89
deep_b40_s32462,deep,0.4,32462,conv.10,2,conv.10:out:2
deep_b40_s32462,deep,0.4,32462,conv.0,14,conv.0:out:14
deep_b40_s32462,deep,0.4,32462,conv.10,216,conv.10:out:216
deep_b40_s32462,deep,0.4,32462,conv.3,127,conv.3:out:127
deep_b40_s32462,deep,0.4,32462,conv.7,26,conv.7:out:26
deep_b40_s32462,deep,0.4,32462,conv.3,82,conv.3:out:82
deep_b40_s32462,deep,0.4,32462,conv.10,53,conv.10:out:53
deep_b40_s32462,deep,0.4,32462,conv.3,61,conv.3:out:61
deep_b40_s32462,deep,0.4,32462,conv.0,59,conv.0:out:59
deep_b40_s32462,deep,0.4,32462,conv.10,129,conv.10:out:129
deep_b40_s32462,deep,0.4,32462,conv.10,18,conv.10:out:18
deep_b40_s32462,deep,0.4,32462,conv.7,91,conv.7:out:91
deep_b40_s32462,deep,0.4,32462,conv.3,98,conv.3:out:98
deep_b40_s32462,deep,0.4,32462,conv.10,237,conv.10:out:237
deep_b40_s32462,deep,0.4,32462,conv.10,15,conv.10:out:15
deep_b40_s32462,deep,0.4,32462,conv.10,97,conv.10:out:97
deep_b40_s32462,deep,0.4,32462,conv.10,83,conv.10:out:83
deep_b40_s32462,deep,0.4,32462,conv.7,77,conv.7:out:77
deep_b40_s32462,deep,0.4,32462,conv.10,233,conv.10:out:233
deep_b40_s32462,deep,0.4,32462,conv.10,136,conv.10:out:136
deep_b40_s32462,deep,0.4,32462,conv.0,56,conv.0:out:56
deep_b40_s32462,deep,0.4,32462,conv.10,206,conv.10:out:206
deep_b40_s32462,deep,0.4,32462,conv.10,79,conv.10:out:79
deep_b40_s32462,deep,0.4,32462,conv.10,194,conv.10:out:194
deep_b40_s32462,deep,0.4,32462,conv.0,10,conv.0:out:10
deep_b40_s32462,deep,0.4,32462,conv.7,42,conv.7:out:42
deep_b40_s32462,deep,0.4,32462,conv.3,22,conv.3:out:22
deep_b40_s32462,deep,0.4,32462,conv.3,108,conv.3:out:108
deep_b40_s32462,deep,0.4,32462,conv.7,102,conv.7:out:102
deep_b40_s32462,deep,0.4,32462,conv.7,13,conv.7:out:13
deep_b40_s32462,deep,0.4,32462,conv.0,4,conv.0:out:4
deep_b40_s32462,deep,0.4,32462,conv.10,119,conv.10:out:119
deep_b40_s32462,deep,0.4,32462,conv.7,53,conv.7:out:53
deep_b40_s32462,deep,0.4,32462,conv.10,71,conv.10:out:71
deep_b40_s32462,deep,0.4,32462,conv.10,218,conv.10:out:218
deep_b40_s32462,deep,0.4,32462,conv.10,16,conv.10:out:16
deep_b40_s32462,deep,0.4,32462,conv.10,160,conv.10:out:160
deep_b40_s32462,deep,0.4,32462,conv.10,6,conv.10:out:6
deep_b40_s32462,deep,0.4,32462,conv.10,10,conv.10:out:10
deep_b40_s32462,deep,0.4,32462,conv.10,239,conv.10:out:239
deep_b40_s32462,deep,0.4,32462,conv.0,28,conv.0:out:28
deep_b40_s32462,deep,0.4,32462,conv.10,117,conv.10:out:117
deep_b40_s32462,deep,0.4,32462,conv.7,78,conv.7:out:78
deep_b40_s32463,deep,0.4,32463,conv.10,233,conv.10:out:233
deep_b40_s32463,deep,0.4,32463,conv.3,18,conv.3:out:18
deep_b40_s32463,deep,0.4,32463,conv.10,88,conv.10:out:88
deep_b40_s32463,deep,0.4,32463,conv.0,52,conv.0:out:52
deep_b40_s32463,deep,0.4,32463,conv.3,78,conv.3:out:78
deep_b40_s32463,deep,0.4,32463,conv.10,168,conv.10:out:168
deep_b40_s32463,deep,0.4,32463,conv.10,253,conv.10:out:253
deep_b40_s32463,deep,0.4,32463,conv.0,36,conv.0:out:36
deep_b40_s32463,deep,0.4,32463,conv.10,113,conv.10:out:113
deep_b40_s32463,deep,0.4,32463,conv.10,92,conv.10:out:92
deep_b40_s32463,deep,0.4,32463,conv.3,26,conv.3:out:26
deep_b40_s32463,deep,0.4,32463,conv.10,74,conv.10:out:74
deep_b40_s32463,deep,0.4,32463,conv.3,9,conv.3:out:9
deep_b40_s32463,deep,0.4,32463,conv.7,109,conv.7:out:109
deep_b40_s32463,deep,0.4,32463,conv.10,173,conv.10:out:173
deep_b40_s32463,deep,0.4,32463,conv.3,76,conv.3:out:76
deep_b40_s32463,deep,0.4,32463,conv.10,112,conv.10:out:112
deep_b40_s32463,deep,0.4,32463,conv.10,89,conv.10:out:89
deep_b40_s32463,deep,0.4,32463,conv.10,51,conv.10:out:51
deep_b40_s32463,deep,0.4,32463,conv.0,15,conv.0:out:15
deep_b40_s32463,deep,0.4,32463,conv.7,17,conv.7:out:17
deep_b40_s32463,deep,0.4,32463,conv.10,69,conv.10:out:69
deep_b40_s32463,deep,0.4,32463,conv.7,81,conv.7:out:81
deep_b40_s32463,deep,0.4,32463,conv.0,10,conv.0:out:10
deep_b40_s32463,deep,0.4,32463,conv.7,21,conv.7:out:21
deep_b40_s32463,deep,0.4,32463,conv.10,219,conv.10:out:219
deep_b40_s32463,deep,0.4,32463,conv.3,64,conv.3:out:64
deep_b40_s32463,deep,0.4,32463,conv.0,62,conv.0:out:62
deep_b40_s32463,deep,0.4,32463,conv.3,102,conv.3:out:102
deep_b40_s32463,deep,0.4,32463,conv.10,190,conv.10:out:190
deep_b40_s32463,deep,0.4,32463,conv.3,103,conv.3:out:103
deep_b40_s32463,deep,0.4,32463,conv.3,1,conv.3:out:1
deep_b40_s32463,deep,0.4,32463,conv.7,30,conv.7:out:30
deep_b40_s32463,deep,0.4,32463,conv.10,199,conv.10:out:199
deep_b40_s32463,deep,0.4,32463,conv.7,75,conv.7:out:75
deep_b40_s32463,deep,0.4,32463,conv.0,2,conv.0:out:2
deep_b40_s32463,deep,0.4,32463,conv.10,119,conv.10:out:119
deep_b40_s32463,deep,0.4,32463,conv.10,237,conv.10:out:237
deep_b40_s32463,deep,0.4,32463,conv.3,50,conv.3:out:50
deep_b40_s32463,deep,0.4,32463,conv.7,37,conv.7:out:37
deep_b40_s32463,deep,0.4,32463,conv.10,108,conv.10:out:108
deep_b40_s32463,deep,0.4,32463,conv.10,43,conv.10:out:43
deep_b40_s32463,deep,0.4,32463,conv.10,229,conv.10:out:229
deep_b40_s32463,deep,0.4,32463,conv.10,114,conv.10:out:114
deep_b40_s32463,deep,0.4,32463,conv.3,77,conv.3:out:77
deep_b40_s32463,deep,0.4,32463,conv.10,207,conv.10:out:207
deep_b40_s32463,deep,0.4,32463,conv.7,31,conv.7:out:31
deep_b40_s32463,deep,0.4,32463,conv.10,75,conv.10:out:75
deep_b40_s32463,deep,0.4,32463,conv.10,101,conv.10:out:101
deep_b40_s32463,deep,0.4,32463,conv.0,1,conv.0:out:1
deep_b40_s32463,deep,0.4,32463,conv.10,67,conv.10:out:67
deep_b40_s32463,deep,0.4,32463,conv.10,157,conv.10:out:157
deep_b40_s32463,deep,0.4,32463,conv.10,167,conv.10:out:167
deep_b40_s32463,deep,0.4,32463,conv.3,14,conv.3:out:14
deep_b40_s32463,deep,0.4,32463,conv.10,95,conv.10:out:95
deep_b40_s32463,deep,0.4,32463,conv.3,10,conv.3:out:10
deep_b40_s32463,deep,0.4,32463,conv.7,1,conv.7:out:1
deep_b40_s32463,deep,0.4,32463,conv.10,34,conv.10:out:34
deep_b40_s32463,deep,0.4,32463,conv.10,209,conv.10:out:209
deep_b40_s32463,deep,0.4,32463,conv.10,185,conv.10:out:185
deep_b40_s32463,deep,0.4,32463,conv.10,129,conv.10:out:129
deep_b40_s32463,deep,0.4,32463,conv.3,123,conv.3:out:123
deep_b40_s32463,deep,0.4,32463,conv.3,97,conv.3:out:97
deep_b40_s32463,deep,0.4,32463,conv.7,126,conv.7:out:126
deep_b40_s32463,deep,0.4,32463,conv.10,128,conv.10:out:128
deep_b40_s32463,deep,0.4,32463,conv.3,57,conv.3:out:57
deep_b40_s32463,deep,0.4,32463,conv.10,221,conv.10:out:221
deep_b40_s32463,deep,0.4,32463,conv.7,78,conv.7:out:78
deep_b40_s32463,deep,0.4,32463,conv.10,122,conv.10:out:122
deep_b40_s32463,deep,0.4,32463,conv.10,172,conv.10:out:172
deep_b40_s32463,deep,0.4,32463,conv.3,44,conv.3:out:44
deep_b40_s32463,deep,0.4,32463,conv.7,18,conv.7:out:18
deep_b40_s32463,deep,0.4,32463,conv.7,112,conv.7:out:112
deep_b40_s32463,deep,0.4,32463,conv.3,48,conv.3:out:48
deep_b40_s32463,deep,0.4,32463,conv.10,38,conv.10:out:38
deep_b40_s32463,deep,0.4,32463,conv.7,36,conv.7:out:36
deep_b40_s32463,deep,0.4,32463,conv.3,29,conv.3:out:29
deep_b40_s32463,deep,0.4,32463,conv.7,46,conv.7:out:46
deep_b40_s32463,deep,0.4,32463,conv.3,95,conv.3:out:95
deep_b40_s32463,deep,0.4,32463,conv.3,54,conv.3:out:54
deep_b40_s32463,deep,0.4,32463,conv.0,50,conv.0:out:50
deep_b40_s32463,deep,0.4,32463,conv.10,136,conv.10:out:136
deep_b40_s32463,deep,0.4,32463,conv.0,0,conv.0:out:0
deep_b40_s32463,deep,0.4,32463,conv.10,40,conv.10:out:40
deep_b40_s32463,deep,0.4,32463,conv.10,98,conv.10:out:98
deep_b40_s32463,deep,0.4,32463,conv.10,46,conv.10:out:46
deep_b40_s32463,deep,0.4,32463,conv.7,83,conv.7:out:83
deep_b40_s32463,deep,0.4,32463,conv.7,99,conv.7:out:99
deep_b40_s32463,deep,0.4,32463,conv.3,118,conv.3:out:118
deep_b40_s32463,deep,0.4,32463,conv.10,3,conv.10:out:3
deep_b40_s32463,deep,0.4,32463,conv.7,119,conv.7:out:119
deep_b40_s32463,deep,0.4,32463,conv.10,21,conv.10:out:21
deep_b40_s32463,deep,0.4,32463,conv.3,51,conv.3:out:51
deep_b40_s32463,deep,0.4,32463,conv.7,20,conv.7:out:20
deep_b40_s32463,deep,0.4,32463,conv.3,63,conv.3:out:63
deep_b40_s32463,deep,0.4,32463,conv.7,120,conv.7:out:120
deep_b40_s32463,deep,0.4,32463,conv.10,238,conv.10:out:238
deep_b40_s32463,deep,0.4,32463,conv.7,63,conv.7:out:63
deep_b40_s32463,deep,0.4,32463,conv.10,66,conv.10:out:66
deep_b40_s32463,deep,0.4,32463,conv.3,6,conv.3:out:6
deep_b40_s32463,deep,0.4,32463,conv.10,19,conv.10:out:19
deep_b40_s32463,deep,0.4,32463,conv.10,135,conv.10:out:135
deep_b40_s32463,deep,0.4,32463,conv.3,105,conv.3:out:105
deep_b40_s32463,deep,0.4,32463,conv.10,144,conv.10:out:144
deep_b40_s32463,deep,0.4,32463,conv.10,212,conv.10:out:212
deep_b40_s32463,deep,0.4,32463,conv.3,114,conv.3:out:114
deep_b40_s32463,deep,0.4,32463,conv.3,107,conv.3:out:107
deep_b40_s32463,deep,0.4,32463,conv.3,39,conv.3:out:39
deep_b40_s32463,deep,0.4,32463,conv.3,89,conv.3:out:89
deep_b40_s32463,deep,0.4,32463,conv.0,5,conv.0:out:5
deep_b40_s32463,deep,0.4,32463,conv.3,56,conv.3:out:56
deep_b40_s32463,deep,0.4,32463,conv.10,139,conv.10:out:139
deep_b40_s32463,deep,0.4,32463,conv.10,56,conv.10:out:56
deep_b40_s32463,deep,0.4,32463,conv.10,78,conv.10:out:78
deep_b40_s32463,deep,0.4,32463,conv.0,4,conv.0:out:4
deep_b40_s32463,deep,0.4,32463,conv.7,8,conv.7:out:8
deep_b40_s32463,deep,0.4,32463,conv.0,17,conv.0:out:17
deep_b40_s32463,deep,0.4,32463,conv.3,25,conv.3:out:25
deep_b40_s32463,deep,0.4,32463,conv.7,125,conv.7:out:125
deep_b40_s32463,deep,0.4,32463,conv.7,97,conv.7:out:97
deep_b40_s32463,deep,0.4,32463,conv.10,49,conv.10:out:49
deep_b40_s32463,deep,0.4,32463,conv.10,191,conv.10:out:191
deep_b40_s32463,deep,0.4,32463,conv.10,148,conv.10:out:148
deep_b40_s32463,deep,0.4,32463,conv.3,38,conv.3:out:38
deep_b40_s32463,deep,0.4,32463,conv.7,62,conv.7:out:62
deep_b40_s32463,deep,0.4,32463,conv.7,77,conv.7:out:77
deep_b40_s32463,deep,0.4,32463,conv.10,63,conv.10:out:63
deep_b40_s32463,deep,0.4,32463,conv.10,106,conv.10:out:106
deep_b40_s32463,deep,0.4,32463,conv.0,59,conv.0:out:59
deep_b40_s32463,deep,0.4,32463,conv.10,222,conv.10:out:222
deep_b40_s32463,deep,0.4,32463,conv.7,116,conv.7:out:116
deep_b40_s32464,deep,0.4,32464,conv.0,39,conv.0:out:39
deep_b40_s32464,deep,0.4,32464,conv.3,110,conv.3:out:110
deep_b40_s32464,deep,0.4,32464,conv.7,91,conv.7:out:91
deep_b40_s32464,deep,0.4,32464,conv.10,132,conv.10:out:132
deep_b40_s32464,deep,0.4,32464,conv.10,65,conv.10:out:65
deep_b40_s32464,deep,0.4,32464,conv.3,46,conv.3:out:46
deep_b40_s32464,deep,0.4,32464,conv.3,38,conv.3:out:38
deep_b40_s32464,deep,0.4,32464,conv.10,209,conv.10:out:209
deep_b40_s32464,deep,0.4,32464,conv.3,42,conv.3:out:42
deep_b40_s32464,deep,0.4,32464,conv.7,43,conv.7:out:43
deep_b40_s32464,deep,0.4,32464,conv.3,69,conv.3:out:69
deep_b40_s32464,deep,0.4,32464,conv.3,107,conv.3:out:107
deep_b40_s32464,deep,0.4,32464,conv.10,82,conv.10:out:82
deep_b40_s32464,deep,0.4,32464,conv.10,219,conv.10:out:219
deep_b40_s32464,deep,0.4,32464,conv.10,145,conv.10:out:145
deep_b40_s32464,deep,0.4,32464,conv.7,59,conv.7:out:59
deep_b40_s32464,deep,0.4,32464,conv.0,12,conv.0:out:12
deep_b40_s32464,deep,0.4,32464,conv.3,91,conv.3:out:91
deep_b40_s32464,deep,0.4,32464,conv.7,112,conv.7:out:112
deep_b40_s32464,deep,0.4,32464,conv.10,30,conv.10:out:30
deep_b40_s32464,deep,0.4,32464,conv.10,61,conv.10:out:61
deep_b40_s32464,deep,0.4,32464,conv.0,53,conv.0:out:53
deep_b40_s32464,deep,0.4,32464,conv.10,251,conv.10:out:251
deep_b40_s32464,deep,0.4,32464,conv.3,2,conv.3:out:2
deep_b40_s32464,deep,0.4,32464,conv.10,85,conv.10:out:85
deep_b40_s32464,deep,0.4,32464,conv.3,109,conv.3:out:109
deep_b40_s32464,deep,0.4,32464,conv.0,52,conv.0:out:52
deep_b40_s32464,deep,0.4,32464,conv.10,25,conv.10:out:25
deep_b40_s32464,deep,0.4,32464,conv.3,43,conv.3:out:43
deep_b40_s32464,deep,0.4,32464,conv.10,52,conv.10:out:52
deep_b40_s32464,deep,0.4,32464,conv.7,99,conv.7:out:99
deep_b40_s32464,deep,0.4,32464,conv.3,51,conv.3:out:51
deep_b40_s32464,deep,0.4,32464,conv.3,75,conv.3:out:75
deep_b40_s32464,deep,0.4,32464,conv.7,34,conv.7:out:34
deep_b40_s32464,deep,0.4,32464,conv.0,44,conv.0:out:44
deep_b40_s32464,deep,0.4,32464,conv.10,92,conv.10:out:92
deep_b40_s32464,deep,0.4,32464,conv.10,38,conv.10:out:38
deep_b40_s32464,deep,0.4,32464,conv.10,196,conv.10:out:196
deep_b40_s32464,deep,0.4,32464,conv.10,9,conv.10:out:9
deep_b40_s32464,deep,0.4,32464,conv.7,78,conv.7:out:78
deep_b40_s32464,deep,0.4,32464,conv.0,59,conv.0:out:59
deep_b40_s32464,deep,0.4,32464,conv.3,41,conv.3:out:41
deep_b40_s32464,deep,0.4,32464,conv.10,170,conv.10:out:170
deep_b40_s32464,deep,0.4,32464,conv.7,68,conv.7:out:68
deep_b40_s32464,deep,0.4,32464,conv.0,20,conv.0:out:20
deep_b40_s32464,deep,0.4,32464,conv.10,74,conv.10:out:74
deep_b40_s32464,deep,0.4,32464,conv.7,9,conv.7:out:9
deep_b40_s32464,deep,0.4,32464,conv.10,22,conv.10:out:22
deep_b40_s32464,deep,0.4,32464,conv.3,3,conv.3:out:3
deep_b40_s32464,deep,0.4,32464,conv.10,73,conv.10:out:73
deep_b40_s32464,deep,0.4,32464,conv.7,95,conv.7:out:95
deep_b40_s32464,deep,0.4,32464,conv.7,52,conv.7:out:52
deep_b40_s32464,deep,0.4,32464,conv.10,252,conv.10:out:252
deep_b40_s32464,deep,0.4,32464,conv.10,26,conv.10:out:26
deep_b40_s32464,deep,0.4,32464,conv.10,160,conv.10:out:160
deep_b40_s32464,deep,0.4,32464,conv.10,207,conv.10:out:207
deep_b40_s32464,deep,0.4,32464,conv.10,72,conv.10:out:72
deep_b40_s32464,deep,0.4,32464,conv.7,30,conv.7:out:30
deep_b40_s32464,deep,0.4,32464,conv.3,62,conv.3:out:62
deep_b40_s32464,deep,0.4,32464,conv.10,221,conv.10:out:221
deep_b40_s32464,deep,0.4,32464,conv.7,29,conv.7:out:29
deep_b40_s32464,deep,0.4,32464,conv.3,12,conv.3:out:12
deep_b40_s32464,deep,0.4,32464,conv.10,58,conv.10:out:58
deep_b40_s32464,deep,0.4,32464,conv.0,47,conv.0:out:47
deep_b40_s32464,deep,0.4,32464,conv.7,70,conv.7:out:70
deep_b40_s32464,deep,0.4,32464,conv.7,74,conv.7:out:74
deep_b40_s32464,deep,0.4,32464,conv.0,30,conv.0:out:30
deep_b40_s32464,deep,0.4,32464,conv.7,6,conv.7:out:6
deep_b40_s32464,deep,0.4,32464,conv.0,10,conv.0:out:10
deep_b40_s32464,deep,0.4,32464,conv.7,120,conv.7:out:120
deep_b40_s32464,deep,0.4,32464,conv.3,29,conv.3:out:29
deep_b40_s32464,deep,0.4,32464,conv.3,5,conv.3:out:5
deep_b40_s32464,deep,0.4,32464,conv.10,107,conv.10:out:107
deep_b40_s32464,deep,0.4,32464,conv.3,102,conv.3:out:102
deep_b40_s32464,deep,0.4,32464,conv.3,22,conv.3:out:22
deep_b40_s32464,deep,0.4,32464,conv.10,14,conv.10:out:14
deep_b40_s32464,deep,0.4,32464,conv.3,67,conv.3:out:67
deep_b40_s32464,deep,0.4,32464,conv.3,8,conv.3:out:8
deep_b40_s32464,deep,0.4,32464,conv.10,44,conv.10:out:44
deep_b40_s32464,deep,0.4,32464,conv.3,31,conv.3:out:31
deep_b40_s32464,deep,0.4,32464,conv.0,58,conv.0:out:58
deep_b40_s32464,deep,0.4,32464,conv.10,106,conv.10:out:106
deep_b40_s32464,deep,0.4,32464,conv.10,91,conv.10:out:91
deep_b40_s32464,deep,0.4,32464,conv.3,23,conv.3:out:23
deep_b40_s32464,deep,0.4,32464,conv.10,114,conv.10:out:114
deep_b40_s32464,deep,0.4,32464,conv.3,37,conv.3:out:37
deep_b40_s32464,deep,0.4,32464,conv.0,43,conv.0:out:43
deep_b40_s32464,deep,0.4,32464,conv.3,19,conv.3:out:19
deep_b40_s32464,deep,0.4,32464,conv.10,231,conv.10:out:231
deep_b40_s32464,deep,0.4,32464,conv.3,14,conv.3:out:14
deep_b40_s32464,deep,0.4,32464,conv.0,56,conv.0:out:56
deep_b40_s32464,deep,0.4,32464,conv.10,202,conv.10:out:202
deep_b40_s32464,deep,0.4,32464,conv.10,189,conv.10:out:189
deep_b40_s32464,deep,0.4,32464,conv.10,150,conv.10:out:150
deep_b40_s32464,deep,0.4,32464,conv.0,3,conv.0:out:3
deep_b40_s32464,deep,0.4,32464,conv.3,55,conv.3:out:55
deep_b40_s32464,deep,0.4,32464,conv.10,41,conv.10:out:41
deep_b40_s32464,deep,0.4,32464,conv.10,29,conv.10:out:29
deep_b40_s32464,deep,0.4,32464,conv.3,39,conv.3:out:39
deep_b40_s32464,deep,0.4,32464,conv.0,7,conv.0:out:7
deep_b40_s32464,deep,0.4,32464,conv.0,57,conv.0:out:57
deep_b40_s32464,deep,0.4,32464,conv.0,9,conv.0:out:9
deep_b40_s32464,deep,0.4,32464,conv.7,105,conv.7:out:105
deep_b40_s32464,deep,0.4,32464,conv.3,97,conv.3:out:97
deep_b40_s32464,deep,0.4,32464,conv.10,188,conv.10:out:188
deep_b40_s32464,deep,0.4,32464,conv.7,80,conv.7:out:80
deep_b40_s32464,deep,0.4,32464,conv.3,34,conv.3:out:34
deep_b40_s32464,deep,0.4,32464,conv.7,15,conv.7:out:15
deep_b40_s32464,deep,0.4,32464,conv.7,111,conv.7:out:111
deep_b40_s32464,deep,0.4,32464,conv.0,61,conv.0:out:61
deep_b40_s32464,deep,0.4,32464,conv.10,110,conv.10:out:110
deep_b40_s32464,deep,0.4,32464,conv.10,211,conv.10:out:211
deep_b40_s32464,deep,0.4,32464,conv.0,17,conv.0:out:17
deep_b40_s32464,deep,0.4,32464,conv.7,67,conv.7:out:67
deep_b40_s32464,deep,0.4,32464,conv.7,124,conv.7:out:124
deep_b40_s32464,deep,0.4,32464,conv.10,169,conv.10:out:169
deep_b40_s32464,deep,0.4,32464,conv.10,108,conv.10:out:108
deep_b40_s32464,deep,0.4,32464,conv.7,127,conv.7:out:127
deep_b40_s32464,deep,0.4,32464,conv.3,60,conv.3:out:60
deep_b40_s32464,deep,0.4,32464,conv.0,22,conv.0:out:22
deep_b40_s32464,deep,0.4,32464,conv.10,54,conv.10:out:54
deep_b40_s32464,deep,0.4,32464,conv.10,166,conv.10:out:166
deep_b40_s32464,deep,0.4,32464,conv.3,79,conv.3:out:79
deep_b40_s32464,deep,0.4,32464,conv.10,146,conv.10:out:146
deep_b40_s32464,deep,0.4,32464,conv.10,120,conv.10:out:120
deep_b40_s32464,deep,0.4,32464,conv.7,25,conv.7:out:25
deep_b40_s32464,deep,0.4,32464,conv.0,23,conv.0:out:23
deep_b40_s32465,deep,0.4,32465,conv.10,66,conv.10:out:66
deep_b40_s32465,deep,0.4,32465,conv.0,58,conv.0:out:58
deep_b40_s32465,deep,0.4,32465,conv.10,194,conv.10:out:194
deep_b40_s32465,deep,0.4,32465,conv.7,125,conv.7:out:125
deep_b40_s32465,deep,0.4,32465,conv.10,23,conv.10:out:23
deep_b40_s32465,deep,0.4,32465,conv.10,215,conv.10:out:215
deep_b40_s32465,deep,0.4,32465,conv.10,87,conv.10:out:87
deep_b40_s32465,deep,0.4,32465,conv.7,53,conv.7:out:53
deep_b40_s32465,deep,0.4,32465,conv.10,142,conv.10:out:142
deep_b40_s32465,deep,0.4,32465,conv.10,104,conv.10:out:104
deep_b40_s32465,deep,0.4,32465,conv.10,197,conv.10:out:197
deep_b40_s32465,deep,0.4,32465,conv.0,31,conv.0:out:31
deep_b40_s32465,deep,0.4,32465,conv.10,173,conv.10:out:173
deep_b40_s32465,deep,0.4,32465,conv.0,41,conv.0:out:41
deep_b40_s32465,deep,0.4,32465,conv.10,13,conv.10:out:13
deep_b40_s32465,deep,0.4,32465,conv.10,109,conv.10:out:109
deep_b40_s32465,deep,0.4,32465,conv.3,38,conv.3:out:38
deep_b40_s32465,deep,0.4,32465,conv.7,11,conv.7:out:11
deep_b40_s32465,deep,0.4,32465,conv.10,254,conv.10:out:254
deep_b40_s32465,deep,0.4,32465,conv.10,123,conv.10:out:123
deep_b40_s32465,deep,0.4,32465,conv.10,181,conv.10:out:181
deep_b40_s32465,deep,0.4,32465,conv.3,3,conv.3:out:3
deep_b40_s32465,deep,0.4,32465,conv.7,66,conv.7:out:66
deep_b40_s32465,deep,0.4,32465,conv.3,83,conv.3:out:83
deep_b40_s32465,deep,0.4,32465,conv.3,115,conv.3:out:115
deep_b40_s32465,deep,0.4,32465,conv.3,94,conv.3:out:94
deep_b40_s32465,deep,0.4,32465,conv.7,94,conv.7:out:94
deep_b40_s32465,deep,0.4,32465,conv.0,19,conv.0:out:19
deep_b40_s32465,deep,0.4,32465,conv.10,8,conv.10:out:8
deep_b40_s32465,deep,0.4,32465,conv.7,39,conv.7:out:39
deep_b40_s32465,deep,0.4,32465,conv.3,59,conv.3:out:59
deep_b40_s32465,deep,0.4,32465,conv.7,72,conv.7:out:72
deep_b40_s32465,deep,0.4,32465,conv.0,10,conv.0:out:10
deep_b40_s32465,deep,0.4,32465,conv.7,106,conv.7:out:106
deep_b40_s32465,deep,0.4,32465,conv.10,49,conv.10:out:49
deep_b40_s32465,deep,0.4,32465,conv.3,32,conv.3:out:32
deep_b40_s32465,deep,0.4,32465,conv.0,33,conv.0:out:33
deep_b40_s32465,deep,0.4,32465,conv.3,80,conv.3:out:80
deep_b40_s32465,deep,0.4,32465,conv.7,51,conv.7:out:51
deep_b40_s32465,deep,0.4,32465,conv.10,100,conv.10:out:100
deep_b40_s32465,deep,0.4,32465,conv.3,87,conv.3:out:87
deep_b40_s32465,deep,0.4,32465,conv.0,43,conv.0:out:43
deep_b40_s32465,deep,0.4,32465,conv.7,122,conv.7:out:122
deep_b40_s32465,deep,0.4,32465,conv.7,12,conv.7:out:12
deep_b40_s32465,deep,0.4,32465,conv.7,77,conv.7:out:77
deep_b40_s32465,deep,0.4,32465,conv.10,180,conv.10:out:180
deep_b40_s32465,deep,0.4,32465,conv.10,108,conv.10:out:108
deep_b40_s32465,deep,0.4,32465,conv.7,110,conv.7:out:110
deep_b40_s32465,deep,0.4,32465,conv.10,157,conv.10:out:157
deep_b40_s32465,deep,0.4,32465,conv.0,53,conv.0:out:53
deep_b40_s32465,deep,0.4,32465,conv.10,131,conv.10:out:131
deep_b40_s32465,deep,0.4,32465,conv.10,191,conv.10:out:191
deep_b40_s32465,deep,0.4,32465,conv.7,8,conv.7:out:8
deep_b40_s32465,deep,0.4,32465,conv.10,140,conv.10:out:140
deep_b40_s32465,deep,0.4,32465,conv.10,223,conv.10:out:223
deep_b40_s32465,deep,0.4,32465,conv.10,62,conv.10:out:62
deep_b40_s32465,deep,0.4,32465,conv.7,98,conv.7:out:98
deep_b40_s32465,deep,0.4,32465,conv.10,154,conv.10:out:154
deep_b40_s32465,deep,0.4,32465,conv.3,8,conv.3:out:8
deep_b40_s32465,deep,0.4,32465,conv.10,167,conv.10:out:167
deep_b40_s32465,deep,0.4,32465,conv.10,125,conv.10:out:125
deep_b40_s32465,deep,0.4,32465,conv.10,95,conv.10:out:95
deep_b40_s32465,deep,0.4,32465,conv.3,15,conv.3:out:15
deep_b40_s32465,deep,0.4,32465,conv.10,220,conv.10:out:220
deep_b40_s32465,deep,0.4,32465,conv.7,44,conv.7:out:44
deep_b40_s32465,deep,0.4,32465,conv.10,53,conv.10:out:53
deep_b40_s32465,deep,0.4,32465,conv.0,49,conv.0:out:49
deep_b40_s32465,deep,0.4,32465,conv.10,96,conv.10:out:96
deep_b40_s32465,deep,0.4,32465,conv.0,15,conv.0:out:15
deep_b40_s32465,deep,0.4,32465,conv.7,85,conv.7:out:85
deep_b40_s32465,deep,0.4,32465,conv.10,226,conv.10:out:226
deep_b40_s32465,deep,0.4,32465,conv.3,70,conv.3:out:70
deep_b40_s32465,deep,0.4,32465,conv.10,136,conv.10:out:136
deep_b40_s32465,deep,0.4,32465,conv.7,116,conv.7:out:116
deep_b40_s32465,deep,0.4,32465,conv.0,59,conv.0:out:59
deep_b40_s32465,deep,0.4,32465,conv.7,96,conv.7:out:96
deep_b40_s32465,deep,0.4,32465,conv.10,71,conv.10:out:71
deep_b40_s32465,deep,0.4,32465,conv.10,248,conv.10:out:248
deep_b40_s32465,deep,0.4,32465,conv.10,138,conv.10:out:138
deep_b40_s32465,deep,0.4,32465,conv.10,160,conv.10:out:160
deep_b40_s32465,deep,0.4,32465,conv.10,200,conv.10:out:200
deep_b40_s32465,deep,0.4,32465,conv.10,40,conv.10:out:40
deep_b40_s32465,deep,0.4,32465,conv.10,69,conv.10:out:69
deep_b40_s32465,deep,0.4,32465,conv.3,110,conv.3:out:110
deep_b40_s32465,deep,0.4,32465,conv.10,43,conv.10:out:43
deep_b40_s32465,deep,0.4,32465,conv.3,21,conv.3:out:21
deep_b40_s32465,deep,0.4,32465,conv.10,184,conv.10:out:184
deep_b40_s32465,deep,0.4,32465,conv.0,35,conv.0:out:35
deep_b40_s32465,deep,0.4,32465,conv.7,69,conv.7:out:69
deep_b40_s32465,deep,0.4,32465,conv.0,7,conv.0:out:7
deep_b40_s32465,deep,0.4,32465,conv.3,44,conv.3:out:44
deep_b40_s32465,deep,0.4,32465,conv.10,187,conv.10:out:187
deep_b40_s32465,deep,0.4,32465,conv.10,193,conv.10:out:193
deep_b40_s32465,deep,0.4,32465,conv.10,48,conv.10:out:48
deep_b40_s32465,deep,0.4,32465,conv.10,36,conv.10:out:36
deep_b40_s32465,deep,0.4,32465,conv.10,245,conv.10:out:245
deep_b40_s32465,deep,0.4,32465,conv.10,44,conv.10:out:44
deep_b40_s32465,deep,0.4,32465,conv.10,102,conv.10:out:102
deep_b40_s32465,deep,0.4,32465,conv.7,93,conv.7:out:93
deep_b40_s32465,deep,0.4,32465,conv.10,3,conv.10:out:3
deep_b40_s32465,deep,0.4,32465,conv.10,91,conv.10:out:91
deep_b40_s32465,deep,0.4,32465,conv.7,16,conv.7:out:16
deep_b40_s32465,deep,0.4,32465,conv.3,120,conv.3:out:120
deep_b40_s32465,deep,0.4,32465,conv.10,234,conv.10:out:234
deep_b40_s32465,deep,0.4,32465,conv.7,19,conv.7:out:19
deep_b40_s32465,deep,0.4,32465,conv.7,20,conv.7:out:20
deep_b40_s32465,deep,0.4,32465,conv.10,77,conv.10:out:77
deep_b40_s32465,deep,0.4,32465,conv.3,102,conv.3:out:102
deep_b40_s32465,deep,0.4,32465,conv.7,113,conv.7:out:113
deep_b40_s32465,deep,0.4,32465,conv.3,63,conv.3:out:63
deep_b40_s32465,deep,0.4,32465,conv.3,54,conv.3:out:54
deep_b40_s32465,deep,0.4,32465,conv.0,55,conv.0:out:55
deep_b40_s32465,deep,0.4,32465,conv.10,28,conv.10:out:28
deep_b40_s32465,deep,0.4,32465,conv.0,56,conv.0:out:56
deep_b40_s32465,deep,0.4,32465,conv.3,2,conv.3:out:2
deep_b40_s32465,deep,0.4,32465,conv.10,132,conv.10:out:132
deep_b40_s32465,deep,0.4,32465,conv.10,59,conv.10:out:59
deep_b40_s32465,deep,0.4,32465,conv.10,151,conv.10:out:151
deep_b40_s32465,deep,0.4,32465,conv.7,42,conv.7:out:42
deep_b40_s32465,deep,0.4,32465,conv.10,232,conv.10:out:232
deep_b40_s32465,deep,0.4,32465,conv.3,51,conv.3:out:51
deep_b40_s32465,deep,0.4,32465,conv.10,179,conv.10:out:179
deep_b40_s32465,deep,0.4,32465,conv.10,246,conv.10:out:246
deep_b40_s32465,deep,0.4,32465,conv.10,51,conv.10:out:51
deep_b40_s32465,deep,0.4,32465,conv.0,48,conv.0:out:48
deep_b40_s32465,deep,0.4,32465,conv.0,42,conv.0:out:42
deep_b40_s32465,deep,0.4,32465,conv.3,27,conv.3:out:27
deep_b40_s32465,deep,0.4,32465,conv.7,61,conv.7:out:61
deep_b40_s32465,deep,0.4,32465,conv.10,111,conv.10:out:111
deep_b40_s32465,deep,0.4,32465,conv.7,31,conv.7:out:31
deep_b40_s32465,deep,0.4,32465,conv.7,105,conv.7:out:105
deep_b40_s32465,deep,0.4,32465,conv.7,99,conv.7:out:99
