architecture,benchmark_stage,g1b_split,group_id,module_path,channel_index,flops_cost,magnitude,taylor,fisher,random,v_c,harm_awbir,harm_fine_macro_f1,harm_family_macro_f1,harm_hsr_balanced_soc
CNN1D-2block,shallow,holdout,conv.0:out:0,conv.0,0,31734.0,1.2692107558250427,0.8269475162029266,0.2530809987336397,0.7739560485559633,0.9877636337380512,0.1469618152815089,0.0663878560452382,0.0618329639701787,0.0293821456074877
CNN1D-2block,shallow,selection,conv.0:out:1,conv.0,1,31734.0,0.9373038485646248,2.362780197709798,1.985955005697906,0.4388784397520523,1.1000095012082842,0.3556825597757588,0.1074707650460526,0.0748095893606488,0.0346661927610923
CNN1D-2block,shallow,selection,conv.0:out:2,conv.0,2,31734.0,0.9181517958641052,1.0888444911688566,0.7268781589809805,0.8585979199113825,0.2020425614464195,0.0809275713717807,-0.0010304169274993,0.0095597682757279,-0.0129494698181387
CNN1D-2block,shallow,selection,conv.0:out:3,conv.0,3,31734.0,0.7191908955574036,0.6191751506179571,0.1553795379120856,0.6973680290593639,0.3591867759047459,0.2459571630053229,0.0069852522785771,-0.0103615315278237,0.0008174871156922
CNN1D-2block,shallow,selection,conv.0:out:4,conv.0,4,31734.0,1.4863884449005127,0.5561718362616375,0.2147436934892539,0.0941773478876495,1.302052062654704,0.2864385728588731,0.1012156147467655,0.0596444863091345,0.0245246134707659
CNN1D-2block,shallow,holdout,conv.0:out:5,conv.0,5,31734.0,0.7774031460285187,0.3506737916730344,0.0507148360688006,0.975622351636756,0.0224491734940466,0.0527422381667891,0.0186406308001695,0.0090394720468993,0.009584740240507
CNN1D-2block,shallow,holdout,conv.0:out:6,conv.0,6,31734.0,1.238139033317566,2.3287641376256945,1.8552915155887604,0.761139701990353,0.9653144602440046,0.1805364078852666,0.0290742847204293,0.031401824353985,0.0024524613470766
CNN1D-2block,shallow,holdout,conv.0:out:7,conv.0,7,31734.0,0.9986896952614188,0.6333381568780169,0.2564387656278996,0.7860643052769538,0.3367376024106993,0.1578044028104024,0.0715071292719738,0.0112590811178544,0.014845092115396
CNN1D-2block,shallow,selection,conv.0:out:8,conv.0,8,31734.0,0.8028567209839821,0.1292028702097013,0.0098372012448635,0.1281136326755458,0.291839255422606,0.1982518182272338,0.0839189841080526,0.0200440007750142,0.023185830223328
CNN1D-2block,shallow,holdout,conv.0:out:9,conv.0,9,31734.0,1.4057838916778564,4.971041613817215,13.621209663152694,0.4503859378955671,1.1898061951844707,0.2191615081889942,0.1943814474988627,0.1300683595507654,0.0583733191161661
CNN1D-2block,shallow,selection,conv.0:out:10,conv.0,10,31734.0,1.6505686938762665,1.3624939987668767,0.6458767847658237,0.3707980242325812,0.7632718987975851,0.1987340437695628,0.0524678854208844,0.0017075047066116,0.0140513002784195
CNN1D-2block,shallow,selection,conv.0:out:11,conv.0,11,31734.0,1.6543641090393066,0.8308470103889704,0.4675537727976916,0.9267649888486018,1.414297930124937,0.2666080100758168,0.1033080084275893,0.1173157618035511,0.0413719566376399
CNN1D-2block,shallow,holdout,conv.0:out:12,conv.0,12,31734.0,1.452869713306427,1.325713412463665,0.5629359150305391,0.6438651200806645,0.4265342963868858,0.1480311462144161,0.026572555573977,0.0226198495160764,0.0061607724660861
CNN1D-2block,shallow,holdout,conv.0:out:13,conv.0,13,31734.0,1.0057147443294523,1.9650074161589144,3.151637151674368,0.82276161327083,0.9204161132559112,0.1592170193866723,0.0391078028076621,0.0379174451947276,-0.0019193175759729
CNN1D-2block,shallow,holdout,conv.0:out:14,conv.0,14,31734.0,1.2953032851219175,7.465372264385223,19.344517278671265,0.4434141988273311,1.346950409642797,0.3933321647892749,0.1476521679715392,0.1283131133476246,0.0790000592381967
CNN1D-2block,shallow,holdout,conv.0:out:15,conv.0,15,31734.0,1.5117785334587095,1.285021198540926,1.2909990581450983,0.2272387217847769,0.8530685927737716,0.1628545537188822,0.0156974369458512,0.03114595452146,0.0011966115751436
CNN1D-2block,shallow,selection,conv.0:out:16,conv.0,16,31734.0,0.9031683653593064,1.077568716555834,0.4682980949059129,0.5545847870158348,0.1571442144583263,0.2000540199783685,0.0258854868500831,0.035708737109725,0.0396422012913927
CNN1D-2block,shallow,selection,conv.0:out:17,conv.0,17,31734.0,1.0125038772821426,0.0868668290328059,0.0033718669970739,0.0638172561041753,0.0897966939761864,0.087522325429255,0.0087116577758147,0.0106615285493478,0.004833836858006
CNN1D-2block,shallow,selection,conv.0:out:18,conv.0,18,31734.0,0.9482548534870148,0.3091577841900289,0.0401266759916325,0.8276311719925821,0.4489834698809324,0.1677117443898282,0.0358857689349088,0.0708835700169345,0.0187074225460577
CNN1D-2block,shallow,selection,conv.0:out:19,conv.0,19,31734.0,1.2324867434799671,1.3795788943767548,0.5633135622134432,0.6316643991220648,1.0775603277142376,0.2710024804831011,0.0939027698576913,0.0574458187783469,0.0342870683016409
CNN1D-2block,shallow,selection,conv.0:out:20,conv.0,20,31734.0,0.941082090139389,1.390426377952099,0.6053827155381442,0.7580877400853738,0.7857210722916317,0.2163434558292843,0.0163787824079574,-0.0034588092658244,0.0172857058231147
CNN1D-2block,shallow,selection,conv.0:out:21,conv.0,21,31734.0,0.6683541312813759,0.3739454201422632,0.0652933434670558,0.3545259681298683,0.7183735518094918,0.2285742704749475,0.1528208505485367,0.1639912033218564,0.1002665718855518
CNN1D-2block,shallow,holdout,conv.0:out:22,conv.0,22,31734.0,0.6088477978482842,0.4324299842119217,0.1275989074745666,0.9706980243949032,0.1346950409642797,0.2190917750551955,0.079052742875,0.0721909230627215,0.0197144718914756
CNN1D-2block,shallow,selection,conv.0:out:23,conv.0,23,31734.0,1.21799479983747,0.2807693201117217,0.027204829108814,0.8931211213221977,0.1795933879523729,0.2424985106454226,0.0819400339485605,0.0922367277112732,0.0899235827261417
CNN1D-2block,shallow,selection,conv.0:out:24,conv.0,24,31734.0,1.647136092185974,0.7597825369099155,0.1683875938014125,0.7783834970737619,0.6061276843392587,0.121618375633802,0.0236892257224806,0.0288270154126099,0.0077483561400391
CNN1D-2block,shallow,holdout,conv.0:out:25,conv.0,25,31734.0,1.4541220664978027,0.6415210457518696,0.1645615904184524,0.1946387078519675,0.8306194192797249,0.1657774423132209,0.0492800140836309,0.0183742224894153,0.023849298027368
CNN1D-2block,shallow,holdout,conv.0:out:26,conv.0,26,31734.0,1.4074326306581495,0.78637890573591,0.23157926176209,0.4667210037270342,0.942865286749958,0.2459446240359857,0.0767776446825247,0.0747438915436502,0.0248326520940702
CNN1D-2block,shallow,selection,conv.0:out:27,conv.0,27,31734.0,2.0315816402435303,1.670733878389001,0.8918017137795686,0.0438037657872287,0.5163309903630723,0.1296216491444558,0.0259519456270974,0.0092006473345863,0.0105443990284935
CNN1D-2block,shallow,selection,conv.0:out:28,conv.0,28,31734.0,0.4562112838029861,1.1852339193224908,0.6309358173981309,0.1542894920675478,1.2571537156666106,0.2904515671171133,0.0784926181994281,0.0628815813109681,0.0360168236478881
CNN1D-2block,shallow,holdout,conv.0:out:29,conv.0,29,31734.0,1.4056220948696136,0.926858925819397,0.3388938259333372,0.6830489532424546,1.2122553686785174,0.1757548088723668,0.092971268492177,0.0359569911550444,0.0195723002191813
CNN1D-2block,shallow,selection,conv.0:out:30,conv.0,30,31734.0,1.0291612148284912,0.4443880207836628,0.0804929225705564,0.7447621559078171,0.0448983469880932,0.1264285312303361,0.0300770577169499,0.0384943259056584,0.0120135063088679
CNN1D-2block,shallow,holdout,conv.0:out:31,conv.0,31,31734.0,1.2740278616547585,2.9543844148516656,3.1610536612570286,0.96750973243421,1.1224586747023308,0.2076375847887031,0.0839607700978112,0.0433573078097574,0.0097269119128013
CNN1D-2block,shallow,holdout,conv.0:out:32,conv.0,32,31734.0,1.377320408821106,1.0035304725170135,0.3468955136835575,0.3258253581381519,0.6734752048213986,0.0852624717682009,0.0406952779835807,0.0652191502636296,0.0142764054262188
CNN1D-2block,shallow,holdout,conv.0:out:33,conv.0,33,31734.0,1.5539719462394714,0.4355692667886615,0.0592136771476361,0.3704597060348689,0.2693900819285594,0.0978063917621789,-0.0004682216577163,0.0051587787321728,-0.0077365085006812
CNN1D-2block,shallow,selection,conv.0:out:34,conv.0,34,31734.0,1.3108695149421692,2.4209917336702347,2.737160819396377,0.4695558112758079,1.3693995831368435,0.1924968405475472,0.1019170345638791,0.023326831208227,0.0476985960547361
CNN1D-2block,shallow,selection,conv.0:out:35,conv.0,35,31734.0,1.1292619705200195,1.828410729765892,1.2013805240392683,0.1894713590842857,1.167357021690424,0.2347903568285577,0.0210504427913666,0.0556072363402229,0.017179077068894
CNN1D-2block,shallow,selection,conv.0:out:36,conv.0,36,31734.0,0.5832139402627945,1.1917931944131852,0.7162662670016289,0.1299215053354716,1.1449078481963777,0.2274214622167446,0.1342816146460298,0.1488012809530793,0.0383863515194597
CNN1D-2block,shallow,selection,conv.0:out:37,conv.0,37,31734.0,1.2778262682259085,0.2132868682034313,0.0152682694417308,0.4757049262259337,0.471432643374979,0.1818773040878756,0.0963643315494505,0.1253864825654561,0.0596173212487411
CNN1D-2block,shallow,holdout,conv.0:out:38,conv.0,38,31734.0,1.1174318119883535,0.8657696394249796,0.342921401575586,0.2269093490508841,0.6510260313273519,0.2083885571514321,0.057766257929107,0.0741160940841358,0.0188377465789941
CNN1D-2block,shallow,holdout,conv.0:out:39,conv.0,39,31734.0,0.84193354845047,0.7133576720952988,0.3400013176724314,0.6698139946825103,0.7408227253035384,0.0377251536421743,0.0161676379898284,0.0020190468883508,0.0021088798056987
CNN1D-2block,shallow,holdout,conv.0:out:40,conv.0,40,31734.0,0.6248319633305073,0.7335599148645997,0.3710559637867845,0.4371519188723307,0.4938818168690256,0.2318415843520544,0.035357012941232,0.0658972415978129,0.032770570463835
CNN1D-2block,shallow,holdout,conv.0:out:41,conv.0,41,31734.0,1.6475170254707336,0.871083976700902,0.2830269355326891,0.8326781960578374,1.010212807232098,0.1127640322234944,0.0630940163185305,0.0122418708334825,-0.0016942124281736
CNN1D-2block,shallow,selection,conv.0:out:42,conv.0,42,31734.0,0.943177491426468,2.5273754306137564,5.437041534204036,0.7002651020022491,1.234704542172564,0.2050979473538534,0.0341137367992817,0.0913601663644641,0.0327824181031929
CNN1D-2block,shallow,selection,conv.0:out:43,conv.0,43,31734.0,1.0639359951019287,1.8110647685825825,1.2499951653182506,0.312366641382041,1.2796028891606572,0.3456245289785724,0.2317717291417672,0.1052702781655723,0.0681594692257567
CNN1D-2block,shallow,selection,conv.0:out:44,conv.0,44,31734.0,1.1749195158481598,2.56187651604414,5.165336988866329,0.8322598013952011,0.5612293373511654,0.2371107013176245,0.0407425914536025,0.0561419235944792,0.0372963686985367
CNN1D-2block,shallow,holdout,conv.0:out:45,conv.0,45,31734.0,0.6116492599248886,0.1108817224390804,0.0044415658661819,0.8047643574968019,0.0673475204821398,0.1041594839930241,0.0419795075106266,0.0462157052931058,0.0229844203542443
CNN1D-2block,shallow,selection,conv.0:out:46,conv.0,46,31734.0,1.2607246339321136,0.339607991091907,0.0778903336584335,0.3874783790301744,0.3142884289166526,0.102613082935188,0.1591759099055295,0.1145690543718697,0.0799241751081097
CNN1D-2block,shallow,selection,conv.0:out:47,conv.0,47,31734.0,1.142763465642929,0.634453272819519,0.1601979099679738,0.2883281039302441,0.1122458674702331,0.0727463757900512,-0.0081783692548719,-0.0026924495636341,-0.0007819441976186
CNN1D-2block,shallow,holdout,conv.0:out:48,conv.0,48,31734.0,1.4063764959573746,1.983818143606186,1.4524422854185104,0.6824955039749755,0.6959243783154452,0.1280237325510746,0.0191522602093358,0.0066863688933798,0.0128072981458444
CNN1D-2block,shallow,holdout,conv.0:out:49,conv.0,49,31734.0,1.1879028975963593,0.6983386009931565,0.2547089303843677,0.1397524836093098,0.3816359493987925,0.2665620500773899,0.0181533527276199,0.0304465135420772,-0.0006753154433979
CNN1D-2block,shallow,selection,conv.0:out:50,conv.0,50,31734.0,1.2882537692785263,2.4621453255414965,2.121570685505867,0.1999082024751083,1.0551111542201912,0.203436278901458,0.0387656006373705,0.0348671028120639,0.0088857295183934
CNN1D-2block,shallow,holdout,conv.0:out:51,conv.0,51,31734.0,1.2342437207698822,1.8848542973399165,2.085014056228101,0.0073622697510055,1.0326619807261446,0.2679848551801,0.1307190764984677,0.0882555693192524,0.0333511047923701
CNN1D-2block,shallow,holdout,conv.0:out:52,conv.0,52,31734.0,1.187371790409088,1.7575397878885268,1.452685706689954,0.7869243775021384,0.8755177662678182,0.1468550132232595,0.0439949214820754,0.03675887293818,0.0072981458444404
CNN1D-2block,shallow,selection,conv.0:out:53,conv.0,53,31734.0,1.159552037715912,1.6755335301160812,1.075737324729562,0.6648508565920321,1.3918487566308904,0.1766741271393904,0.0056311418136415,0.0044225654868903,-0.0022865943960665
CNN1D-2block,shallow,holdout,conv.0:out:54,conv.0,54,31734.0,1.527812898159027,0.4344661893323064,0.0885024566901847,0.7051653786263351,0.6285768578333053,0.1511295241456283,0.0544206653603334,0.0299580203425089,0.0125466500799715
CNN1D-2block,shallow,holdout,conv.0:out:55,conv.0,55,31734.0,1.0232326984405518,0.9095804369077086,0.3522712902748026,0.7807290310219679,0.8081702457856783,0.1074539993738767,0.0193683834091134,0.0455461345820051,0.0097979977489485
CNN1D-2block,shallow,holdout,conv.0:out:56,conv.0,56,31734.0,1.050020766677335,2.6264246888225897,3.626179429986587,0.4589157755383399,0.583678510845212,0.2394400598789346,0.0714533407235108,0.0394625018677137,0.0339553343996208
CNN1D-2block,shallow,selection,conv.0:out:57,conv.0,57,31734.0,0.9507971554994584,0.390592279471457,0.1109659334993921,0.5687411959528937,0.8979669397618648,0.4899857948229233,0.4837656315634661,0.3958563395530198,0.2862982050826373
CNN1D-2block,shallow,selection,conv.0:out:58,conv.0,58,31734.0,1.3020902872085571,2.8232160061597824,3.538349059224129,0.1397969981276574,1.3245012361487505,0.1897422450230936,0.0633504892456603,0.0370884155606089,0.0275813044250932
CNN1D-2block,shallow,holdout,conv.0:out:59,conv.0,59,31734.0,1.234090176410973,1.9956237532198429,1.403812515269965,0.1145300735359734,0.5387801638571188,0.1165742006752162,0.058960912847821,0.0185140330736381,0.0337539245305373
CNN1D-2block,shallow,holdout,conv.0:out:60,conv.0,60,31734.0,1.089952826499939,1.2744029885157944,1.193669925746508,0.6684029617904717,0.4040851228928391,0.0898697331630746,0.0160026466353561,0.0063895834107476,0.006670220958474
CNN1D-2block,shallow,selection,conv.0:out:61,conv.0,61,31734.0,0.7737953364849091,0.3368426322937011,0.0761810784693807,0.4710962061431325,0.2469409084345128,0.1639721401607063,0.2859963560098058,0.2248172066520024,0.1655115218292755
CNN1D-2block,shallow,holdout,conv.0:out:62,conv.0,62,31734.0,1.097988247871399,1.223015512013808,2.1765377502844787,0.5652361064811888,1.4367471036189836,0.3349196596594069,0.5037347512637733,0.4616846962616679,0.3174219536757301
CNN1D-2block,shallow,holdout,conv.0:out:63,conv.0,63,31734.0,1.3920070677995682,0.8984372284263372,0.2737462958553806,0.7649988574160256,0.2244917349404662,0.1695091659323383,0.0356091958377707,0.0375078423644915,0.0120490492269415
CNN1D-2block,shallow,selection,conv.3:out:0,conv.3,0,15812.0,13.069807291030884,0.2708606533007696,0.0010760375976133,0.6347183200005908,0.0064133805478882,0.0053798430508504,-0.001435240364444,-0.0005619351336603,-7.108583614715003e-05
CNN1D-2block,shallow,holdout,conv.3:out:1,conv.3,1,15812.0,13.384104117751122,1.165346511125972,0.017498532395998,0.5535794006579958,0.0529103895200784,0.0165661161566689,0.0018841191301459,-0.0060727160907038,-0.0061370771873704
CNN1D-2block,shallow,holdout,conv.3:out:2,conv.3,2,15812.0,12.664950549602509,0.2033258099429076,0.000582767483133,0.5592071607454135,0.0090856224428417,0.0086805953856553,-0.0017391136693706,0.0016688593732204,0.0026064806587287
CNN1D-2block,shallow,holdout,conv.3:out:3,conv.3,3,15812.0,13.479193955659866,10.025531834363935,1.993887559324503,0.3039500980626122,0.0668060473738363,0.0729407815042996,0.0084210967126514,0.0032751735984229,0.0077246608613233
CNN1D-2block,shallow,holdout,conv.3:out:4,conv.3,4,15812.0,13.714113213121893,2.429394540004432,0.095683636853937,0.0308178345679394,0.0347391446343949,0.0166718064052475,-0.001937562871072,-0.0028016721131185,-0.0039808068242402
CNN1D-2block,shallow,selection,conv.3:out:5,conv.3,5,15812.0,14.30328257754445,0.5911666722314294,0.0071506255736114,0.4367173892323623,0.0459625605931994,0.0148306832208624,-0.0008120113398648,-0.0004766422492609,0.0002606480658728
CNN1D-2block,shallow,holdout,conv.3:out:6,conv.3,6,15812.0,13.614233940839767,3.1325241051614285,0.185218952037394,0.2145846728195292,0.0336702478764135,0.0332746885143339,-0.0074164787634345,-0.0035848333928949,-0.0026775664948759
CNN1D-2block,shallow,holdout,conv.3:out:7,conv.3,7,15812.0,12.201598070561886,0.2358157900511287,0.0011637001515964,0.4085286437246361,0.0021377935159627,0.0023585000040878,0.0002558849365769,-0.0001542039576195,-0.0002724957052307
CNN1D-2block,shallow,holdout,conv.3:out:8,conv.3,8,15812.0,14.238877326250076,3.251563096791506,0.1414133686805144,0.8534030732681661,0.060392666825948,0.024088145825382,-0.0052099258798136,-0.0057774607526245,0.0026183282980865
CNN1D-2block,shallow,holdout,conv.3:out:9,conv.3,9,15812.0,15.433267533779144,2.9715651337057354,0.2660934943938627,0.2339394858653407,0.0283257640865066,0.1129048113003355,0.0083868857060527,0.008063580425737,0.0080919376814169
CNN1D-2block,shallow,selection,conv.3:out:10,conv.3,10,15812.0,13.828325904905796,0.9258247138466686,0.0116436961281579,0.058302741689066,0.03099800598146,0.0523601902726745,0.0056551791765141,0.0014516416013525,0.0018956222972572
CNN1D-2block,shallow,holdout,conv.3:out:11,conv.3,11,15812.0,15.86472124606371,1.8349041833542288,0.0751760291801474,0.2813838920219965,0.0395491800453111,0.0226674529700815,-0.0043758098746705,-0.0007477981175023,-0.0018126888217522
CNN1D-2block,shallow,holdout,conv.3:out:12,conv.3,12,15812.0,13.0611705891788,0.3270730651915073,0.0017744420018289,0.2935937577666836,0.0101545192008231,0.0083519924831392,-0.0037826019443757,-0.0062775296138775,-0.0015638883952372
CNN1D-2block,shallow,selection,conv.3:out:13,conv.3,13,15812.0,13.0844354480505,0.9282742446288468,0.0152863619849085,0.6619165147268951,0.0117578643377952,0.0118426955988241,-0.0028724116619807,-0.0011945846803859,-0.0026775664948759
CNN1D-2block,shallow,selection,conv.3:out:14,conv.3,14,15812.0,14.13749365042895,1.535765856335638,0.0477513327805922,0.5570321523412783,0.0481003541091621,0.0412247625899337,0.0044944617288613,0.0023558241305836,-0.0005568390498193
CNN1D-2block,shallow,holdout,conv.3:out:15,conv.3,15,15812.0,13.642832197248936,0.7095735319890082,0.0076992457936285,0.7838982091064135,0.0288602124654973,0.0173151783445884,0.003733057307477,0.0055571180190152,0.0031040815117588
CNN1D-2block,shallow,holdout,conv.3:out:16,conv.3,16,15812.0,14.800110809504986,1.933509051427245,0.0439325240440666,0.6643135403273875,0.0550481830360411,0.0281670467331873,0.0060080206538212,0.0020856852457306,0.0037793969551566
CNN1D-2block,shallow,selection,conv.3:out:17,conv.3,17,15812.0,14.104219675064089,3.559472032263875,0.3234458130114944,0.4063868614400705,0.0566515281730132,0.0491622925895793,0.0097764381978271,0.0001467990339031,0.0017771459036786
CNN1D-2block,shallow,holdout,conv.3:out:18,conv.3,18,15812.0,13.96940791606903,2.932457053195685,0.0944222152364091,0.8140203846660347,0.0390147316663204,0.0572957878075437,0.0036595718313825,0.0057471469008155,0.0012913926900065
CNN1D-2block,shallow,holdout,conv.3:out:19,conv.3,19,15812.0,13.95117461681366,0.0534280019495781,0.0001860972012593,0.1669729199077039,0.0219123835386183,0.0168243601139277,-0.0001778032828133,-0.0056189805994945,0.0001895622297257
CNN1D-2block,shallow,holdout,conv.3:out:20,conv.3,20,15812.0,12.059149719774725,0.5218931366107427,0.0032793128032494,0.0227120731338604,0.0053444837899069,0.0066510572158792,-0.0057227132619643,-0.0083763902099728,-0.0065635922042532
CNN1D-2block,shallow,selection,conv.3:out:21,conv.3,21,15812.0,13.655370458960531,2.472291916050017,0.0849994794349186,0.0900478607756417,0.0208434867806369,0.0086964287496749,0.000605633976874,-0.0013423704239259,-0.0008411823944078
CNN1D-2block,shallow,holdout,conv.3:out:22,conv.3,22,15812.0,13.352859526872637,0.1597517288755625,0.0008231083689224,0.7223593505964503,0.0342046962554042,0.0164019875672321,0.0004852640889178,0.0008337239027431,0.0014809549197322
CNN1D-2block,shallow,holdout,conv.3:out:23,conv.3,23,15812.0,13.431035317480564,1.5231070026755331,0.052199196035508,0.4618772302513874,0.0609271152049387,0.0350156697402,0.000806653950508,0.0039884986403537,0.0008174871156922
CNN1D-2block,shallow,selection,conv.3:out:24,conv.3,24,15812.0,15.154363930225372,0.1165808652760461,0.000247104345442,0.1612717790336018,0.0539792862780597,0.0784230920964991,0.0398082076782336,0.0001462899403847,0.0047390557431431
CNN1D-2block,shallow,holdout,conv.3:out:25,conv.3,25,15812.0,12.582912616431711,1.5214105357415977,0.0353459780511912,0.5010447751033635,0.0187056932646741,0.0081570049423384,-0.0056942951263014,-0.0078312911648888,-0.0064688110893904
CNN1D-2block,shallow,holdout,conv.3:out:26,conv.3,26,15812.0,14.019429825246334,0.4782026301138103,0.0036913981151428,0.1523121027131684,0.058789321688976,0.0271371139482782,-0.0056123515021107,-0.0076865583581546,-0.0049049226941531
CNN1D-2block,shallow,holdout,conv.3:out:27,conv.3,27,15812.0,16.30247610807419,2.2685273877345025,0.0712432470136263,0.696320375077736,0.0635993570998922,0.0526677609448412,0.0076845793704878,0.0030289020202221,0.0035305965286416
CNN1D-2block,shallow,selection,conv.3:out:28,conv.3,28,15812.0,13.505410626530647,2.274712215922773,0.097152595465377,0.4461562755740307,0.0619960119629201,0.0805044698246148,0.0077755092680904,0.0025848409995535,0.002499851904508
CNN1D-2block,shallow,holdout,conv.3:out:29,conv.3,29,15812.0,12.896560311317444,0.6058961286442355,0.0046014778982907,0.3810212260964825,0.0096200708218324,0.0435380206962565,0.0100025867301122,0.0009108010608253,0.0020496416089094
CNN1D-2block,shallow,holdout,conv.3:out:30,conv.3,30,15812.0,16.880991101264954,0.1151639665360562,0.0003334275847919,0.3015120891478765,0.0358080413923763,0.0142488163059408,0.0219462668924158,-0.0022820259267477,0.0022984420354244
CNN1D-2block,shallow,selection,conv.3:out:31,conv.3,31,15812.0,15.706153005361555,0.9967427046038212,0.0101573154577636,0.6302825931188885,0.0203090384016462,0.0313952226432772,-0.0028522452934234,-0.002106452329186,-0.0014691072803743
CNN1D-2block,shallow,selection,conv.3:out:32,conv.3,32,15812.0,14.103911405429244,1.4519632048904896,0.0287606850864904,0.3618126105533904,0.0320669027394414,0.0109940127359999,1.6968471960865372e-07,-0.0009852694089179,-0.0006160772466086
CNN1D-2block,shallow,selection,conv.3:out:33,conv.3,33,15812.0,15.068360894918442,0.76265833619982,0.0087033804127713,0.087649919316101,0.0646682538578736,0.0603206573956556,0.0101719180423084,0.0082131685583416,0.008245956993069
CNN1D-2block,shallow,holdout,conv.3:out:34,conv.3,34,15812.0,14.77673077583313,0.925913691148162,0.0151423031988088,0.1180059021205153,0.0486348024881528,0.0510966600722817,0.0005324946506624,0.0015222614509929,0.0005568390498193
CNN1D-2block,shallow,selection,conv.3:out:35,conv.3,35,15812.0,15.437850922346115,2.517579430807382,0.1068927655491279,0.9618976645495144,0.0411525251822832,0.0466485790821428,-0.0022566285372233,-0.0045117405807542,-0.0018245364611101
CNN1D-2block,shallow,selection,conv.3:out:36,conv.3,36,15812.0,11.806807406246662,0.2889305726625025,0.0017873380991659,0.908580690707607,0.0080167256848603,0.0218086892194458,-0.0024156713870753,-0.0002784708817812,-0.0005923819678928
CNN1D-2block,shallow,holdout,conv.3:out:37,conv.3,37,15812.0,13.90400207042694,0.0491124154825229,5.1366850993872506e-05,0.6997071338107496,0.0069478289268789,0.0088545834357917,0.0064957242290838,0.0005280704142203,0.0012321544932172
CNN1D-2block,shallow,holdout,conv.3:out:38,conv.3,38,15812.0,14.368688831105828,1.1572043654392474,0.0176238534405229,0.2658699614595196,0.0507725960041156,0.0282541051278906,-0.0001235973170182,-0.0022762635659133,0.0045021029559859
CNN1D-2block,shallow,selection,conv.3:out:39,conv.3,39,15812.0,15.443182907998562,1.3757291667163372,0.0233095374540425,0.969176377347724,0.0454281122142087,0.0801132176078362,0.0138360320360061,0.0120322694248873,0.0099757123393164
CNN1D-2block,shallow,holdout,conv.3:out:40,conv.3,40,15812.0,15.000350818037989,0.3888267991831526,0.0022676117640912,0.7787509039657946,0.024050177054581,0.0640811637841842,0.0002988537368164,-0.0010753278107809,-0.0004502102955986
CNN1D-2block,shallow,selection,conv.3:out:41,conv.3,41,15812.0,15.029701948165894,1.151909920014441,0.0242448426201008,0.7168901891589956,0.0582548733099853,0.0503825823005424,0.0076394064447837,0.0017374545412951,0.0024050707896451
CNN1D-2block,shallow,selection,conv.3:out:42,conv.3,42,15812.0,12.13940979540348,1.0831280150916427,0.0180251680583751,0.4493615021437886,0.0112234159588045,0.0371153970377071,0.0011530626581437,0.0032300163801869,0.0016942124281736
CNN1D-2block,shallow,holdout,conv.3:out:43,conv.3,43,15812.0,12.921543031930923,0.2910601263283752,0.0027321037291414,0.272241561845159,0.0181712448856834,0.0100156102829744,-0.0043778914118831,-0.0060900562803382,0.0014454120016586
CNN1D-2block,shallow,holdout,conv.3:out:44,conv.3,44,15812.0,14.855873845517635,1.377603176049888,0.0316465349154896,0.0963909621534993,0.0561170797940225,0.0830238917141277,0.0028753949549581,0.0003607097262563,0.0002251051477993
CNN1D-2block,shallow,selection,conv.3:out:45,conv.3,45,15812.0,12.86900083720684,0.1304023724980652,0.0004026781953143,0.9026023965438416,0.0032066902739441,0.0354229578962442,-0.0039980447526627,-0.0021613787775324,-0.002333984953498
CNN1D-2block,shallow,holdout,conv.3:out:46,conv.3,46,15812.0,13.218060299754145,2.409694710280746,0.0992265702414442,0.455776289833611,0.0171023481277021,0.054502788582681,-0.0044337706019043,0.0005537630978222,-0.0037912445945145
CNN1D-2block,shallow,holdout,conv.3:out:47,conv.3,47,15812.0,12.23061276972294,0.8123565943911671,0.0106882338179275,0.2023633647952303,0.0048100354109162,0.036498948727453,0.0010612033961542,0.0002279953823276,0.0119068775546472
CNN1D-2block,shallow,holdout,conv.3:out:48,conv.3,48,15812.0,14.91735252737999,0.1435190938704181,0.0002846211563991,0.3059566241506525,0.0427558703192552,0.0508489813894199,0.0149585685493309,0.007243480092788,0.0078194419761862
CNN1D-2block,shallow,holdout,conv.3:out:49,conv.3,49,15812.0,14.2349271774292,0.1846915736619848,0.0004338287410391,0.579219568941896,0.0128267610957765,0.0175687769355242,0.0101887626026493,0.0015868318647093,0.0060541437118654
CNN1D-2block,shallow,holdout,conv.3:out:50,conv.3,50,15812.0,13.790230438113213,4.832020971551538,0.3238859267905354,0.1767727829392317,0.051841492762097,0.0319222541469825,0.0017506660245387,0.0036218006194145,0.0019785557727622
CNN1D-2block,shallow,holdout,conv.3:out:51,conv.3,51,15812.0,13.539020001888275,1.592707744240761,0.0410964563023299,0.8566142840923755,0.0251190738125624,0.0603461099298202,0.0005111155591904,-0.0032029783324772,7.108583614715003e-05
CNN1D-2block,shallow,holdout,conv.3:out:52,conv.3,52,15812.0,13.790391048416495,1.3541643832577392,0.0306614424423059,0.7585195298352101,0.0593237700679667,0.0167991036507615,-0.0038728614501714,-0.0015569983347039,-0.0017771459036786
CNN1D-2block,shallow,selection,conv.3:out:53,conv.3,53,15812.0,13.616883368697016,0.2996084319167494,0.0014693151254978,0.7194629559509368,0.0352735930133856,0.0097341230729143,0.0016377983496577,0.0009129700698081,0.0010425922634914
CNN1D-2block,shallow,selection,conv.3:out:54,conv.3,54,15812.0,13.20451326109469,0.2030781256890577,0.0005652555051609,0.4320930397751037,0.0058789321688976,0.0186495232580174,0.0017646110904283,0.0025082740314946,0.0001777145903678
CNN1D-2block,shallow,holdout,conv.3:out:55,conv.3,55,15812.0,12.483545890077949,0.05601993076707,4.617894907417152e-05,0.6273088407024432,0.0010688967579813,0.0122426365637193,0.0007129600136237,0.0002964827657472,0.0002606480658728
CNN1D-2block,shallow,holdout,conv.3:out:56,conv.3,56,15812.0,17.88240620493889,0.1948894549568649,0.0017549603530142,0.5840979689127356,0.01549900299073,0.0173075826584809,0.0132146157492185,0.0439330500619562,0.0058290385640661
CNN1D-2block,shallow,holdout,conv.3:out:57,conv.3,57,15812.0,12.941325068473816,0.5479225635994226,0.0041122514070593,0.64984660155482,0.0304635576024693,0.022133468677779,0.0067443351794288,0.0022609350449789,0.0031751673479059
CNN1D-2block,shallow,selection,conv.3:out:58,conv.3,58,15812.0,13.634212017059326,2.89088928909041,0.1183785159504623,0.084444321139889,0.0475659057301715,0.0286766653970075,-0.0099210931238326,-0.0060084980866458,-0.0069901072211362
CNN1D-2block,shallow,selection,conv.3:out:59,conv.3,59,15812.0,14.265048801898956,1.4086544185876846,0.0297568033216521,0.4158074021706096,0.0197745900226555,0.0081666184934474,0.0013068698457046,0.0005967385351607,-0.0009478111486286
CNN1D-2block,shallow,holdout,conv.3:out:60,conv.3,60,15812.0,12.674085766077042,1.3752067035064102,0.0267838520681834,0.0416141738618924,0.0256535221915531,0.0288846761325385,0.0120703483856962,0.0101900558679186,0.0108287423730821
CNN1D-2block,shallow,selection,conv.3:out:61,conv.3,61,15812.0,14.286986365914345,2.9218674496747554,0.1213811584719223,0.4939908192445189,0.0571859765520039,0.0276371894763663,0.0119948296880859,0.0066640294399269,0.0069901072211361
CNN1D-2block,shallow,selection,conv.3:out:62,conv.3,62,15812.0,13.567643098533154,1.2115226490423083,0.0238706556963734,0.3298612123327853,0.0555826314150318,0.0181049264864118,-0.0007868273449982,0.0010341650122454,0.0042414548901131
CNN1D-2block,shallow,selection,conv.3:out:63,conv.3,63,15812.0,13.231003429740667,0.2321936397464014,0.0007162946606513,0.1445241888660469,0.0144301062327486,0.0062518460562558,-0.0005450827416826,0.0016246788504704,0.0039334162668088
CNN1D-2block,shallow,holdout,conv.3:out:64,conv.3,64,15812.0,14.46703027188778,2.775644975528121,0.10887562729622,0.1034029677225516,0.0523759411410877,0.019488021919747,-0.0011666350876804,-0.0019134764065202,-0.00099520170606
CNN1D-2block,shallow,selection,conv.3:out:65,conv.3,65,15812.0,13.574287049472332,0.6302620225585998,0.0053776358081449,0.587644572177712,0.0106889675798138,0.008918338269098,-0.0006078658653486,-0.0005278888942847,-0.0002014098690835
CNN1D-2block,shallow,holdout,conv.3:out:66,conv.3,66,15812.0,13.72117169201374,0.5386376233771444,0.0056714794161962,0.1705929685368861,0.0406180768032925,0.0403342718250291,-0.0004422010259028,0.0010588196391629,0.0003198862626621
CNN1D-2block,shallow,holdout,conv.3:out:67,conv.3,67,15812.0,13.463742602616549,0.7563553539104759,0.0091541334797511,0.9251201183767972,0.022446831917609,0.047884479887173,0.0005216620666774,0.0011732784896026,0.0009596587879864
CNN1D-2block,shallow,selection,conv.3:out:68,conv.3,68,15812.0,13.903084117919208,2.7196787882363425,0.1124145180348477,0.581061139700395,0.0277913157075159,0.0705785537814211,0.0034334802745298,0.006740911788325,0.0140157573603459
CNN1D-2block,shallow,selection,conv.3:out:69,conv.3,69,15812.0,13.82274316251278,1.0755293923430145,0.0152645512171147,0.346869804534837,0.0165678997487114,0.0314389803917286,-0.0015512974074591,-0.0017699334635553,-0.0003435815413778
CNN1D-2block,shallow,selection,conv.3:out:70,conv.3,70,15812.0,14.158407386392357,0.0568244345325183,0.000114253612694,0.5909154914814168,0.008551174063851,0.043604935301094,-0.0025017751367619,-0.0020290637151727,-0.0026775664948759
CNN1D-2block,shallow,selection,conv.3:out:71,conv.3,71,15812.0,15.382394548505545,0.5025938018603483,0.0043452198889575,0.0228038710296974,0.0272568673285252,0.053226415976261,0.0014548047115765,0.0020740288280595,0.0027723476097387
CNN1D-2block,shallow,selection,conv.3:out:72,conv.3,72,15812.0,12.978085208684206,0.1642093058173486,0.000473928011372,0.9585592132414452,0.0192401416436648,0.0713475301939055,0.0018246205978252,-0.0055758804442266,-0.002168118002488
CNN1D-2block,shallow,holdout,conv.3:out:73,conv.3,73,15812.0,13.233713269233704,2.354303406365216,0.0801055616626399,0.4823034369429002,0.0235157286755904,0.0124967912315593,-0.0004977205095341,-0.0005780629766459,-0.0018245364611101
CNN1D-2block,shallow,holdout,conv.3:out:74,conv.3,74,15812.0,14.539448882453144,0.5913963819679339,0.0095325362209564,0.7827352272502862,0.065737150615855,0.1237051284156661,0.0065165918524829,0.0032994003460199,0.0091226823055506
CNN1D-2block,shallow,selection,conv.3:out:75,conv.3,75,15812.0,13.086151886731386,0.4987912883050739,0.003492798955267,0.0827299999224385,0.0176367965066928,0.0055656657438891,0.001753877425408,0.0028370555448333,0.0017889935430365
CNN1D-2block,shallow,selection,conv.3:out:76,conv.3,76,15812.0,13.163086455315351,0.3209908628254198,0.0016644845824657,0.4866583308381603,0.0074822773058696,0.0065367592976106,-5.407944268620568e-06,0.0003784728837106,-0.0009004205911971
CNN1D-2block,shallow,selection,conv.3:out:77,conv.3,77,15812.0,14.785056501626968,1.5948640876449645,0.0399481316911988,0.4907069943545209,0.0464970089721901,0.0739244708598299,-0.0011561655725057,0.0001254225266932,-0.0022036609205615
CNN1D-2block,shallow,holdout,conv.3:out:78,conv.3,78,15812.0,15.319593377411366,0.8292073504067957,0.0095044918882194,0.9378264549749828,0.0326013511184321,0.0442804070220757,0.0006533091277394,-0.0019311222531377,-0.0007937918369764
CNN1D-2block,shallow,holdout,conv.3:out:79,conv.3,79,15812.0,12.995186038315296,0.8507197390310466,0.0115396700450219,0.5717280523760754,0.0245846254335717,0.0086660758985133,-0.0019352318140869,-0.001032469214254,0.0019785557727622
CNN1D-2block,shallow,holdout,conv.3:out:80,conv.3,80,15812.0,13.768402813002467,3.0144393258728086,0.1378008879662957,0.4734894010569538,0.037945834908339,0.0324806731186173,0.012589068495768,0.0037314973623688,0.0085539956163734
CNN1D-2block,shallow,holdout,conv.3:out:81,conv.3,81,15812.0,13.65193173661828,0.6499580157105811,0.0062995330054491,0.2669756630918936,0.0577204249309946,0.0542796904912744,-0.0067034902046252,-0.0073131338542409,-0.0051892660387417
CNN1D-2block,shallow,selection,conv.3:out:82,conv.3,82,15812.0,12.83061496913433,0.2595814767759293,0.0008261957407739,0.3315689973425522,0.0229812802965997,0.0131096233669106,-0.0006578215449775,0.0004460677356716,-0.0001540193116521
CNN1D-2block,shallow,holdout,conv.3:out:83,conv.3,83,15812.0,14.516490556299686,0.8737541484646499,0.0099398631195072,0.5206724024715378,0.0422214219402645,0.0807874338456293,-0.0037564848117694,-0.0061059321754517,-0.0073099934837983
CNN1D-2block,shallow,selection,conv.3:out:84,conv.3,84,15812.0,14.734436601400375,4.324016853421926,0.3306160246022046,0.4389114603050467,0.0432903186982459,0.0614177296535426,0.0113384103159308,0.0070142004649473,0.0101060363722528
CNN1D-2block,shallow,selection,conv.3:out:85,conv.3,85,15812.0,12.992895364761353,1.6147642886266111,0.0402677541831508,0.0216120798803304,0.0331357994974228,0.0193305982617722,-0.0054181070064415,-0.0026440567219967,-0.006587287482969
CNN1D-2block,shallow,selection,conv.3:out:86,conv.3,86,15812.0,12.426790468394756,0.6050267547369004,0.0057376813427254,0.8262919241943578,0.0368769381503576,0.0238164780256347,-0.0034633038241828,-0.0004144401858727,-0.0002961909839464
CNN1D-2block,shallow,selection,conv.3:out:87,conv.3,87,15812.0,13.617796301841736,1.5337602563202382,0.031212782106013,0.8961607718397667,0.0443592154562273,0.0212103952489799,0.0063840797315338,0.0009274329581335,-0.0028908240033173
CNN1D-2block,shallow,holdout,conv.3:out:88,conv.3,88,15812.0,15.626630499958992,1.384576817508787,0.0303654151975933,0.1402490889986107,0.0470314573511808,0.0156684341280964,-0.0074029248968574,-0.0042921237235604,-0.0068597831881997
CNN1D-2block,shallow,holdout,conv.3:out:89,conv.3,89,15812.0,13.435786485671995,3.793727433308959,0.2123499465136774,0.5540361435390494,0.0513070443831063,0.0752341755367226,0.0056598165327833,0.0021004978952611,0.0052129613174574
CNN1D-2block,shallow,selection,conv.3:out:90,conv.3,90,15812.0,14.89221964776516,0.421022476919461,0.0027034847460299,0.1085757411354435,0.0400836284243018,0.0395458594197583,-0.0006940337520411,-0.0015027604730427,-0.0019074699366151
CNN1D-2block,shallow,holdout,conv.3:out:91,conv.3,91,15812.0,12.764275208115578,0.0247112940748593,2.281995839780588e-05,0.6722400930398117,0.0026722418949534,0.056189918953545,0.0060261252104445,0.0071954057555111,0.0037201587583674
CNN1D-2block,shallow,selection,conv.3:out:92,conv.3,92,15812.0,14.234253637492657,2.670752695854753,0.1127288806077558,0.2812337838390083,0.0652027022368643,0.0587960037674952,0.006516164724948,0.0250609824476941,0.0038030922338724
CNN1D-2block,shallow,selection,conv.3:out:93,conv.3,93,15812.0,15.23015795648098,0.6672474339604377,0.4834313370287418,0.6594226346919018,0.0684093925108084,0.0562083447835773,-0.0006550616735946,0.0076670543076156,0.0036727682009359
CNN1D-2block,shallow,selection,conv.3:out:94,conv.3,94,15812.0,13.226524390280249,0.129779685405083,0.0002712143782218,0.7269946142868826,0.0160334513697207,0.009236833458216,0.0002127795949601,0.001614963319938,0.0009715064273443
CNN1D-2block,shallow,selection,conv.3:out:95,conv.3,95,15812.0,13.90603405237198,2.389450373314321,0.0861442573484964,0.768647491917657,0.0363424897713669,0.0401740328329497,0.0057691047454982,0.0025807014864887,0.0034121201350631
CNN1D-2block,shallow,holdout,conv.3:out:96,conv.3,96,15812.0,15.482454299926758,2.389023655653,0.0873616422060877,0.1077409459558965,0.0299291092234786,0.014379279474867,-0.0039590270761303,-0.0044394215427908,-0.0019548604940465
CNN1D-2block,shallow,selection,conv.3:out:97,conv.3,97,15812.0,15.397089764475822,0.0386525541660375,2.645552222020342e-05,0.916011845137608,0.0037411386529348,0.0043331432143721,0.0021037560637242,0.000837880334725,-0.0001777145903678
CNN1D-2block,shallow,selection,conv.3:out:98,conv.3,98,15812.0,14.222507372498512,0.4775653779506683,0.0038990289671346,0.2302139908948808,0.0315324543604507,0.0176520424410852,-0.0057288116413117,-0.0070790080999523,-0.0049286179728689
CNN1D-2block,shallow,selection,conv.3:out:99,conv.3,99,15812.0,15.716624282300472,0.5092791868373752,0.0052488557883407,0.0374125561761797,0.0491692508671435,0.0605942004076752,-0.0077424070641654,-0.0082443076983156,-0.0047153604644274
CNN1D-2block,shallow,selection,conv.3:out:100,conv.3,100,15812.0,12.703317523002625,0.9043505972251296,0.0129397136974148,0.5548524693914834,0.0138956578537579,0.04063141513759,0.0022649956645498,0.0001738903275864,-0.0018245364611101
CNN1D-2block,shallow,holdout,conv.3:out:101,conv.3,101,15812.0,13.484056130051613,1.9624547708779567,0.0800094607227947,0.3709222838624387,0.0545137346570504,0.0499087220854822,0.001996960210671,0.0083377420690768,-0.0068834784669154
CNN1D-2block,shallow,selection,conv.3:out:102,conv.3,102,15812.0,14.521178133785725,1.3912513902410866,0.0330513703986071,0.8297897431324132,0.0374113865293483,0.0319533507837645,0.002066739274498,0.0043173943744173,0.0092885492565606
CNN1D-2block,shallow,selection,conv.3:out:103,conv.3,103,15812.0,14.464983493089676,1.2725764114409686,0.0282762278919108,0.8082514720643018,0.0598582184469573,0.0140584259583939,0.0036436993359426,0.0055891231776979,0.0039452639061667
CNN1D-2block,shallow,selection,conv.3:out:104,conv.3,104,15812.0,14.569801479578018,1.90661648735404,0.0585566872148774,0.3171388928227153,0.0625304603419108,0.0326162013308823,0.0004650685795601,-0.001104503930468,-0.0006279248859664
CNN1D-2block,shallow,selection,conv.3:out:105,conv.3,105,15812.0,13.641517736017704,1.0526723571121692,0.0163087050503236,0.952899395069745,0.0122923127167858,0.0233787284193176,0.0013473883553046,0.0004436408207417,-2.369527871573518e-05
CNN1D-2block,shallow,selection,conv.3:out:106,conv.3,106,15812.0,14.771574050188065,2.766878676135093,0.0991605127113871,0.2909178381401186,0.067340495752827,0.0330204026595541,-0.0023086855608439,-0.0005438105691243,-0.0024406137077187
CNN1D-2block,shallow,selection,conv.3:out:107,conv.3,107,15812.0,13.281900972127914,0.3718957711476832,0.0032541262145969,0.5150571292317145,0.0042755870319255,0.0084397682939168,0.000965037116211,0.0008550444688799,0.0011966115751436
CNN1D-2block,shallow,holdout,conv.3:out:108,conv.3,108,15812.0,14.257754176855087,0.7998617958277464,0.010773831186816,0.2559650905676027,0.0662715989948456,0.054852651864322,0.0042570633804095,0.0030523553686425,0.0018956222972572
CNN1D-2block,shallow,selection,conv.3:out:109,conv.3,109,15812.0,13.462667524814606,1.4871460370719434,0.038169439844205,0.9360435700489632,0.0641338054788829,0.080658257792348,0.0078025474166205,0.0072249861352087,0.0072389076476511
CNN1D-2block,shallow,holdout,conv.3:out:110,conv.3,110,15812.0,13.85234422981739,0.2397759138955734,0.0015340074563596,0.1646078175820181,0.001603345136972,0.0143439689118952,0.005220612280676,0.0044172997496219,0.0051537231206681
CNN1D-2block,shallow,selection,conv.3:out:111,conv.3,111,15812.0,14.61428851634264,0.3122829621657729,0.0021116125288244,0.0449106193923289,0.044893663835218,0.0117228497069615,-0.0033873583673295,-0.0012364083548558,0.0001777145903678
CNN1D-2block,shallow,holdout,conv.3:out:112,conv.3,112,15812.0,14.584321610163895,3.878305827337317,0.1976554851697073,0.4350970600030379,0.0630649087209015,0.0381501862250466,-0.0013928468755232,-0.0049747699588278,-0.0073218411231562
CNN1D-2block,shallow,holdout,conv.3:out:113,conv.3,113,15812.0,13.209639772772787,0.4875925935804844,0.003541669826518,0.992375564055837,0.0213779351596276,0.0070634293281151,-0.0055220331144809,-0.0007639413292611,-0.0030685385936851
CNN1D-2block,shallow,selection,conv.3:out:114,conv.3,114,15812.0,14.396107725799084,1.465606413036585,0.0261525844223797,0.891677266254914,0.0502381476251249,0.0216167005052799,0.0006078668012579,-0.0003112909830188,-8.293347550500374e-05
CNN1D-2block,shallow,selection,conv.3:out:115,conv.3,115,15812.0,13.314254576340318,0.6512739202240482,0.0051654099083862,0.7486080194569492,0.0133612094747672,0.0154513763854461,0.0024703881159102,0.0022712553218359,0.0053077424323203
CNN1D-2block,shallow,holdout,conv.3:out:116,conv.3,116,15812.0,14.791957914829254,2.468227583542466,0.0801461778813973,0.8907924908785249,0.0497036992461342,0.0255493904711489,0.0030617183320016,-0.0015899240076501,0.002416918429003
CNN1D-2block,shallow,selection,conv.3:out:117,conv.3,117,15812.0,13.169090807437897,1.924236396001652,0.0780778840402945,0.8934466396978632,0.0149645546117393,0.0226522082569783,0.0011129531628703,-0.001620930964063,-0.002085184526983
CNN1D-2block,shallow,holdout,conv.3:out:118,conv.3,118,15812.0,14.3485160022974,1.6069035943131893,0.0519151083779434,0.5188583603864491,0.0534448378990691,0.0253002625059673,0.0136152834905268,0.0020231465540075,0.0016112789526686
CNN1D-2block,shallow,selection,conv.3:out:119,conv.3,119,15812.0,14.33134537935257,2.4532135970890523,0.1074935493757948,0.315929051830793,0.0678749441318177,0.0939846918795959,0.0170833034575894,0.010976431581658,0.0035069012499259
CNN1D-2block,shallow,selection,conv.3:out:120,conv.3,120,15812.0,15.264010936021805,6.49116538092494,0.7330820322968066,0.772012432110988,0.0614615635839294,0.0712784818686402,-0.0042955104553463,-0.0060541896556326,-0.0029500622001066
CNN1D-2block,shallow,selection,conv.3:out:121,conv.3,121,15812.0,13.626789420843124,0.4673901406582444,0.0037710574639277,0.6616612631677611,0.029394660844488,0.008944683622567,-0.0010442860544332,0.0007061801600029,-0.0008411823944078
CNN1D-2block,shallow,selection,conv.3:out:122,conv.3,122,15812.0,13.738687633536756,2.5864990879781544,0.081661409300159,0.37365772887371,0.0267224189495345,0.0119588655570499,-0.0002366241055928,0.0015692658261957,-0.0004028197381671
CNN1D-2block,shallow,holdout,conv.3:out:123,conv.3,123,15812.0,14.585540935397148,0.9658428561873734,0.0131904617941472,0.0944666680615152,0.0384802832873297,0.0327984200318673,0.0115771604962797,0.0073186847748561,0.0085895385344469
CNN1D-2block,shallow,holdout,conv.3:out:124,conv.3,124,15812.0,14.50644239783287,0.189199725302933,0.0010891994998867,0.746789611349026,0.0438247670772366,0.032595833128772,0.0071213490300829,0.0076168679464545,0.0040992832178188
CNN1D-2block,shallow,holdout,conv.3:out:125,conv.3,125,15812.0,13.7404732555151,3.5977574113756416,0.1712901693303138,0.2624605159228647,0.0416869735612739,0.0560458732217736,0.0086715503713542,0.0031005110734992,0.0040163497423138
CNN1D-2block,shallow,selection,conv.3:out:126,conv.3,126,15812.0,13.494422867894173,0.0007209004622609,3.1912656119027424e-08,0.9368131505337792,0.0005344483789906,0.0046623324685131,0.0002782163607621,0.000594514398249,0.000248800426515
CNN1D-2block,shallow,holdout,conv.3:out:127,conv.3,127,15812.0,14.34402897208929,0.2794053934980184,0.0014286709208136,0.2409705750056847,0.0261879705705438,0.0366739608858779,0.0216571094911871,0.0012525972650234,0.0058527338427818
DeepCNN1D-4block,depth_replication,external_depth_replication,conv.0:out:0,conv.0,0,31734.0,0.61270607,0.2987837812925136,0.0396662771665927,0.5118216247002567,72.07205412926035,0.0146812791223644,0.0004014678996707,0.010280476561005,0.0027960428884544
DeepCNN1D-4block,depth_replication,external_depth_replication,conv.0:out:1,conv.0,1,31734.0,0.94311166,0.3480373052807408,0.0206160263840019,0.9504636963259352,103.4077298376344,0.0095383582094749,-0.0083758732639295,-0.009602325395411,-0.0063621823351696
DeepCNN1D-4block,depth_replication,external_depth_replication,conv.0:out:2,conv.0,2,31734.0,0.5387346,0.5554913095347729,0.0864198954789359,0.1441596127196337,109.67486497930922,0.0255236856278872,0.0035859409029945,0.0120423240440397,0.0037083111190095
DeepCNN1D-4block,depth_replication,external_depth_replication,conv.0:out:3,conv.0,3,31734.0,0.6300147,18.18843724310864,104.24939203970212,0.948649447137244,188.0140542502444,0.0178627018082415,-0.0355460632701949,-0.0510786308138971,-0.0166696285765061
DeepCNN1D-4block,depth_replication,external_depth_replication,conv.0:out:4,conv.0,4,31734.0,0.63513255,120.69012051833124,8694.708003200823,0.3118314520104854,197.4147569627566,0.3270267872938355,0.0226323720371759,0.0754369546955405,0.0126295835554765
DeepCNN1D-4block,depth_replication,external_depth_replication,conv.0:out:5,conv.0,5,31734.0,0.60715157,0.3841092920301889,0.0758282417392433,0.4233264489725756,119.07556769182143,0.0069003666775295,-0.018116361480314,-0.0154250084949406,-0.0077365085006812
DeepCNN1D-4block,depth_replication,external_depth_replication,conv.0:out:6,conv.0,6,31734.0,0.7398342,0.5034555484890006,0.8299159422094542,0.8277025938204418,25.06854056669925,0.0296087357457355,0.0101593123723848,0.0188014028305428,0.0077246608613233
DeepCNN1D-4block,depth_replication,external_depth_replication,conv.0:out:7,conv.0,7,31734.0,0.698591,0.0891659401386277,0.0036992067795531,0.4091991363691613,9.40070271251222,0.0176597002745207,-0.0015117508876078,0.0067109724044762,0.0015520407558793
DeepCNN1D-4block,depth_replication,external_depth_replication,conv.0:out:8,conv.0,8,31734.0,0.8154459,1.7266229567103435,7.961032844342878,0.5495936876730595,128.47627040433366,0.0344811351364404,0.0019827654170358,0.0488580896270242,0.0159350749363189
DeepCNN1D-4block,depth_replication,external_depth_replication,conv.0:out:9,conv.0,9,31734.0,0.5443833,0.3990781112515833,0.0432065600538038,0.0275591132430683,56.40421627507332,0.0095619777869373,-0.0018554136438976,0.000776404378716,-0.0004265150168828
DeepCNN1D-4block,depth_replication,external_depth_replication,conv.0:out:10,conv.0,10,31734.0,0.51400024,3.272590841748752,2.4051907839511437,0.7535131086748066,153.54481097103292,0.1640093484423152,0.0660698188670139,0.0392823426639145,0.0201054439902849
DeepCNN1D-4block,depth_replication,external_depth_replication,conv.0:out:11,conv.0,11,31734.0,0.7774298,10.904847479272576,132.04927507077088,0.5381433132192782,191.1476218210818,0.0545372019075817,-0.0304738070102806,-0.0883094194828402,-0.0259463301937089
DeepCNN1D-4block,depth_replication,external_depth_replication,conv.0:out:12,conv.0,12,31734.0,0.4580336,0.2778106565510825,0.0309188916315698,0.3297317164990921,28.20210813753666,0.0239505507681502,-0.0057277897589583,0.0143517454840862,0.0045731887921331
DeepCNN1D-4block,depth_replication,external_depth_replication,conv.0:out:13,conv.0,13,31734.0,0.87971705,5.054724845191231,5.914102246506388,0.7884287034284043,150.4112434001955,0.1068769217226507,0.0368620140779868,0.0860663730367636,0.0292162786564776
DeepCNN1D-4block,depth_replication,external_depth_replication,conv.0:out:14,conv.0,14,31734.0,0.40570223,0.114614941925538,0.0137434190128509,0.303194829291645,87.73989198344738,0.0107070944603914,0.0003105807032922,0.0060312243660266,0.0019193175759729
DeepCNN1D-4block,depth_replication,external_depth_replication,conv.0:out:15,conv.0,15,31734.0,0.7740321,2.396039436422143,0.8973741806679123,0.4534978894806515,125.34270283349626,0.0292699071947162,-0.0210135048425382,-0.0265416582100981,-0.0127836028671287
DeepCNN1D-4block,depth_replication,external_depth_replication,conv.0:out:16,conv.0,16,31734.0,0.45962918,0.0995509462336485,0.256682652498059,0.1340416972471647,31.335675708374065,0.0069537171195212,-0.0291961907259349,-0.0230062980144707,-0.0105443990284935
DeepCNN1D-4block,depth_replication,external_depth_replication,conv.0:out:17,conv.0,17,31734.0,0.5360453,0.7225202881672885,1.6823956239287092,0.4031129864471292,81.47275684177256,0.0360697597344812,0.009894472291566,0.0502510815124958,0.0190036135300041
DeepCNN1D-4block,depth_replication,external_depth_replication,conv.0:out:18,conv.0,18,31734.0,0.7101033,0.082995739976468,0.0120421187731922,0.2034552406761496,59.53778384591072,0.0240246842601207,0.00940008053949,0.0210024161434112,0.0081985664356377
DeepCNN1D-4block,depth_replication,external_depth_replication,conv.0:out:19,conv.0,19,31734.0,0.4105122,2.403735877807776,1.5609713296407624,0.2623133404418495,144.1441082585207,0.0618562882898909,0.0079193998711838,0.0550078013360854,0.0209703216634085
DeepCNN1D-4block,depth_replication,external_depth_replication,conv.0:out:20,conv.0,20,31734.0,0.6969945,0.3041963085997849,0.0465797329732069,0.7503646726300526,141.0105406876833,0.0148393170821737,-0.0042582860261074,-0.0051139828097698,-0.0035305965286416
DeepCNN1D-4block,depth_replication,external_depth_replication,conv.0:out:21,conv.0,21,31734.0,0.49416742,0.3772423402406275,0.0549904193192389,0.2804087579860399,21.934972995861845,0.0052009504741977,-0.0011107132886225,-0.0027680278167282,-0.0018719270185415
DeepCNN1D-4block,depth_replication,external_depth_replication,conv.0:out:22,conv.0,22,31734.0,0.64659756,46.41523442676953,386.7766241246523,0.485190974431635,194.2811893919192,0.0035588730912709,-0.0439216137688493,-0.1176869629318431,-0.036858006042296
DeepCNN1D-4block,depth_replication,external_depth_replication,conv.0:out:23,conv.0,23,31734.0,0.26210544,0.366332567493373,0.0345916004056414,0.9807371998012386,47.003513562561096,0.0047543507942832,-0.0025751923888721,0.0003097082554335,-0.00082933475505
DeepCNN1D-4block,depth_replication,external_depth_replication,conv.0:out:24,conv.0,24,31734.0,0.77302635,0.7455940820923388,0.5233871257314444,0.9616571936637868,43.86994599172369,0.0266783301691514,-0.0127256599849455,0.005878109694303,0.0003791244594514
DeepCNN1D-4block,depth_replication,external_depth_replication,conv.0:out:25,conv.0,25,31734.0,0.45784333,6.3551410818472505,5.924851619379112,0.7247899407735336,166.07908125438254,0.1628376442199115,0.0584969822178824,0.1152237524543428,0.0410639180143356
DeepCNN1D-4block,depth_replication,external_depth_replication,conv.0:out:26,conv.0,26,31734.0,0.6442115,10.47919316677826,27.069320896739185,0.5412268555474342,181.7469191085696,0.092904989805179,0.0347212747202073,0.0238002329792355,0.0109946093240921
DeepCNN1D-4block,depth_replication,external_depth_replication,conv.0:out:27,conv.0,27,31734.0,0.42621323,0.4348255240256549,0.1390531460816082,0.2768912040453708,18.80140542502444,0.0233282686365657,0.0040962851593683,0.0151357234643824,0.0062555535809489
DeepCNN1D-4block,depth_replication,external_depth_replication,conv.0:out:28,conv.0,28,31734.0,0.4372907,1.811706067295745,0.799199253255324,0.1606520087751268,115.94200012098403,0.0422785575545429,0.0059344697546839,-0.00727298544477,-0.0029382145607487
DeepCNN1D-4block,depth_replication,external_depth_replication,conv.0:out:29,conv.0,29,31734.0,0.26923826,1.0084877179551768,0.4831862476021772,0.9699254132161326,90.8734595542848,0.0239167405350247,-0.0022711865921929,-0.0064660992425835,-0.005331437711036
DeepCNN1D-4block,depth_replication,external_depth_replication,conv.0:out:30,conv.0,30,31734.0,0.48324248,0.9138344610109924,0.6676071483704504,0.5160685855478787,106.54129740847182,0.02574202945801,0.0034752413103033,0.0094696867133418,0.003577987086073
DeepCNN1D-4block,depth_replication,external_depth_replication,conv.0:out:31,conv.0,31,31734.0,0.33564746,8.064300033758627,90.3896396635833,0.1158656124707703,175.47978396689476,0.1103332744372984,0.0158247159043126,0.03307579919606,0.0081867187962798
DeepCNN1D-4block,depth_replication,external_depth_replication,conv.0:out:32,conv.0,32,31734.0,0.6214572,2.471255840760932,4.639682739136616,0.6234897555375004,122.20913526265883,0.0976063356004662,0.0286829461817351,0.0377327727685835,0.0134589183105265
DeepCNN1D-4block,depth_replication,external_depth_replication,conv.0:out:33,conv.0,33,31734.0,0.63377,140.4261179243731,2964.859238670377,0.776683114342298,200.548324533594,0.3230905517628962,0.0278859057874975,0.102664024623314,0.0174752680528404
DeepCNN1D-4block,depth_replication,external_depth_replication,conv.0:out:34,conv.0,34,31734.0,0.6162815,0.3578136121823263,0.2461293524460777,0.6130033010530405,75.20562170009775,0.0162267919797473,0.0039167119019251,0.0049465499393688,0.0020022510514779
DeepCNN1D-4block,depth_replication,external_depth_replication,conv.0:out:35,conv.0,35,31734.0,0.56892234,4.70290134489187,52.7762024106279,0.9172977047909028,184.88048667940697,0.0985810551808782,0.0058317438897303,-0.0191880679394708,-0.012842841063918
DeepCNN1D-4block,depth_replication,external_depth_replication,conv.0:out:36,conv.0,36,31734.0,0.42410412,6.533408630686608,5.17856722324836,0.0395928766642028,156.67837854187033,0.0166862291507305,-0.0095161439282568,-0.0194861587527072,-0.0093833303714235
DeepCNN1D-4block,depth_replication,external_depth_replication,conv.0:out:37,conv.0,37,31734.0,0.61461836,1.3206999654357787,4.472701938495845,0.5285892632600216,162.94551368354513,0.0900106275919711,0.0044894575930559,-0.0108256028113632,-0.0077838990581126
DeepCNN1D-4block,depth_replication,external_depth_replication,conv.0:out:38,conv.0,38,31734.0,0.5175429,9.702407473007042,29.131964850230627,0.4593358828854037,169.21264882521996,0.0359611336138622,-0.0434542806509436,-0.032825685887582,-0.0143830341804395
DeepCNN1D-4block,depth_replication,external_depth_replication,conv.0:out:39,conv.0,39,31734.0,0.12079715,0.0671391947640955,0.0002438615390312,0.0623495791498756,3.1335675708374064,0.002363272636762,-0.001781859054263,-0.0031536668467058,-0.0013743261655115
DeepCNN1D-4block,depth_replication,external_depth_replication,conv.0:out:40,conv.0,40,31734.0,0.33201817,0.8392413557812688,0.5651268934696922,0.641328169139375,65.80491898758554,0.0186410363245801,-0.0073010702601695,0.0117763307151148,0.0035542918073573
DeepCNN1D-4block,depth_replication,external_depth_replication,conv.0:out:41,conv.0,41,31734.0,0.7475768,0.4465551780667738,0.0744314228955334,0.8526328384806567,134.7434055460085,0.0240996609164858,-0.0023012853167664,0.0042691506034325,0.0001895622297257
DeepCNN1D-4block,depth_replication,external_depth_replication,conv.0:out:42,conv.0,42,31734.0,0.53871864,10.714027877780609,22.87875247202902,0.592941018104284,178.61335153773217,0.0652378466261437,-0.0350293710136498,-0.0537080301813899,0.0032936437414844
DeepCNN1D-4block,depth_replication,external_depth_replication,conv.0:out:43,conv.0,43,31734.0,0.6863863,0.7514773547954974,0.1809492961768661,0.2600974477372232,34.46924327921147,0.0412764520908572,0.0142005763983258,0.025064709065726,0.0106391801433564
DeepCNN1D-4block,depth_replication,external_depth_replication,conv.0:out:44,conv.0,44,31734.0,0.5887066,1.3250393908892877,0.1825036512775426,0.8398815210314088,62.67135141674813,0.0898633295961705,0.0290718222556414,0.0517705995435562,0.0176529826432083
DeepCNN1D-4block,depth_replication,external_depth_replication,conv.0:out:45,conv.0,45,31734.0,0.3896465,0.695886398316361,0.1314316924835452,0.5094958815215094,84.60632441260998,0.0043274189472074,-0.0099221326125301,-0.0023037060041408,-0.0027960428884544
DeepCNN1D-4block,depth_replication,external_depth_replication,conv.0:out:46,conv.0,46,31734.0,0.39256054,1.4231914196843718,0.5041700361345027,0.510888884466533,100.274162266797,0.0523002967875843,0.0138730605959683,0.0055782834683881,-0.00033173390202
DeepCNN1D-4block,depth_replication,external_depth_replication,conv.0:out:47,conv.0,47,31734.0,0.68472624,3.927674142494652,1.918979714392244,0.7530302077021779,159.81194611270772,0.0257865544926788,-0.0281131591053193,0.0123368222811643,0.0012321544932172
DeepCNN1D-4block,depth_replication,external_depth_replication,conv.0:out:48,conv.0,48,31734.0,0.437974,14.07573871065688,260.6138702549885,0.1479220357849565,172.34621639605734,0.1239170127067673,0.0248382156895847,0.0353875845282402,0.0176055920857768
DeepCNN1D-4block,depth_replication,external_depth_replication,conv.0:out:49,conv.0,49,31734.0,0.42075297,1.0112907921502483,0.9072469594613342,0.819626719119277,37.60281085004888,0.0291620386955828,0.0123291534355279,0.023644558131582,0.0104140749955571
DeepCNN1D-4block,depth_replication,external_depth_replication,conv.0:out:50,conv.0,50,31734.0,0.51606256,0.5537510871145059,0.0581090522858137,0.6832869060032571,97.1405946959596,0.0048157150460645,-0.0009335821214548,-0.001430100909656,-0.0018126888217522
DeepCNN1D-4block,depth_replication,external_depth_replication,conv.0:out:51,conv.0,51,31734.0,0.6432461,0.2357161027466645,0.0313636155964918,0.787096941554801,12.534270283349626,0.0153842246601313,-0.0076699780116937,0.0107474682456116,0.0031396244298323
DeepCNN1D-4block,depth_replication,external_depth_replication,conv.0:out:52,conv.0,52,31734.0,0.18168359,0.1218183311284519,0.0327917017520353,0.1916162590201352,6.267135141674813,0.0120613386693466,-0.0005687690987676,0.006299535571284,0.0019785557727622
DeepCNN1D-4block,depth_replication,external_depth_replication,conv.0:out:53,conv.0,53,31734.0,0.5166332,0.3166528645269864,0.0636455497596664,0.80236416113453,131.60983797517108,0.0123853900706388,-0.0172780530624003,-0.0142487348310181,-0.0068242402701261
DeepCNN1D-4block,depth_replication,external_depth_replication,conv.0:out:54,conv.0,54,31734.0,0.8247857,2.2443892167357262,2.7544932114225453,0.1913239260572002,112.80843255014663,0.0969859770646882,0.0507648275161455,0.0243417754586197,0.0114922101771222
DeepCNN1D-4block,depth_replication,external_depth_replication,conv.0:out:55,conv.0,55,31734.0,0.6199979,0.2590189150723745,0.0126204788593558,0.0815526173635127,68.93848655842294,0.0047940609436924,-0.0025509734171492,-0.0016643183118989,-0.0011492210177121
DeepCNN1D-4block,depth_replication,external_depth_replication,conv.0:out:56,conv.0,56,31734.0,0.5749627,3.641999340128677,2.125439860319366,0.8552269742870702,147.27767582935812,0.0855566211168626,0.0318599527258842,0.0653338193327898,0.0242402701261773
DeepCNN1D-4block,depth_replication,external_depth_replication,conv.0:out:57,conv.0,57,31734.0,0.7539191,0.5017364138548146,0.368678985075924,0.8612834961776684,15.667837854187033,0.0218613439470436,0.0030058094689701,0.0107261772848966,0.0036727682009359
DeepCNN1D-4block,depth_replication,external_depth_replication,conv.0:out:58,conv.0,58,31734.0,0.70787406,0.7906020034533867,1.9063333947009389,0.8765370964165805,40.73637842088628,0.0512319259918726,0.0100189425286068,0.0302251994052229,0.0107695041762928
DeepCNN1D-4block,depth_replication,external_depth_replication,conv.0:out:59,conv.0,59,31734.0,0.6264073,2.2357489641726715,0.9785825564801492,0.4719097193587902,50.1370811333985,0.0122561397393652,-0.0257978940748666,-0.0351303718288443,-0.0168947337243054
DeepCNN1D-4block,depth_replication,external_depth_replication,conv.0:out:60,conv.0,60,31734.0,0.36814055,1.7693808192416327,0.5576975399387951,0.2740483886137183,137.87697311684587,0.0115253688039151,-0.0208060756050573,-0.0024774350490673,-0.0035424441679995
DeepCNN1D-4block,depth_replication,external_depth_replication,conv.0:out:61,conv.0,61,31734.0,0.32570064,0.3110790245882526,0.0175245377306345,0.0070918286031662,78.33918927093517,0.0157836261966277,-0.0012164187192855,0.0024556566312986,-0.0003435815413778
DeepCNN1D-4block,depth_replication,external_depth_replication,conv.0:out:62,conv.0,62,31734.0,0.7131713,0.3996043482875393,0.0424556065880512,0.6457208955749478,53.27064870423591,0.0032665488703806,-0.0034646559432197,-0.0001790830861418,-0.0006160772466086
DeepCNN1D-4block,depth_replication,external_depth_replication,conv.0:out:63,conv.0,63,31734.0,0.7593329,2.3210763958777534,11.131333089942435,0.719909383508693,94.0070271251222,0.0843525435553914,0.0102430382212395,0.0483828451980998,0.022925182157455
DeepCNN1D-4block,depth_replication,external_depth_replication,conv.3:out:0,conv.3,0,31104.0,1.2665414,0.4049075648217695,0.0988276933841754,0.8355692165002742,0.490321155693255,0.023963520225906,0.0009729374925914,0.0009516971679855,-0.0001066287542207
DeepCNN1D-4block,depth_replication,external_depth_replication,conv.3:out:1,conv.3,1,31104.0,1.2214357,0.0106386895581636,9.67729432781862e-05,0.2818778273645421,0.0144212104615663,0.0027546590573138,-0.0009225489579794,0.0011610356107325,0.00033173390202
DeepCNN1D-4block,depth_replication,external_depth_replication,conv.3:out:2,conv.3,2,31104.0,1.4353473,0.2680998445430305,0.0087355620569891,0.2152181671629736,0.4855140855393995,0.0166260086103937,-0.0128367811267077,-0.0071423251114527,-0.0053551329897517
DeepCNN1D-4block,depth_replication,external_depth_replication,conv.3:out:3,conv.3,3,31104.0,1.3115462,0.3042608587675204,0.0370948883682087,0.6393313800665879,0.2018969464619285,0.0094794557624953,-0.0014125705349894,-0.0044682817649367,-0.0022273561992773
DeepCNN1D-4block,depth_replication,external_depth_replication,conv.3:out:4,conv.3,4,31104.0,1.350336,0.1552491157635813,0.0290615465663747,0.8050548331450097,0.32688077046217,0.0116111584512234,-0.00040615576119,-0.003640573537371,-0.0024406137077187
DeepCNN1D-4block,depth_replication,external_depth_replication,conv.3:out:5,conv.3,5,31104.0,1.3188782,0.6726585958967917,0.0495039800692271,0.9636708728449708,0.4518645944624115,0.0159077370312024,0.0003059547399617,0.0047243571074011,0.0009478111486286
DeepCNN1D-4block,depth_replication,external_depth_replication,conv.3:out:6,conv.3,6,31104.0,1.4360873,1.8984410107223084,0.395076193220012,0.1505248304211774,0.5624272080010867,0.0355945709667063,0.0163393945486289,0.0345275903520353,0.0140749955571352
DeepCNN1D-4block,depth_replication,external_depth_replication,conv.3:out:7,conv.3,7,31104.0,1.5191455,0.6230503304686863,0.1198692292044869,0.4822123881993365,0.5143565064625323,0.0271688249157378,0.0048983473409791,0.0045807635989323,0.0015994313133108
DeepCNN1D-4block,depth_replication,external_depth_replication,conv.3:out:8,conv.3,8,31104.0,1.1878659,0.4773996869826078,0.0263104045975177,0.8947158621961735,0.4326363138469897,0.0281478241146264,0.0021347661251327,0.0022305266014768,0.0001066287542207
DeepCNN1D-4block,depth_replication,external_depth_replication,conv.3:out:9,conv.3,9,31104.0,1.3169804,0.1051548132945754,0.0003865531437977,0.4227169069454373,0.0288424209231326,0.0071931916799147,-0.0007446101736667,0.0015680172561941,0.0003080386233043
DeepCNN1D-4block,depth_replication,external_depth_replication,conv.3:out:10,conv.3,10,31104.0,1.7352848,3.073574700341851,2.738230139581733,0.5895020620840481,0.576848418462653,0.0366559307282882,-0.0036333779341884,-0.0220659597621881,-0.0034476630531366
DeepCNN1D-4block,depth_replication,external_depth_replication,conv.3:out:11,conv.3,11,31104.0,1.3543049,1.50869287063324,3.7576717974151297,0.0244906774933632,0.5431989273856649,0.0276487213890081,0.0139744399284085,0.0108735017658436,0.0064806587287483
DeepCNN1D-4block,depth_replication,external_depth_replication,conv.3:out:12,conv.3,12,31104.0,1.4456562,0.3963589068007422,0.0336751579902188,0.6734598871529389,0.3941797526161462,0.0112772750059717,0.002389478163055,0.005276491443913,0.0025472424619394
DeepCNN1D-4block,depth_replication,external_depth_replication,conv.3:out:13,conv.3,13,31104.0,1.4000753,0.5062085756562738,0.0357035566860817,0.9190886196338224,0.3989868227700016,0.0157797452836418,-0.0027775125197008,-0.0001713127732473,-0.0016586695101
DeepCNN1D-4block,depth_replication,external_depth_replication,conv.3:out:14,conv.3,14,31104.0,1.3081257,0.9859239188754144,0.0314454540651569,0.8268253295567211,0.4758999452316887,0.0398796685630924,0.0048703709242517,-0.0135195909377935,-0.0060067531544339
DeepCNN1D-4block,depth_replication,external_depth_replication,conv.3:out:15,conv.3,15,31104.0,1.4546486,0.2758398687324188,0.0123437107715728,0.8855202667099468,0.2884242092313265,0.0157304177308647,0.0060695218620011,0.0120897140833733,0.0060067531544339
DeepCNN1D-4block,depth_replication,external_depth_replication,conv.3:out:16,conv.3,16,31104.0,1.2118518,0.1551021660416154,0.0010762627953508,0.6603553805205233,0.1394050344618078,0.0048189635452099,-0.0014817729818121,-0.0029341242737845,-0.0024406137077187
DeepCNN1D-4block,depth_replication,external_depth_replication,conv.3:out:17,conv.3,17,31104.0,1.2159492,0.1335661468256148,0.0260597585382983,0.2455522672431775,0.2691959286159047,0.0137162037462675,0.0024978758065612,0.000539878889993,-4.739055743141485e-05
DeepCNN1D-4block,depth_replication,external_depth_replication,conv.3:out:18,conv.3,18,31104.0,1.3378952,1.3656076493498404,1.0969975839445834,0.7685169988962544,0.4951282258471104,0.0090003637646003,-0.0070939197240673,-0.0095733000381721,-0.0043362360049759
DeepCNN1D-4block,depth_replication,external_depth_replication,conv.3:out:19,conv.3,19,31104.0,1.345311,0.519997245468403,0.0322775662439802,0.2116747426075105,0.4566716646162669,0.026891724213396,0.0007716285873405,0.0174280343783465,0.0059119720395711
DeepCNN1D-4block,depth_replication,external_depth_replication,conv.3:out:20,conv.3,20,31104.0,1.2575681,0.1393497849662708,0.0031724297319591,0.8312748346644612,0.1442121046156632,0.0035845372130762,-0.0003912682909403,3.741304931748069e-06,-0.0001421716722943
DeepCNN1D-4block,depth_replication,external_depth_replication,conv.3:out:21,conv.3,21,31104.0,1.2745425,0.1373028193265781,0.0209563797716008,0.0627179225707682,0.4230221735392788,0.0186564004813846,-0.0024079951720263,-0.0076518322983477,-0.0054736093833303
DeepCNN1D-4block,depth_replication,external_depth_replication,conv.3:out:22,conv.3,22,31104.0,1.4034461,0.4297865675544017,0.0106808752424623,0.8254878133935558,0.163440385231085,0.0083928905032633,-0.0007140657025986,0.0042268060212463,0.0009359635092707
DeepCNN1D-4block,depth_replication,external_depth_replication,conv.3:out:23,conv.3,23,31104.0,1.2709572,0.8753410307035665,0.0197667931595106,0.1645072664741013,0.4710928750778332,0.0286480741409613,0.0001817592936234,0.0061444905144707,0.0027131094129494
DeepCNN1D-4block,depth_replication,external_depth_replication,conv.3:out:24,conv.3,24,31104.0,1.3187584,0.0967930440383497,0.0004027234503135,0.3751469964966418,0.0624919120001207,0.0030757445896228,-0.000146601638467,-0.0010196570824223,-0.0007819441976186
DeepCNN1D-4block,depth_replication,external_depth_replication,conv.3:out:25,conv.3,25,31104.0,1.4312271,0.298823529301444,0.037540450064073,0.3167381665569643,0.2499676480004829,0.014042905642979,-0.0021229222270135,-0.0103928995655074,-0.0059119720395711
DeepCNN1D-4block,depth_replication,external_depth_replication,conv.3:out:26,conv.3,26,31104.0,1.3669659,3.697284955560463,0.6561954400715879,0.6913370352777413,0.5864625587703639,0.094705469259658,0.0183022785445793,0.0246113154939514,0.0035069012499259
DeepCNN1D-4block,depth_replication,external_depth_replication,conv.3:out:27,conv.3,27,31104.0,1.533639,1.39200186241942,0.0810995469861428,0.1785718781743719,0.4662858049239778,0.0372561942155941,0.0033088049392769,0.006970229059102,0.0011966115751436
DeepCNN1D-4block,depth_replication,external_depth_replication,conv.3:out:28,conv.3,28,31104.0,1.2888876,0.4449329521667096,0.0541574719785273,0.3962561622169864,0.3845656123084353,0.0192490627936808,-0.0028136934935308,-0.0120090845679916,-0.0070730406966411
DeepCNN1D-4block,depth_replication,external_depth_replication,conv.3:out:29,conv.3,29,31104.0,1.4121879,0.5579815836590569,0.0111980490750884,0.0058245951079809,0.2163181569234948,0.0133259805850246,0.0004525280841832,0.00797748156434,0.0017889935430365
DeepCNN1D-4block,depth_replication,external_depth_replication,conv.3:out:30,conv.3,30,31104.0,1.4946508,3.114196624228498,8.92516504743103,0.2624947127501015,0.6104979095396411,0.0060930008900514,-0.0173275129377202,-0.0294960895622514,-0.0113026479473964
DeepCNN1D-4block,depth_replication,external_depth_replication,conv.3:out:31,conv.3,31,31104.0,1.4077471,0.177195968444721,0.0093728113961435,0.4211888142289552,0.3653373316930136,0.0142748879643843,-0.0041765496387315,-0.0065486852998882,-0.0039926544635981
DeepCNN1D-4block,depth_replication,external_depth_replication,conv.3:out:32,conv.3,32,31104.0,1.3172519,0.183881048567855,0.0010064711063906,0.1059212367073244,0.2643888584620493,0.0077274135562178,0.0024906280356857,0.0015469013375136,0.0007227060008293
DeepCNN1D-4block,depth_replication,external_depth_replication,conv.3:out:33,conv.3,33,31104.0,1.2125986,0.6679314259490639,0.0094217851978916,0.6331599460365578,0.1105626135386751,0.0209987024085954,0.0049507639778864,0.0102343140177199,0.0037320063977252
DeepCNN1D-4block,depth_replication,external_depth_replication,conv.3:out:34,conv.3,34,31104.0,1.2282772,0.2827390164384269,0.0026975917057132,0.3804242698865323,0.5095494363086768,0.0146670120854519,-0.0095357195878961,-0.005271871946856,-0.0039334162668088
DeepCNN1D-4block,depth_replication,external_depth_replication,conv.3:out:35,conv.3,35,31104.0,1.5328083,1.1237442525234655,0.0414038664239759,0.7252939380762389,0.3172666301544591,0.0297298025003545,0.0030374179418926,0.012536244677486,0.0045376458740595
DeepCNN1D-4block,depth_replication,external_depth_replication,conv.3:out:36,conv.3,36,31104.0,1.3597939,3.723966887177085,2.511035734575433,0.6538660110683944,0.5816554886165084,0.039778458023503,0.0190752612971518,0.0253548926906961,0.0101534269296842
DeepCNN1D-4block,depth_replication,external_depth_replication,conv.3:out:37,conv.3,37,31104.0,1.3037266,0.3758670905081089,0.006777526375796,0.4312267487774062,0.3364949107698809,0.0071156095897836,-0.0011982687419652,-0.0005668070868694,-0.0007937918369764
DeepCNN1D-4block,depth_replication,external_depth_replication,conv.3:out:38,conv.3,38,31104.0,1.3329515,0.084219916213442,0.0015647290304098,0.8673205056421992,0.0576848418462652,0.0043651646333868,0.0006419820755594,0.0017122690270436,0.0006160772466086
DeepCNN1D-4block,depth_replication,external_depth_replication,conv.3:out:39,conv.3,39,31104.0,1.3776518,0.2980657700136362,0.0069282066072218,0.632135117500167,0.3461090510775917,0.0110590025297032,-0.0003694781287008,0.0028489039965654,0.0014335643623007
DeepCNN1D-4block,depth_replication,external_depth_replication,conv.3:out:40,conv.3,40,31104.0,1.1457167,0.1072394956172502,0.0014275626411298,0.8102743521062991,0.1153696836925305,0.0022926165178965,-0.0028579447524552,-0.002259140170387,-0.0014335643623007
DeepCNN1D-4block,depth_replication,external_depth_replication,conv.3:out:41,conv.3,41,31104.0,1.4780242,1.1842123775786604,0.4141123832479338,0.341794723940113,0.4086009630777125,0.0031739474810199,-0.0039753049695315,-0.0055513761289408,-0.0029382145607487
DeepCNN1D-4block,depth_replication,external_depth_replication,conv.3:out:42,conv.3,42,31104.0,1.2346833,0.1654687504797038,0.0046334436092079,0.5436692896684556,0.206704016615784,0.003739915768003,0.0003284600408532,0.0037023533438368,0.001244002132575
DeepCNN1D-4block,depth_replication,external_depth_replication,conv.3:out:43,conv.3,43,31104.0,1.2807543,0.5509916727314703,0.0310889927725326,0.1962968851147534,0.5960766990780747,0.0105812882672204,-0.0089777286030134,-0.0079374411029562,-0.007167821811504
DeepCNN1D-4block,depth_replication,external_depth_replication,conv.3:out:44,conv.3,44,31104.0,1.3854848,0.3209868963785993,0.0175362357924806,0.996141190118628,0.5239706467702431,0.0176057839701314,-0.0047707765197157,-0.0065727943277517,-0.0054262188258989
DeepCNN1D-4block,depth_replication,external_depth_replication,conv.3:out:45,conv.3,45,31104.0,1.2774847,0.1507438284115778,0.0023363348111387,0.2432154643063271,0.0817201926155425,0.0107131482065061,0.0019457279216568,0.0042195530672092,0.0014809549197322
DeepCNN1D-4block,depth_replication,external_depth_replication,conv.3:out:46,conv.3,46,31104.0,1.1403533,0.4738296783471014,0.0111986361257163,0.2568674672271027,0.2740029987697601,0.0188414131070584,-0.0033755460773195,2.1642613274197583e-05,0.0001421716722943
DeepCNN1D-4block,depth_replication,external_depth_replication,conv.3:out:47,conv.3,47,31104.0,1.5621344,3.2436519627190137,10.67560203079936,0.0731900723909659,0.5912696289242193,0.0129856040581313,-0.0155978341832255,-0.0241610146517686,-0.0097861501095906
DeepCNN1D-4block,depth_replication,external_depth_replication,conv.3:out:48,conv.3,48,31104.0,1.3778639,0.3454015686584171,0.016460746892339,0.2578031189967366,0.2595817883081938,0.0172234862887234,0.0047834956189772,0.0132360075954932,0.0055565428588353
DeepCNN1D-4block,depth_replication,external_depth_replication,conv.3:out:49,conv.3,49,31104.0,1.7035247,0.9125003743865818,0.0957670049316625,0.7631285325440532,0.2932312793851819,0.0211759886100544,0.0031293105820783,-0.002248741975675,-0.0006753154433979
DeepCNN1D-4block,depth_replication,external_depth_replication,conv.3:out:50,conv.3,50,31104.0,1.5302796,1.2297771456360351,2.3704009458519817,0.6978935706830813,0.533584787077954,0.0333720641396166,0.0067547423189339,0.0006384458177545,0.000414667377525
DeepCNN1D-4block,depth_replication,external_depth_replication,conv.3:out:51,conv.3,51,31104.0,1.2088215,0.0466815992931515,0.000307750772647,0.1286732123171694,0.0192282806154217,0.0019233122934984,0.0005640770561306,0.000865163970976,0.00033173390202
DeepCNN1D-4block,depth_replication,external_depth_replication,conv.3:out:52,conv.3,52,31104.0,1.1685853,0.1269365011175978,0.0016347457166537,0.3762385014280942,0.0528777716924098,0.0030408803841575,-0.0007602069519991,0.0022083753478464,0.0007937918369764
DeepCNN1D-4block,depth_replication,external_depth_replication,conv.3:out:53,conv.3,53,31104.0,1.3028316,0.2255224725595326,0.0064866920983406,0.4209213946174629,0.2788100689236156,0.0071438132780454,-0.0032488345935718,-0.0054524256891546,-0.0033647295776316
DeepCNN1D-4block,depth_replication,external_depth_replication,conv.3:out:54,conv.3,54,31104.0,1.3243114,0.4648484210920287,0.0050782074852948,0.6649842463619607,0.2307393673850611,0.0093504520297688,-0.0008490586491423,0.0039179088883124,0.0005331437711036
DeepCNN1D-4block,depth_replication,external_depth_replication,conv.3:out:55,conv.3,55,31104.0,1.5367031,6.379339089653513,12.128721533837933,0.4559289630437488,0.6153049796934965,0.0177669313602262,-0.0329974235519027,-0.060312879016078,-0.019347195071382
DeepCNN1D-4block,depth_replication,external_depth_replication,conv.3:out:56,conv.3,56,31104.0,1.2415727,0.1938859063229756,0.0024952918156814,0.5865183268255314,0.3797585421545799,0.0044797363126278,-0.0032281635945179,-0.0050168905921482,-0.003412120135063
DeepCNN1D-4block,depth_replication,external_depth_replication,conv.3:out:57,conv.3,57,31104.0,1.2437577,0.1999932184698991,0.0381585503346262,0.8396846036089424,0.5480059975395203,0.0123134952268057,-0.0030711973338931,-0.0045645714418899,-0.0036135300041466
DeepCNN1D-4block,depth_replication,external_depth_replication,conv.3:out:58,conv.3,58,31104.0,1.5684578,0.1401733375460025,0.0019834424477122,0.7264736103123705,0.1490191747695186,0.0056211608436825,0.0011825547003708,0.0033977592313937,0.0011492210177122
DeepCNN1D-4block,depth_replication,external_depth_replication,conv.3:out:59,conv.3,59,31104.0,1.7083784,0.4567683584755286,0.0321313749305396,0.3650072635085589,0.4037938929238571,0.0135517294552478,0.005134605109929,0.0032801635246193,0.0018008411823944
DeepCNN1D-4block,depth_replication,external_depth_replication,conv.3:out:60,conv.3,60,31104.0,1.3601885,0.1635100368293933,0.0306530328560938,0.4483963093444842,0.3893726824622908,0.0136711023595896,-0.0047386563609085,-0.0037441256280971,-0.0027841952490966
DeepCNN1D-4block,depth_replication,external_depth_replication,conv.3:out:61,conv.3,61,31104.0,1.3268414,1.5560730282450097,0.8601496512890479,0.3676995696900066,0.5720413483087975,0.0293146505488935,-0.006948504803364,-0.003229975161558,-0.0011255257389964
DeepCNN1D-4block,depth_replication,external_depth_replication,conv.3:out:62,conv.3,62,31104.0,1.2993737,0.3343500074697658,0.0085199217215905,0.1097346640066967,0.3509161212314472,0.015079711336763,0.0026170267994808,0.0054436919318449,0.002333984953498
DeepCNN1D-4block,depth_replication,external_depth_replication,conv.3:out:63,conv.3,63,31104.0,1.1691468,0.4576948267967964,0.0255417002258587,0.2032415440873966,0.120176753846386,0.0166409309629003,0.0042053952471429,0.0038157487638249,0.0017771459036787
DeepCNN1D-4block,depth_replication,external_depth_replication,conv.3:out:64,conv.3,64,31104.0,1.4458125,0.8742884222374414,1.1322098873461623,0.2838064889441311,0.5672342781549421,0.036351185373103,-0.0002993743803066,0.0103236888451057,0.0032936437414844
DeepCNN1D-4block,depth_replication,external_depth_replication,conv.3:out:65,conv.3,65,31104.0,1.1900009,1.4428183068230285,2.825854507178711,0.3141338956023022,0.6056908393857856,0.0393049836005077,0.0014399314995509,-0.0158172249763297,-0.0074403175167347
DeepCNN1D-4block,depth_replication,external_depth_replication,conv.3:out:66,conv.3,66,31104.0,1.2593701,0.1327503830907517,0.0012627764193346,0.3130478588199377,0.1778615956926513,0.0180207692497592,0.0023262000236489,0.0078668899186794,0.0033410342989159
DeepCNN1D-4block,depth_replication,external_depth_replication,conv.3:out:67,conv.3,67,31104.0,1.2838385,1.943893995940016,2.4589392952265072,0.576699716252952,0.4807070153855441,0.010440982602868,-0.0007384662027427,-0.0060886656225823,-0.0019548604940465
DeepCNN1D-4block,depth_replication,external_depth_replication,conv.3:out:68,conv.3,68,31104.0,1.2714628,0.2597650995739968,0.0156266863637157,0.9716899756197548,0.3557231913853027,0.0027732599120326,-0.0005866143664285,-0.0002178453720921,-0.0003672768200936
DeepCNN1D-4block,depth_replication,external_depth_replication,conv.3:out:69,conv.3,69,31104.0,1.2249844,0.233647873668815,0.0104421169676391,0.774664134923732,0.4182151033854234,0.0314993188235751,-0.0004777677549291,-0.0037388821633392,-0.0034239677744209
DeepCNN1D-4block,depth_replication,external_depth_replication,conv.3:out:70,conv.3,70,31104.0,1.5119214,0.2853193319097045,0.0037621788641195,0.7911339481728052,0.1970898763080731,0.0068408566204305,0.0010899596970028,0.0024699415075893,0.0007227060008293
DeepCNN1D-4block,depth_replication,external_depth_replication,conv.3:out:71,conv.3,71,31104.0,1.1230568,0.0557647826162792,0.0002798353711308,0.75926850053958,0.0240353507692772,0.0004245867129456,-0.0008108130377498,-0.0012418980422596,-0.0009004205911972
DeepCNN1D-4block,depth_replication,external_depth_replication,conv.3:out:72,conv.3,72,31104.0,1.3487704,0.3664910980660352,0.0156237419439178,0.5969877305237564,0.1874757360003622,0.0082901155375835,0.0020475172538353,0.0059784996914383,0.0023932231502873
DeepCNN1D-4block,depth_replication,external_depth_replication,conv.3:out:73,conv.3,73,31104.0,1.3526052,4.253768023700104,13.958262540450132,0.9176922571709129,0.6008837692319302,0.0160170004291355,-0.0276224786512173,-0.0483985988651043,-0.0189799182512884
DeepCNN1D-4block,depth_replication,external_depth_replication,conv.3:out:74,conv.3,74,31104.0,1.3084146,0.1569294355595047,0.0046092893600921,0.689630155447081,0.0721060523078316,0.0100593098207339,-4.233428079558621e-05,-0.0032936621250977,-0.0018363841004679
DeepCNN1D-4block,depth_replication,external_depth_replication,conv.3:out:75,conv.3,75,31104.0,1.6291887,0.5951978001903626,0.0111798200052859,0.500356430736871,0.2211252270773503,0.0137561073863417,0.0006991373547312,0.0056368256000499,0.0019667081334043
DeepCNN1D-4block,depth_replication,external_depth_replication,conv.3:out:76,conv.3,76,31104.0,1.3867041,0.1695990506996167,0.0006114539154062,0.0770838085005387,0.1730545255387958,0.0169224086775811,0.002577111700723,-0.0014017166503963,-0.0006871630827557
DeepCNN1D-4block,depth_replication,external_depth_replication,conv.3:out:77,conv.3,77,31104.0,1.2613969,0.0590808071610808,0.0053555029083975,0.4884492270855238,0.3220737003083145,0.0051536428838831,-0.0014210092406921,0.0003797838623849,2.3695278715707424e-05
DeepCNN1D-4block,depth_replication,external_depth_replication,conv.3:out:78,conv.3,78,31104.0,1.2053177,0.6495483419857919,0.0289406540786534,0.2128309953403343,0.2451605778466275,0.0079144869774855,-0.0022508310928185,-0.0025173924802732,-0.0021088798056986
DeepCNN1D-4block,depth_replication,external_depth_replication,conv.3:out:79,conv.3,79,31104.0,1.162864,0.1263084130218885,0.0019358946478265,0.1326962975467872,0.0913343329232534,0.0171519670541304,-0.0001282053722094,0.0022964756078958,-8.293347550497598e-05
DeepCNN1D-4block,depth_replication,external_depth_replication,conv.3:out:80,conv.3,80,31104.0,1.6195109,1.0533841228170786,0.1473248727450951,0.506064922529373,0.5047423661548214,0.0385100211289863,0.0047040313065803,0.0120558550186654,0.0037675493157988
DeepCNN1D-4block,depth_replication,external_depth_replication,conv.3:out:81,conv.3,81,31104.0,1.2557708,0.200779840008181,0.0068436318345777,0.785085292596959,0.1297908941540969,0.0150549102050265,0.0017145560312017,0.0014113407460478,0.0001303240329364
DeepCNN1D-4block,depth_replication,external_depth_replication,conv.3:out:82,conv.3,82,31104.0,1.3167485,0.1858789556245028,0.0117643966318625,0.2950064428055194,0.3749514720007244,0.0103739704730339,-0.0001388254527931,0.0011774543891732,-1.1847639357853712e-05
DeepCNN1D-4block,depth_replication,external_depth_replication,conv.3:out:83,conv.3,83,31104.0,1.9598398,1.2362096008073422,2.767062972648521,0.7687717599091665,0.4614787347701223,0.0320239399144627,0.0004780177945709,-0.005089297638041,0.0014691072803744
DeepCNN1D-4block,depth_replication,external_depth_replication,conv.3:out:84,conv.3,84,31104.0,1.390201,0.3500136698130518,0.0311464458145382,0.5256295231622541,0.2115110867696394,0.0085907127784947,-0.0008739630340071,-0.0018490347804096,-0.001244002132575
DeepCNN1D-4block,depth_replication,external_depth_replication,conv.3:out:85,conv.3,85,31104.0,1.2939465,0.8275293022452388,0.0934349842298396,0.1490480233707125,0.3605302615391581,0.0230363797050164,0.0006267961011713,-0.0052394525772663,-0.0028789763639594
DeepCNN1D-4block,depth_replication,external_depth_replication,conv.3:out:86,conv.3,86,31104.0,1.2417443,0.7083558826579974,0.0220015855225183,0.9649677439797356,0.3028454196928928,0.0091467822159341,-0.004570378918056,-0.0125313090881312,-0.0063740299745275
DeepCNN1D-4block,depth_replication,external_depth_replication,conv.3:out:87,conv.3,87,31104.0,1.2987679,0.2110068155811859,0.008162578515378,0.4016362238885175,0.1057555433848197,0.0104078340312377,-0.001715820276756,-0.0017282954958286,-0.0013150879687222
DeepCNN1D-4block,depth_replication,external_depth_replication,conv.3:out:88,conv.3,88,31104.0,1.4195226,1.4041210341383703,0.0365559324962414,0.2952342556626958,0.4374433840008452,0.0454162241269888,0.0036651040910297,0.0131902255458175,0.0037201587583673
DeepCNN1D-4block,depth_replication,external_depth_replication,conv.3:out:89,conv.3,89,31104.0,1.444127,0.5989749202271923,0.0353957999793346,0.8469983706337296,0.4999352960009659,0.0244531227894993,0.0067375409213618,0.0093892115148318,0.0046442746282803
DeepCNN1D-4block,depth_replication,external_depth_replication,conv.3:out:90,conv.3,90,31104.0,1.327926,0.348413797953981,0.0073902552973892,0.1244603325154798,0.1922828061542176,0.0171275550332964,0.006347985144493,0.0122042665318343,0.0059238196789289
DeepCNN1D-4block,depth_replication,external_depth_replication,conv.3:out:91,conv.3,91,31104.0,1.2176908,0.2518069855832436,0.0031012909246711,0.7335904610737034,0.1009484732309642,0.0055720567353739,0.0010195705764343,0.0009466139824735,4.739055743141485e-05
DeepCNN1D-4block,depth_replication,external_depth_replication,conv.3:out:92,conv.3,92,31104.0,1.5813148,2.0662598184735543,0.2222649823656977,0.1878247425654683,0.5191635766163877,0.0485055673589384,0.0128628327471591,0.02092799811206,0.0072981458444404
DeepCNN1D-4block,depth_replication,external_depth_replication,conv.3:out:93,conv.3,93,31104.0,1.3345902,0.2828405222935544,0.0027398395084998,0.3924917760125824,0.2259322972312057,0.0195615500696379,0.0042243314475166,0.0015878509822594,0.0004620579349564
DeepCNN1D-4block,depth_replication,external_depth_replication,conv.3:out:94,conv.3,94,31104.0,1.322139,0.2587662015193928,0.0076027690654549,0.2318998784621384,0.1586333150772295,0.0046964763895161,-0.0004708725272017,0.0011153195272405,7.108583614712227e-05
DeepCNN1D-4block,depth_replication,external_depth_replication,conv.3:out:95,conv.3,95,31104.0,1.2885034,0.6462240543296502,0.0687313724701628,0.8412279926923869,0.370144401846869,0.0240694401247655,0.0017086788581304,0.0056368553606661,0.0020733368876251
DeepCNN1D-4block,depth_replication,external_depth_replication,conv.3:out:96,conv.3,96,31104.0,1.3820083,1.786835185579548,0.0633363455005806,0.3900745519398617,0.413408033231568,0.0524729457553396,0.0066181609645102,0.0131562493760067,0.0053432853503939
DeepCNN1D-4block,depth_replication,external_depth_replication,conv.3:out:97,conv.3,97,31104.0,1.1972637,0.1615030872599163,0.0020156982070176,0.9746928128822892,0.1826686658465068,0.0047489199775398,-0.0022627935241671,-0.0007288422543604,-0.0008411823944079
DeepCNN1D-4block,depth_replication,external_depth_replication,conv.3:out:98,conv.3,98,31104.0,1.4549146,0.4926503873539332,0.0102052816054366,0.6252614844151068,0.3413019809237363,0.0186161147387905,0.0023349034015392,0.0046467451667717,0.0018126888217522
DeepCNN1D-4block,depth_replication,external_depth_replication,conv.3:out:99,conv.3,99,31104.0,1.2977422,0.2800734505199216,0.0028044904496869,0.6936228347029152,0.1682474553849404,0.0171802054621468,0.0012348055760643,0.0053757972237761,0.0013387832474379
DeepCNN1D-4block,depth_replication,external_depth_replication,conv.3:out:100,conv.3,100,31104.0,1.3094381,0.2947916839220852,0.0178586109046561,0.5215251221324175,0.2355464375389166,0.0111243688708181,-0.0003279178460067,0.0016228587792679,-8.293347550497598e-05
DeepCNN1D-4block,depth_replication,external_depth_replication,conv.3:out:101,conv.3,101,31104.0,1.4908546,0.6114989643610897,0.0716492575757303,0.3089681990755911,0.3316878406160254,0.0239190162310323,0.0065910346678308,0.008673539222892,0.0039215686274509
DeepCNN1D-4block,depth_replication,external_depth_replication,conv.3:out:102,conv.3,102,31104.0,1.3899704,1.2356527946831193,0.3739270776719183,0.3955564210524287,0.447057524308556,0.0174347453433947,0.0002261102035769,0.0066358537740247,0.0031040815117587
DeepCNN1D-4block,depth_replication,external_depth_replication,conv.3:out:103,conv.3,103,31104.0,1.4374717,0.2873380773198732,0.0033311713081445,0.9409341876619016,0.2980383495390373,0.0189891155191591,0.0022443037544101,-0.0085403396874215,-0.0042651501688288
DeepCNN1D-4block,depth_replication,external_depth_replication,conv.3:out:104,conv.3,104,31104.0,1.2878665,0.2983282650493493,0.0207338317066136,0.2012032007246644,0.4278292436931343,0.0146380186353889,0.0047990731962515,0.0047911521590828,0.0022984420354244
DeepCNN1D-4block,depth_replication,external_depth_replication,conv.3:out:105,conv.3,105,31104.0,1.3273925,0.1314192921763606,0.0005267953799444,0.9882189012202124,0.0672989821539761,0.0093674592719171,0.0014715572952666,0.0017981848055635,0.0006042296072507
DeepCNN1D-4block,depth_replication,external_depth_replication,conv.3:out:106,conv.3,106,31104.0,1.3804797,0.3446020404371666,0.005155804231853,0.7583058620038184,0.3076524898467482,0.0041083306680345,-0.0007928778147361,-0.0001727730760882,-0.0009359635092707
DeepCNN1D-4block,depth_replication,external_depth_replication,conv.3:out:107,conv.3,107,31104.0,1.2757657,0.2465260474164097,0.0428512749137552,0.3597869264926102,0.1345979643079523,0.0146701140179274,-0.0024635064946278,-0.002123432216366,-0.0019904034121201
DeepCNN1D-4block,depth_replication,external_depth_replication,conv.3:out:108,conv.3,108,31104.0,1.1464139,0.0190078971008915,5.969810239783431e-05,0.6415135895056033,0.0048070701538554,0.0018220293608585,0.0009527784685082,0.0014041100785723,0.0006042296072507
DeepCNN1D-4block,depth_replication,external_depth_replication,conv.3:out:109,conv.3,109,31104.0,1.2509843,0.0469114143575097,0.0002491456026104,0.3809815392930875,0.0096141403077108,0.0027887447395866,0.0002258554807297,0.0011907816294821,0.0001777145903678
DeepCNN1D-4block,depth_replication,external_depth_replication,conv.3:out:110,conv.3,110,31104.0,1.1153266,0.140784364902629,0.0014240487918257,0.38149293263992,0.0865272627693979,0.0160760231699265,0.0022530982604596,0.0075896683097615,0.0034476630531367
DeepCNN1D-4block,depth_replication,external_depth_replication,conv.3:out:111,conv.3,111,31104.0,1.2705909,0.2391814278598758,0.0148878770597513,0.5038029501945296,0.1538262449233741,0.005729815412368,0.001427397068717,0.0031504299670788,0.0005094484923878
DeepCNN1D-4block,depth_replication,external_depth_replication,conv.3:out:112,conv.3,112,31104.0,1.4048132,0.3308227020679624,0.006026162222938,0.016722821635377,0.240353507692772,0.0106463290294855,0.0021001012490579,0.0056283211677721,0.0027368046916652
DeepCNN1D-4block,depth_replication,external_depth_replication,conv.3:out:113,conv.3,113,31104.0,1.1872594,0.2077027973327858,0.001543245509092,0.4935715599433962,0.0480707015385544,0.0071720563247205,0.0023894890191132,0.0060666581889391,0.0025472424619394
DeepCNN1D-4block,depth_replication,external_depth_replication,conv.3:out:114,conv.3,114,31104.0,1.1624247,0.1201510224964295,0.0017186242810457,0.971598413446888,0.1249838240002414,0.003111734885235,0.0001283397358876,-0.0021216146784956,-0.0013269356080801
DeepCNN1D-4block,depth_replication,external_depth_replication,conv.3:out:115,conv.3,115,31104.0,1.3148069,3.961696479251259,0.3383077217611066,0.2854652287855784,0.5528130676933758,0.1061916619364723,0.0318558245705964,0.07093406326612,0.0267875125881168
DeepCNN1D-4block,depth_replication,external_depth_replication,conv.3:out:116,conv.3,116,31104.0,1.3058138,1.2438134757685475,0.1607366110000256,0.7482179590766121,0.5383918572318095,0.0411702495404892,0.0095700721339267,0.0266064922854977,0.0111960191931757
DeepCNN1D-4block,depth_replication,external_depth_replication,conv.3:out:117,conv.3,117,31104.0,1.2141116,0.1196155882389575,0.0004158892313076,0.442788890070495,0.0432636313846989,0.0053505960453377,0.0001797940836695,0.0037640328010146,0.0015401931165215
DeepCNN1D-4block,depth_replication,external_depth_replication,conv.3:out:118,conv.3,118,31104.0,1.1729361,0.091832731890463,0.0003695842713278,0.2092810426177854,0.0384565612308435,0.0106558093208317,0.0019136574084885,0.0043137402938815,0.0017534506249629
DeepCNN1D-4block,depth_replication,external_depth_replication,conv.3:out:119,conv.3,119,31104.0,1.208882,0.1263045161285845,0.0011791475053166,0.9050025708181296,0.0961414030771088,0.0085590873236535,0.0004342983089767,0.0005024469369553,-9.47811148628852e-05
DeepCNN1D-4block,depth_replication,external_depth_replication,conv.3:out:120,conv.3,120,31104.0,1.3510344,0.2168186293092731,0.0082392350738453,0.0168272846802129,0.283617139077471,0.0082800384604914,-0.0036941985915632,-0.0064037949526489,-0.0029382145607487
DeepCNN1D-4block,depth_replication,external_depth_replication,conv.3:out:121,conv.3,121,31104.0,1.4214041,0.733404594269814,0.1382377617698127,0.3035089265995107,0.3124595600006037,0.0233199143575409,0.0037253827048978,0.0044433272018021,0.0020614892482672
DeepCNN1D-4block,depth_replication,external_depth_replication,conv.3:out:122,conv.3,122,31104.0,1.2141227,2.211259763607813,0.3108983065739006,0.9990258823239376,0.4422504541547006,0.0539542777531771,0.0249682526684195,0.0336372501486198,0.0128428410639179
DeepCNN1D-4block,depth_replication,external_depth_replication,conv.3:out:123,conv.3,123,31104.0,1.4402566,0.763955651789729,0.0680380513134686,0.2621467961899895,0.5287777169240986,0.0176211465363009,-0.000812047512804,0.0023079507122049,-0.0014809549197322
DeepCNN1D-4block,depth_replication,external_depth_replication,conv.3:out:124,conv.3,124,31104.0,1.1997226,0.107802653528779,0.0004693870464593,0.849044521859272,0.033649491076988,0.0016140555486241,-0.0004731386736189,0.0002336810285259,-3.5542918073561136e-05
DeepCNN1D-4block,depth_replication,external_depth_replication,conv.3:out:125,conv.3,125,31104.0,1.4373688,3.108611329960695,5.395907353485165,0.6056831486557043,0.5576201378472312,0.0273993853919116,-0.0149771785990309,-0.0262467358037559,-0.0096084355192228
DeepCNN1D-4block,depth_replication,external_depth_replication,conv.3:out:126,conv.3,126,31104.0,1.2661283,0.0613467117486834,0.0004240454033918,0.8060357075271236,0.076913122461687,0.0090061503802211,0.0012084102318096,0.0020353677115411,0.0005331437711036
DeepCNN1D-4block,depth_replication,external_depth_replication,conv.3:out:127,conv.3,127,31104.0,1.3816041,0.1917582593268889,0.0256760202356649,0.6303177554434782,0.2547747181543384,0.0226674804952844,0.0029748881629814,-0.002873441802398,-0.0005331437711036
DeepCNN1D-4block,depth_replication,external_depth_replication,conv.7:out:0,conv.7,0,46080.0,1.8407422,0.2878374447554961,0.0065727048495356,0.3626968570578484,0.0329687328877402,0.0053080885841113,0.0011904925472178,0.0033633043249721,0.0011018304602807
DeepCNN1D-4block,depth_replication,external_depth_replication,conv.7:out:1,conv.7,1,46080.0,2.0007176,0.307604534591519,0.0093993420558626,0.7607887845834825,0.051566479644927,0.0049227577926146,0.0011400981357565,-0.0020587972936139,-0.0009715064273443
DeepCNN1D-4block,depth_replication,external_depth_replication,conv.7:out:2,conv.7,2,46080.0,1.9646574,0.5421089172268694,0.0229827658471768,0.0264845489039723,0.0845352125326673,0.014200102768966,0.0042801898658546,0.0027797958193861,0.001078135181565
DeepCNN1D-4block,depth_replication,external_depth_replication,conv.7:out:3,conv.7,3,46080.0,1.7805728,0.3339327616822629,0.0042567594730391,0.4468129517344519,0.0752363391540739,0.0065994554460841,0.0015807015626801,0.0021510231286725,0.0005686866891772
DeepCNN1D-4block,depth_replication,external_depth_replication,conv.7:out:4,conv.7,4,46080.0,1.8139927,0.1438186683144522,0.0011633800030965,0.371854569870106,0.090452677409954,0.0047282788106867,-0.0008623824975318,0.0024470016253329,0.0006990107221135
DeepCNN1D-4block,depth_replication,external_depth_replication,conv.7:out:5,conv.7,5,46080.0,1.8669835,0.7611825973872328,0.0733989183187862,0.4770740056373495,0.0777723955300539,0.0180125413429082,0.0001918137765857,0.0046386336622252,0.0008530300337658
DeepCNN1D-4block,depth_replication,external_depth_replication,conv.7:out:6,conv.7,6,46080.0,1.8376135,0.2674448554516857,0.0062103904585592,0.1276206864960696,0.0634014093995005,0.0099461320606217,1.6504698388764005e-05,0.0015984945888736,0.0004620579349564
DeepCNN1D-4block,depth_replication,external_depth_replication,conv.7:out:7,conv.7,7,46080.0,1.8774931,0.389900338028383,0.0132830036459026,0.2225068659462724,0.0803084519060339,0.0058389056888568,0.0004025790989207,0.0013924567262695,0.0003791244594514
DeepCNN1D-4block,depth_replication,external_depth_replication,conv.7:out:8,conv.7,8,46080.0,1.8142517,0.1686973347259481,0.0038408585451139,0.5620515900997094,0.0786177476553806,0.0107372687008417,0.0038902433056959,0.004921635556132,0.0021799656418458
DeepCNN1D-4block,depth_replication,external_depth_replication,conv.7:out:9,conv.7,9,46080.0,1.8809439,0.1706759065491496,0.0151410416608559,0.3877691156559539,0.0498757753942737,0.0066009459885047,0.0027460739027618,0.0024156122934266,0.0012913926900065
DeepCNN1D-4block,depth_replication,external_depth_replication,conv.7:out:10,conv.7,10,46080.0,1.8762555,0.1663925808989006,0.0085743916320048,0.7916562055903406,0.0549478881462337,0.0145897276922825,0.0048632947256138,0.0046481695429458,0.0024050707896451
DeepCNN1D-4block,depth_replication,external_depth_replication,conv.7:out:11,conv.7,11,46080.0,2.0020547,0.0565874836638613,0.0008818626798423,0.6051365892775145,0.0033814085013066,0.0110122829214114,0.0005067889997865,0.0032985367025939,0.0013032403293643
DeepCNN1D-4block,depth_replication,external_depth_replication,conv.7:out:12,conv.7,12,46080.0,1.8170635,0.0968573359641595,0.00683329816406,0.8612666847869941,0.0811538040313606,0.005086516999779,0.0018183701215265,0.0032176473007798,0.000746401279545
DeepCNN1D-4block,depth_replication,external_depth_replication,conv.7:out:13,conv.7,13,46080.0,1.7908018,1.7501710445503704,0.1172233119835857,0.7323608373256045,0.1022876071645274,0.0057634999031663,0.0036230658420736,0.0046822621248101,0.0011729162964279
DeepCNN1D-4block,depth_replication,external_depth_replication,conv.7:out:14,conv.7,14,46080.0,1.7840261,0.0608165870208949,0.0001665821086129,0.601823447758565,0.0667828179008072,0.0075088865514084,-0.0005656399307051,0.0012193104871051,0.0003909720988092
DeepCNN1D-4block,depth_replication,external_depth_replication,conv.7:out:15,conv.7,15,46080.0,1.8836625,0.3249450399162015,0.0088068972224792,0.2876156021959957,0.085380564657994,0.0110016136435411,0.0009314164729831,0.0036496623059253,0.0012203068538593
DeepCNN1D-4block,depth_replication,external_depth_replication,conv.7:out:16,conv.7,16,46080.0,1.7782416,0.8914686744537903,0.0548881781505659,0.7827604679261685,0.0989061986632208,0.0366492847570361,0.0073315662404041,0.0126952217558249,0.0043125407262603
DeepCNN1D-4block,depth_replication,external_depth_replication,conv.7:out:17,conv.7,17,46080.0,1.9341033,0.3647509626061946,0.0165396110453202,0.2512675781710818,0.0541025360209071,0.0051766427532698,0.0011744998081811,0.002341323610228,0.0011373733783543
DeepCNN1D-4block,depth_replication,external_depth_replication,conv.7:out:18,conv.7,18,46080.0,1.7524209,0.061421804618476,0.0006491915818212,0.0752111118144044,0.1031329592898541,0.0179549954807202,0.0023046492866188,0.0092809656755542,0.0043125407262603
DeepCNN1D-4block,depth_replication,external_depth_replication,conv.7:out:19,conv.7,19,46080.0,1.8184474,0.0348204768779396,0.0009161737555181,0.9628645784432278,0.0042267606266333,0.0023786464631529,-0.0002115172520782,0.001498318405635,0.0005449914104614
DeepCNN1D-4block,depth_replication,external_depth_replication,conv.7:out:20,conv.7,20,46080.0,1.9244727,0.2217290747139486,0.0085094160289702,0.5400112050964692,0.0972154944125674,0.0033551933870483,-0.005082900657675,-0.0001489733815791,-0.0011492210177121
DeepCNN1D-4block,depth_replication,external_depth_replication,conv.7:out:21,conv.7,21,46080.0,1.9415692,0.0416478954357444,0.0001926487239095,0.7738942975498113,0.0642467615248271,0.013700832358981,-0.0056128530034507,-0.0011249159410221,-0.0037201587583673
DeepCNN1D-4block,depth_replication,external_depth_replication,conv.7:out:22,conv.7,22,46080.0,1.7351354,0.5463533763431769,0.0751280901500752,0.5292228076303601,0.0997515507885474,0.0078674090181073,0.0039450603106355,0.0018877051263973,0.0027960428884544
DeepCNN1D-4block,depth_replication,external_depth_replication,conv.7:out:23,conv.7,23,46080.0,1.6668024,0.0867881633330398,0.0015832421442633,0.6115797303718215,0.0270512680104535,0.0029853596907101,2.154805782089708e-05,0.0008927399519719,0.0004028197381671
DeepCNN1D-4block,depth_replication,external_depth_replication,conv.7:out:24,conv.7,24,46080.0,1.8726583,0.2265067948028445,0.0113078937580503,0.0338922505165062,0.0371954935143736,0.0081059365052816,0.0019013236877732,0.0011465021890483,0.000746401279545
DeepCNN1D-4block,depth_replication,external_depth_replication,conv.7:out:25,conv.7,25,46080.0,1.7567359,0.0491752590387477,0.0004891483641799,0.1867936793538085,0.0727002827780939,0.0042160546850025,-0.0001434206865085,0.0032481232722622,0.0012913926900065
DeepCNN1D-4block,depth_replication,external_depth_replication,conv.7:out:26,conv.7,26,46080.0,1.8557028,0.0426481840645465,0.0007379278995979,0.6746893954347775,0.00507211275196,0.0030642489917164,0.0006430342222135,0.0019038065516947,0.0006753154433979
DeepCNN1D-4block,depth_replication,external_depth_replication,conv.7:out:27,conv.7,27,46080.0,1.3201901,0.139816732551101,0.0029749603205986,0.5705645979524983,0.00253605637598,0.0044762133115035,0.0004331597254091,0.0025650534825899,0.0011492210177122
DeepCNN1D-4block,depth_replication,external_depth_replication,conv.7:out:28,conv.7,28,46080.0,1.9408969,0.1731210972902772,0.0162706832850689,0.1585550339867126,0.0676281700261338,0.0105457063317694,0.001219607507958,0.0019875330298552,0.0006753154433979
DeepCNN1D-4block,depth_replication,external_depth_replication,conv.7:out:29,conv.7,29,46080.0,1.8660128,0.1274486334004905,0.0012980171732677,0.9520292687261848,0.0397315498903536,0.010703343318032,-0.002215668657187,0.0009387414843861,-0.0005331437711036
DeepCNN1D-4block,depth_replication,external_depth_replication,conv.7:out:30,conv.7,30,46080.0,1.9505558,0.2367150043564834,0.0070750024307431,0.1543536325474043,0.0557932402715604,0.0097298466907886,-0.001028531673548,0.0053238426493027,0.002251051477993
DeepCNN1D-4block,depth_replication,external_depth_replication,conv.7:out:31,conv.7,31,46080.0,1.9109898,0.1379458818992134,0.0036034492831262,0.5103032497386853,0.0262059158851268,0.0046132102065419,0.0010359039119832,0.002848598066822,0.001575736034595
DeepCNN1D-4block,depth_replication,external_depth_replication,conv.7:out:32,conv.7,32,46080.0,1.7113906,0.4194037589368236,0.0218448010453187,0.1440028750192576,0.0617107051488471,0.0114053412636542,0.0008053565392549,0.0015965234384979,0.0004857532136721
DeepCNN1D-4block,depth_replication,external_depth_replication,conv.7:out:33,conv.7,33,46080.0,1.8327926,0.0879400772791996,0.0006624403743076,0.7173717261062347,0.0769270434047272,0.0076369241020337,0.0032250210968401,0.0085829815339611,0.0044547123985546
DeepCNN1D-4block,depth_replication,external_depth_replication,conv.7:out:34,conv.7,34,46080.0,1.7151029,0.3731376282830752,0.0083700218351085,0.2763130140951527,0.0431129583916603,0.0051934501287001,-0.0017845796672055,0.0004893019043277,-0.0002961909839464
DeepCNN1D-4block,depth_replication,external_depth_replication,conv.7:out:35,conv.7,35,46080.0,1.73096,0.1692973697245179,0.0030932460508061,0.1341339751217832,0.0143709861305534,0.0117918723368366,0.000903761921969,0.003671528344009,0.001409869083585
DeepCNN1D-4block,depth_replication,external_depth_replication,conv.7:out:36,conv.7,36,46080.0,1.8303919,0.9834992689957288,0.0525974140803523,0.0459871806705156,0.087916621033974,0.010735177276378,0.0034844620434571,0.0047538265564258,0.0043480836443338
DeepCNN1D-4block,depth_replication,external_depth_replication,conv.7:out:37,conv.7,37,46080.0,1.760403,0.1681736293758149,0.0034293508714526,0.1748355378976236,0.0650921136501538,0.0023372848157225,0.001496592145099,0.0041237560294298,0.0017416029856051
DeepCNN1D-4block,depth_replication,external_depth_replication,conv.7:out:38,conv.7,38,46080.0,1.7810247,0.0570141044440788,0.0013037207467271,0.1917987167235664,0.0287419722611068,0.0078481109661478,-0.0023250578485195,-0.0023919280379267,-0.0018363841004679
DeepCNN1D-4block,depth_replication,external_depth_replication,conv.7:out:39,conv.7,39,46080.0,2.0473244,0.0870906431073308,0.0085821958091282,0.5369720795717926,0.0946794380365874,0.0114405064960952,0.0085643922475383,0.0103778075422081,0.0055683904981932
DeepCNN1D-4block,depth_replication,external_depth_replication,conv.7:out:40,conv.7,40,46080.0,1.7588428,0.0276612600010821,0.0012978375390478,0.4510388861713912,0.0346594371383936,0.0082428099723682,-0.0097161042612899,-0.0074964060055251,-0.0054380664652568
DeepCNN1D-4block,depth_replication,external_depth_replication,conv.7:out:41,conv.7,41,46080.0,1.879825,0.1722060245047032,0.0085548465831795,0.9572943672535372,0.0481850711436203,0.0024069897528436,-0.0015636719023296,7.693144512310734e-05,-0.0005212961317457
DeepCNN1D-4block,depth_replication,external_depth_replication,conv.7:out:42,conv.7,42,46080.0,1.7501755,0.1294301435773377,0.0023788071952945,0.9541513368666424,0.0955247901619141,0.004215007410511,0.0040227295304925,0.009637778278389,0.0046798175463538
DeepCNN1D-4block,depth_replication,external_depth_replication,conv.7:out:43,conv.7,43,46080.0,1.774229,0.0608833226649494,0.0113806860262918,0.7965461104684304,0.0684735221514605,0.0108523072217069,-0.0029095263391645,7.77983131170501e-05,-0.0015283454771636
DeepCNN1D-4block,depth_replication,external_depth_replication,conv.7:out:44,conv.7,44,46080.0,1.7399231,0.6939426040921717,0.017084772252626,0.6715876339807033,0.1014422550392008,0.0118187070026194,0.0005546929362894,0.0048467860245214,0.0015520407558793
DeepCNN1D-4block,depth_replication,external_depth_replication,conv.7:out:45,conv.7,45,46080.0,1.7795241,0.889779073146201,0.0265975448685247,0.8450230915683464,0.0887619731593007,0.0271825155175955,0.0034809765893612,0.0128202990502777,0.0055328475801196
DeepCNN1D-4block,depth_replication,external_depth_replication,conv.7:out:46,conv.7,46,46080.0,1.8741728,0.2013711483805309,0.0052802046568204,0.9387518284798846,0.0405769020156803,0.0154677438947095,-0.0040563534499379,0.0023968935997801,0.0001421716722943
DeepCNN1D-4block,depth_replication,external_depth_replication,conv.7:out:47,conv.7,47,46080.0,1.9718755,0.2269484431858472,0.002603575211588,0.0226177288870027,0.0067628170026133,0.0158663550120111,0.0004418862639943,0.0055651396065559,0.0013743261655115
DeepCNN1D-4block,depth_replication,external_depth_replication,conv.7:out:48,conv.7,48,46080.0,2.0170233,0.0291729874606971,0.0001449887983872,0.1181052271508587,0.0059174648772867,0.005165948471309,0.0003833791603526,0.0026975525851323,0.0014572596410165
DeepCNN1D-4block,depth_replication,external_depth_replication,conv.7:out:49,conv.7,49,46080.0,1.8237497,0.3330979433922039,0.0140221050078607,0.3602638846836431,0.0236698595091468,0.0021955137977107,0.0002958829815132,0.0015066008151091,0.0003198862626621
DeepCNN1D-4block,depth_replication,external_depth_replication,conv.7:out:50,conv.7,50,46080.0,1.7174157,0.8050435850218491,0.1402194803528669,0.0935868530425997,0.0896073252846273,0.0113049530293206,-0.0072998678260209,-0.011452578524111,-0.0035187488892838
DeepCNN1D-4block,depth_replication,external_depth_replication,conv.7:out:51,conv.7,51,46080.0,1.5875041,0.0602887207645039,0.0007790887874029,0.5995244730532772,0.0912980295352807,0.0028768741111463,0.0003698214323558,0.0008215058104565,0.0007345536401871
DeepCNN1D-4block,depth_replication,external_depth_replication,conv.7:out:52,conv.7,52,46080.0,1.8591906,0.1934903141809627,0.0076291292592345,0.2603642223481086,0.0202884510078401,0.0047342323262601,-0.0002271680266247,-0.0002233766840481,-0.00033173390202
DeepCNN1D-4block,depth_replication,external_depth_replication,conv.7:out:53,conv.7,53,46080.0,1.06283,0.0010826907440559,6.76146451454065e-07,0.2643397291323255,0.0016907042506533,0.0001793003218929,-9.291874883982087e-05,-8.757658614122477e-05,-7.108583614712227e-05
DeepCNN1D-4block,depth_replication,external_depth_replication,conv.7:out:54,conv.7,54,46080.0,1.8678495,0.3345645489534945,0.0066148408791169,0.2883279886478656,0.0380408456397003,0.003548000441227,-0.0004832137663254,0.0015789014716931,0.0001184763935785
DeepCNN1D-4block,depth_replication,external_depth_replication,conv.7:out:55,conv.7,55,46080.0,1.710596,0.6167345975527496,0.0178692100094922,0.09771565758439,0.0659374657754805,0.004245336993888,0.0004204473310452,-0.0017362369043288,3.5542918073561136e-05
DeepCNN1D-4block,depth_replication,external_depth_replication,conv.7:out:56,conv.7,56,46080.0,1.8916926,0.0499377157175331,0.0008774273925366,0.7409444532381589,0.0152163382558801,0.0136536582392588,0.0002788100158681,0.0037733307235668,0.0013387832474379
DeepCNN1D-4block,depth_replication,external_depth_replication,conv.7:out:57,conv.7,57,46080.0,1.8796881,0.0054889724047064,9.667372615521206e-06,0.6506724295996501,0.1065143677911608,0.0161270942185879,-0.0207254936291447,-0.0097473365500609,-0.0066583733191161
DeepCNN1D-4block,depth_replication,external_depth_replication,conv.7:out:58,conv.7,58,46080.0,1.7758656,0.3374319725407986,0.0147559576383766,0.6065080906412624,0.0524118317702537,0.0133145028396646,-0.0016125611643204,-0.0008812631941447,-0.0012795450506486
DeepCNN1D-4block,depth_replication,external_depth_replication,conv.7:out:59,conv.7,59,46080.0,1.6511301,0.1216497428261789,0.0001908787593956,0.0340455822777754,0.1056690156658341,0.008032480723689,-0.0110903030879418,-0.0022293890669049,-0.0133878324743794
DeepCNN1D-4block,depth_replication,external_depth_replication,conv.7:out:60,conv.7,60,46080.0,1.8832605,0.4566663565237832,0.0109004121447462,0.4294641446388775,0.0963701422872407,0.0166217881045798,-0.0008687999886651,0.0059328447223125,0.0015638883952372
DeepCNN1D-4block,depth_replication,external_depth_replication,conv.7:out:61,conv.7,61,46080.0,1.8667188,0.211830926942639,0.0050494111729579,0.6852035898998426,0.043958310516987,0.0094325195303612,0.0015514936818266,0.0024245096202416,0.0011847639357858
DeepCNN1D-4block,depth_replication,external_depth_replication,conv.7:out:62,conv.7,62,46080.0,1.8646933,0.0163704280441834,8.135981681967053e-05,0.1563466499035863,0.0253605637598002,0.0023547531681568,0.0002797787045856,0.0014067154641631,0.0005212961317457
DeepCNN1D-4block,depth_replication,external_depth_replication,conv.7:out:63,conv.7,63,46080.0,1.9191308,0.1183589577995007,0.0018050623841677,0.3856578446575508,0.0363501413890469,0.0154955564786068,0.0002655358669825,-0.0022871726530835,-0.0010307446241336
DeepCNN1D-4block,depth_replication,external_depth_replication,conv.7:out:64,conv.7,64,46080.0,1.8188843,0.331985216054818,0.0042321193550879,0.0198341454699368,0.0574839445222137,0.0030933547172095,-0.0004922718767182,0.0018542210347319,0.0006753154433979
DeepCNN1D-4block,depth_replication,external_depth_replication,conv.7:out:65,conv.7,65,46080.0,1.8659576,0.2868602311103814,0.0050340430147932,0.081857997077242,0.0794630997807073,0.0028448431503193,0.0010159233705487,0.0009515946945017,0.0002369527871571
DeepCNN1D-4block,depth_replication,external_depth_replication,conv.7:out:66,conv.7,66,46080.0,1.7911483,0.1662032500466921,0.0024624319726936,0.2164535799990539,0.0160616903812067,0.0073318368517498,0.0002159279292528,0.001172585215782,0.0003672768200936
DeepCNN1D-4block,depth_replication,external_depth_replication,conv.7:out:67,conv.7,67,46080.0,1.9110631,0.5054137047400218,0.0096273763438261,0.4146501611412486,0.0456490147676403,0.0050455346300504,0.0008596800482278,0.0004370339506936,0.0002961909839464
DeepCNN1D-4block,depth_replication,external_depth_replication,conv.7:out:68,conv.7,68,46080.0,1.9302552,0.2291364828270161,0.0078658705990593,0.4632400362873798,0.0532571838955804,0.0140400697335536,0.0014796188013719,-0.0002353883649791,-0.0007937918369764
DeepCNN1D-4block,depth_replication,external_depth_replication,conv.7:out:69,conv.7,69,46080.0,1.9948848,0.6735246047546752,0.0390610821191732,0.884521531618113,0.0278966201357802,0.0268547385970154,-0.001019590852025,0.0021741128827456,0.0009359635092707
DeepCNN1D-4block,depth_replication,external_depth_replication,conv.7:out:70,conv.7,70,46080.0,1.8553116,0.1297327334723377,0.004655423756721,0.3166584421740133,0.046494366892967,0.003330260696475,0.0010067741605128,0.0015250110928889,0.0002606480658728
DeepCNN1D-4block,depth_replication,external_depth_replication,conv.7:out:71,conv.7,71,46080.0,2.0077899,3.568252729984124,0.193459370104757,0.0214638762771913,0.1039783114151808,0.0755377967615685,-0.030448628996554,-0.0122610752609028,-0.004833836858006
DeepCNN1D-4block,depth_replication,external_depth_replication,conv.7:out:72,conv.7,72,46080.0,1.719983,0.1587784834217345,0.0092105778946519,0.8262233467711652,0.0228245073838201,0.0072769259783638,0.0074941128447862,0.0035210783311296,0.0028434334458858
DeepCNN1D-4block,depth_replication,external_depth_replication,conv.7:out:73,conv.7,73,46080.0,1.7469667,0.1043384267031797,0.0017430224687282,0.0618469353735727,0.0608653530235204,0.0120960644770481,0.0027662325524296,0.0016221246470222,0.0012795450506486
DeepCNN1D-4block,depth_replication,external_depth_replication,conv.7:out:74,conv.7,74,46080.0,1.6796147,0.076615585951913,0.0006229789965798,0.0929919926622283,0.0118349297545734,0.0036942480636607,0.0026372715174764,0.0007279543258474,0.0008056394763343
DeepCNN1D-4block,depth_replication,external_depth_replication,conv.7:out:75,conv.7,75,46080.0,2.1025655,0.0423437125431291,0.0042335937183586,0.963181716739735,0.0135256340052267,0.0107412279959796,0.0023478278991649,0.0046184298736834,0.0024050707896451
DeepCNN1D-4block,depth_replication,external_depth_replication,conv.7:out:76,conv.7,76,46080.0,2.1621082,0.0474166077154905,0.0001698570374982,0.7533654181283584,0.1005969029138741,0.0048826205002222,-0.0094118999546782,-0.0128957454705008,-0.0118713346365736
DeepCNN1D-4block,depth_replication,external_depth_replication,conv.7:out:77,conv.7,77,46080.0,1.8308716,0.2034643375081941,0.001636176464979,0.337854202779255,0.0836898604073406,0.0037243793467586,-0.0008232545355489,0.0016641491920558,0.0001777145903678
DeepCNN1D-4block,depth_replication,external_depth_replication,conv.7:out:78,conv.7,78,46080.0,1.744882,0.4996950577769894,0.0246267416715255,0.1321788416191956,0.0921433816606074,0.0079981436008068,0.0014002298226846,0.001106026895323,0.00033173390202
DeepCNN1D-4block,depth_replication,external_depth_replication,conv.7:out:79,conv.7,79,46080.0,1.9346006,0.281308336139773,0.0398056394461332,0.3867305731718615,0.0185977467571868,0.0106572592258,0.0004228683708104,0.00125563434587,0.000580534328535
DeepCNN1D-4block,depth_replication,external_depth_replication,conv.7:out:80,conv.7,80,46080.0,1.8513547,0.1781324667155104,0.256177500055973,0.3391948927801735,0.0169070425065334,0.0117438920145239,0.0174013398969641,0.0089195894595962,0.003329186659558
DeepCNN1D-4block,depth_replication,external_depth_replication,conv.7:out:81,conv.7,81,46080.0,1.6099111,0.0739513911830727,0.0016141276780441,0.8744412014424732,0.0109895776292467,0.0029272315744987,0.0007145438774475,0.0003807508530643,0.0002488004265149
DeepCNN1D-4block,depth_replication,external_depth_replication,conv.7:out:82,conv.7,82,46080.0,1.9152312,0.2080850890088186,0.0056336054371044,0.41875301731404,0.0422676062663336,0.0025054694639927,-0.0018714584014686,-0.0005810416477219,-0.0007227060008293
DeepCNN1D-4block,depth_replication,external_depth_replication,conv.7:out:83,conv.7,83,46080.0,1.93587,0.0839715988877287,0.0015264393995255,0.082045006015622,0.0473397190182937,0.0125916112345127,0.001908199472517,0.0054213863918676,0.0016942124281736
DeepCNN1D-4block,depth_replication,external_depth_replication,conv.7:out:84,conv.7,84,46080.0,1.9502492,0.1904738201965301,0.0025518435061375,0.9268052023585862,0.0304326765117602,0.0039030909464307,-0.0014743987048935,-0.000453269812719,-0.0007345536401871
DeepCNN1D-4block,depth_replication,external_depth_replication,conv.7:out:85,conv.7,85,46080.0,1.8589513,0.3244869922118596,0.0221199434144409,0.6223133637152601,0.0177523946318601,0.0013933063248881,-0.0007489160087535,0.0003696793424683,-0.0002014098690835
DeepCNN1D-4block,depth_replication,external_depth_replication,conv.7:out:86,conv.7,86,46080.0,2.1115432,0.0718895978507134,0.0004617104100872,0.1167098567810022,0.0084535212532667,0.0165420211114086,0.0093500776348592,0.0140492160309199,0.0071085836147147
DeepCNN1D-4block,depth_replication,external_depth_replication,conv.7:out:87,conv.7,87,46080.0,1.6950006,0.599457277637157,0.0333693749963355,0.1131741600464223,0.0870712689086473,0.021511512584602,-0.0123544119220258,-0.0060768790906179,-0.0022747467567087
DeepCNN1D-4block,depth_replication,external_depth_replication,conv.7:out:88,conv.7,88,46080.0,2.047762,0.0003664553607496,9.333070198929456e-07,0.4659332411642642,0.0600200008981938,0.0479199278428671,0.0458635530609572,0.0184925634512174,0.0229844203542444
DeepCNN1D-4block,depth_replication,external_depth_replication,conv.7:out:89,conv.7,89,46080.0,1.4641705,0.0,0.0,0.0920889656891161,0.0008453521253266,0.000899050490037,0.0002441293927096,0.0004160061985438,0.0001540193116521
DeepCNN1D-4block,depth_replication,external_depth_replication,conv.7:out:90,conv.7,90,46080.0,1.7891511,0.2960902238992275,0.0083893273279347,0.6317521922027585,0.092988733785934,0.0151316307548407,0.0007983583775562,0.0056368347173527,0.0018008411823944
DeepCNN1D-4block,depth_replication,external_depth_replication,conv.7:out:91,conv.7,91,46080.0,1.8820088,0.3071087024072767,0.02462880024885,0.6163837910949103,0.041422254141007,0.0107207403396852,0.0005412671175962,5.7983616882251177e-05,7.108583614712227e-05
DeepCNN1D-4block,depth_replication,external_depth_replication,conv.7:out:92,conv.7,92,46080.0,1.9161631,0.0658808885328881,0.0012772123462453,0.0320813486181537,0.1048236635405075,0.0026115928924325,0.0002385779356411,-0.000396367151671,-0.0001184763935785
DeepCNN1D-4block,depth_replication,external_depth_replication,conv.7:out:93,conv.7,93,46080.0,1.8134714,0.0805794147308915,0.000675954486702,0.8074227810412945,0.0591746487728671,0.0097983152850657,-0.0010300644213935,0.0030727299182174,0.00099520170606
DeepCNN1D-4block,depth_replication,external_depth_replication,conv.7:out:94,conv.7,94,46080.0,1.8687621,0.2111851719455444,0.0025721073937745,0.7867947609394985,0.0693188742767872,0.0059975403628681,0.0006205529884663,0.0028045991180554,0.000746401279545
DeepCNN1D-4block,depth_replication,external_depth_replication,conv.7:out:95,conv.7,95,46080.0,1.8829654,0.0898575396468004,0.0005078502707829,0.9153082686153085,0.0211338031331668,0.0075765445702377,0.0008954441675617,0.0017037687494018,0.0005568390498192
DeepCNN1D-4block,depth_replication,external_depth_replication,conv.7:out:96,conv.7,96,46080.0,1.6727717,0.1840220410576876,0.0024099606268558,0.6703066467384771,0.0295873243864335,0.0048698600754823,-0.0004792376608764,-0.0006588314689699,-0.0003435815413778
DeepCNN1D-4block,depth_replication,external_depth_replication,conv.7:out:97,conv.7,97,46080.0,1.9757854,0.2383113102405332,0.0543707191589448,0.6928622323352233,0.0245152116344735,0.0105933614759597,0.0013498030172791,0.004759702456225,0.0007937918369764
DeepCNN1D-4block,depth_replication,external_depth_replication,conv.7:out:98,conv.7,98,46080.0,1.88839,1.6179577885486651,0.0634777884113191,0.1637416544531679,0.0980608465378941,0.0424812628260755,0.0022723081662094,0.0130255026655747,0.0045257982347017
DeepCNN1D-4block,depth_replication,external_depth_replication,conv.7:out:99,conv.7,99,46080.0,1.735429,0.1627109640539856,0.0074696099262427,0.0238888139788117,0.0219791552584935,0.0051095194295156,0.0006205569837554,0.0009457526306336,0.0004620579349564
DeepCNN1D-4block,depth_replication,external_depth_replication,conv.7:out:100,conv.7,100,46080.0,1.812895,0.1249778619112476,0.0047783286644383,0.0655631524184199,0.0338140850130669,0.0020777730126235,-0.0002191097578852,-0.0006840437918805,-0.0003791244594514
DeepCNN1D-4block,depth_replication,external_depth_replication,conv.7:out:101,conv.7,101,46080.0,1.8082399,0.487152281400995,0.0451618425891266,0.9644613401603572,0.0710095785274405,0.0126066399842827,0.0014206311708529,0.0088359136433826,0.0035187488892838
DeepCNN1D-4block,depth_replication,external_depth_replication,conv.7:out:102,conv.7,102,46080.0,1.8390582,0.2864747924850235,0.0208932288195,0.6457213655596336,0.0355047892637202,0.0130594792390381,0.0032586389417899,-0.000418278113247,0.00033173390202
DeepCNN1D-4block,depth_replication,external_depth_replication,conv.7:out:103,conv.7,103,46080.0,1.872361,0.1211991999152815,0.0008385854553618,0.9469066664934074,0.0321233807624135,0.0111832758219769,0.0029788984593384,0.0051675726759745,0.0022747467567086
DeepCNN1D-4block,depth_replication,external_depth_replication,conv.7:out:104,conv.7,104,46080.0,1.7853413,0.3282543521822845,0.0033867206945942,0.3493843588720956,0.0583292966475404,0.0033154470189198,-1.9391093565801487e-05,0.0012985568896141,0.0001540193116521
DeepCNN1D-4block,depth_replication,external_depth_replication,conv.7:out:105,conv.7,105,46080.0,1.9253135,1.0239761545162764,0.1115968094965547,0.755221576661414,0.0718549306527672,0.0076250838569694,-0.0012563632979988,0.0017225916203954,-0.0003554291807357
DeepCNN1D-4block,depth_replication,external_depth_replication,conv.7:out:106,conv.7,106,46080.0,1.8835592,0.2230029250367806,0.0089264243750601,0.0653989653616667,0.0566385923968871,0.0049718223251951,0.0003472299973239,0.0020600037991752,0.000580534328535
DeepCNN1D-4block,depth_replication,external_depth_replication,conv.7:out:107,conv.7,107,46080.0,1.6763362,0.600295349227963,0.0191155858182106,0.1662051655929711,0.0735456349034205,0.0077986193045983,-4.167215941042191e-05,0.0016105596297493,0.0007108583614715
DeepCNN1D-4block,depth_replication,external_depth_replication,conv.7:out:108,conv.7,108,46080.0,1.8191748,0.2613579793833196,0.0198442869534067,0.27713333487199,0.049030423268947,0.013127348013791,0.0008466410033175,0.0024337277831076,0.0013980214442272
DeepCNN1D-4block,depth_replication,external_depth_replication,conv.7:out:109,conv.7,109,46080.0,1.6968871,0.0273207755591897,0.0026774562573322,0.5503182517007417,0.0625560572741738,0.0112812537614742,0.0364158056109282,-0.0003107310506562,0.0054617617439725
DeepCNN1D-4block,depth_replication,external_depth_replication,conv.7:out:110,conv.7,110,46080.0,1.6984484,4.344632953882069,1.5150664066260926,0.55740888009091,0.1082050720418142,0.0387972314859785,-0.000507333693848,-0.0171699828636622,-0.0091345299449084
DeepCNN1D-4block,depth_replication,external_depth_replication,conv.7:out:111,conv.7,111,46080.0,1.9353967,0.0360429406209732,9.444534672020666e-05,0.4989864523070149,0.0701642264021139,0.0259251799931149,0.0082638362053245,0.0105541410473174,0.005663171613056
DeepCNN1D-4block,depth_replication,external_depth_replication,conv.7:out:112,conv.7,112,46080.0,1.895825,0.3284217182663269,0.0228736437420007,0.4244635846320775,0.0760816912794006,0.0162478612816891,0.0052602039332484,0.0011938278061274,0.0013032403293643
DeepCNN1D-4block,depth_replication,external_depth_replication,conv.7:out:113,conv.7,113,46080.0,1.9262676,0.2071101453984738,0.0055951159529206,0.5757051603390986,0.0819991561566873,0.0224792156156529,0.000228307503335,-0.001064831050192,-0.0005331437711036
DeepCNN1D-4block,depth_replication,external_depth_replication,conv.7:out:114,conv.7,114,46080.0,1.7520982,0.3950914969964287,0.0082600795803678,0.9666623953878384,0.082844508282014,0.0051479316303915,0.0042792395649625,0.0079886343885917,0.0045613411527752
DeepCNN1D-4block,depth_replication,external_depth_replication,conv.7:out:115,conv.7,115,46080.0,1.8775848,0.3780608571037192,0.0110102716935318,0.4580795604861192,0.0312780286370869,0.0054703671347758,0.0012082010379104,6.661391168039099e-05,-0.0001777145903678
DeepCNN1D-4block,depth_replication,external_depth_replication,conv.7:out:116,conv.7,116,46080.0,1.7224207,4.373030933376379,10.187806248872343,0.8374714217984048,0.1073597199164875,0.2545772529929032,0.0297194506445866,0.0710997316610588,0.017013210117884
DeepCNN1D-4block,depth_replication,external_depth_replication,conv.7:out:117,conv.7,117,46080.0,1.9840983,0.0489801360672572,0.0008495247403039,0.0558719650318711,0.0388861977650269,0.0074847663394247,0.0003433731568004,0.005661445242573,0.0017297553462472
DeepCNN1D-4block,depth_replication,external_depth_replication,conv.7:out:118,conv.7,118,46080.0,1.8057888,0.7276027533553133,0.0075832300090662,0.3855872572300576,0.0448036626423136,0.0290961229564772,0.0031303551949753,0.0128954506525559,0.0061963153841597
DeepCNN1D-4block,depth_replication,external_depth_replication,conv.7:out:119,conv.7,119,46080.0,1.9657245,0.074667975113698,0.0018955728132539,0.5604964436423991,0.01014422550392,0.0131555022069198,0.0037986179700239,0.005696486820097,0.0030685385936851
DeepCNN1D-4block,depth_replication,external_depth_replication,conv.7:out:120,conv.7,120,46080.0,1.8294604,0.0684707061909648,0.0037045531767167,0.6203205556549372,0.00760816912794,0.0067428947424627,5.341543355613654e-05,0.0027034445839536,0.0010307446241336
DeepCNN1D-4block,depth_replication,external_depth_replication,conv.7:out:121,conv.7,121,46080.0,1.9555919,0.849851129117269,0.0904974623845128,0.2500183399320113,0.0938340859112607,0.0195187854005827,0.002869108489997,0.0125062800617127,0.0038741780700195
DeepCNN1D-4block,depth_replication,external_depth_replication,conv.7:out:122,conv.7,122,46080.0,1.6685588,0.1054740340669013,0.0036955163852854,0.3992910134865952,0.0194430988825134,0.0017479708749431,-0.0012721360336423,0.0006615550536556,-0.0004028197381671
DeepCNN1D-4block,depth_replication,external_depth_replication,conv.7:out:123,conv.7,123,46080.0,1.7531197,0.2285362262628041,0.0078905902455791,0.94700616873569,0.0862259167833207,0.0083951902842973,0.0049528017089015,0.005848124722239,0.0028552810852437
DeepCNN1D-4block,depth_replication,external_depth_replication,conv.7:out:124,conv.7,124,46080.0,1.8326619,0.2149313252284628,0.0038222813830819,0.648850754011949,0.0507211275196004,0.0155403909578758,-0.0001617744228348,0.0019757203862252,0.00016586695101
DeepCNN1D-4block,depth_replication,external_depth_replication,conv.7:out:125,conv.7,125,46080.0,1.8295707,0.3877567316949353,0.0050625075802795,0.5849662484122946,0.0743909870287472,0.0171654278980354,0.0001611338933366,0.0018665187219546,7.108583614712227e-05
DeepCNN1D-4block,depth_replication,external_depth_replication,conv.7:out:126,conv.7,126,46080.0,1.7733095,0.046853068162818,0.0024551196673559,0.0652987105198409,0.0092988733785934,0.0031268516293211,-0.0002727121729063,0.00062973579347,0.0003198862626621
DeepCNN1D-4block,depth_replication,external_depth_replication,conv.7:out:127,conv.7,127,46080.0,1.675746,0.0626907940732053,0.0002759648497372,0.0521762576431477,0.0126802818799001,0.0010585224229981,-0.0005445890488639,0.0011695764111284,8.293347550497598e-05
DeepCNN1D-4block,depth_replication,external_depth_replication,conv.10:out:0,conv.10,0,15428.0,1.9779223,0.1530374779458725,0.0017809497800744,0.2113984478320646,0.0034110177729191,0.0036830401891897,0.001359854096999,0.0004598230541711,0.0004383626562407
DeepCNN1D-4block,depth_replication,external_depth_replication,conv.10:out:1,conv.10,1,15428.0,2.1571994,0.5516020184570607,0.0477843115473264,0.137822775848633,0.0040261193385274,0.0031298742297451,0.0003700224521332,-0.0005646618127668,-0.0003554291807357
DeepCNN1D-4block,depth_replication,external_depth_replication,conv.10:out:2,conv.10,2,15428.0,1.5735352,0.0037988518268443,2.6500725777341046e-06,0.9837499292732876,0.0030755078280418,0.0004523211405836,-0.0002393511661242,-0.0002163734990459,-0.0001421716722943
DeepCNN1D-4block,depth_replication,external_depth_replication,conv.10:out:3,conv.10,3,15428.0,1.9745874,0.2115729235483741,0.0093319334098654,0.0027471476026641,0.0090028501875405,0.0020419771515464,2.922517761566601e-05,0.0003866397777081,4.739055743141485e-05
DeepCNN1D-4block,depth_replication,external_depth_replication,conv.10:out:4,conv.10,4,15428.0,1.8012044,0.0703772777492304,0.00012637710183,0.3658435291805171,0.0019012230209713,0.0012945865854263,0.0009280108335802,0.0005940314949168,0.0003435815413778
DeepCNN1D-4block,depth_replication,external_depth_replication,conv.10:out:5,conv.10,5,15428.0,1.9235041,0.0602738280595076,0.0002611190034111,0.0584224496238016,0.0087232585668095,0.0025975313356157,-1.5466400762775834e-05,0.0006719615939327,0.0001540193116521
DeepCNN1D-4block,depth_replication,external_depth_replication,conv.10:out:6,conv.10,6,15428.0,2.0376315,0.0491108273890859,0.0001110625313973,0.6400105583176766,0.0040820376626736,0.0019790697176597,-0.00064942669789,3.8846069457032506e-05,-0.0006160772466086
DeepCNN1D-4block,depth_replication,external_depth_replication,conv.10:out:7,conv.10,7,15428.0,1.9360071,0.0706026545158238,0.0001664583874376,0.0465332020748591,0.0112395831533891,0.0019286757187107,8.715090066763187e-05,-0.0001106088326064,-0.0001777145903678
DeepCNN1D-4block,depth_replication,external_depth_replication,conv.10:out:8,conv.10,8,15428.0,1.996995,0.1538772524954765,0.0008324896144366,0.0684096355417223,0.0118546847189975,0.0031715202965805,-0.0005220632812902,0.0017360531410461,0.0004620579349564
DeepCNN1D-4block,depth_replication,external_depth_replication,conv.10:out:9,conv.10,9,15428.0,1.9751321,0.1223940675675976,0.0022302641014352,0.0799425056081188,0.0092824418082716,0.0023137873415777,0.0001951030885659,0.0008929899694627,0.0002251051477993
DeepCNN1D-4block,depth_replication,external_depth_replication,conv.10:out:10,conv.10,10,15428.0,2.443785,0.0127062362790582,4.444183384562024e-05,0.2717851313028795,0.0059832606836449,0.0014947757219358,-0.0005380306777917,0.000398965712184,-4.739055743141485e-05
DeepCNN1D-4block,depth_replication,external_depth_replication,conv.10:out:11,conv.10,11,15428.0,1.9110438,0.5786877469868159,0.0197928305455356,0.5763580679966506,0.0129171328777756,0.0068508258888964,0.0003567160759702,-0.0001099730708653,-0.0002961909839464
DeepCNN1D-4block,depth_replication,external_depth_replication,conv.10:out:12,conv.10,12,15428.0,1.7887216,0.2490841267053838,0.0039504176418316,0.8054486176308537,0.0048089758765744,0.0005151754829046,0.0001942899558936,-0.0001102303343585,-0.0001540193116521
DeepCNN1D-4block,depth_replication,external_depth_replication,conv.10:out:13,conv.10,13,15428.0,1.8306521,0.1085274702827518,0.0004890264039494,0.2671915845012608,0.0045853025799896,0.0055127204322877,-0.0020735370534959,-0.0001397389978528,-0.00016586695101
DeepCNN1D-4block,depth_replication,external_depth_replication,conv.10:out:14,conv.10,14,15428.0,1.8800911,0.0811374701625027,0.0003835766198876,0.2831710565694664,0.0095620334290027,0.0037006610827397,0.0005770971974842,0.0019587789026568,0.0006279248859664
DeepCNN1D-4block,depth_replication,external_depth_replication,conv.10:out:15,conv.10,15,15428.0,1.7807302,0.6192447420247618,0.2188481186516776,0.824482143951937,0.0094501967807103,0.0010387928816637,-0.0014004210810428,-0.0014878397729541,-0.0010662875422072
DeepCNN1D-4block,depth_replication,external_depth_replication,conv.10:out:16,conv.10,16,15428.0,1.8800718,0.3972307087060471,0.0040249472741259,0.7459483801763226,0.0131967244985067,0.0061816846471706,0.0024555078226147,0.0035583065737038,0.0016942124281736
DeepCNN1D-4block,depth_replication,external_depth_replication,conv.10:out:17,conv.10,17,15428.0,1.9435868,0.1611977999139071,0.0015043861191648,0.1268147483573346,0.0120783580155824,0.0013220629282962,-0.0003417875502086,0.0002234335179093,-0.0003672768200936
DeepCNN1D-4block,depth_replication,external_depth_replication,conv.10:out:18,conv.10,18,15428.0,1.9385346,0.1852177056330219,0.0089434458645242,0.8063489347063569,0.0092265234841254,0.004478264086534,0.0008467027688503,-0.0005736555311703,9.47811148628852e-05
DeepCNN1D-4block,depth_replication,external_depth_replication,conv.10:out:19,conv.10,19,15428.0,1.9126272,0.2565934568701777,0.0070874040435238,0.8312511086352812,0.0115191747741202,0.0125437228305559,0.0004289607893857,0.0047338668548261,0.0017179077068893
DeepCNN1D-4block,depth_replication,external_depth_replication,conv.10:out:20,conv.10,20,15428.0,1.900569,0.2084871415227098,0.0012390992785112,0.1778257835671058,0.0126934595811907,0.0017329544065521,1.3370705220117074e-05,0.0015476190133597,0.0003198862626621
DeepCNN1D-4block,depth_replication,external_depth_replication,conv.10:out:21,conv.10,21,15428.0,1.9269078,0.2940981117368437,0.0022165788702962,0.6269479985725536,0.0131408061743605,0.0066690894979277,0.0002574941299621,0.0012955146044996,0.0004028197381671
DeepCNN1D-4block,depth_replication,external_depth_replication,conv.10:out:22,conv.10,22,15428.0,1.8710067,0.2404143232124624,0.0007956477222484,0.1967436218212379,0.0093942784565641,0.0022090007524947,0.0003764170766026,0.0003301038734967,5.923819678932407e-05
DeepCNN1D-4block,depth_replication,external_depth_replication,conv.10:out:23,conv.10,23,15428.0,1.7439238,0.2132711538361036,0.0018140478367908,0.2434927120280825,0.0071575454907155,0.0003611137283719,0.0001198799974974,0.0005383241781026,0.0001303240329364
DeepCNN1D-4block,depth_replication,external_depth_replication,conv.10:out:24,conv.10,24,15428.0,1.9734308,0.0706908302609008,0.0018657855614503,0.494005755328642,0.0010065298346318,0.0039899982599467,0.0004369125946463,0.0008794943807792,0.0003554291807357
DeepCNN1D-4block,depth_replication,external_depth_replication,conv.10:out:25,conv.10,25,15428.0,1.9111263,0.1751159302266387,0.0074949059444293,0.5222200279508085,0.006766117221692,0.0071686079224885,0.001610658816645,0.0006630050586258,0.0003198862626621
DeepCNN1D-4block,depth_replication,external_depth_replication,conv.10:out:26,conv.10,26,15428.0,1.8915462,0.2040383754263075,0.0108406382700289,0.4790335153981873,0.0028518345314569,0.0067276188002789,3.2560750638455094e-05,-0.0009135476302422,-0.0003791244594514
DeepCNN1D-4block,depth_replication,external_depth_replication,conv.10:out:27,conv.10,27,15428.0,2.0389085,0.2816778044916646,0.0022989963228386,0.5411410533042087,0.0110718281809505,0.0029648672994816,-6.318152467416072e-05,0.0013693079908823,0.0005331437711036
DeepCNN1D-4block,depth_replication,external_depth_replication,conv.10:out:28,conv.10,28,15428.0,1.8180182,0.5326384338443404,0.0306359435383449,0.2131646764254524,0.0076048920838852,0.0004304366683975,-0.0005214621859345,-0.0009113816096166,-0.0004383626562407
DeepCNN1D-4block,depth_replication,external_depth_replication,conv.10:out:29,conv.10,29,15428.0,1.8742703,0.0503779151142111,0.0005545973131828,0.7785803681279121,0.001565713076094,0.0008582338600561,0.0003333513636544,0.0008819398538904,4.739055743141485e-05
DeepCNN1D-4block,depth_replication,external_depth_replication,conv.10:out:30,conv.10,30,15428.0,1.9353902,0.1492716824050148,0.0005259932188367,0.2778484120286083,0.0053122407938904,0.0022761511856712,0.0008595490910579,0.0013766377483661,0.0005094484923878
DeepCNN1D-4block,depth_replication,external_depth_replication,conv.10:out:31,conv.10,31,15428.0,1.8612987,0.1236313141598657,0.0051578798031213,0.9126832897191104,0.0098416250497338,0.0040912882179722,-0.000247478570275,0.001191627827524,0.000414667377525
DeepCNN1D-4block,depth_replication,external_depth_replication,conv.10:out:32,conv.10,32,15428.0,2.0141444,0.0286004385343403,0.0001362083305713,0.5151553035895896,0.0013979581036553,0.0005296128869433,0.0002541947691061,0.0003747101202133,5.923819678932407e-05
DeepCNN1D-4block,depth_replication,external_depth_replication,conv.10:out:33,conv.10,33,15428.0,1.9815823,0.1046049632823269,0.0013721906779832,0.3036840529445848,0.0039702010143812,0.0042154289380911,0.0009566397094786,0.0013876936822444,0.0002843433445886
DeepCNN1D-4block,depth_replication,external_depth_replication,conv.10:out:34,conv.10,34,15428.0,1.907009,0.0586675842641852,0.0001494465273922,0.1743839025083001,0.0065983622492533,0.0018341966066897,-0.0005202979500969,9.372037229793406e-05,-0.0001303240329364
DeepCNN1D-4block,depth_replication,external_depth_replication,conv.10:out:35,conv.10,35,15428.0,1.913797,0.0555196187915498,0.0002792029140322,0.4852039624160302,0.0031873444763342,0.0005082283082696,0.0001953505906097,0.000514876874049,0.0001066287542207
DeepCNN1D-4block,depth_replication,external_depth_replication,conv.10:out:36,conv.10,36,15428.0,2.095672,0.18491284960146,0.0014396048247518,0.3762973001513523,0.0113514198016816,0.0026632630456328,0.0021166273955968,0.0002809287204671,0.0001777145903678
DeepCNN1D-4block,depth_replication,external_depth_replication,conv.10:out:37,conv.10,37,15428.0,2.017417,0.1236230215617979,0.0042328110540584,0.6230937907219327,0.0025163245865796,0.0013659031105686,0.0001081456211538,0.0007497002122508,9.47811148628852e-05
DeepCNN1D-4block,depth_replication,external_depth_replication,conv.10:out:38,conv.10,38,15428.0,1.9404057,0.3405642161308151,0.0163712686812405,0.4984595826229498,0.0125816229328983,0.0074760660239698,3.650990528603071e-05,0.0001682206386438,3.5542918073561136e-05
DeepCNN1D-4block,depth_replication,external_depth_replication,conv.10:out:39,conv.10,39,15428.0,1.9582796,0.0083080183359243,1.5478559550085496e-05,0.0369596980006967,0.011463256449974,0.0023588123252897,-0.0008154107599755,-0.0001814807791099,-0.0005331437711036
DeepCNN1D-4block,depth_replication,external_depth_replication,conv.10:out:40,conv.10,40,15428.0,1.9718363,0.0649424841321888,0.0002138433390476,0.8330947688085336,0.0104567266153421,0.0039320095456518,-0.0002407481101671,0.0006827010626393,0.0001777145903678
DeepCNN1D-4block,depth_replication,external_depth_replication,conv.10:out:41,conv.10,41,15428.0,1.853517,0.2025295249495684,0.0035545596744155,0.0516739391193959,0.0038583643660888,0.0010078286991824,-0.0001844716931441,0.0004989670058959,9.47811148628852e-05
DeepCNN1D-4block,depth_replication,external_depth_replication,conv.10:out:42,conv.10,42,15428.0,1.637271,0.0016015583319373,8.063714879336522e-07,0.8275951638592104,0.0016775497243864,0.0012988666793445,-0.0008930480455692,-0.0004020468687891,-0.0004502102955986
DeepCNN1D-4block,depth_replication,external_depth_replication,conv.10:out:43,conv.10,43,15428.0,2.0406241,0.1086007926151069,0.0007123013898764,0.8127496434167762,0.006262852304376,0.0024224657552924,-0.0004973428480836,0.000203939501787,-0.0002606480658728
DeepCNN1D-4block,depth_replication,external_depth_replication,conv.10:out:44,conv.10,44,15428.0,1.7380203,0.049044376461552,7.851451053048249e-05,0.9239831252875618,0.0006151015656083,0.0001511433142679,-0.0001463514199727,-0.0001627225857511,-0.0001540193116521
DeepCNN1D-4block,depth_replication,external_depth_replication,conv.10:out:45,conv.10,45,15428.0,1.8495274,0.1700711236132406,0.000769427599435,0.6644010411515328,0.0139795810365537,0.0159565325515106,0.0008162884301962,0.000919385079201,0.0002961909839464
DeepCNN1D-4block,depth_replication,external_depth_replication,conv.10:out:46,conv.10,46,15428.0,1.9433506,0.2517465526875639,0.0015227808417291,0.1606236341053505,0.0041938743109661,0.0020714059986106,0.0004457239580601,0.0008107493034829,0.0003554291807357
DeepCNN1D-4block,depth_replication,external_depth_replication,conv.10:out:47,conv.10,47,15428.0,1.9327831,0.0381678969165122,0.0006631260410108,0.4419294114540377,0.0001118366482924,0.0017124038259646,6.025337757809002e-05,0.0008959252169237,0.0004265150168828
DeepCNN1D-4block,depth_replication,external_depth_replication,conv.10:out:48,conv.10,48,15428.0,1.8752882,0.0501401161513967,0.0001336641792018,0.4394326601704705,0.0017893863726788,0.0012210852414442,-0.0003852299071918,0.0008136636838652,3.5542918073561136e-05
DeepCNN1D-4block,depth_replication,external_depth_replication,conv.10:out:49,conv.10,49,15428.0,1.847475,0.0811481381488192,0.000679609537917,0.6323329864819148,0.0034669360970653,0.0012047882160207,-1.3321308498515094e-05,0.0007115713226472,8.293347550497598e-05
DeepCNN1D-4block,depth_replication,external_depth_replication,conv.10:out:50,conv.10,50,15428.0,2.0177686,0.0458822343729252,0.0012638289929494,0.3811375324040436,0.0044175476075509,0.0052414422060581,-0.0013807025098248,-0.0010458560587275,-0.0004383626562407
DeepCNN1D-4block,depth_replication,external_depth_replication,conv.10:out:51,conv.10,51,15428.0,1.9353036,0.1011377729810192,0.0007716884331726,0.6756780879691183,0.0059273423594987,0.0021108074091089,0.0026475345356583,0.0039523762854319,0.0021088798056986
DeepCNN1D-4block,depth_replication,external_depth_replication,conv.10:out:52,conv.10,52,15428.0,1.801297,0.0484880920812429,0.0001730995405701,0.2039073800978377,0.0088910135392481,0.0014774368974757,6.428254210755213e-05,0.0002098616395963,-3.5542918073561136e-05
DeepCNN1D-4block,depth_replication,external_depth_replication,conv.10:out:53,conv.10,53,15428.0,1.7728585,0.1259790735784918,0.0004781835283106,0.3533507781465587,0.0089469318633943,0.0015160960826349,0.0009279889456153,0.0004017807626123,0.0001303240329364
DeepCNN1D-4block,depth_replication,external_depth_replication,conv.10:out:54,conv.10,54,15428.0,1.9652398,0.0702099394095512,0.0012400312744586,0.5433134112873544,0.0013420397795091,0.0033119519295429,-0.0009794829672367,-0.0013403310815676,-0.0003198862626621
DeepCNN1D-4block,depth_replication,external_depth_replication,conv.10:out:55,conv.10,55,15428.0,1.8569207,0.5571208062153801,0.030212085696674,0.427651051214449,0.007548973759739,0.0013440573619473,-0.0015182077426172,-0.0013467471427685,-0.0008174871156921
DeepCNN1D-4block,depth_replication,external_depth_replication,conv.10:out:56,conv.10,56,15428.0,2.0716257,0.029844687221896,0.0002491036771727,0.1225256507690002,5.59183241462149e-05,0.0023304144025137,-0.0001806844957938,-0.0005219149671802,-8.293347550497598e-05
DeepCNN1D-4block,depth_replication,external_depth_replication,conv.10:out:57,conv.10,57,15428.0,1.9071058,0.0838212714168094,0.0024817331697715,0.9658281207625043,0.0026281612348721,0.0034383159218518,-0.0002325315038645,0.000999362753126,0.0002488004265149
DeepCNN1D-4block,depth_replication,external_depth_replication,conv.10:out:58,conv.10,58,15428.0,2.0078845,0.2253798250239924,0.0025112705001408,0.6912954021364714,0.0060391790077912,0.0012267382706425,0.0005479364466452,0.0008676327919283,0.0003791244594514
DeepCNN1D-4block,depth_replication,external_depth_replication,conv.10:out:59,conv.10,59,15428.0,1.8122629,0.2159334029438468,0.0014613889597427,0.8330350777910258,0.0058714240353525,0.0029132815004461,-0.0002818601854204,7.703445640205864e-05,2.3695278715707424e-05
DeepCNN1D-4block,depth_replication,external_depth_replication,conv.10:out:60,conv.10,60,15428.0,2.0887105,1.270231595619748,0.0795909992499841,0.3574607462891465,0.0141473360089923,0.0219945352581389,0.0019000573410363,0.0087625522567278,0.0025827853800129
DeepCNN1D-4block,depth_replication,external_depth_replication,conv.10:out:61,conv.10,61,15428.0,2.0998285,0.0934097081535583,0.0016372208741819,0.9448959101690874,0.0022926512899948,0.0046724199566926,0.0009908961452365,0.0002199025627559,-2.3695278715707424e-05
DeepCNN1D-4block,depth_replication,external_depth_replication,conv.10:out:62,conv.10,62,15428.0,2.2104928,0.1377837234249455,0.003108536255877,0.8124471005528425,0.0128612145536294,0.0035873585501247,0.0006179909434842,0.0014502147262062,9.47811148628852e-05
DeepCNN1D-4block,depth_replication,external_depth_replication,conv.10:out:63,conv.10,63,15428.0,1.9313985,0.8327056106672899,0.0646832968532154,0.979506245587886,0.0101771349946111,0.0027937471787511,-0.0017194624861475,-0.0018198112850152,-0.0008648776731235
DeepCNN1D-4block,depth_replication,external_depth_replication,conv.10:out:64,conv.10,64,15428.0,1.9314826,0.0958478525499231,0.0008726558718649,0.1973942523898054,0.0117428480707051,0.0032394697292562,0.0015472890744464,0.0024321280138295,0.0011729162964279
DeepCNN1D-4block,depth_replication,external_depth_replication,conv.10:out:65,conv.10,65,15428.0,1.9203537,0.0942835156274668,0.0007527267912396,0.4771694766007426,0.0108481548843656,0.0019678350210422,0.0006565430314259,0.0015308638755723,0.0006871630827557
DeepCNN1D-4block,depth_replication,external_depth_replication,conv.10:out:66,conv.10,66,15428.0,1.9704897,0.050486284730141,0.0005253268355889,0.3858489940723694,0.0105126449394884,0.0021408096231341,0.0007052766837893,0.0015186746749683,0.0003554291807357
DeepCNN1D-4block,depth_replication,external_depth_replication,conv.10:out:67,conv.10,67,15428.0,1.955906,0.128754120686267,0.0011251865317138,0.613894995603037,0.0073812187873003,0.0016629262845343,0.0002451926581092,-0.0003176789095358,-8.293347550497598e-05
DeepCNN1D-4block,depth_replication,external_depth_replication,conv.10:out:68,conv.10,68,15428.0,1.9769608,0.0891597127465502,0.000585802619513,0.2502197336679601,0.002348569614141,0.0034701870669952,0.0010714081816892,0.0029391679128243,0.0011847639357858
DeepCNN1D-4block,depth_replication,external_depth_replication,conv.10:out:69,conv.10,69,15428.0,2.153014,0.1028687715247542,0.0036873807605717,0.1004722897506863,0.0139236627124075,0.0061391534231993,0.0008317855165587,-0.0001538807568101,0.0001421716722943
DeepCNN1D-4block,depth_replication,external_depth_replication,conv.10:out:70,conv.10,70,15428.0,2.102884,0.0225254593469799,8.517583940286302e-05,0.4766165868289146,0.0011742848070705,0.0030060838606145,0.0001772960328688,0.0005524497057606,0.0002014098690835
DeepCNN1D-4block,depth_replication,external_depth_replication,conv.10:out:71,conv.10,71,15428.0,2.072197,0.231593408137769,0.0013186455875927,0.6394719365196334,0.0125257046087521,0.0034758077067037,-0.0002725184508971,0.000744331753211,0.0002488004265149
DeepCNN1D-4block,depth_replication,external_depth_replication,conv.10:out:72,conv.10,72,15428.0,2.0651016,0.0170299921128389,0.0001130527389562,0.3840154184913098,0.0057036690629139,0.0056031945279209,-0.0010148175458529,-0.001510965706543,-0.0001066287542207
DeepCNN1D-4block,depth_replication,external_depth_replication,conv.10:out:73,conv.10,73,15428.0,2.0547934,0.5529741461533604,0.0540780935197912,0.9874393427162872,0.0135881527675302,0.0045420830268757,-0.0021635069941052,-0.0055757027405812,-0.0029619098394644
DeepCNN1D-4block,depth_replication,external_depth_replication,conv.10:out:74,conv.10,74,15428.0,1.9233527,0.1544948452610697,0.0009384817696594,0.4059887721488981,0.0121901946638748,0.002944284551244,0.0002489357099242,0.0003683353136914,0.0001184763935785
DeepCNN1D-4block,depth_replication,external_depth_replication,conv.10:out:75,conv.10,75,15428.0,1.8705425,0.0594067674996949,0.0002412601584484,0.299815542437813,0.0019571413451175,0.0019793474024239,0.0013185525381138,0.0011822931970868,0.0005331437711036
DeepCNN1D-4block,depth_replication,external_depth_replication,conv.10:out:76,conv.10,76,15428.0,1.9429076,0.5163077727147538,0.0194659579471312,0.8138978250995115,0.0057595873870601,0.0018695537423036,-0.0007358798672286,-0.0013875508637118,-0.0005568390498192
DeepCNN1D-4block,depth_replication,external_depth_replication,conv.10:out:77,conv.10,77,15428.0,1.9355811,0.1847154831802981,0.0033611602388984,0.466689803032796,0.0048648942007206,0.0019811845202236,0.0005822859701377,-0.0002251826581909,2.3695278715707424e-05
DeepCNN1D-4block,depth_replication,external_depth_replication,conv.10:out:78,conv.10,78,15428.0,1.9324287,0.5953160155640944,0.0198440774252374,0.2732167826992071,0.0136440710916764,0.005175462430506,0.0022832897885126,0.0017616068492823,0.0007227060008293
DeepCNN1D-4block,depth_replication,external_depth_replication,conv.10:out:79,conv.10,79,15428.0,1.9122056,0.0760761183742602,0.0019557197943384,0.2864910244716064,0.0046412209041358,0.0097548281845199,-0.0001287553591629,-0.0013432330860866,-0.0004620579349564
DeepCNN1D-4block,depth_replication,external_depth_replication,conv.10:out:80,conv.10,80,15428.0,1.8192312,0.3886766595824156,0.0163516489738191,0.9471557892442384,0.0052004041455979,0.0004474680147479,-0.0002372068882364,0.0001904340569095,-0.0001303240329364
DeepCNN1D-4block,depth_replication,external_depth_replication,conv.10:out:81,conv.10,81,15428.0,1.9480047,0.0343290725948008,9.829080484651843e-05,0.961736748159922,0.0061510156560836,0.0014563192397504,-0.0005184524877293,0.0019692864042123,5.923819678932407e-05
DeepCNN1D-4block,depth_replication,external_depth_replication,conv.10:out:82,conv.10,82,15428.0,1.9746214,0.0987720306929986,0.0015686664101464,0.6462368962429871,0.0063187706285222,0.0017393364951891,-0.0006802900901269,-3.885672227377235e-05,-0.0004857532136721
DeepCNN1D-4block,depth_replication,external_depth_replication,conv.10:out:83,conv.10,83,15428.0,1.8907976,0.147598918343192,0.0028067252037977,0.2787679766747637,0.0062069339802298,0.0024113890672293,0.0016901040400971,0.0023366776225323,0.00099520170606
DeepCNN1D-4block,depth_replication,external_depth_replication,conv.10:out:84,conv.10,84,15428.0,1.8930384,0.0671917917952669,0.0001137262954168,0.7113690437189849,0.0081640753253473,0.0009520854048997,1.5876640320544588e-05,1.425831261947508e-07,-9.47811148628852e-05
DeepCNN1D-4block,depth_replication,external_depth_replication,conv.10:out:85,conv.10,85,15428.0,1.8686234,0.2980317921019662,0.1053891597052159,0.2167694819361088,0.0105685632636346,0.0056899609829002,-0.0007157680782042,-0.0071365505311016,-0.0036846158402938
DeepCNN1D-4block,depth_replication,external_depth_replication,conv.10:out:86,conv.10,86,15428.0,1.9189947,0.0666753291252462,0.0003043491864155,0.3220846874139359,0.0011183664829242,0.0026811741300443,0.0002186784459333,-0.0001095388247666,-0.0001184763935785
DeepCNN1D-4block,depth_replication,external_depth_replication,conv.10:out:87,conv.10,87,15428.0,1.8180496,0.0942060751112876,0.0010633286967491,0.5417363597027655,0.0030195895038956,0.0012706591255465,0.0002855780080146,0.0002869069849591,-3.5542918073561136e-05
DeepCNN1D-4block,depth_replication,external_depth_replication,conv.10:out:88,conv.10,88,15428.0,1.9199756,0.2461900215807873,0.0040203802707953,0.4011441611645456,0.0115750930982664,0.0015714437597272,0.000254564093449,0.0002853632284828,-0.0002132575084414
DeepCNN1D-4block,depth_replication,external_depth_replication,conv.10:out:89,conv.10,89,15428.0,1.891729,0.3125906980667423,0.004925402221216,0.3510238626345868,0.0082199936494935,0.0020122888878232,0.0005495248758689,0.0009613700160765,0.0003554291807357
DeepCNN1D-4block,depth_replication,external_depth_replication,conv.10:out:90,conv.10,90,15428.0,1.8086574,0.0906515189471974,0.0012778857543542,0.974134429486488,0.001062448158778,0.0009570430548289,-0.0008513421159379,-0.0001250104678846,-0.0004857532136721
DeepCNN1D-4block,depth_replication,external_depth_replication,conv.10:out:91,conv.10,91,15428.0,1.888241,0.7149105382814014,0.0180274999872803,0.170206174479749,0.0142032543331385,0.0215511536662838,0.0011365110926116,0.0023662136430803,0.0007582489189029
DeepCNN1D-4block,depth_replication,external_depth_replication,conv.10:out:92,conv.10,92,15428.0,1.7932328,0.048853087188263,0.0001041596154564,0.6137785589494178,0.0065424439251071,0.001773570768717,-0.0004900520649585,-0.0002733083880874,-0.0002606480658728
DeepCNN1D-4block,depth_replication,external_depth_replication,conv.10:out:93,conv.10,93,15428.0,2.0156798,0.3870461261130913,0.0259948466398693,0.0385413894838495,0.0069897905182768,0.0031535184694775,-0.0024204873987569,-0.0018789549386628,-0.0014217167229429
DeepCNN1D-4block,depth_replication,external_depth_replication,conv.10:out:94,conv.10,94,15428.0,1.9140491,0.2109289548898232,0.0011681727464726,0.0917147371339044,0.013532234443384,0.0075838734006505,-0.0002929549974612,0.0008939520583445,0.0001303240329364
DeepCNN1D-4block,depth_replication,external_depth_replication,conv.10:out:95,conv.10,95,15428.0,1.8248378,0.1968685351534986,0.0017901593560619,0.2099960050117245,0.0064865256009609,0.0015398049363197,-0.0005731554137264,-0.000499469736063,-0.0002488004265149
DeepCNN1D-4block,depth_replication,external_depth_replication,conv.10:out:96,conv.10,96,15428.0,1.9999496,0.1423523146149818,0.0012368788111478,0.9916861960144648,0.003914282690235,0.0099808899604701,0.0022987860056635,0.0021812580775051,0.0012913926900065
DeepCNN1D-4block,depth_replication,external_depth_replication,conv.10:out:97,conv.10,97,15428.0,1.8935658,0.0089751374451907,1.2957683907618978e-05,0.7264246392278,0.001845304696825,0.0015375047571336,0.0006062254115146,0.0001022271459368,5.923819678932407e-05
DeepCNN1D-4block,depth_replication,external_depth_replication,conv.10:out:98,conv.10,98,15428.0,2.0018442,0.2261402258886846,0.0126566537508061,0.8680380956291989,0.0096179517531489,0.0062576528027366,-0.0027843388914586,-0.0019615081523106,-0.0016468218707422
DeepCNN1D-4block,depth_replication,external_depth_replication,conv.10:out:99,conv.10,99,15428.0,2.1907516,0.0314751051319035,0.0010131143927609,0.0494837846367165,0.0027399978831645,0.0027598155379575,0.0011287714897742,0.0029110093368939,0.001244002132575
DeepCNN1D-4block,depth_replication,external_depth_replication,conv.10:out:100,conv.10,100,15428.0,1.956537,0.1268015080568147,0.0005462575438227,0.6814384526526729,0.0121342763397286,0.00359323771897,0.0004102994253545,0.0016143728188405,0.0007582489189029
DeepCNN1D-4block,depth_replication,external_depth_replication,conv.10:out:101,conv.10,101,15428.0,1.9038281,0.1059585405091638,0.0003629891774767,0.4399364794360058,0.0120224396914362,0.0025133776568746,0.0002846633865282,0.0011902783114667,0.0003791244594514
DeepCNN1D-4block,depth_replication,external_depth_replication,conv.10:out:102,conv.10,102,15428.0,1.7675419,0.0489832693115204,0.000647150481816,0.4164199485553493,0.0009506115104856,0.0019110986716476,0.0008826806881064,0.0009671034661115,0.0001421716722943
DeepCNN1D-4block,depth_replication,external_depth_replication,conv.10:out:103,conv.10,103,15428.0,1.9706035,0.068809798010534,0.0001067067655911,0.7082547942479717,0.0134763161192377,0.0044227523378687,0.0013020942513218,0.00160949130071,0.0010544399028493
DeepCNN1D-4block,depth_replication,external_depth_replication,conv.10:out:104,conv.10,104,15428.0,1.9034277,0.2370115006237938,0.0014906281743743,0.3083189505355805,0.0124697862846059,0.0039610448317587,0.0001207130937367,0.0008373457936967,8.293347550497598e-05
DeepCNN1D-4block,depth_replication,external_depth_replication,conv.10:out:105,conv.10,105,15428.0,1.9759562,0.1574967727756302,0.0007447338235938,0.5134678232710247,0.007045708842423,0.0035034307005173,-0.0005637047150373,0.0007941022761934,0.0001184763935785
DeepCNN1D-4block,depth_replication,external_depth_replication,conv.10:out:106,conv.10,106,15428.0,2.0295124,0.0233113292033522,8.163215306056237e-05,0.2607247218237164,0.0049208125248669,0.0012979842131063,-0.0004144919025403,0.001008062351555,-0.0002961909839464
DeepCNN1D-4block,depth_replication,external_depth_replication,conv.10:out:107,conv.10,107,15428.0,1.8916808,0.0424265529181866,5.0609238526067024e-05,0.3914040705924085,0.0020689779934099,0.0009674011847345,3.822705328004883e-06,0.0002820852028577,-2.3695278715707424e-05
DeepCNN1D-4block,depth_replication,external_depth_replication,conv.10:out:108,conv.10,108,15428.0,2.067139,0.0427009475886279,0.0011373436914383,0.5333261752047522,0.0055918324146214,0.0072541563851783,0.0029104584015623,0.0049240917034458,0.0026064806587287
DeepCNN1D-4block,depth_replication,external_depth_replication,conv.10:out:109,conv.10,109,15428.0,1.956546,0.1512174680037787,0.0015793247358599,0.1578810028262631,0.0117987663948513,0.0031948336228254,-0.0008759447761756,-0.00014413319408,-0.0005686866891772
DeepCNN1D-4block,depth_replication,external_depth_replication,conv.10:out:110,conv.10,110,15428.0,1.9136034,0.1120230746755623,0.0015239254806004,0.2761871219052035,0.0085555035943708,0.0037712171974109,0.0011662629024602,0.0013522190778976,0.000414667377525
DeepCNN1D-4block,depth_replication,external_depth_replication,conv.10:out:111,conv.10,111,15428.0,2.0190969,0.0295386702737232,0.0006344663197948,0.4204059052215403,0.000782856538047,0.0042275911413304,0.0005679988684281,0.0016311745617891,0.0002132575084414
DeepCNN1D-4block,depth_replication,external_depth_replication,conv.10:out:112,conv.10,112,15428.0,1.9026133,0.1946025135202944,0.0035562445964032,0.4727479785281554,0.0025722429107258,0.000770599377803,0.0003376886954105,0.0011170451843871,0.0001777145903678
DeepCNN1D-4block,depth_replication,external_depth_replication,conv.10:out:113,conv.10,113,15428.0,1.9815868,0.1111743108540395,0.001574317839822,0.8000039680110183,0.0097297884014413,0.0102733162689523,-0.0015437146698988,0.0012435939570634,-0.0006279248859664
DeepCNN1D-4block,depth_replication,external_depth_replication,conv.10:out:114,conv.10,114,15428.0,1.7985858,0.1211013353340604,0.0010066368931502,0.6429501138675994,0.0004473465931697,0.0005979606694228,-0.0006568172221336,0.0005453242425323,0.0
DeepCNN1D-4block,depth_replication,external_depth_replication,conv.10:out:115,conv.10,115,15428.0,2.1895146,0.0379619495055294,0.0050189567215555,0.5624900665221173,0.0016216314002402,0.0119428869845736,-0.0029593373174623,0.0002171994987186,-0.0015164978378058
DeepCNN1D-4block,depth_replication,external_depth_replication,conv.10:out:116,conv.10,116,15428.0,2.060587,0.4555194562053657,0.0079466038472757,0.8698673937003966,0.0072693821390079,0.0011755012401386,0.0003604576473264,0.0006492807263202,0.0001066287542207
DeepCNN1D-4block,depth_replication,external_depth_replication,conv.10:out:117,conv.10,117,15428.0,1.8967639,0.0451401837685807,0.0004115350241403,0.1973488647767637,0.0041379559868199,0.0064256381352407,0.0014914270307331,0.0020073288790593,0.0012084592145015
DeepCNN1D-4block,depth_replication,external_depth_replication,conv.10:out:118,conv.10,118,15428.0,2.0403066,0.1506944038972051,0.0020621042925089,0.1040830351780349,0.0020130596692637,0.0067333727473372,0.0004494918037399,0.0009861997558041,0.0001777145903678
DeepCNN1D-4block,depth_replication,external_depth_replication,conv.10:out:119,conv.10,119,15428.0,1.8667156,0.0415881029734919,0.0006598008488605,0.3937252133677354,0.0027959162073107,0.0021194730485754,-0.0002214942124482,-0.0004303672253643,-0.0003672768200936
DeepCNN1D-4block,depth_replication,external_depth_replication,conv.10:out:120,conv.10,120,15428.0,2.0662506,0.402470314540551,0.0034603021082211,0.1371899555572782,0.0102889716429035,0.0009729203050065,0.000317710150326,0.0007496808480279,0.0001777145903678
DeepCNN1D-4block,depth_replication,external_depth_replication,conv.10:out:121,conv.10,121,15428.0,1.7659013,0.0519173034645064,0.0008255225292465,0.5559810381008665,0.0006710198897545,0.0014639967972801,0.0002365894381734,0.0002672922312066,0.0001184763935785
DeepCNN1D-4block,depth_replication,external_depth_replication,conv.10:out:122,conv.10,122,15428.0,1.9717762,0.4880558479662795,0.0107611604847199,0.5736433320658848,0.0104008082911959,0.0059671259570218,0.0006643579319891,0.0007909971938736,0.0005686866891772
DeepCNN1D-4block,depth_replication,external_depth_replication,conv.10:out:123,conv.10,123,15428.0,1.9034823,0.088357273210704,0.0005211607121262,0.1315935497496901,0.0084436669460784,0.0042916688565425,0.00071185144604,0.0017361712285708,0.0007582489189029
DeepCNN1D-4block,depth_replication,external_depth_replication,conv.10:out:124,conv.10,124,15428.0,2.1470244,0.0554630630358587,0.0002559570635973,0.7160539946963933,0.0002236732965848,0.0009714838415744,0.000210022519038,3.081387526582269e-05,-1.1847639357853712e-05
DeepCNN1D-4block,depth_replication,external_depth_replication,conv.10:out:125,conv.10,125,15428.0,1.8314573,0.0422134480731983,3.383862622920869e-05,0.5565394834256112,0.0068220355458382,0.0009890490030485,-0.0011136227573646,-0.0008278267239612,-0.0007345536401871
DeepCNN1D-4block,depth_replication,external_depth_replication,conv.10:out:126,conv.10,126,15428.0,1.9241542,0.2342720492997614,0.0058297813825624,0.4231819942696411,0.0110159098568043,0.0038106917458245,0.0017585527465441,0.0034352129236385,0.0020733368876251
DeepCNN1D-4block,depth_replication,external_depth_replication,conv.10:out:127,conv.10,127,15428.0,1.927404,0.0783940350102057,0.0006909633254219,0.917481773299308,0.0036346910695039,0.0041292088857781,-0.0014751630866433,-0.0001268877714603,-0.0004383626562407
DeepCNN1D-4block,depth_replication,external_depth_replication,conv.10:out:128,conv.10,128,15428.0,1.9795979,0.1116314252749361,0.0030687457194578,0.8559122943833432,0.0111277465050967,0.0016134125224515,-0.0005360927129393,-6.915757797210098e-06,-0.0003791244594514
DeepCNN1D-4block,depth_replication,external_depth_replication,conv.10:out:129,conv.10,129,15428.0,2.0424445,0.475847809295999,0.0679008665240477,0.2209691637648669,0.0091706051599792,0.0051187588803919,-0.0009861334522057,-0.0021990258780675,-0.0014572596410165
DeepCNN1D-4block,depth_replication,external_depth_replication,conv.10:out:130,conv.10,130,15428.0,1.909809,0.123706628646687,0.0056876592205948,0.166583176525819,0.0044734659316971,0.0016362982810061,-0.0014959265810791,-0.0012343703299702,-0.0004857532136721
DeepCNN1D-4block,depth_replication,external_depth_replication,conv.10:out:131,conv.10,131,15428.0,1.8896956,0.3319104627670413,0.0093836595737501,0.9155364039147176,0.008331830297786,0.0033782062075643,0.0004966143917466,0.0018092671256473,0.0006871630827557
DeepCNN1D-4block,depth_replication,external_depth_replication,conv.10:out:132,conv.10,132,15428.0,2.0137696,0.0710289509970607,0.0001261381714202,0.1572518885137706,0.0123020313121672,0.002070936470682,-0.000135475282161,-0.0005698264523716,-0.0001421716722943
DeepCNN1D-4block,depth_replication,external_depth_replication,conv.10:out:133,conv.10,133,15428.0,1.8889117,0.1266733264783397,0.0011590158633648,0.7572063264186215,0.0052563224697442,0.0008207019033186,0.0005782458470198,0.0006289927609901,0.00016586695101
DeepCNN1D-4block,depth_replication,external_depth_replication,conv.10:out:134,conv.10,134,15428.0,2.058364,0.3974108561333196,0.0183013599187019,0.3125170158121136,0.010680399911927,0.0135973745966904,-0.0019039133727839,0.0031005350296143,0.000746401279545
DeepCNN1D-4block,depth_replication,external_depth_replication,conv.10:out:135,conv.10,135,15428.0,2.0468524,0.0806869920015742,0.0001873468593736,0.3611853466325139,0.0109040732085119,0.0011676655028382,-0.0012216369743184,-0.0014233233454636,-0.0011136780996386
DeepCNN1D-4block,depth_replication,external_depth_replication,conv.10:out:136,conv.10,136,15428.0,1.7252475,0.1819519617274636,0.001515917905691,0.5537246459677773,0.0106244815877808,0.0023896107603055,0.0003847302992998,0.0009769416430085,0.0002961909839464
DeepCNN1D-4block,depth_replication,external_depth_replication,conv.10:out:137,conv.10,137,15428.0,2.0119634,0.0913910848648811,0.0010509159352577,0.9259641674233372,0.005479995766329,0.0047940486246746,-0.0012164012198885,-0.0010496677797526,-0.000912268230555
DeepCNN1D-4block,depth_replication,external_depth_replication,conv.10:out:138,conv.10,138,15428.0,1.9263211,0.1676500394114555,0.0007048653571112,0.0020568430646198,0.0063746889526684,0.0042124608726596,-0.0013888595978497,0.0024893490480379,0.0007108583614715
DeepCNN1D-4block,depth_replication,external_depth_replication,conv.10:out:139,conv.10,139,15428.0,1.7847968,0.0453526093442633,0.0010995296972182,0.1622873344023199,0.0077167287321776,0.0030149642063335,-0.0031265408464373,-0.0017410517420587,-0.0014572596410165
DeepCNN1D-4block,depth_replication,external_depth_replication,conv.10:out:140,conv.10,140,15428.0,1.8211029,0.1185669275291729,0.0005388892432853,0.7202117786599489,0.0095061151048565,0.0015685143262004,0.0015938022928675,0.0008301558805782,0.0002488004265149
DeepCNN1D-4block,depth_replication,external_depth_replication,conv.10:out:141,conv.10,141,15428.0,1.9602274,0.1423188159897108,0.0008426751168312,0.3944665294244958,0.0079963203529087,0.0028161963745557,0.0009677729485944,0.0009969192399361,0.0006042296072507
DeepCNN1D-4block,depth_replication,external_depth_replication,conv.10:out:142,conv.10,142,15428.0,1.8246864,0.2842721810302464,0.0017730527595148,0.2878104198967977,0.0076608104080314,0.0014616927326239,-8.598090680916881e-05,-0.0007551049235451,-0.0005212961317457
DeepCNN1D-4block,depth_replication,external_depth_replication,conv.10:out:143,conv.10,143,15428.0,1.9977275,0.0492918199160499,0.0004815900556966,0.9628956581275414,0.0017334680485326,0.0047617593705737,0.0011736951418329,0.0006725776209884,0.0004265150168828
DeepCNN1D-4block,depth_replication,external_depth_replication,conv.10:out:144,conv.10,144,15428.0,2.0273135,0.1595354151841093,0.00218908558723,0.2640284233242796,0.0058155057112063,0.0046434200177481,0.0007299517119352,0.0021842470787636,0.0013032403293643
DeepCNN1D-4block,depth_replication,external_depth_replication,conv.10:out:145,conv.10,145,15428.0,1.741215,0.0782135159788595,0.0008412223193188,0.7141669578683888,0.0035228544212115,0.0031177675500449,-0.0001725524905152,-0.0003108042047822,-0.0003080386233043
DeepCNN1D-4block,depth_replication,external_depth_replication,conv.10:out:146,conv.10,146,15428.0,2.058575,0.2523132144669944,0.0045022034986139,0.964225669092555,0.0119106030431437,0.0037218194927233,-0.0002904097880621,0.0001929281755794,-0.0003909720988092
DeepCNN1D-4block,depth_replication,external_depth_replication,conv.10:out:147,conv.10,147,15428.0,2.0083518,0.099888423919765,0.0010418358023415,0.7627660562464376,0.0129730512019218,0.0020278247835326,0.0009800322859602,0.0009934374859236,0.0004383626562407
DeepCNN1D-4block,depth_replication,external_depth_replication,conv.10:out:148,conv.10,148,15428.0,1.9560142,0.052168049035572,0.000181943797452,0.7094140359205118,0.004697139228282,0.0030995132379294,-0.0015119361115227,0.000486891131287,-0.0002843433445886
DeepCNN1D-4block,depth_replication,external_depth_replication,conv.10:out:149,conv.10,149,15428.0,1.8981135,0.0683339721499578,0.0003309623740576,0.7232067127676901,0.0066542805733995,0.0050499293550073,0.0004163435560868,0.0015064033627018,0.000746401279545
DeepCNN1D-4block,depth_replication,external_depth_replication,conv.10:out:150,conv.10,150,15428.0,1.8093171,0.2535669135398848,0.0163572921174514,0.8052261068309458,0.0101212166704648,0.0017297087414252,-0.003531613917905,-0.0035143485514173,-0.0024050707896451
DeepCNN1D-4block,depth_replication,external_depth_replication,conv.10:out:151,conv.10,151,15428.0,1.9045804,0.1283988071463682,0.0010283834296518,0.2712136489199229,0.0126375412570445,0.0054312129880903,0.0002678154846881,0.0002120312852855,0.0002369527871571
DeepCNN1D-4block,depth_replication,external_depth_replication,conv.10:out:152,conv.10,152,15428.0,1.8894751,0.3513237297811429,0.0046728028258884,0.6266867251784247,0.0132526428226529,0.0051206007053859,0.0009423406102768,0.0015060702208281,0.0007819441976186
DeepCNN1D-4block,depth_replication,external_depth_replication,conv.10:out:153,conv.10,153,15428.0,1.9868013,0.3134452843264625,0.0171334224453717,0.802885894043567,0.0096738700772951,0.0075939330640345,0.0025228402949309,0.0044654472732065,0.0025235471832237
DeepCNN1D-4block,depth_replication,external_depth_replication,conv.10:out:154,conv.10,154,15428.0,1.8945123,0.7520127639826679,0.4018666237241725,0.8882296412968325,0.0107363182360732,0.0003927694168238,-0.001154517215445,-0.0048320652532599,-0.0012795450506486
DeepCNN1D-4block,depth_replication,external_depth_replication,conv.10:out:155,conv.10,155,15428.0,1.8404001,0.1393518505356041,0.0003831509090445,0.9058341532080582,0.0107922365602194,0.0030586889671259,0.0001340229491905,0.0005710534071198,0.0002369527871571
DeepCNN1D-4block,depth_replication,external_depth_replication,conv.10:out:156,conv.10,156,15428.0,1.8209897,0.0727954525427776,0.0003964932655979,0.903896393587496,0.009114686835833,0.0027107852532867,0.0002032608395441,0.0002356592613025,4.739055743141485e-05
DeepCNN1D-4block,depth_replication,external_depth_replication,conv.10:out:157,conv.10,157,15428.0,1.843354,0.2643856149770727,0.0029281352564896,0.0976337994648727,0.0093383601324178,0.0028922738817341,-1.700793479575413e-05,-9.074145628718e-05,-8.293347550497598e-05
DeepCNN1D-4block,depth_replication,external_depth_replication,conv.10:out:158,conv.10,158,15428.0,2.1850436,0.0400190535856381,0.0002645985602195,0.3764060873778814,0.0014538764278015,0.0010421542489411,0.0001374670566841,0.0005326821424647,5.923819678932407e-05
DeepCNN1D-4block,depth_replication,external_depth_replication,conv.10:out:159,conv.10,159,15428.0,1.8308069,0.0732742212021548,0.0004416113549114,0.4563920834904191,0.0079404020287625,0.0023240311572916,0.0022715081868818,0.0036855881453859,0.0018126888217522
DeepCNN1D-4block,depth_replication,external_depth_replication,conv.10:out:160,conv.10,160,15428.0,1.8393161,0.3494567079869739,0.0032656318430465,0.8916854039669163,0.0138677443882612,0.0043614849044769,0.0008374903334195,0.0017096739716188,0.0009833540667022
DeepCNN1D-4block,depth_replication,external_depth_replication,conv.10:out:161,conv.10,161,15428.0,1.916647,0.1196726021844369,0.0004216686296145,0.4192536193798634,0.0055359140904752,0.0011964462299607,0.0001141829230397,0.000576114363686,9.47811148628852e-05
DeepCNN1D-4block,depth_replication,external_depth_replication,conv.10:out:162,conv.10,162,15428.0,2.0447323,0.0327198197244342,7.731452032074676e-05,0.2649121033591305,0.0087791768909557,0.0007842356346437,-0.0001690551056701,0.0008212502442177,-7.108583614712227e-05
DeepCNN1D-4block,depth_replication,external_depth_replication,conv.10:out:163,conv.10,163,15428.0,2.1646903,0.0157328365531554,0.0007328542598096,0.0198587731592583,0.000279591620731,0.0040592201706729,0.0004450323598714,0.0030218425260233,0.0011018304602807
DeepCNN1D-4block,depth_replication,external_depth_replication,conv.10:out:164,conv.10,164,15428.0,1.9547421,0.1271318960202734,0.0005255651860037,0.2887542777621654,0.0033550994487728,0.0044089255390514,0.0013663996012118,0.001156692844619,0.0005331437711036
DeepCNN1D-4block,depth_replication,external_depth_replication,conv.10:out:165,conv.10,165,15428.0,1.924433,0.188184155136696,0.0023755827381091,0.7807241847334279,0.0050885674973055,0.0024349805673327,-0.0003869306790524,0.0004233179708243,-8.293347550497598e-05
DeepCNN1D-4block,depth_replication,external_depth_replication,conv.10:out:166,conv.10,166,15428.0,2.0858545,0.1534885851579019,0.0023255555803263,0.0201709380598515,0.0100652983463186,0.0033002414653995,-2.162452516335512e-05,0.0014761311096257,0.0002251051477993
DeepCNN1D-4block,depth_replication,external_depth_replication,conv.10:out:167,conv.10,167,15428.0,1.8585502,0.1239262152157607,0.0003301374294057,0.1649939279484876,0.0102330533187573,0.0014419215835823,0.0001070492356795,0.0005882595347418,0.0002132575084414
DeepCNN1D-4block,depth_replication,external_depth_replication,conv.10:out:168,conv.10,168,15428.0,1.9912801,0.3136539451520548,0.0047613598097104,0.3109684208465644,0.0053681591180366,0.0032767572906543,0.0002936467580175,-2.3444567729624662e-05,-0.0001184763935785
DeepCNN1D-4block,depth_replication,external_depth_replication,conv.10:out:169,conv.10,169,15428.0,1.7792573,0.3966174848646915,0.0085038882219558,0.5320110718845206,0.0116310114224126,0.0016217573467781,0.0001177753553182,0.0001521057965964,-5.923819678932407e-05
DeepCNN1D-4block,depth_replication,external_depth_replication,conv.10:out:170,conv.10,170,15428.0,1.9419175,0.0126565628714523,0.0004446010158078,0.3630433181948137,0.0140914176848461,0.0078916328635523,-1.1372259206610114e-05,-0.0002792478813393,-0.0002132575084414
DeepCNN1D-4block,depth_replication,external_depth_replication,conv.10:out:171,conv.10,171,15428.0,1.9592503,0.0767591806479686,0.0012171380150504,0.8826396945897659,0.0024044879382872,0.0048020363421681,9.035572784982238e-05,0.0015821705599766,0.0007819441976186
DeepCNN1D-4block,depth_replication,external_depth_replication,conv.10:out:172,conv.10,172,15428.0,2.0426826,0.2145948858048996,0.0035129790672754,0.2074776288518643,0.0045293842558434,0.0030873606923243,0.0013870993966271,0.0014067590663974,0.00049760085303
DeepCNN1D-4block,depth_replication,external_depth_replication,conv.10:out:173,conv.10,173,15428.0,2.0178022,0.0775856869586277,0.0006987001420042,0.5616344004190236,0.0037465277177963,0.0011291151572126,-8.595830056518095e-05,0.0004309161643958,4.739055743141485e-05
DeepCNN1D-4block,depth_replication,external_depth_replication,conv.10:out:174,conv.10,174,15428.0,1.8124034,0.0377402555989192,7.636235122019091e-05,0.7778175051376995,0.0067101988975457,0.0023018747235896,0.0006712237123733,0.0009506441846154,0.0004857532136721
DeepCNN1D-4block,depth_replication,external_depth_replication,conv.10:out:175,conv.10,175,15428.0,1.9586691,0.1786090996467351,0.0004602109401835,0.9296082290939864,0.0136999894158226,0.0080859471905819,0.0003427647830077,0.0018233648944721,0.0005568390498192
DeepCNN1D-4block,depth_replication,external_depth_replication,conv.10:out:176,conv.10,176,15428.0,2.0821307,0.5678058272269482,0.0504987800101954,0.8734802733413756,0.0099534616980262,0.0084084262643022,0.0021016447612383,0.0072005398830776,0.0022747467567086
DeepCNN1D-4block,depth_replication,external_depth_replication,conv.10:out:177,conv.10,177,15428.0,1.7320541,0.2588775858057488,0.0144484851423854,0.1355210037406805,0.0035787727453577,0.0003181498783861,-0.0004789128193546,-0.0002684553781583,-0.0002606480658728
DeepCNN1D-4block,depth_replication,external_depth_replication,conv.10:out:178,conv.10,178,15428.0,2.226296,0.3206862045126399,0.0176031446182522,0.7918000796455894,0.0029636711797493,0.0057230284915616,0.0007329437090231,0.0007011048160083,0.0002132575084414
DeepCNN1D-4block,depth_replication,external_depth_replication,conv.10:out:179,conv.10,179,15428.0,1.5870248,0.0062851006506718,1.8786848967312824e-05,0.6753462694980112,0.0036906093936501,0.0003197575036889,-0.0006058043873128,-0.0003020132823051,-0.0002132575084414
DeepCNN1D-4block,depth_replication,external_depth_replication,conv.10:out:180,conv.10,180,15428.0,1.8701975,0.1075749826429728,0.0014016059510361,0.4216035573870036,0.0064306072768147,0.0005261580013181,-0.0012011306157893,-0.0005155368356911,-0.0005212961317457
DeepCNN1D-4block,depth_replication,external_depth_replication,conv.10:out:181,conv.10,181,15428.0,2.0584674,2.1847484616916404,0.8321123979610944,0.0255670989624631,0.0134203977950915,0.0034337009993604,-0.0046741389407381,-0.0050361683767351,-0.0028197381671701
DeepCNN1D-4block,depth_replication,external_depth_replication,conv.10:out:182,conv.10,182,15428.0,2.200958,0.0370439515736507,6.773720375054942e-05,0.1679814709579863,0.0001677549724386,0.0114222810057,-0.0007319133506939,-0.0003156326881585,-0.0003909720988092
DeepCNN1D-4block,depth_replication,external_depth_replication,conv.10:out:183,conv.10,183,15428.0,1.8819577,0.0161391930596437,3.4014694503814447e-05,0.7494608262320578,0.0005591832414621,0.0017154058662078,2.8795727840980057e-05,0.0003160478047753,5.923819678932407e-05
DeepCNN1D-4block,depth_replication,external_depth_replication,conv.10:out:184,conv.10,184,15428.0,1.9364325,0.5284307635915866,0.0112488660108519,0.0840047677767746,0.0116869297465589,0.001155027777224,0.0005067677306508,0.0010209328687662,0.0004265150168828
DeepCNN1D-4block,depth_replication,external_depth_replication,conv.10:out:185,conv.10,185,15428.0,1.9895587,0.2544139079982415,0.0013560545258841,0.3126499249880641,0.0128052962294832,0.0025200479436064,-5.2915554771493234e-05,-1.1834385092002186e-05,-0.0001066287542207
DeepCNN1D-4block,depth_replication,external_depth_replication,conv.10:out:186,conv.10,186,15428.0,1.8896816,0.0486314888316883,0.000436996056812,0.2552124382766044,0.0021248963175561,0.0009762963331047,0.0005117413204299,0.0011147063128207,0.0004620579349564
DeepCNN1D-4block,depth_replication,external_depth_replication,conv.10:out:187,conv.10,187,15428.0,1.9416072,0.1512834846316764,0.0013052646229515,0.7461008968986407,0.0127493779053369,0.0021800711218717,0.0003387290778512,0.001120218754719,0.0002488004265149
DeepCNN1D-4block,depth_replication,external_depth_replication,conv.10:out:188,conv.10,188,15428.0,1.9070338,0.0858636820175888,0.000483225085163,0.3590598291763175,0.0068779538699844,0.0018592390829399,0.0004066120849943,0.0007882662417035,0.0002014098690835
DeepCNN1D-4block,depth_replication,external_depth_replication,conv.10:out:189,conv.10,189,15428.0,2.0347495,0.6771863269161713,0.068957205148824,0.0871882409887518,0.0140354993606999,0.0288647715383034,-0.001830639936317,0.0026107305375027,0.0008648776731235
DeepCNN1D-4block,depth_replication,external_depth_replication,conv.10:out:190,conv.10,190,15428.0,1.9394742,0.1855339066195531,0.009404242904048,0.3704421018161166,0.0119665213672899,0.0060507087473052,-2.0804327482082385e-05,0.0009345973936014,0.0002014098690835
DeepCNN1D-4block,depth_replication,external_depth_replication,conv.10:out:191,conv.10,191,15428.0,1.9680414,0.0381556153049587,0.0002904246529682,0.3268298767186818,0.0012302031312167,0.0069293992295716,0.0003455022452865,0.001405171257589,0.0009359635092707
DeepCNN1D-4block,depth_replication,external_depth_replication,conv.10:out:192,conv.10,192,15428.0,1.9117452,0.2246017117904557,0.0123871457970585,0.7170213673193974,0.0051444858214517,0.0020753805711174,-0.0003584104476702,0.0003903302745071,-1.1847639357853712e-05
DeepCNN1D-4block,depth_replication,external_depth_replication,conv.10:out:193,conv.10,193,15428.0,1.9172382,0.1497509201784623,0.0014557191373279,0.3201222201986879,0.0022367329658485,0.0022304656684801,0.0006985215419519,0.0035921370422873,0.0005212961317457
DeepCNN1D-4block,depth_replication,external_depth_replication,conv.10:out:194,conv.10,194,15428.0,1.922131,0.3234791305885665,0.0045623296821882,0.6936156490920399,0.0142591726572847,0.0033642277684667,-0.0003288403415239,0.0007950541386514,-0.0003198862626621
DeepCNN1D-4block,depth_replication,external_depth_replication,conv.10:out:195,conv.10,195,15428.0,2.1451359,0.3194552858581119,0.0106843277000747,0.538594453433759,0.0082759119736398,0.0033414938085295,0.0007183502172669,0.0002880194533445,2.3695278715707424e-05
DeepCNN1D-4block,depth_replication,external_depth_replication,conv.10:out:196,conv.10,196,15428.0,2.0736868,0.0235038113423797,6.34238007747312e-05,0.8877328287244716,0.0056477507387677,0.0039718803745009,0.0026644921168811,0.004297089592111,0.0021444227237722
DeepCNN1D-4block,depth_replication,external_depth_replication,conv.10:out:197,conv.10,197,15428.0,2.0516353,0.0143237960821807,4.179439425723748e-05,0.7333651729435877,0.0032432628004804,0.0025370641067006,-0.0011691378117498,-0.0023309137542916,-0.0007108583614715
DeepCNN1D-4block,depth_replication,external_depth_replication,conv.10:out:198,conv.10,198,15428.0,1.8559947,0.1452821716629841,0.0011963144155605,0.4079187425363865,0.0077726470563238,0.0005057647460698,0.0002911576574207,0.0003362153963267,0.0001540193116521
DeepCNN1D-4block,depth_replication,external_depth_replication,conv.10:out:199,conv.10,199,15428.0,1.9906954,0.1955049783537106,0.0040512795432015,0.4849095181984443,0.0081081570012011,0.0035307441515959,0.0002222883448806,0.000578446724025,0.0002251051477993
DeepCNN1D-4block,depth_replication,external_depth_replication,conv.10:out:200,conv.10,200,15428.0,1.9411513,0.9158495770082116,0.1468917051938357,0.4713857598653367,0.008611421918517,0.0046686630215597,0.0010534292344839,0.0019558428759993,0.0006279248859664
DeepCNN1D-4block,depth_replication,external_depth_replication,conv.10:out:201,conv.10,201,15428.0,2.0646954,0.0846922616465235,0.0011641184697197,0.871702397518525,0.0137559077399688,0.0035143344547594,-0.000102269917468,-0.0010270027154332,-0.0006042296072507
DeepCNN1D-4block,depth_replication,external_depth_replication,conv.10:out:202,conv.10,202,15428.0,1.9403117,0.2025425309111597,0.0012601565099006,0.1380361717125459,0.0072134638148617,0.000674161643374,-0.0003643226206117,0.0002145206096485,-0.0001184763935785
DeepCNN1D-4block,depth_replication,external_depth_replication,conv.10:out:203,conv.10,203,15428.0,2.007007,0.2391985681624646,0.0039755460704752,0.4242300124285143,0.0049767308490131,0.0023053653112118,0.0003656616402363,0.0008892673396021,0.0003791244594514
DeepCNN1D-4block,depth_replication,external_depth_replication,conv.10:out:204,conv.10,204,15428.0,1.9641422,0.6029130062505281,0.4811860462809627,0.5349120574812903,0.014315090981431,0.0173984377794371,-0.001752864775502,-0.0091421207508821,-0.0049404656122267
DeepCNN1D-4block,depth_replication,external_depth_replication,conv.10:out:205,conv.10,205,15428.0,1.8245623,0.1932092161557648,0.018962226375447,0.436222832238696,0.0043057109592585,0.004226810132389,-5.032243208896725e-05,-0.0010830401950239,-0.0002724957052307
DeepCNN1D-4block,depth_replication,external_depth_replication,conv.10:out:206,conv.10,206,15428.0,2.0128355,0.2854576464778802,0.0057642682612296,0.5980284679987804,0.0071016271665692,0.0030341634280872,0.0003332200055081,0.0008035898674646,0.0002843433445886
DeepCNN1D-4block,depth_replication,external_depth_replication,conv.10:out:207,conv.10,207,15428.0,2.0206306,0.1544314580587524,0.0036799549565923,0.4988430954198491,0.0060950973319374,0.0055087471331235,0.0022301436369358,0.0017648593813522,0.0010070493454178
DeepCNN1D-4block,depth_replication,external_depth_replication,conv.10:out:208,conv.10,208,15428.0,1.8566046,0.1409376099309156,0.0007081658506613,0.4136957426619674,0.003131426152188,0.0027110135894246,0.0008933128729958,0.0003488748243531,7.108583614712227e-05
DeepCNN1D-4block,depth_replication,external_depth_replication,conv.10:out:209,conv.10,209,15428.0,1.9267073,0.3814654246816644,0.0046417083382434,0.6868129726159958,0.0078844837046163,0.0017473660055739,0.0006009546299127,0.0011340276661516,0.00016586695101
DeepCNN1D-4block,depth_replication,external_depth_replication,conv.10:out:210,conv.10,210,15428.0,1.931506,0.0164874940835488,2.1167373230827208e-05,0.329322465708467,0.00989754337388,0.009345278950497,0.0009321510923858,0.0037555954297958,0.0016823647888158
DeepCNN1D-4block,depth_replication,external_depth_replication,conv.10:out:211,conv.10,211,15428.0,1.9099598,0.1970155706549121,0.0022709674927265,0.6069010136690235,0.0111836648292429,0.0035414418780181,0.0003840735448728,0.0001169604652948,0.0001895622297257
DeepCNN1D-4block,depth_replication,external_depth_replication,conv.10:out:212,conv.10,212,15428.0,1.7887738,0.3742617949174018,0.0058031725146988,0.7285583473338744,0.0029077528556031,0.0002258642145986,0.0001721645551964,-0.0005119689466424,-0.0002488004265149
DeepCNN1D-4block,depth_replication,external_depth_replication,conv.10:out:213,conv.10,213,15428.0,1.9237806,0.3499581177252366,0.0084686630531229,0.1306466357938829,0.0084995852702246,0.0023764154599843,0.0012304718560239,0.00189891779446,0.0007227060008293
DeepCNN1D-4block,depth_replication,external_depth_replication,conv.10:out:214,conv.10,214,15428.0,2.0737581,0.0765625571336272,0.000838097413729,0.326452101504932,0.0005032649173159,0.0039420337594905,0.0017796862065618,0.0015654624634074,0.0005568390498192
DeepCNN1D-4block,depth_replication,external_depth_replication,conv.10:out:215,conv.10,215,15428.0,1.7607325,0.0957825067083604,0.000149290234952,0.9447045555986052,0.0097857067255876,0.0017870100842186,0.00039152795705,0.0005397028807774,0.0002606480658728
DeepCNN1D-4block,depth_replication,external_depth_replication,conv.10:out:216,conv.10,216,15428.0,1.8385061,0.0339855634410923,6.935068262903243e-05,0.9660212875626244,0.0024604062624334,0.0011351396862653,-0.0004429467145202,0.0002424575727509,1.1847639357853712e-05
DeepCNN1D-4block,depth_replication,external_depth_replication,conv.10:out:217,conv.10,217,15428.0,1.8916461,0.0346679284884885,5.6274967128233655e-05,0.9923887631356604,0.0003355099448772,0.0022611940447504,0.0008114149241456,-0.0001321988440968,-4.739055743141485e-05
DeepCNN1D-4block,depth_replication,external_depth_replication,conv.10:out:218,conv.10,218,15428.0,1.8362163,0.033299728658676,9.158923919420914e-05,0.0425258338882709,0.0114073381258278,0.0024959286751209,0.0008719057036067,0.0010078870442018,0.0002606480658728
DeepCNN1D-4block,depth_replication,external_depth_replication,conv.10:out:219,conv.10,219,15428.0,1.8868759,0.2676239904338615,0.0090942375478593,0.8265087689118491,0.0080522386770549,0.0044059826523811,-0.0007973648385834,0.0006093743299032,-0.0004028197381671
DeepCNN1D-4block,depth_replication,external_depth_replication,conv.10:out:220,conv.10,220,15428.0,1.9362011,0.6573729094445753,0.0756565091340062,0.9352758069942098,0.0109599915326581,0.002777645028814,-0.0042207750620577,-0.0085953687382556,-0.0026064806587287
DeepCNN1D-4block,depth_replication,external_depth_replication,conv.10:out:221,conv.10,221,15428.0,1.9467436,0.0624932615100988,0.0002958442257255,0.901944440055244,0.013028969526068,0.0056726283066839,0.0015201345726674,0.0013805124445747,0.0010662875422072
DeepCNN1D-4block,depth_replication,external_depth_replication,conv.10:out:222,conv.10,222,15428.0,2.4080503,0.0260239825370263,0.0006091619215671,0.7149413034806142,0.0003914282690235,0.0029701922587957,0.0030587352634526,0.0043359030263058,0.0022865943960665
DeepCNN1D-4block,depth_replication,external_depth_replication,conv.10:out:223,conv.10,223,15428.0,1.7601463,0.0304345489857951,0.0001268492817099,0.6756193428878896,0.0008387748621932,0.0016138967896328,8.944550864764533e-05,-0.0002128506138652,-0.0003435815413778
DeepCNN1D-4block,depth_replication,external_depth_replication,conv.10:out:224,conv.10,224,15428.0,1.8798922,0.3285935048370447,0.0048343879043639,0.7196066164883864,0.0133644794709453,0.0093200230162757,-0.0001052931918123,0.0018291027281498,0.0006753154433979
DeepCNN1D-4block,depth_replication,external_depth_replication,conv.10:out:225,conv.10,225,15428.0,1.8921442,0.184143307188151,0.0013084426325947,0.5748858181470116,0.012246112988021,0.0027007364453837,0.0003977185462722,0.0005711504379242,0.0001540193116521
DeepCNN1D-4block,depth_replication,external_depth_replication,conv.10:out:226,conv.10,226,15428.0,1.9567025,0.4039693730301223,0.0068258683088042,0.7884200798433164,0.0133085611467991,0.0038410552289484,-0.0005770254143813,-2.253053207723621e-05,-0.0003909720988092
DeepCNN1D-4block,depth_replication,external_depth_replication,conv.10:out:227,conv.10,227,15428.0,1.9824648,0.2892734296183334,0.005336739153549,0.5019296038006482,0.0074371371114465,0.0060667891167,-0.0001250419910333,0.0001995664113267,-7.108583614712227e-05
DeepCNN1D-4block,depth_replication,external_depth_replication,conv.10:out:228,conv.10,228,15428.0,1.8497177,0.2705451850488316,0.0019737878017916,0.2259374998912283,0.0073253004631541,0.0006993040480917,-5.7397175484641405e-05,0.0002268958840988,-0.0001421716722943
DeepCNN1D-4block,depth_replication,external_depth_replication,conv.10:out:229,conv.10,229,15428.0,1.9672549,0.1123517489872938,0.0006122076285475,0.0943490249781668,0.0021808146417023,0.0039731323423713,0.0008263842535888,0.0031672677794162,0.0010307446241336
DeepCNN1D-4block,depth_replication,external_depth_replication,conv.10:out:230,conv.10,230,15428.0,1.8595531,0.1941704665368888,0.0011494102162161,0.9082557233023724,0.0086673402426633,0.0010646409620819,-0.0002875671986514,3.983538121743457e-05,-0.0002251051477993
DeepCNN1D-4block,depth_replication,external_depth_replication,conv.10:out:231,conv.10,231,15428.0,1.855979,0.2711018026238889,0.0122390444310749,0.7548789814030864,0.0050326491731593,0.0019723242587564,-0.000255722727271,0.0003246856169782,0.0
DeepCNN1D-4block,depth_replication,external_depth_replication,conv.10:out:232,conv.10,232,15428.0,2.0963826,0.3736365961513002,0.0472610094603531,0.177241935760343,0.013811826064115,0.0055562880236486,0.0007809319094377,0.0025043605531244,0.0010188969847758
DeepCNN1D-4block,depth_replication,external_depth_replication,conv.10:out:233,conv.10,233,15428.0,2.0266752,0.5880453042182126,0.01657807888796,0.8224582773234224,0.0103448899670497,0.0021680067496495,0.0008718324342129,0.0018841006155976,0.0006160772466086
DeepCNN1D-4block,depth_replication,external_depth_replication,conv.10:out:234,conv.10,234,15428.0,2.1298862,0.0580956594239978,0.0023948657580317,0.3003467529241774,0.0012861214553629,0.0029635586996087,0.0002964188026304,0.0015362191398677,0.000414667377525
DeepCNN1D-4block,depth_replication,external_depth_replication,conv.10:out:235,conv.10,235,15428.0,1.9289101,0.0812397030822467,0.0008127438456357,0.6356549721085979,0.0088350952151019,0.0037791021944367,-0.0001122758530651,-0.0002732257098601,-7.108583614712227e-05
DeepCNN1D-4block,depth_replication,external_depth_replication,conv.10:out:236,conv.10,236,15428.0,2.0505571,0.2193478987719572,0.0040454132255315,0.3561528577486986,0.0083877486219322,0.0016389844094542,-0.000498651704939,-0.0007950962812218,-0.0006871630827557
DeepCNN1D-4block,depth_replication,external_depth_replication,conv.10:out:237,conv.10,237,15428.0,1.7987515,0.1419494912024674,0.0017829549778806,0.2141630863306429,0.0100093800221724,0.0033127172333175,-0.0011276842160962,-0.0004293358350659,-0.00066346780404
DeepCNN1D-4block,depth_replication,external_depth_replication,conv.10:out:238,conv.10,238,15428.0,1.8390498,0.1194126094524108,0.0008703139107574,0.1756087637828115,0.0054240774421828,0.008681334670716,0.0010983988592868,0.0007707866816912,0.0004265150168828
DeepCNN1D-4block,depth_replication,external_depth_replication,conv.10:out:239,conv.10,239,15428.0,1.9375472,0.2048327698430512,0.001322566265109,0.0709503107444076,0.00782856538047,0.0008536137969051,-0.0001334353249788,-0.0005094178406498,-0.0003080386233043
DeepCNN1D-4block,depth_replication,external_depth_replication,conv.10:out:240,conv.10,240,15428.0,1.9941356,0.0750650806289741,0.0003984585557929,0.0744385563946585,0.0090587685116868,0.002650595839171,0.0002626904150495,0.0003636186363531,1.1847639357853712e-05
DeepCNN1D-4block,depth_replication,external_depth_replication,conv.10:out:241,conv.10,241,15428.0,2.1508608,0.0556693117273709,0.0016664013060874,0.0690902107325821,0.0008946931863394,0.0030737836716763,-0.0030262860393849,-0.0030487423240876,-0.0021088798056986
DeepCNN1D-4block,depth_replication,external_depth_replication,conv.10:out:242,conv.10,242,15428.0,2.0569854,0.0542844714909733,0.000204585005568,0.0899187666373716,0.0032991811246266,0.0012378727409586,-4.736308588032534e-05,0.0003738529437619,1.1847639357853712e-05
DeepCNN1D-4block,depth_replication,external_depth_replication,conv.10:out:243,conv.10,243,15428.0,1.9429467,0.5505203934717429,0.0295492635282903,0.8340292890000545,0.0124138679604597,0.0031692955067538,6.613537200217401e-06,-0.0005531873597546,-0.0001421716722943
DeepCNN1D-4block,depth_replication,external_depth_replication,conv.10:out:244,conv.10,244,15428.0,1.866698,0.0923810872372996,0.0011530235764362,0.5178083255163458,0.0043616292834047,0.0002240254115163,-0.0010979964600352,-0.0003769125085616,-0.0002606480658728
DeepCNN1D-4block,depth_replication,external_depth_replication,conv.10:out:245,conv.10,245,15428.0,2.0865846,0.0300153071075328,4.341708318844617e-05,0.1285840147994693,0.0015097947519478,0.0027591573080317,0.0004727344612284,-0.0003224961095524,0.0002606480658728
DeepCNN1D-4block,depth_replication,external_depth_replication,conv.10:out:246,conv.10,246,15428.0,2.222531,0.0423711305909364,0.0001726708257886,0.5249946488828098,0.0069338721941306,0.0062355935502396,-0.0004337227638143,0.0001514618815812,-0.0002606480658728
DeepCNN1D-4block,depth_replication,external_depth_replication,conv.10:out:247,conv.10,247,15428.0,1.928994,0.2775766855759229,0.1113347974592129,0.5426298015540887,0.0112955014775354,0.0078143412866809,-0.0017909794346945,-0.0093637289547853,-0.0044310171198388
DeepCNN1D-4block,depth_replication,external_depth_replication,conv.10:out:248,conv.10,248,15428.0,1.9989344,0.0400895791849507,0.000157094870189,0.4965920349441739,0.0007269382139007,0.0019754065302601,0.0011894694191607,0.0042454785269803,0.0012084592145015
DeepCNN1D-4block,depth_replication,external_depth_replication,conv.10:out:249,conv.10,249,15428.0,1.9011859,0.1549907676921975,0.0011880407054165,0.2064863646169302,0.0047530575524282,0.0018446388797212,0.0004640975439348,0.0004053142428719,0.0001421716722943
DeepCNN1D-4block,depth_replication,external_depth_replication,conv.10:out:250,conv.10,250,15428.0,2.1167471,0.001065525637216,1.5628292565419977e-06,0.4343978872245304,0.0074930554355927,0.0014007551791845,0.0009052914021972,0.0060997148794789,0.0027368046916652
DeepCNN1D-4block,depth_replication,external_depth_replication,conv.10:out:251,conv.10,251,15428.0,1.9925433,0.5424552467011381,0.0118680491991822,0.8708564535693805,0.0123579496363134,0.0043911855045039,0.0002102878556058,3.4447155430106235e-05,-5.923819678932407e-05
DeepCNN1D-4block,depth_replication,external_depth_replication,conv.10:out:252,conv.10,252,15428.0,1.9624708,0.0671881658926594,0.0011983461141542,0.3837354777850742,0.0026840795590183,0.0007334002748942,6.129453034303678e-05,0.0003764191802304,-2.3695278715707424e-05
DeepCNN1D-4block,depth_replication,external_depth_replication,conv.10:out:253,conv.10,253,15428.0,1.7590641,0.1169683590742352,0.000518266515054,0.5039852429121634,0.0038024460419426,0.0010612389966959,0.0003784926906632,8.474512420164615e-05,-0.0003435815413778
DeepCNN1D-4block,depth_replication,external_depth_replication,conv.10:out:254,conv.10,254,15428.0,1.9057328,0.0991812649194798,0.0005360116608138,0.9302423990750158,0.0042497926351123,0.0012026431703504,9.434939636565607e-06,0.0002232418364257,-3.5542918073561136e-05
DeepCNN1D-4block,depth_replication,external_depth_replication,conv.10:out:255,conv.10,255,15428.0,1.8931769,0.4431973851678776,0.0036002842605758,0.2328013979444163,0.0130848878502142,0.0078730392128025,0.0010869007666216,0.0011126845923183,0.0006397725253243
