arch,seed,dose,class,M0_test_recall,compressed_test_recall,recall_loss,validation_2sd_band,material_and_beyond_band
cnn1d,0,0.0,Uploading_Attack,0.02127659574468085,0.0,0.02127659574468085,0.02854554864893348,False
cnn1d,0,0.0,Recon-PingSweep,0.0,0.0,0.0,0.0,False
cnn1d,0,0.0,Backdoor_Malware,0.004140786749482402,0.0,0.004140786749482402,0.03750541589535823,False
cnn1d,0,0.0,XSS,0.02772963604852686,0.0,0.02772963604852686,0.014908709301633669,False
cnn1d,0,0.0,SqlInjection,0.04701397712833545,0.0025412960609911056,0.044472681067344345,0.030357587108549838,False
cnn1d,0,0.0,CommandInjection,0.0630407911001236,0.00865265760197775,0.05438813349814585,0.032744446919116224,False
cnn1d,0,0.0,BrowserHijacking,0.019562715765247412,0.0011507479861910242,0.018411967779056387,0.02777429715263441,False
cnn1d,0,0.0,DictionaryBruteForce,0.32755102040816325,0.3448979591836735,-0.017346938775510246,0.050344329023276055,False
cnn1d,0,0.0,DDoS-SlowLoris,0.954183266932271,0.8673875924871941,0.08679567444507685,0.03310488431469255,False
cnn1d,0,0.0,DDoS-HTTP_Flood,0.7960175966658949,0.7568881685575365,0.0391294281083584,0.06283048765589343,False
cnn1d,0,0.0,DoS-HTTP_Flood,0.8669215704560291,0.8831483726569057,-0.016226802200876578,0.03985415067034641,False
cnn1d,0,0.0,Recon-PortScan,0.2467392207360638,0.17346514912353578,0.07327407161252802,0.07985045010637541,False
cnn1d,0,0.0,Recon-OSScan,0.11454231433506044,0.14390328151986184,-0.029360967184801398,0.10326414789120288,False
cnn1d,0,0.0,DDoS-ICMP_Flood,0.997904339250493,0.9978427021696252,6.163708086781572e-05,0.0012315082587516983,False
cnn1d,0,0.0,DDoS-RSTFINFlood,0.9991676080623105,0.9991081514953326,5.945656697792234e-05,0.0010455514158798306,False
cnn1d,0,0.0,DDoS-TCP_Flood,0.6484739049394221,0.9910880708294502,-0.342614165890028,0.23415091411258288,False
cnn1d,0,0.0,DDoS-SynonymousIP_Flood,0.34167970787689095,0.8084970729728164,-0.4668173650959254,0.235929254057588,False
cnn1d,0,0.0,DDoS-UDP_Flood,0.7421512270616847,0.16836170683174884,0.5737895202299359,0.09047640950289787,True
cnn1d,0,0.0,DoS-TCP_Flood,0.41158733577428386,0.03849881542106397,0.3730885203532199,0.2643813212009498,True
cnn1d,0,0.0,DDoS-PSHACK_Flood,0.9983433423068958,0.9984468834127148,-0.000103541105819005,0.11038504026051069,False
cnn1d,0,0.0,DDoS-SYN_Flood,0.5225642330195879,0.15883998982447214,0.36372424319511576,0.5238379149660953,False
cnn1d,0,0.0,Recon-HostDiscovery,0.7047428856714928,0.8228157763354967,-0.11807289066400395,0.05981364338037638,False
cnn1d,0,0.0,DoS-SYN_Flood,0.16439051397988372,0.1754636892128818,-0.011073175232998084,0.1338491875766533,False
cnn1d,0,0.0,DoS-UDP_Flood,0.6823112784651246,0.9790658059888829,-0.2967545275237583,0.013090549202921372,False
cnn1d,0,0.0,DNS_Spoofing,0.612758792239103,0.4111208908958708,0.20163790134323223,0.09199911478240713,True
cnn1d,0,0.0,MITM-ArpSpoofing,0.12505002728761141,0.1282881571766418,-0.0032381298890303833,0.07459414892841161,False
cnn1d,0,0.0,Mirai-udpplain,0.9874220374220374,0.9918225918225918,-0.004400554400554424,0.0030144583209302193,False
cnn1d,0,0.0,Mirai-greeth_flood,0.9728399253097946,0.9910032252588694,-0.01816329994907484,0.015483301867355035,False
cnn1d,0,0.0,Mirai-greip_flood,0.9839167455061495,0.9271185295310177,0.056798215975131794,0.01286645097872988,False
cnn1d,0,0.0,DDoS-UDP_Fragmentation,0.9898242677824268,0.9876150627615062,0.0022092050209205905,0.001461089802842454,False
cnn1d,0,0.0,DDoS-ACK_Fragmentation,0.9651481704461837,0.9757843334002274,-0.010636162954043682,0.0004267613327376908,False
cnn1d,0,0.0,VulnerabilityScan,0.6740220661985958,0.695085255767302,-0.02106318956870612,0.08585360693926365,False
cnn1d,0,0.0,DDoS-ICMP_Fragmentation,0.9721331194867683,0.9707631649291634,0.0013699545576049132,0.0009734754201886736,False
cnn1d,0,0.0,BenignTraffic,0.6791022343943088,0.6052904044621088,0.07381182993220003,0.08575705286341911,False
cnn1d,0,0.2,Uploading_Attack,0.02127659574468085,0.0,0.02127659574468085,0.02854554864893348,False
cnn1d,0,0.2,Recon-PingSweep,0.0,0.0,0.0,0.0,False
cnn1d,0,0.2,Backdoor_Malware,0.004140786749482402,0.0,0.004140786749482402,0.03750541589535823,False
cnn1d,0,0.2,XSS,0.02772963604852686,0.0,0.02772963604852686,0.014908709301633669,False
cnn1d,0,0.2,SqlInjection,0.04701397712833545,0.0,0.04701397712833545,0.030357587108549838,False
cnn1d,0,0.2,CommandInjection,0.0630407911001236,0.00865265760197775,0.05438813349814585,0.032744446919116224,False
cnn1d,0,0.2,BrowserHijacking,0.019562715765247412,0.0023014959723820483,0.017261219792865365,0.02777429715263441,False
cnn1d,0,0.2,DictionaryBruteForce,0.32755102040816325,0.30714285714285716,0.02040816326530609,0.050344329023276055,False
cnn1d,0,0.2,DDoS-SlowLoris,0.954183266932271,0.8847467273762094,0.06943653955606155,0.03310488431469255,False
cnn1d,0,0.2,DDoS-HTTP_Flood,0.7960175966658949,0.8004167631396156,-0.004399166473720739,0.06283048765589343,False
cnn1d,0,0.2,DoS-HTTP_Flood,0.8669215704560291,0.8616991513568963,0.005222419099132791,0.03985415067034641,False
cnn1d,0,0.2,Recon-PortScan,0.2467392207360638,0.20569909445875217,0.04104012627731163,0.07985045010637541,False
cnn1d,0,0.2,Recon-OSScan,0.11454231433506044,0.11875647668393782,-0.004214162348877379,0.10326414789120288,False
cnn1d,0,0.2,DDoS-ICMP_Flood,0.997904339250493,0.9976577909270217,0.0002465483234713739,0.0012315082587516983,False
cnn1d,0,0.2,DDoS-RSTFINFlood,0.9991676080623105,0.9991676080623105,0.0,0.0010455514158798306,False
cnn1d,0,0.2,DDoS-TCP_Flood,0.6484739049394221,0.9802539608574091,-0.331780055917987,0.23415091411258288,False
cnn1d,0,0.2,DDoS-SynonymousIP_Flood,0.34167970787689095,0.5958384049150872,-0.25415869703819627,0.235929254057588,False
cnn1d,0,0.2,DDoS-UDP_Flood,0.7421512270616847,0.19113420296263542,0.5510170240990493,0.09047640950289787,True
cnn1d,0,0.2,DoS-TCP_Flood,0.41158733577428386,0.062405772130088306,0.34918156364419556,0.2643813212009498,True
cnn1d,0,0.2,DDoS-PSHACK_Flood,0.9983433423068958,0.9986021950714433,-0.0002588527645475125,0.11038504026051069,False
cnn1d,0,0.2,DDoS-SYN_Flood,0.5225642330195879,0.12088527092342916,0.4016789620961587,0.5238379149660953,False
cnn1d,0,0.2,Recon-HostDiscovery,0.7047428856714928,0.8234148776834748,-0.11867199201198197,0.05981364338037638,False
cnn1d,0,0.2,DoS-SYN_Flood,0.16439051397988372,0.2451324167204946,-0.08074190274061088,0.1338491875766533,False
cnn1d,0,0.2,DoS-UDP_Flood,0.6823112784651246,0.9725210686749148,-0.2902097902097902,0.013090549202921372,False
cnn1d,0,0.2,DNS_Spoofing,0.612758792239103,0.37595193448394626,0.23680685775515675,0.09199911478240713,True
cnn1d,0,0.2,MITM-ArpSpoofing,0.12505002728761141,0.1008186283427324,0.02423139894487901,0.07459414892841161,False
cnn1d,0,0.2,Mirai-udpplain,0.9874220374220374,0.9917532917532917,-0.004331254331254364,0.0030144583209302193,False
cnn1d,0,0.2,Mirai-greeth_flood,0.9728399253097946,0.988694618910202,-0.015854693600407477,0.015483301867355035,False
cnn1d,0,0.2,Mirai-greip_flood,0.9839167455061495,0.9545208812001622,0.029395864305987285,0.01286645097872988,False
cnn1d,0,0.2,DDoS-UDP_Fragmentation,0.9898242677824268,0.9868451882845188,0.002979079497907988,0.001461089802842454,False
cnn1d,0,0.2,DDoS-ACK_Fragmentation,0.9651481704461837,0.9749481570673624,-0.009799986621178647,0.0004267613327376908,False
cnn1d,0,0.2,VulnerabilityScan,0.6740220661985958,0.6921430959545303,-0.018121029755934437,0.08585360693926365,False
cnn1d,0,0.2,DDoS-ICMP_Fragmentation,0.9721331194867683,0.9711975407645015,0.0009355787222667944,0.0009734754201886736,False
cnn1d,0,0.2,BenignTraffic,0.6791022343943088,0.6152767108647006,0.06382552352960824,0.08575705286341911,False
cnn1d,0,0.5,Uploading_Attack,0.02127659574468085,0.0,0.02127659574468085,0.02854554864893348,False
cnn1d,0,0.5,Recon-PingSweep,0.0,0.0,0.0,0.0,False
cnn1d,0,0.5,Backdoor_Malware,0.004140786749482402,0.002070393374741201,0.002070393374741201,0.03750541589535823,False
cnn1d,0,0.5,XSS,0.02772963604852686,0.0,0.02772963604852686,0.014908709301633669,False
cnn1d,0,0.5,SqlInjection,0.04701397712833545,0.0,0.04701397712833545,0.030357587108549838,False
cnn1d,0,0.5,CommandInjection,0.0630407911001236,0.0012360939431396785,0.061804697156983925,0.032744446919116224,False
cnn1d,0,0.5,BrowserHijacking,0.019562715765247412,0.0034522439585730723,0.01611047180667434,0.02777429715263441,False
cnn1d,0,0.5,DictionaryBruteForce,0.32755102040816325,0.2892857142857143,0.03826530612244894,0.050344329023276055,False
cnn1d,0,0.5,DDoS-SlowLoris,0.954183266932271,0.8557199772339215,0.0984632896983495,0.03310488431469255,False
cnn1d,0,0.5,DDoS-HTTP_Flood,0.7960175966658949,0.8881685575364667,-0.09215096087057184,0.06283048765589343,False
cnn1d,0,0.5,DoS-HTTP_Flood,0.8669215704560291,0.7602350088594609,0.1066865615965682,0.03985415067034641,True
cnn1d,0,0.5,Recon-PortScan,0.2467392207360638,0.10193569826368697,0.14480352247237682,0.07985045010637541,True
cnn1d,0,0.5,Recon-OSScan,0.11454231433506044,0.11012089810017271,0.004421416234887732,0.10326414789120288,False
cnn1d,0,0.5,DDoS-ICMP_Flood,0.997904339250493,0.9977194280078896,0.00018491124260344716,0.0012315082587516983,False
cnn1d,0,0.5,DDoS-RSTFINFlood,0.9991676080623105,0.9989297817943992,0.0002378262679113563,0.0010455514158798306,False
cnn1d,0,0.5,DDoS-TCP_Flood,0.6484739049394221,0.912977632805219,-0.2645037278657969,0.23415091411258288,False
cnn1d,0,0.5,DDoS-SynonymousIP_Flood,0.34167970787689095,0.6758824552251782,-0.33420274734828725,0.235929254057588,False
cnn1d,0,0.5,DDoS-UDP_Flood,0.7421512270616847,0.5249281450364802,0.21722308202520446,0.09047640950289787,True
cnn1d,0,0.5,DoS-TCP_Flood,0.41158733577428386,0.19093258668964033,0.22065474908464353,0.2643813212009498,False
cnn1d,0,0.5,DDoS-PSHACK_Flood,0.9983433423068958,0.9985504245185338,-0.00020708221163801,0.11038504026051069,False
cnn1d,0,0.5,DDoS-SYN_Flood,0.5225642330195879,0.037089799033324856,0.485474433986263,0.5238379149660953,False
cnn1d,0,0.5,Recon-HostDiscovery,0.7047428856714928,0.8582126809785322,-0.1534697953070394,0.05981364338037638,False
cnn1d,0,0.5,DoS-SYN_Flood,0.16439051397988372,0.3014671957183722,-0.1370766817384885,0.1338491875766533,False
cnn1d,0,0.5,DoS-UDP_Flood,0.6823112784651246,0.815805988882912,-0.13349471041778738,0.013090549202921372,False
cnn1d,0,0.5,DNS_Spoofing,0.612758792239103,0.29512839156557347,0.31763040067352954,0.09199911478240713,True
cnn1d,0,0.5,MITM-ArpSpoofing,0.12505002728761141,0.15441149718028016,-0.029361469892668746,0.07459414892841161,False
cnn1d,0,0.5,Mirai-udpplain,0.9874220374220374,0.9923769923769924,-0.004954954954955015,0.0030144583209302193,False
cnn1d,0,0.5,Mirai-greeth_flood,0.9728399253097946,0.9801731454761501,-0.007333220166355514,0.015483301867355035,False
cnn1d,0,0.5,Mirai-greip_flood,0.9839167455061495,0.9762467901067712,0.007669955399378314,0.01286645097872988,False
cnn1d,0,0.5,DDoS-UDP_Fragmentation,0.9898242677824268,0.9829958158995816,0.006828451882845199,0.001461089802842454,False
cnn1d,0,0.5,DDoS-ACK_Fragmentation,0.9651481704461837,0.9735768278814636,-0.008428657435279874,0.0004267613327376908,False
cnn1d,0,0.5,VulnerabilityScan,0.6740220661985958,0.512069541959211,0.1619525242393849,0.08585360693926365,True
cnn1d,0,0.5,DDoS-ICMP_Fragmentation,0.9721331194867683,0.9731355252606255,-0.00100240577385724,0.0009734754201886736,False
cnn1d,0,0.5,BenignTraffic,0.6791022343943088,0.5686182826224909,0.11048395177181791,0.08575705286341911,True
cnn1d,0,0.8,Uploading_Attack,0.02127659574468085,0.0,0.02127659574468085,0.02854554864893348,False
cnn1d,0,0.8,Recon-PingSweep,0.0,0.0,0.0,0.0,False
cnn1d,0,0.8,Backdoor_Malware,0.004140786749482402,0.0,0.004140786749482402,0.03750541589535823,False
cnn1d,0,0.8,XSS,0.02772963604852686,0.0,0.02772963604852686,0.014908709301633669,False
cnn1d,0,0.8,SqlInjection,0.04701397712833545,0.0,0.04701397712833545,0.030357587108549838,False
cnn1d,0,0.8,CommandInjection,0.0630407911001236,0.0,0.0630407911001236,0.032744446919116224,False
cnn1d,0,0.8,BrowserHijacking,0.019562715765247412,0.0,0.019562715765247412,0.02777429715263441,False
cnn1d,0,0.8,DictionaryBruteForce,0.32755102040816325,0.21887755102040815,0.1086734693877551,0.050344329023276055,True
cnn1d,0,0.8,DDoS-SlowLoris,0.954183266932271,0.0,0.954183266932271,0.03310488431469255,True
cnn1d,0,0.8,DDoS-HTTP_Flood,0.7960175966658949,0.977772632553832,-0.18175503588793707,0.06283048765589343,False
cnn1d,0,0.8,DoS-HTTP_Flood,0.8669215704560291,0.21290683577357084,0.6540147346824583,0.03985415067034641,True
cnn1d,0,0.8,Recon-PortScan,0.2467392207360638,0.0027415468970673758,0.24399767383899643,0.07985045010637541,True
cnn1d,0,0.8,Recon-OSScan,0.11454231433506044,6.90846286701209e-05,0.11447322970639032,0.10326414789120288,True
cnn1d,0,0.8,DDoS-ICMP_Flood,0.997904339250493,0.9977194280078896,0.00018491124260344716,0.0012315082587516983,False
cnn1d,0,0.8,DDoS-RSTFINFlood,0.9991676080623105,0.9987514120934657,0.00041619596884479026,0.0010455514158798306,False
cnn1d,0,0.8,DDoS-TCP_Flood,0.6484739049394221,0.008853681267474371,0.6396202236719478,0.23415091411258288,True
cnn1d,0,0.8,DDoS-SynonymousIP_Flood,0.34167970787689095,0.060047527966150815,0.28163217991074013,0.235929254057588,True
cnn1d,0,0.8,DDoS-UDP_Flood,0.7421512270616847,0.9967388901171789,-0.2545876630554942,0.09047640950289787,False
cnn1d,0,0.8,DoS-TCP_Flood,0.41158733577428386,5.384449709239716e-05,0.41153349127719147,0.2643813212009498,True
cnn1d,0,0.8,DDoS-PSHACK_Flood,0.9983433423068958,0.9675916338786498,0.03075170842824604,0.11038504026051069,False
cnn1d,0,0.8,DDoS-SYN_Flood,0.5225642330195879,0.9395064868990078,-0.41694225387941997,0.5238379149660953,False
cnn1d,0,0.8,Recon-HostDiscovery,0.7047428856714928,0.07593609585621568,0.6288067898152772,0.05981364338037638,True
cnn1d,0,0.8,DoS-SYN_Flood,0.16439051397988372,0.0,0.16439051397988372,0.1338491875766533,True
cnn1d,0,0.8,DoS-UDP_Flood,0.6823112784651246,0.0,0.6823112784651246,0.013090549202921372,True
cnn1d,0,0.8,DNS_Spoofing,0.612758792239103,0.4623627109563354,0.1503960812827676,0.09199911478240713,True
cnn1d,0,0.8,MITM-ArpSpoofing,0.12505002728761141,0.006767327633254503,0.11828269965435691,0.07459414892841161,True
cnn1d,0,0.8,Mirai-udpplain,0.9874220374220374,0.9127858627858628,0.07463617463617456,0.0030144583209302193,False
cnn1d,0,0.8,Mirai-greeth_flood,0.9728399253097946,0.9565099304023086,0.01632999490748599,0.015483301867355035,False
cnn1d,0,0.8,Mirai-greip_flood,0.9839167455061495,0.8118664684416813,0.17205027706446818,0.01286645097872988,True
cnn1d,0,0.8,DDoS-UDP_Fragmentation,0.9898242677824268,0.9895899581589959,0.00023430962343096162,0.001461089802842454,False
cnn1d,0,0.8,DDoS-ACK_Fragmentation,0.9651481704461837,0.9132048966486053,0.05194327379757846,0.0004267613327376908,False
cnn1d,0,0.8,VulnerabilityScan,0.6740220661985958,0.7643597459043798,-0.09033767970578399,0.08585360693926365,False
cnn1d,0,0.8,DDoS-ICMP_Fragmentation,0.9721331194867683,0.9916466185511895,-0.019513499064421236,0.0009734754201886736,False
cnn1d,0,0.8,BenignTraffic,0.6791022343943088,0.1785177515781036,0.5005844828162053,0.08575705286341911,True
cnn1d,0,0.9,Uploading_Attack,0.02127659574468085,0.0,0.02127659574468085,0.02854554864893348,False
cnn1d,0,0.9,Recon-PingSweep,0.0,0.0,0.0,0.0,False
cnn1d,0,0.9,Backdoor_Malware,0.004140786749482402,0.0,0.004140786749482402,0.03750541589535823,False
cnn1d,0,0.9,XSS,0.02772963604852686,0.0,0.02772963604852686,0.014908709301633669,False
cnn1d,0,0.9,SqlInjection,0.04701397712833545,0.0,0.04701397712833545,0.030357587108549838,False
cnn1d,0,0.9,CommandInjection,0.0630407911001236,0.0,0.0630407911001236,0.032744446919116224,False
cnn1d,0,0.9,BrowserHijacking,0.019562715765247412,0.0,0.019562715765247412,0.02777429715263441,False
cnn1d,0,0.9,DictionaryBruteForce,0.32755102040816325,0.0,0.32755102040816325,0.050344329023276055,True
cnn1d,0,0.9,DDoS-SlowLoris,0.954183266932271,0.0,0.954183266932271,0.03310488431469255,True
cnn1d,0,0.9,DDoS-HTTP_Flood,0.7960175966658949,0.0,0.7960175966658949,0.06283048765589343,True
cnn1d,0,0.9,DoS-HTTP_Flood,0.8669215704560291,0.6917840156672573,0.1751375547887718,0.03985415067034641,True
cnn1d,0,0.9,Recon-PortScan,0.2467392207360638,0.0,0.2467392207360638,0.07985045010637541,True
cnn1d,0,0.9,Recon-OSScan,0.11454231433506044,0.0,0.11454231433506044,0.10326414789120288,True
cnn1d,0,0.9,DDoS-ICMP_Flood,0.997904339250493,0.009677021696252466,0.9882273175542405,0.0012315082587516983,True
cnn1d,0,0.9,DDoS-RSTFINFlood,0.9991676080623105,0.021820560080860932,0.9773470479814496,0.0010455514158798306,True
cnn1d,0,0.9,DDoS-TCP_Flood,0.6484739049394221,0.0,0.6484739049394221,0.23415091411258288,True
cnn1d,0,0.9,DDoS-SynonymousIP_Flood,0.34167970787689095,0.0,0.34167970787689095,0.235929254057588,True
cnn1d,0,0.9,DDoS-UDP_Flood,0.7421512270616847,0.0,0.7421512270616847,0.09047640950289787,True
cnn1d,0,0.9,DoS-TCP_Flood,0.41158733577428386,0.0,0.41158733577428386,0.2643813212009498,True
cnn1d,0,0.9,DDoS-PSHACK_Flood,0.9983433423068958,0.9964278318492441,0.0019155104576517035,0.11038504026051069,False
cnn1d,0,0.9,DDoS-SYN_Flood,0.5225642330195879,0.0,0.5225642330195879,0.5238379149660953,False
cnn1d,0,0.9,Recon-HostDiscovery,0.7047428856714928,0.19555666500249624,0.5091862206689965,0.05981364338037638,True
cnn1d,0,0.9,DoS-SYN_Flood,0.16439051397988372,0.0,0.16439051397988372,0.1338491875766533,True
cnn1d,0,0.9,DoS-UDP_Flood,0.6823112784651246,0.0,0.6823112784651246,0.013090549202921372,True
cnn1d,0,0.9,DNS_Spoofing,0.612758792239103,0.022502009107956068,0.5902567831311469,0.09199911478240713,True
cnn1d,0,0.9,MITM-ArpSpoofing,0.12505002728761141,0.37511369838093506,-0.2500636710933236,0.07459414892841161,False
cnn1d,0,0.9,Mirai-udpplain,0.9874220374220374,0.0,0.9874220374220374,0.0030144583209302193,True
cnn1d,0,0.9,Mirai-greeth_flood,0.9728399253097946,0.0,0.9728399253097946,0.015483301867355035,True
cnn1d,0,0.9,Mirai-greip_flood,0.9839167455061495,0.0,0.9839167455061495,0.01286645097872988,True
cnn1d,0,0.9,DDoS-UDP_Fragmentation,0.9898242677824268,0.997020920502092,-0.007196652719665186,0.001461089802842454,False
cnn1d,0,0.9,DDoS-ACK_Fragmentation,0.9651481704461837,0.0,0.9651481704461837,0.0004267613327376908,True
cnn1d,0,0.9,VulnerabilityScan,0.6740220661985958,0.003978602474088933,0.6700434637245068,0.08585360693926365,True
cnn1d,0,0.9,DDoS-ICMP_Fragmentation,0.9721331194867683,0.0,0.9721331194867683,0.0009734754201886736,True
cnn1d,0,0.9,BenignTraffic,0.6791022343943088,0.0,0.6791022343943088,0.08575705286341911,True
cnn1d,0,0.95,Uploading_Attack,0.02127659574468085,0.0,0.02127659574468085,0.02854554864893348,False
cnn1d,0,0.95,Recon-PingSweep,0.0,0.0,0.0,0.0,False
cnn1d,0,0.95,Backdoor_Malware,0.004140786749482402,0.0,0.004140786749482402,0.03750541589535823,False
cnn1d,0,0.95,XSS,0.02772963604852686,0.0,0.02772963604852686,0.014908709301633669,False
cnn1d,0,0.95,SqlInjection,0.04701397712833545,0.0,0.04701397712833545,0.030357587108549838,False
cnn1d,0,0.95,CommandInjection,0.0630407911001236,0.0,0.0630407911001236,0.032744446919116224,False
cnn1d,0,0.95,BrowserHijacking,0.019562715765247412,0.0,0.019562715765247412,0.02777429715263441,False
cnn1d,0,0.95,DictionaryBruteForce,0.32755102040816325,0.0,0.32755102040816325,0.050344329023276055,True
cnn1d,0,0.95,DDoS-SlowLoris,0.954183266932271,0.0005691519635742744,0.9536141149686966,0.03310488431469255,True
cnn1d,0,0.95,DDoS-HTTP_Flood,0.7960175966658949,0.0,0.7960175966658949,0.06283048765589343,True
cnn1d,0,0.95,DoS-HTTP_Flood,0.8669215704560291,0.0,0.8669215704560291,0.03985415067034641,True
cnn1d,0,0.95,Recon-PortScan,0.2467392207360638,0.0,0.2467392207360638,0.07985045010637541,True
cnn1d,0,0.95,Recon-OSScan,0.11454231433506044,0.0,0.11454231433506044,0.10326414789120288,True
cnn1d,0,0.95,DDoS-ICMP_Flood,0.997904339250493,0.0,0.997904339250493,0.0012315082587516983,True
cnn1d,0,0.95,DDoS-RSTFINFlood,0.9991676080623105,0.002735002080979844,0.9964326059813307,0.0010455514158798306,True
cnn1d,0,0.95,DDoS-TCP_Flood,0.6484739049394221,0.0,0.6484739049394221,0.23415091411258288,True
cnn1d,0,0.95,DDoS-SynonymousIP_Flood,0.34167970787689095,0.0,0.34167970787689095,0.235929254057588,True
cnn1d,0,0.95,DDoS-UDP_Flood,0.7421512270616847,0.9996683617068317,-0.25751713464514703,0.09047640950289787,False
cnn1d,0,0.95,DoS-TCP_Flood,0.41158733577428386,0.0,0.41158733577428386,0.2643813212009498,True
cnn1d,0,0.95,DDoS-PSHACK_Flood,0.9983433423068958,0.0,0.9983433423068958,0.11038504026051069,True
cnn1d,0,0.95,DDoS-SYN_Flood,0.5225642330195879,0.0,0.5225642330195879,0.5238379149660953,False
cnn1d,0,0.95,Recon-HostDiscovery,0.7047428856714928,0.0,0.7047428856714928,0.05981364338037638,True
cnn1d,0,0.95,DoS-SYN_Flood,0.16439051397988372,0.0,0.16439051397988372,0.1338491875766533,True
cnn1d,0,0.95,DoS-UDP_Flood,0.6823112784651246,0.0,0.6823112784651246,0.013090549202921372,True
cnn1d,0,0.95,DNS_Spoofing,0.612758792239103,0.0,0.612758792239103,0.09199911478240713,True
cnn1d,0,0.95,MITM-ArpSpoofing,0.12505002728761141,0.0,0.12505002728761141,0.07459414892841161,True
cnn1d,0,0.95,Mirai-udpplain,0.9874220374220374,0.0,0.9874220374220374,0.0030144583209302193,True
cnn1d,0,0.95,Mirai-greeth_flood,0.9728399253097946,0.0,0.9728399253097946,0.015483301867355035,True
cnn1d,0,0.95,Mirai-greip_flood,0.9839167455061495,0.0,0.9839167455061495,0.01286645097872988,True
cnn1d,0,0.95,DDoS-UDP_Fragmentation,0.9898242677824268,0.0,0.9898242677824268,0.001461089802842454,True
cnn1d,0,0.95,DDoS-ACK_Fragmentation,0.9651481704461837,0.0,0.9651481704461837,0.0004267613327376908,True
cnn1d,0,0.95,VulnerabilityScan,0.6740220661985958,0.0,0.6740220661985958,0.08585360693926365,True
cnn1d,0,0.95,DDoS-ICMP_Fragmentation,0.9721331194867683,0.002706495589414595,0.9694266238973537,0.0009734754201886736,True
cnn1d,0,0.95,BenignTraffic,0.6791022343943088,0.09194749674359574,0.5871547376507131,0.08575705286341911,True
cnn1d,1,0.0,Uploading_Attack,0.07446808510638298,0.0,0.07446808510638298,0.02854554864893348,False
cnn1d,1,0.0,Recon-PingSweep,0.0029411764705882353,0.0,0.0029411764705882353,0.0,False
cnn1d,1,0.0,Backdoor_Malware,0.037267080745341616,0.0,0.037267080745341616,0.03750541589535823,False
cnn1d,1,0.0,XSS,0.03119584055459272,0.0,0.03119584055459272,0.014908709301633669,False
cnn1d,1,0.0,SqlInjection,0.06861499364675985,0.0012706480304955528,0.0673443456162643,0.030357587108549838,False
cnn1d,1,0.0,CommandInjection,0.018541409147095178,0.003708281829419036,0.014833127317676142,0.032744446919116224,False
cnn1d,1,0.0,BrowserHijacking,0.01611047180667434,0.0034522439585730723,0.012658227848101267,0.02777429715263441,False
cnn1d,1,0.0,DictionaryBruteForce,0.4433673469387755,0.4423469387755102,0.0010204081632653184,0.050344329023276055,False
cnn1d,1,0.0,DDoS-SlowLoris,0.9558907228229937,0.9484917472965282,0.007398975526465512,0.03310488431469255,False
cnn1d,1,0.0,DDoS-HTTP_Flood,0.8298217179902755,0.8587636026858069,-0.028941884695531384,0.06283048765589343,False
cnn1d,1,0.0,DoS-HTTP_Flood,0.8751282290403805,0.80798284062296,0.06714538841742046,0.03985415067034641,False
cnn1d,1,0.0,Recon-PortScan,0.20121292680900557,0.21857605715709894,-0.017363130348093364,0.07985045010637541,False
cnn1d,1,0.0,Recon-OSScan,0.1805181347150259,0.10791018998272885,0.07260794473229705,0.10326414789120288,False
cnn1d,1,0.0,DDoS-ICMP_Flood,0.997904339250493,0.9978427021696252,6.163708086781572e-05,0.0012315082587516983,False
cnn1d,1,0.0,DDoS-RSTFINFlood,0.9991081514953326,0.9992270646292883,-0.00011891313395573366,0.0010455514158798306,False
cnn1d,1,0.0,DDoS-TCP_Flood,0.5966915191053123,0.38350419384902146,0.2131873252562908,0.23415091411258288,False
cnn1d,1,0.0,DDoS-SynonymousIP_Flood,0.7046890395873181,0.8205529473135107,-0.1158639077261926,0.235929254057588,False
cnn1d,1,0.0,DDoS-UDP_Flood,0.6878178200309529,0.5674883926597392,0.12032942737121377,0.09047640950289787,True
cnn1d,1,0.0,DoS-TCP_Flood,0.5335989661856558,0.7873142364850312,-0.25371527029937535,0.2643813212009498,False
cnn1d,1,0.0,DDoS-PSHACK_Flood,0.9982915717539863,0.9986539656243528,-0.0003623938703665175,0.11038504026051069,False
cnn1d,1,0.0,DDoS-SYN_Flood,0.19389468328669549,0.12602391249046044,0.06787077079623505,0.5238379149660953,False
cnn1d,1,0.0,Recon-HostDiscovery,0.7121817274088866,0.7129306040938592,-0.0007488766849725881,0.05981364338037638,False
cnn1d,1,0.0,DoS-SYN_Flood,0.19641044569530314,0.19128910215004152,0.005121343545261614,0.1338491875766533,False
cnn1d,1,0.0,DoS-UDP_Flood,0.7169625246548323,0.7859512282589206,-0.06898870360408826,0.013090549202921372,False
cnn1d,1,0.0,DNS_Spoofing,0.5719643335501894,0.5209521258275611,0.05101220772262827,0.09199911478240713,False
cnn1d,1,0.0,MITM-ArpSpoofing,0.08582863380025468,0.13087138439148627,-0.045042750591231584,0.07459414892841161,False
cnn1d,1,0.0,Mirai-udpplain,0.9916493416493416,0.989015939015939,0.002633402633402615,0.0030144583209302193,False
cnn1d,1,0.0,Mirai-greeth_flood,0.9844848073332202,0.9800033950093363,0.004481412323883882,0.015483301867355035,False
cnn1d,1,0.0,Mirai-greip_flood,0.9848966076496823,0.9801662386809028,0.004730368968779541,0.01286645097872988,False
cnn1d,1,0.0,DDoS-UDP_Fragmentation,0.990928870292887,0.9890543933054393,0.001874476987447693,0.001461089802842454,False
cnn1d,1,0.0,DDoS-ACK_Fragmentation,0.8943407585791692,0.9224697304167503,-0.028128971837581118,0.0004267613327376908,False
cnn1d,1,0.0,VulnerabilityScan,0.7219993313273153,0.6871280508191241,0.034871280508191216,0.08585360693926365,False
cnn1d,1,0.0,DDoS-ICMP_Fragmentation,0.9700614808874632,0.9706629243517776,-0.000601443464314344,0.0009734754201886736,False
cnn1d,1,0.0,BenignTraffic,0.7721184997161084,0.6540863698607261,0.11803212985538225,0.08575705286341911,True
cnn1d,1,0.2,Uploading_Attack,0.07446808510638298,0.0,0.07446808510638298,0.02854554864893348,False
cnn1d,1,0.2,Recon-PingSweep,0.0029411764705882353,0.0,0.0029411764705882353,0.0,False
cnn1d,1,0.2,Backdoor_Malware,0.037267080745341616,0.0,0.037267080745341616,0.03750541589535823,False
cnn1d,1,0.2,XSS,0.03119584055459272,0.0,0.03119584055459272,0.014908709301633669,False
cnn1d,1,0.2,SqlInjection,0.06861499364675985,0.0,0.06861499364675985,0.030357587108549838,False
cnn1d,1,0.2,CommandInjection,0.018541409147095178,0.003708281829419036,0.014833127317676142,0.032744446919116224,False
cnn1d,1,0.2,BrowserHijacking,0.01611047180667434,0.004602991944764097,0.011507479861910242,0.02777429715263441,False
cnn1d,1,0.2,DictionaryBruteForce,0.4433673469387755,0.4188775510204082,0.024489795918367308,0.050344329023276055,False
cnn1d,1,0.2,DDoS-SlowLoris,0.9558907228229937,0.9365395560614684,0.019351166761525262,0.03310488431469255,False
cnn1d,1,0.2,DDoS-HTTP_Flood,0.8298217179902755,0.8578374623755499,-0.028015744385274433,0.06283048765589343,False
cnn1d,1,0.2,DoS-HTTP_Flood,0.8751282290403805,0.8241163853399235,0.05101184370045697,0.03985415067034641,False
cnn1d,1,0.2,Recon-PortScan,0.20121292680900557,0.2516407742793055,-0.05042784747029991,0.07985045010637541,False
cnn1d,1,0.2,Recon-OSScan,0.1805181347150259,0.08918825561312609,0.09132987910189981,0.10326414789120288,False
cnn1d,1,0.2,DDoS-ICMP_Flood,0.997904339250493,0.997965976331361,-6.163708086792674e-05,0.0012315082587516983,False
cnn1d,1,0.2,DDoS-RSTFINFlood,0.9991081514953326,0.9991081514953326,0.0,0.0010455514158798306,False
cnn1d,1,0.2,DDoS-TCP_Flood,0.5966915191053123,0.29933597390493943,0.29735554520037283,0.23415091411258288,True
cnn1d,1,0.2,DDoS-SynonymousIP_Flood,0.7046890395873181,0.8897003419695125,-0.18501130238219443,0.235929254057588,False
cnn1d,1,0.2,DDoS-UDP_Flood,0.6878178200309529,0.7368450143709927,-0.04902719434003977,0.09047640950289787,False
cnn1d,1,0.2,DoS-TCP_Flood,0.5335989661856558,0.8726577643764807,-0.33905879819082485,0.2643813212009498,False
cnn1d,1,0.2,DDoS-PSHACK_Flood,0.9982915717539863,0.9985504245185338,-0.0002588527645475125,0.11038504026051069,False
cnn1d,1,0.2,DDoS-SYN_Flood,0.19389468328669549,0.0829814296616637,0.11091325362503178,0.5238379149660953,False
cnn1d,1,0.2,Recon-HostDiscovery,0.7121817274088866,0.6450324513230155,0.06714927608587118,0.05981364338037638,False
cnn1d,1,0.2,DoS-SYN_Flood,0.19641044569530314,0.19636430746516564,4.613823013749352e-05,0.1338491875766533,False
cnn1d,1,0.2,DoS-UDP_Flood,0.7169625246548323,0.683835395373857,0.03312712928097539,0.013090549202921372,False
cnn1d,1,0.2,DNS_Spoofing,0.5719643335501894,0.5866977918946845,-0.014733458344495132,0.09199911478240713,False
cnn1d,1,0.2,MITM-ArpSpoofing,0.08582863380025468,0.10056394396943788,-0.014735310169183197,0.07459414892841161,False
cnn1d,1,0.2,Mirai-udpplain,0.9916493416493416,0.9887387387387387,0.0029106029106028553,0.0030144583209302193,False
cnn1d,1,0.2,Mirai-greeth_flood,0.9844848073332202,0.9799354948226108,0.004549312510609416,0.015483301867355035,False
cnn1d,1,0.2,Mirai-greip_flood,0.9848966076496823,0.9768211920529801,0.008075415596702218,0.01286645097872988,False
cnn1d,1,0.2,DDoS-UDP_Fragmentation,0.990928870292887,0.9893891213389121,0.0015397489539749065,0.001461089802842454,False
cnn1d,1,0.2,DDoS-ACK_Fragmentation,0.8943407585791692,0.9221687069369189,-0.02782794835774971,0.0004267613327376908,False
cnn1d,1,0.2,VulnerabilityScan,0.7219993313273153,0.7345035105315948,-0.012504179204279486,0.08585360693926365,False
cnn1d,1,0.2,DDoS-ICMP_Fragmentation,0.9700614808874632,0.9684910451750869,0.0015704357123763613,0.0009734754201886736,False
cnn1d,1,0.2,BenignTraffic,0.7721184997161084,0.6787348451955513,0.09338365452055708,0.08575705286341911,False
cnn1d,1,0.5,Uploading_Attack,0.07446808510638298,0.0,0.07446808510638298,0.02854554864893348,False
cnn1d,1,0.5,Recon-PingSweep,0.0029411764705882353,0.0,0.0029411764705882353,0.0,False
cnn1d,1,0.5,Backdoor_Malware,0.037267080745341616,0.0,0.037267080745341616,0.03750541589535823,False
cnn1d,1,0.5,XSS,0.03119584055459272,0.0,0.03119584055459272,0.014908709301633669,False
cnn1d,1,0.5,SqlInjection,0.06861499364675985,0.0,0.06861499364675985,0.030357587108549838,False
cnn1d,1,0.5,CommandInjection,0.018541409147095178,0.0,0.018541409147095178,0.032744446919116224,False
cnn1d,1,0.5,BrowserHijacking,0.01611047180667434,0.0011507479861910242,0.014959723820483316,0.02777429715263441,False
cnn1d,1,0.5,DictionaryBruteForce,0.4433673469387755,0.3494897959183674,0.09387755102040812,0.050344329023276055,False
cnn1d,1,0.5,DDoS-SlowLoris,0.9558907228229937,0.9345475241889585,0.02134319863403522,0.03310488431469255,False
cnn1d,1,0.5,DDoS-HTTP_Flood,0.8298217179902755,0.8610789534614494,-0.03125723547117387,0.06283048765589343,False
cnn1d,1,0.5,DoS-HTTP_Flood,0.8751282290403805,0.7586496316329385,0.11647859740744193,0.03985415067034641,True
cnn1d,1,0.5,Recon-PortScan,0.20121292680900557,0.12885270416216665,0.07236022264683892,0.07985045010637541,False
cnn1d,1,0.5,Recon-OSScan,0.1805181347150259,0.05533678756476684,0.12518134715025905,0.10326414789120288,True
cnn1d,1,0.5,DDoS-ICMP_Flood,0.997904339250493,0.9978427021696252,6.163708086781572e-05,0.0012315082587516983,False
cnn1d,1,0.5,DDoS-RSTFINFlood,0.9991081514953326,0.9991676080623105,-5.945656697792234e-05,0.0010455514158798306,False
cnn1d,1,0.5,DDoS-TCP_Flood,0.5966915191053123,0.33690587138863,0.2597856477166823,0.23415091411258288,True
cnn1d,1,0.5,DDoS-SynonymousIP_Flood,0.7046890395873181,0.9080739581522054,-0.20338491856488727,0.235929254057588,False
cnn1d,1,0.5,DDoS-UDP_Flood,0.6878178200309529,0.6596285651116516,0.028189254919301354,0.09047640950289787,False
cnn1d,1,0.5,DoS-TCP_Flood,0.5335989661856558,0.8154210639672625,-0.2818220977816067,0.2643813212009498,False
cnn1d,1,0.5,DDoS-PSHACK_Flood,0.9982915717539863,0.9986021950714433,-0.000310623317457015,0.11038504026051069,False
cnn1d,1,0.5,DDoS-SYN_Flood,0.19389468328669549,0.024319511574662937,0.16957517171203254,0.5238379149660953,False
cnn1d,1,0.5,Recon-HostDiscovery,0.7121817274088866,0.6070394408387418,0.1051422865701448,0.05981364338037638,True
cnn1d,1,0.5,DoS-SYN_Flood,0.19641044569530314,0.21611146996401218,-0.01970102426870904,0.1338491875766533,False
cnn1d,1,0.5,DoS-UDP_Flood,0.7169625246548323,0.7301416532185763,-0.013179128563743925,0.013090549202921372,False
cnn1d,1,0.5,DNS_Spoofing,0.5719643335501894,0.7111859477249244,-0.139221614174735,0.09199911478240713,False
cnn1d,1,0.5,MITM-ArpSpoofing,0.08582863380025468,0.10336547207567764,-0.01753683827542296,0.07459414892841161,False
cnn1d,1,0.5,Mirai-udpplain,0.9916493416493416,0.9890505890505891,0.0025987525987525295,0.0030144583209302193,False
cnn1d,1,0.5,Mirai-greeth_flood,0.9844848073332202,0.9788490918350026,0.005635715498217619,0.015483301867355035,False
cnn1d,1,0.5,Mirai-greip_flood,0.9848966076496823,0.9762805784565481,0.0086160291931342,0.01286645097872988,False
cnn1d,1,0.5,DDoS-UDP_Fragmentation,0.990928870292887,0.9874811715481172,0.0034476987447698004,0.001461089802842454,False
cnn1d,1,0.5,DDoS-ACK_Fragmentation,0.8943407585791692,0.9724730751220817,-0.07813231654291253,0.0004267613327376908,False
cnn1d,1,0.5,VulnerabilityScan,0.7219993313273153,0.6143430290872618,0.10765630224005351,0.08585360693926365,True
cnn1d,1,0.5,DDoS-ICMP_Fragmentation,0.9700614808874632,0.9677893611333868,0.002272119754076485,0.0009734754201886736,False
cnn1d,1,0.5,BenignTraffic,0.7721184997161084,0.6316756287365152,0.14044287097959318,0.08575705286341911,True
cnn1d,1,0.8,Uploading_Attack,0.07446808510638298,0.0,0.07446808510638298,0.02854554864893348,False
cnn1d,1,0.8,Recon-PingSweep,0.0029411764705882353,0.0,0.0029411764705882353,0.0,False
cnn1d,1,0.8,Backdoor_Malware,0.037267080745341616,0.0,0.037267080745341616,0.03750541589535823,False
cnn1d,1,0.8,XSS,0.03119584055459272,0.0,0.03119584055459272,0.014908709301633669,False
cnn1d,1,0.8,SqlInjection,0.06861499364675985,0.0,0.06861499364675985,0.030357587108549838,False
cnn1d,1,0.8,CommandInjection,0.018541409147095178,0.0,0.018541409147095178,0.032744446919116224,False
cnn1d,1,0.8,BrowserHijacking,0.01611047180667434,0.0,0.01611047180667434,0.02777429715263441,False
cnn1d,1,0.8,DictionaryBruteForce,0.4433673469387755,0.36989795918367346,0.07346938775510203,0.050344329023276055,False
cnn1d,1,0.8,DDoS-SlowLoris,0.9558907228229937,0.7911212293682414,0.16476949345475234,0.03310488431469255,True
cnn1d,1,0.8,DDoS-HTTP_Flood,0.8298217179902755,0.8840009261403102,-0.05417920815003474,0.06283048765589343,False
cnn1d,1,0.8,DoS-HTTP_Flood,0.8751282290403805,0.022848083558705587,0.8522801454816749,0.03985415067034641,True
cnn1d,1,0.8,Recon-PortScan,0.20121292680900557,0.09396028910858187,0.1072526377004237,0.07985045010637541,True
cnn1d,1,0.8,Recon-OSScan,0.1805181347150259,0.0,0.1805181347150259,0.10326414789120288,True
cnn1d,1,0.8,DDoS-ICMP_Flood,0.997904339250493,0.9976577909270217,0.0002465483234713739,0.0012315082587516983,False
cnn1d,1,0.8,DDoS-RSTFINFlood,0.9991081514953326,0.9945299958380404,0.004578155657292249,0.0010455514158798306,False
cnn1d,1,0.8,DDoS-TCP_Flood,0.5966915191053123,0.6721808014911463,-0.07548928238583408,0.23415091411258288,False
cnn1d,1,0.8,DDoS-SynonymousIP_Flood,0.7046890395873181,0.7513475917231786,-0.046658552135860454,0.235929254057588,False
cnn1d,1,0.8,DDoS-UDP_Flood,0.6878178200309529,0.4966836170683175,0.19113420296263545,0.09047640950289787,True
cnn1d,1,0.8,DoS-TCP_Flood,0.5335989661856558,0.2465001076889942,0.2870988584966616,0.2643813212009498,True
cnn1d,1,0.8,DDoS-PSHACK_Flood,0.9982915717539863,0.9988610478359908,-0.0005694760820045275,0.11038504026051069,False
cnn1d,1,0.8,DDoS-SYN_Flood,0.19389468328669549,0.0015263291783261257,0.19236835410836936,0.5238379149660953,False
cnn1d,1,0.8,Recon-HostDiscovery,0.7121817274088866,0.48172740888667,0.23045431852221665,0.05981364338037638,True
cnn1d,1,0.8,DoS-SYN_Flood,0.19641044569530314,0.40467841653594167,-0.20826797084063853,0.1338491875766533,False
cnn1d,1,0.8,DoS-UDP_Flood,0.7169625246548323,0.8201542047695893,-0.10319168011475699,0.013090549202921372,False
cnn1d,1,0.8,DNS_Spoofing,0.5719643335501894,0.2967739466534002,0.2751903868967892,0.09199911478240713,True
cnn1d,1,0.8,MITM-ArpSpoofing,0.08582863380025468,3.6383481899217756e-05,0.08579225031835547,0.07459414892841161,False
cnn1d,1,0.8,Mirai-udpplain,0.9916493416493416,0.9846846846846847,0.006964656964656868,0.0030144583209302193,False
cnn1d,1,0.8,Mirai-greeth_flood,0.9844848073332202,0.9912408759124087,-0.006756068579188534,0.015483301867355035,False
cnn1d,1,0.8,Mirai-greip_flood,0.9848966076496823,0.002534126233274767,0.9823624814164076,0.01286645097872988,True
cnn1d,1,0.8,DDoS-UDP_Fragmentation,0.990928870292887,0.9957154811715481,-0.004786610878661057,0.001461089802842454,False
cnn1d,1,0.8,DDoS-ACK_Fragmentation,0.8943407585791692,0.9518027961736572,-0.05746203759448798,0.0004267613327376908,False
cnn1d,1,0.8,VulnerabilityScan,0.7219993313273153,0.3160481444332999,0.4059511868940154,0.08585360693926365,True
cnn1d,1,0.8,DDoS-ICMP_Fragmentation,0.9700614808874632,0.8550521251002405,0.11500935578722271,0.0009734754201886736,True
cnn1d,1,0.8,BenignTraffic,0.7721184997161084,0.9468287632343609,-0.17471026351825258,0.08575705286341911,False
cnn1d,1,0.9,Uploading_Attack,0.07446808510638298,0.0,0.07446808510638298,0.02854554864893348,False
cnn1d,1,0.9,Recon-PingSweep,0.0029411764705882353,0.0,0.0029411764705882353,0.0,False
cnn1d,1,0.9,Backdoor_Malware,0.037267080745341616,0.0,0.037267080745341616,0.03750541589535823,False
cnn1d,1,0.9,XSS,0.03119584055459272,0.0,0.03119584055459272,0.014908709301633669,False
cnn1d,1,0.9,SqlInjection,0.06861499364675985,0.0,0.06861499364675985,0.030357587108549838,False
cnn1d,1,0.9,CommandInjection,0.018541409147095178,0.0,0.018541409147095178,0.032744446919116224,False
cnn1d,1,0.9,BrowserHijacking,0.01611047180667434,0.0,0.01611047180667434,0.02777429715263441,False
cnn1d,1,0.9,DictionaryBruteForce,0.4433673469387755,0.0,0.4433673469387755,0.050344329023276055,True
cnn1d,1,0.9,DDoS-SlowLoris,0.9558907228229937,1.0,-0.0441092771770063,0.03310488431469255,False
cnn1d,1,0.9,DDoS-HTTP_Flood,0.8298217179902755,0.0,0.8298217179902755,0.06283048765589343,True
cnn1d,1,0.9,DoS-HTTP_Flood,0.8751282290403805,0.0,0.8751282290403805,0.03985415067034641,True
cnn1d,1,0.9,Recon-PortScan,0.20121292680900557,0.0,0.20121292680900557,0.07985045010637541,True
cnn1d,1,0.9,Recon-OSScan,0.1805181347150259,0.0,0.1805181347150259,0.10326414789120288,True
cnn1d,1,0.9,DDoS-ICMP_Flood,0.997904339250493,0.0,0.997904339250493,0.0012315082587516983,True
cnn1d,1,0.9,DDoS-RSTFINFlood,0.9991081514953326,0.0,0.9991081514953326,0.0010455514158798306,True
cnn1d,1,0.9,DDoS-TCP_Flood,0.5966915191053123,0.0,0.5966915191053123,0.23415091411258288,True
cnn1d,1,0.9,DDoS-SynonymousIP_Flood,0.7046890395873181,0.0,0.7046890395873181,0.235929254057588,True
cnn1d,1,0.9,DDoS-UDP_Flood,0.6878178200309529,0.0,0.6878178200309529,0.09047640950289787,True
cnn1d,1,0.9,DoS-TCP_Flood,0.5335989661856558,0.0,0.5335989661856558,0.2643813212009498,True
cnn1d,1,0.9,DDoS-PSHACK_Flood,0.9982915717539863,0.0,0.9982915717539863,0.11038504026051069,True
cnn1d,1,0.9,DDoS-SYN_Flood,0.19389468328669549,0.0,0.19389468328669549,0.5238379149660953,False
cnn1d,1,0.9,Recon-HostDiscovery,0.7121817274088866,9.985022466300549e-05,0.7120818771842237,0.05981364338037638,True
cnn1d,1,0.9,DoS-SYN_Flood,0.19641044569530314,0.0,0.19641044569530314,0.1338491875766533,True
cnn1d,1,0.9,DoS-UDP_Flood,0.7169625246548323,0.0,0.7169625246548323,0.013090549202921372,True
cnn1d,1,0.9,DNS_Spoofing,0.5719643335501894,0.0,0.5719643335501894,0.09199911478240713,True
cnn1d,1,0.9,MITM-ArpSpoofing,0.08582863380025468,0.0005093687465890486,0.08531926505366563,0.07459414892841161,False
cnn1d,1,0.9,Mirai-udpplain,0.9916493416493416,0.0,0.9916493416493416,0.0030144583209302193,True
cnn1d,1,0.9,Mirai-greeth_flood,0.9844848073332202,0.0,0.9844848073332202,0.015483301867355035,True
cnn1d,1,0.9,Mirai-greip_flood,0.9848966076496823,0.0,0.9848966076496823,0.01286645097872988,True
cnn1d,1,0.9,DDoS-UDP_Fragmentation,0.990928870292887,0.0,0.990928870292887,0.001461089802842454,True
cnn1d,1,0.9,DDoS-ACK_Fragmentation,0.8943407585791692,0.0,0.8943407585791692,0.0004267613327376908,True
cnn1d,1,0.9,VulnerabilityScan,0.7219993313273153,0.0,0.7219993313273153,0.08585360693926365,True
cnn1d,1,0.9,DDoS-ICMP_Fragmentation,0.9700614808874632,3.3413525795241913e-05,0.970028067361668,0.0009734754201886736,True
cnn1d,1,0.9,BenignTraffic,0.7721184997161084,0.0,0.7721184997161084,0.08575705286341911,True
cnn1d,1,0.95,Uploading_Attack,0.07446808510638298,0.0,0.07446808510638298,0.02854554864893348,False
cnn1d,1,0.95,Recon-PingSweep,0.0029411764705882353,0.0,0.0029411764705882353,0.0,False
cnn1d,1,0.95,Backdoor_Malware,0.037267080745341616,0.0,0.037267080745341616,0.03750541589535823,False
cnn1d,1,0.95,XSS,0.03119584055459272,0.0,0.03119584055459272,0.014908709301633669,False
cnn1d,1,0.95,SqlInjection,0.06861499364675985,0.0,0.06861499364675985,0.030357587108549838,False
cnn1d,1,0.95,CommandInjection,0.018541409147095178,0.0,0.018541409147095178,0.032744446919116224,False
cnn1d,1,0.95,BrowserHijacking,0.01611047180667434,0.0,0.01611047180667434,0.02777429715263441,False
cnn1d,1,0.95,DictionaryBruteForce,0.4433673469387755,0.0,0.4433673469387755,0.050344329023276055,True
cnn1d,1,0.95,DDoS-SlowLoris,0.9558907228229937,0.0,0.9558907228229937,0.03310488431469255,True
cnn1d,1,0.95,DDoS-HTTP_Flood,0.8298217179902755,0.0,0.8298217179902755,0.06283048765589343,True
cnn1d,1,0.95,DoS-HTTP_Flood,0.8751282290403805,0.0,0.8751282290403805,0.03985415067034641,True
cnn1d,1,0.95,Recon-PortScan,0.20121292680900557,0.0007476946082911024,0.20046523220071447,0.07985045010637541,True
cnn1d,1,0.95,Recon-OSScan,0.1805181347150259,0.0,0.1805181347150259,0.10326414789120288,True
cnn1d,1,0.95,DDoS-ICMP_Flood,0.997904339250493,0.0,0.997904339250493,0.0012315082587516983,True
cnn1d,1,0.95,DDoS-RSTFINFlood,0.9991081514953326,0.996313692847375,0.002794458647957576,0.0010455514158798306,False
cnn1d,1,0.95,DDoS-TCP_Flood,0.5966915191053123,0.0,0.5966915191053123,0.23415091411258288,True
cnn1d,1,0.95,DDoS-SynonymousIP_Flood,0.7046890395873181,0.0,0.7046890395873181,0.235929254057588,True
cnn1d,1,0.95,DDoS-UDP_Flood,0.6878178200309529,0.0,0.6878178200309529,0.09047640950289787,True
cnn1d,1,0.95,DoS-TCP_Flood,0.5335989661856558,0.0,0.5335989661856558,0.2643813212009498,True
cnn1d,1,0.95,DDoS-PSHACK_Flood,0.9982915717539863,0.9987575067301718,-0.0004659349761855225,0.11038504026051069,False
cnn1d,1,0.95,DDoS-SYN_Flood,0.19389468328669549,0.0,0.19389468328669549,0.5238379149660953,False
cnn1d,1,0.95,Recon-HostDiscovery,0.7121817274088866,0.0,0.7121817274088866,0.05981364338037638,True
cnn1d,1,0.95,DoS-SYN_Flood,0.19641044569530314,0.0,0.19641044569530314,0.1338491875766533,True
cnn1d,1,0.95,DoS-UDP_Flood,0.7169625246548323,0.0,0.7169625246548323,0.013090549202921372,True
cnn1d,1,0.95,DNS_Spoofing,0.5719643335501894,0.005663770999961731,0.5663005625502276,0.09199911478240713,True
cnn1d,1,0.95,MITM-ArpSpoofing,0.08582863380025468,0.00010915044569765326,0.08571948335455704,0.07459414892841161,False
cnn1d,1,0.95,Mirai-udpplain,0.9916493416493416,0.525017325017325,0.4666320166320166,0.0030144583209302193,True
cnn1d,1,0.95,Mirai-greeth_flood,0.9844848073332202,0.0,0.9844848073332202,0.015483301867355035,True
cnn1d,1,0.95,Mirai-greip_flood,0.9848966076496823,0.0,0.9848966076496823,0.01286645097872988,True
cnn1d,1,0.95,DDoS-UDP_Fragmentation,0.990928870292887,0.00013389121338912134,0.9907949790794979,0.001461089802842454,True
cnn1d,1,0.95,DDoS-ACK_Fragmentation,0.8943407585791692,0.09793297210515754,0.7964077864740117,0.0004267613327376908,True
cnn1d,1,0.95,VulnerabilityScan,0.7219993313273153,0.0,0.7219993313273153,0.08585360693926365,True
cnn1d,1,0.95,DDoS-ICMP_Fragmentation,0.9700614808874632,0.0,0.9700614808874632,0.0009734754201886736,True
cnn1d,1,0.95,BenignTraffic,0.7721184997161084,0.0,0.7721184997161084,0.08575705286341911,True
cnn1d,2,0.0,Uploading_Attack,0.0,0.0,0.0,0.02854554864893348,False
cnn1d,2,0.0,Recon-PingSweep,0.0029411764705882353,0.0,0.0029411764705882353,0.0,False
cnn1d,2,0.0,Backdoor_Malware,0.0,0.0,0.0,0.03750541589535823,False
cnn1d,2,0.0,XSS,0.0034662045060658577,0.005199306759098787,-0.0017331022530329295,0.014908709301633669,False
cnn1d,2,0.0,SqlInjection,0.052096569250317665,0.03811944091486658,0.013977128335451082,0.030357587108549838,False
cnn1d,2,0.0,CommandInjection,0.09147095179233622,0.024721878862793572,0.06674907292954264,0.032744446919116224,False
cnn1d,2,0.0,BrowserHijacking,0.00805523590333717,0.004602991944764097,0.003452243958573073,0.02777429715263441,False
cnn1d,2,0.0,DictionaryBruteForce,0.42551020408163265,0.39132653061224487,0.034183673469387776,0.050344329023276055,False
cnn1d,2,0.0,DDoS-SlowLoris,0.933693796243597,0.9083665338645418,0.02532726237905525,0.03310488431469255,False
cnn1d,2,0.0,DDoS-HTTP_Flood,0.7865246584857606,0.7543412827043297,0.032183375781430934,0.06283048765589343,False
cnn1d,2,0.0,DoS-HTTP_Flood,0.8672946003916814,0.8883707917560384,-0.02107619136435701,0.03985415067034641,False
cnn1d,2,0.0,Recon-PortScan,0.20470216831436405,0.18293594749522307,0.02176622081914098,0.07985045010637541,False
cnn1d,2,0.0,Recon-OSScan,0.10473229706390329,0.10169257340241797,0.003039723661485319,0.10326414789120288,False
cnn1d,2,0.0,DDoS-ICMP_Flood,0.997904339250493,0.997904339250493,0.0,0.0012315082587516983,False
cnn1d,2,0.0,DDoS-RSTFINFlood,0.9991676080623105,0.9990486949283548,0.00011891313395573366,0.0010455514158798306,False
cnn1d,2,0.0,DDoS-TCP_Flood,0.41816169617893756,0.8095876048462255,-0.39142590866728794,0.23415091411258288,False
cnn1d,2,0.0,DDoS-SynonymousIP_Flood,0.7931953863096273,0.7027763287544195,0.09041905755520774,0.235929254057588,False
cnn1d,2,0.0,DDoS-UDP_Flood,0.6774817598938757,0.7299911563121821,-0.05250939641830643,0.09047640950289787,False
cnn1d,2,0.0,DoS-TCP_Flood,0.7090781822097781,0.3015830282145165,0.40749515399526165,0.2643813212009498,True
cnn1d,2,0.0,DDoS-PSHACK_Flood,0.9979291778836198,0.9982398012010768,-0.000310623317457015,0.11038504026051069,False
cnn1d,2,0.0,DDoS-SYN_Flood,0.15248028491477997,0.18198931569575172,-0.02950903078097175,0.5238379149660953,False
cnn1d,2,0.0,Recon-HostDiscovery,0.6693959061407888,0.7149276085871193,-0.045531702446330535,0.05981364338037638,False
cnn1d,2,0.0,DoS-SYN_Flood,0.20711451508720125,0.18501430285134263,0.02210021223585862,0.1338491875766533,False
cnn1d,2,0.0,DoS-UDP_Flood,0.7223865877712031,0.6928904428904429,0.029496144880760244,0.013090549202921372,False
cnn1d,2,0.0,DNS_Spoofing,0.4980674294898779,0.6045692855229421,-0.10650185603306417,0.09199911478240713,False
cnn1d,2,0.0,MITM-ArpSpoofing,0.12555939603420047,0.10092777878843005,0.024631617245770412,0.07459414892841161,False
cnn1d,2,0.0,Mirai-udpplain,0.987941787941788,0.9822245322245322,0.005717255717255787,0.0030144583209302193,False
cnn1d,2,0.0,Mirai-greeth_flood,0.9647258529960957,0.9876421660159566,-0.022916313019860857,0.015483301867355035,False
cnn1d,2,0.0,Mirai-greip_flood,0.9760440600081092,0.9696918502500338,0.006352209758075378,0.01286645097872988,False
cnn1d,2,0.0,DDoS-UDP_Fragmentation,0.9889874476987448,0.9905271966527197,-0.0015397489539749065,0.001461089802842454,False
cnn1d,2,0.0,DDoS-ACK_Fragmentation,0.9753495217071376,0.9731420161883738,0.002207505518763808,0.0004267613327376908,False
cnn1d,2,0.0,VulnerabilityScan,0.5956201939150786,0.6315613507188231,-0.035941156803744545,0.08585360693926365,False
cnn1d,2,0.0,DDoS-ICMP_Fragmentation,0.9684576316492917,0.9714314354450682,-0.0029738037957764973,0.0009734754201886736,False
cnn1d,2,0.0,BenignTraffic,0.7194482482215023,0.7720851006980395,-0.052636852476537155,0.08575705286341911,False
cnn1d,2,0.2,Uploading_Attack,0.0,0.0,0.0,0.02854554864893348,False
cnn1d,2,0.2,Recon-PingSweep,0.0029411764705882353,0.0,0.0029411764705882353,0.0,False
cnn1d,2,0.2,Backdoor_Malware,0.0,0.0,0.0,0.03750541589535823,False
cnn1d,2,0.2,XSS,0.0034662045060658577,0.008665511265164644,-0.005199306759098786,0.014908709301633669,False
cnn1d,2,0.2,SqlInjection,0.052096569250317665,0.035578144853875476,0.01651842439644219,0.030357587108549838,False
cnn1d,2,0.2,CommandInjection,0.09147095179233622,0.037082818294190356,0.05438813349814586,0.032744446919116224,False
cnn1d,2,0.2,BrowserHijacking,0.00805523590333717,0.004602991944764097,0.003452243958573073,0.02777429715263441,False
cnn1d,2,0.2,DictionaryBruteForce,0.42551020408163265,0.34744897959183674,0.07806122448979591,0.050344329023276055,False
cnn1d,2,0.2,DDoS-SlowLoris,0.933693796243597,0.9114968696642003,0.02219692657939676,0.03310488431469255,False
cnn1d,2,0.2,DDoS-HTTP_Flood,0.7865246584857606,0.7990275526742301,-0.012502894188469504,0.06283048765589343,False
cnn1d,2,0.2,DoS-HTTP_Flood,0.8672946003916814,0.8630047561316796,0.004289844260001785,0.03985415067034641,False
cnn1d,2,0.2,Recon-PortScan,0.20470216831436405,0.17039129351167234,0.03431087480269171,0.07985045010637541,False
cnn1d,2,0.2,Recon-OSScan,0.10473229706390329,0.11177892918825562,-0.007046632124352331,0.10326414789120288,False
cnn1d,2,0.2,DDoS-ICMP_Flood,0.997904339250493,0.9978427021696252,6.163708086781572e-05,0.0012315082587516983,False
cnn1d,2,0.2,DDoS-RSTFINFlood,0.9991676080623105,0.9991081514953326,5.945656697792234e-05,0.0010455514158798306,False
cnn1d,2,0.2,DDoS-TCP_Flood,0.41816169617893756,0.8147716682199441,-0.3966099720410065,0.23415091411258288,False
cnn1d,2,0.2,DDoS-SynonymousIP_Flood,0.7931953863096273,0.7224830464267084,0.07071233988291892,0.235929254057588,False
cnn1d,2,0.2,DDoS-UDP_Flood,0.6774817598938757,0.7836060137077161,-0.10612425381384039,0.09047640950289787,False
cnn1d,2,0.2,DoS-TCP_Flood,0.7090781822097781,0.2818220977816067,0.4272560844281714,0.2643813212009498,True
cnn1d,2,0.2,DDoS-PSHACK_Flood,0.9979291778836198,0.9979809484365293,-5.17705529095025e-05,0.11038504026051069,False
cnn1d,2,0.2,DDoS-SYN_Flood,0.15248028491477997,0.17690155176799796,-0.024421266853217993,0.5238379149660953,False
cnn1d,2,0.2,Recon-HostDiscovery,0.6693959061407888,0.7139790314528208,-0.04458312531203201,0.05981364338037638,False
cnn1d,2,0.2,DoS-SYN_Flood,0.20711451508720125,0.1742179569991695,0.03289655808803174,0.1338491875766533,False
cnn1d,2,0.2,DoS-UDP_Flood,0.7223865877712031,0.6334498834498834,0.08893670432131973,0.013090549202921372,False
cnn1d,2,0.2,DNS_Spoofing,0.4980674294898779,0.5746814128812522,-0.07661398339137426,0.09199911478240713,False
cnn1d,2,0.2,MITM-ArpSpoofing,0.12555939603420047,0.09761688193560124,0.027942514098599228,0.07459414892841161,False
cnn1d,2,0.2,Mirai-udpplain,0.987941787941788,0.9851351351351352,0.0028066528066528207,0.0030144583209302193,False
cnn1d,2,0.2,Mirai-greeth_flood,0.9647258529960957,0.983941605839416,-0.019215752843320333,0.015483301867355035,False
cnn1d,2,0.2,Mirai-greip_flood,0.9760440600081092,0.9740505473712664,0.001993512636842776,0.01286645097872988,False
cnn1d,2,0.2,DDoS-UDP_Fragmentation,0.9889874476987448,0.9903933054393306,-0.0014058577405857697,0.001461089802842454,False
cnn1d,2,0.2,DDoS-ACK_Fragmentation,0.9753495217071376,0.9734764867215199,0.0018730349856177497,0.0004267613327376908,False
cnn1d,2,0.2,VulnerabilityScan,0.5956201939150786,0.6272818455366098,-0.03166165162153123,0.08585360693926365,False
cnn1d,2,0.2,DDoS-ICMP_Fragmentation,0.9684576316492917,0.9689588345362202,-0.0005012028869285645,0.0009734754201886736,False
cnn1d,2,0.2,BenignTraffic,0.7194482482215023,0.7794662836912595,-0.06001803546975715,0.08575705286341911,False
cnn1d,2,0.5,Uploading_Attack,0.0,0.0,0.0,0.02854554864893348,False
cnn1d,2,0.5,Recon-PingSweep,0.0029411764705882353,0.0,0.0029411764705882353,0.0,False
cnn1d,2,0.5,Backdoor_Malware,0.0,0.0,0.0,0.03750541589535823,False
cnn1d,2,0.5,XSS,0.0034662045060658577,0.006932409012131715,-0.0034662045060658577,0.014908709301633669,False
cnn1d,2,0.5,SqlInjection,0.052096569250317665,0.0025412960609911056,0.04955527318932656,0.030357587108549838,False
cnn1d,2,0.5,CommandInjection,0.09147095179233622,0.007416563658838072,0.08405438813349815,0.032744446919116224,False
cnn1d,2,0.5,BrowserHijacking,0.00805523590333717,0.0011507479861910242,0.0069044879171461454,0.02777429715263441,False
cnn1d,2,0.5,DictionaryBruteForce,0.42551020408163265,0.3056122448979592,0.11989795918367346,0.050344329023276055,True
cnn1d,2,0.5,DDoS-SlowLoris,0.933693796243597,0.9345475241889585,-0.0008537279453614266,0.03310488431469255,False
cnn1d,2,0.5,DDoS-HTTP_Flood,0.7865246584857606,0.7332715906459829,0.05325306783977768,0.06283048765589343,False
cnn1d,2,0.5,DoS-HTTP_Flood,0.8672946003916814,0.8595542292268955,0.007740371164785875,0.03985415067034641,False
cnn1d,2,0.5,Recon-PortScan,0.20470216831436405,0.14613275733156103,0.05856941098280302,0.07985045010637541,False
cnn1d,2,0.5,Recon-OSScan,0.10473229706390329,0.13747841105354058,-0.032746113989637296,0.10326414789120288,False
cnn1d,2,0.5,DDoS-ICMP_Flood,0.997904339250493,0.9977810650887574,0.00012327416173563144,0.0012315082587516983,False
cnn1d,2,0.5,DDoS-RSTFINFlood,0.9991676080623105,0.9988703252274214,0.0002972828348891676,0.0010455514158798306,False
cnn1d,2,0.5,DDoS-TCP_Flood,0.41816169617893756,0.6629193849021435,-0.24475768872320597,0.23415091411258288,False
cnn1d,2,0.5,DDoS-SynonymousIP_Flood,0.7931953863096273,0.6611603779052918,0.13203500840433546,0.235929254057588,False
cnn1d,2,0.5,DDoS-UDP_Flood,0.6774817598938757,0.7337497236347557,-0.056267963740879945,0.09047640950289787,False
cnn1d,2,0.5,DoS-TCP_Flood,0.7090781822097781,0.4146026276114581,0.29447555459832003,0.2643813212009498,True
cnn1d,2,0.5,DDoS-PSHACK_Flood,0.9979291778836198,0.9980844895423483,-0.0001553116587285075,0.11038504026051069,False
cnn1d,2,0.5,DDoS-SYN_Flood,0.15248028491477997,0.2425845840752989,-0.09010429916051893,0.5238379149660953,False
cnn1d,2,0.5,Recon-HostDiscovery,0.6693959061407888,0.7106839740389416,-0.04128806789815276,0.05981364338037638,False
cnn1d,2,0.5,DoS-SYN_Flood,0.20711451508720125,0.15686998246747255,0.05024453261972869,0.1338491875766533,False
cnn1d,2,0.5,DoS-UDP_Flood,0.7223865877712031,0.6878698224852071,0.03451676528599601,0.013090549202921372,False
cnn1d,2,0.5,DNS_Spoofing,0.4980674294898779,0.6010102942864797,-0.10294286479660175,0.09199911478240713,False
cnn1d,2,0.5,MITM-ArpSpoofing,0.12555939603420047,0.08619246861924686,0.03936692741495361,0.07459414892841161,False
cnn1d,2,0.5,Mirai-udpplain,0.987941787941788,0.984996534996535,0.002945252945253052,0.0030144583209302193,False
cnn1d,2,0.5,Mirai-greeth_flood,0.9647258529960957,0.9454082498726871,0.019317603123408578,0.015483301867355035,False
cnn1d,2,0.5,Mirai-greip_flood,0.9760440600081092,0.9807068522773348,-0.004662792269225613,0.01286645097872988,False
cnn1d,2,0.5,DDoS-UDP_Fragmentation,0.9889874476987448,0.9894895397489539,-0.0005020920502091242,0.001461089802842454,False
cnn1d,2,0.5,DDoS-ACK_Fragmentation,0.9753495217071376,0.9641447588467456,0.01120476286039207,0.0004267613327376908,False
cnn1d,2,0.5,VulnerabilityScan,0.5956201939150786,0.646773654296222,-0.051153460381143434,0.08585360693926365,False
cnn1d,2,0.5,DDoS-ICMP_Fragmentation,0.9684576316492917,0.9683239775461107,0.00013365410318100235,0.0009734754201886736,False
cnn1d,2,0.5,BenignTraffic,0.7194482482215023,0.7334424367923583,-0.013994188570855992,0.08575705286341911,False
cnn1d,2,0.8,Uploading_Attack,0.0,0.0,0.0,0.02854554864893348,False
cnn1d,2,0.8,Recon-PingSweep,0.0029411764705882353,0.0,0.0029411764705882353,0.0,False
cnn1d,2,0.8,Backdoor_Malware,0.0,0.0,0.0,0.03750541589535823,False
cnn1d,2,0.8,XSS,0.0034662045060658577,0.0,0.0034662045060658577,0.014908709301633669,False
cnn1d,2,0.8,SqlInjection,0.052096569250317665,0.0,0.052096569250317665,0.030357587108549838,False
cnn1d,2,0.8,CommandInjection,0.09147095179233622,0.002472187886279357,0.08899876390605686,0.032744446919116224,False
cnn1d,2,0.8,BrowserHijacking,0.00805523590333717,0.0,0.00805523590333717,0.02777429715263441,False
cnn1d,2,0.8,DictionaryBruteForce,0.42551020408163265,0.0,0.42551020408163265,0.050344329023276055,True
cnn1d,2,0.8,DDoS-SlowLoris,0.933693796243597,0.0,0.933693796243597,0.03310488431469255,True
cnn1d,2,0.8,DDoS-HTTP_Flood,0.7865246584857606,0.0,0.7865246584857606,0.06283048765589343,True
cnn1d,2,0.8,DoS-HTTP_Flood,0.8672946003916814,0.0,0.8672946003916814,0.03985415067034641,True
cnn1d,2,0.8,Recon-PortScan,0.20470216831436405,8.307717869901138e-05,0.20461909113566504,0.07985045010637541,True
cnn1d,2,0.8,Recon-OSScan,0.10473229706390329,0.0,0.10473229706390329,0.10326414789120288,True
cnn1d,2,0.8,DDoS-ICMP_Flood,0.997904339250493,0.047337278106508875,0.9505670611439841,0.0012315082587516983,True
cnn1d,2,0.8,DDoS-RSTFINFlood,0.9991676080623105,1.0,-0.0008323919376894695,0.0010455514158798306,False
cnn1d,2,0.8,DDoS-TCP_Flood,0.41816169617893756,0.0,0.41816169617893756,0.23415091411258288,True
cnn1d,2,0.8,DDoS-SynonymousIP_Flood,0.7931953863096273,0.0005216484089723526,0.7926737379006549,0.235929254057588,True
cnn1d,2,0.8,DDoS-UDP_Flood,0.6774817598938757,0.0,0.6774817598938757,0.09047640950289787,True
cnn1d,2,0.8,DoS-TCP_Flood,0.7090781822097781,0.0,0.7090781822097781,0.2643813212009498,True
cnn1d,2,0.8,DDoS-PSHACK_Flood,0.9979291778836198,0.0,0.9979291778836198,0.11038504026051069,True
cnn1d,2,0.8,DDoS-SYN_Flood,0.15248028491477997,0.0,0.15248028491477997,0.5238379149660953,False
cnn1d,2,0.8,Recon-HostDiscovery,0.6693959061407888,0.0,0.6693959061407888,0.05981364338037638,True
cnn1d,2,0.8,DoS-SYN_Flood,0.20711451508720125,0.0,0.20711451508720125,0.1338491875766533,True
cnn1d,2,0.8,DoS-UDP_Flood,0.7223865877712031,0.03066164604626143,0.6917249417249417,0.013090549202921372,True
cnn1d,2,0.8,DNS_Spoofing,0.4980674294898779,0.003558991236462439,0.4945084382534155,0.09199911478240713,True
cnn1d,2,0.8,MITM-ArpSpoofing,0.12555939603420047,0.013971257049299617,0.11158813898490084,0.07459414892841161,True
cnn1d,2,0.8,Mirai-udpplain,0.987941787941788,0.0014553014553014554,0.9864864864864865,0.0030144583209302193,True
cnn1d,2,0.8,Mirai-greeth_flood,0.9647258529960957,0.0,0.9647258529960957,0.015483301867355035,True
cnn1d,2,0.8,Mirai-greip_flood,0.9760440600081092,0.0,0.9760440600081092,0.01286645097872988,True
cnn1d,2,0.8,DDoS-UDP_Fragmentation,0.9889874476987448,0.01593305439330544,0.9730543933054394,0.001461089802842454,True
cnn1d,2,0.8,DDoS-ACK_Fragmentation,0.9753495217071376,0.0,0.9753495217071376,0.0004267613327376908,True
cnn1d,2,0.8,VulnerabilityScan,0.5956201939150786,0.0,0.5956201939150786,0.08585360693926365,True
cnn1d,2,0.8,DDoS-ICMP_Fragmentation,0.9684576316492917,0.0,0.9684576316492917,0.0009734754201886736,True
cnn1d,2,0.8,BenignTraffic,0.7194482482215023,0.014795765004508868,0.7046524832169935,0.08575705286341911,True
cnn1d,2,0.9,Uploading_Attack,0.0,0.0,0.0,0.02854554864893348,False
cnn1d,2,0.9,Recon-PingSweep,0.0029411764705882353,0.0,0.0029411764705882353,0.0,False
cnn1d,2,0.9,Backdoor_Malware,0.0,0.0,0.0,0.03750541589535823,False
cnn1d,2,0.9,XSS,0.0034662045060658577,0.0,0.0034662045060658577,0.014908709301633669,False
cnn1d,2,0.9,SqlInjection,0.052096569250317665,0.0,0.052096569250317665,0.030357587108549838,False
cnn1d,2,0.9,CommandInjection,0.09147095179233622,0.0,0.09147095179233622,0.032744446919116224,False
cnn1d,2,0.9,BrowserHijacking,0.00805523590333717,0.0,0.00805523590333717,0.02777429715263441,False
cnn1d,2,0.9,DictionaryBruteForce,0.42551020408163265,0.0,0.42551020408163265,0.050344329023276055,True
cnn1d,2,0.9,DDoS-SlowLoris,0.933693796243597,0.0,0.933693796243597,0.03310488431469255,True
cnn1d,2,0.9,DDoS-HTTP_Flood,0.7865246584857606,0.0,0.7865246584857606,0.06283048765589343,True
cnn1d,2,0.9,DoS-HTTP_Flood,0.8672946003916814,0.0,0.8672946003916814,0.03985415067034641,True
cnn1d,2,0.9,Recon-PortScan,0.20470216831436405,0.0,0.20470216831436405,0.07985045010637541,True
cnn1d,2,0.9,Recon-OSScan,0.10473229706390329,0.0,0.10473229706390329,0.10326414789120288,True
cnn1d,2,0.9,DDoS-ICMP_Flood,0.997904339250493,0.0,0.997904339250493,0.0012315082587516983,True
cnn1d,2,0.9,DDoS-RSTFINFlood,0.9991676080623105,0.6257803674415839,0.3733872406207266,0.0010455514158798306,True
cnn1d,2,0.9,DDoS-TCP_Flood,0.41816169617893756,0.0,0.41816169617893756,0.23415091411258288,True
cnn1d,2,0.9,DDoS-SynonymousIP_Flood,0.7931953863096273,0.0,0.7931953863096273,0.235929254057588,True
cnn1d,2,0.9,DDoS-UDP_Flood,0.6774817598938757,0.0,0.6774817598938757,0.09047640950289787,True
cnn1d,2,0.9,DoS-TCP_Flood,0.7090781822097781,0.0,0.7090781822097781,0.2643813212009498,True
cnn1d,2,0.9,DDoS-PSHACK_Flood,0.9979291778836198,0.0,0.9979291778836198,0.11038504026051069,True
cnn1d,2,0.9,DDoS-SYN_Flood,0.15248028491477997,0.0,0.15248028491477997,0.5238379149660953,False
cnn1d,2,0.9,Recon-HostDiscovery,0.6693959061407888,0.0,0.6693959061407888,0.05981364338037638,True
cnn1d,2,0.9,DoS-SYN_Flood,0.20711451508720125,0.0,0.20711451508720125,0.1338491875766533,True
cnn1d,2,0.9,DoS-UDP_Flood,0.7223865877712031,0.0,0.7223865877712031,0.013090549202921372,True
cnn1d,2,0.9,DNS_Spoofing,0.4980674294898779,0.0,0.4980674294898779,0.09199911478240713,True
cnn1d,2,0.9,MITM-ArpSpoofing,0.12555939603420047,0.0,0.12555939603420047,0.07459414892841161,True
cnn1d,2,0.9,Mirai-udpplain,0.987941787941788,0.0,0.987941787941788,0.0030144583209302193,True
cnn1d,2,0.9,Mirai-greeth_flood,0.9647258529960957,0.020913257511458158,0.9438125954846376,0.015483301867355035,True
cnn1d,2,0.9,Mirai-greip_flood,0.9760440600081092,0.0,0.9760440600081092,0.01286645097872988,True
cnn1d,2,0.9,DDoS-UDP_Fragmentation,0.9889874476987448,0.30205857740585773,0.6869288702928871,0.001461089802842454,True
cnn1d,2,0.9,DDoS-ACK_Fragmentation,0.9753495217071376,0.0,0.9753495217071376,0.0004267613327376908,True
cnn1d,2,0.9,VulnerabilityScan,0.5956201939150786,0.00013373453694416582,0.5954864593781344,0.08585360693926365,True
cnn1d,2,0.9,DDoS-ICMP_Fragmentation,0.9684576316492917,0.0,0.9684576316492917,0.0009734754201886736,True
cnn1d,2,0.9,BenignTraffic,0.7194482482215023,0.9999332019638623,-0.28048495374235993,0.08575705286341911,False
cnn1d,2,0.95,Uploading_Attack,0.0,0.0,0.0,0.02854554864893348,False
cnn1d,2,0.95,Recon-PingSweep,0.0029411764705882353,0.0,0.0029411764705882353,0.0,False
cnn1d,2,0.95,Backdoor_Malware,0.0,0.0,0.0,0.03750541589535823,False
cnn1d,2,0.95,XSS,0.0034662045060658577,0.0,0.0034662045060658577,0.014908709301633669,False
cnn1d,2,0.95,SqlInjection,0.052096569250317665,0.0,0.052096569250317665,0.030357587108549838,False
cnn1d,2,0.95,CommandInjection,0.09147095179233622,0.0,0.09147095179233622,0.032744446919116224,False
cnn1d,2,0.95,BrowserHijacking,0.00805523590333717,0.0,0.00805523590333717,0.02777429715263441,False
cnn1d,2,0.95,DictionaryBruteForce,0.42551020408163265,0.0,0.42551020408163265,0.050344329023276055,True
cnn1d,2,0.95,DDoS-SlowLoris,0.933693796243597,0.0,0.933693796243597,0.03310488431469255,True
cnn1d,2,0.95,DDoS-HTTP_Flood,0.7865246584857606,0.0,0.7865246584857606,0.06283048765589343,True
cnn1d,2,0.95,DoS-HTTP_Flood,0.8672946003916814,0.0,0.8672946003916814,0.03985415067034641,True
cnn1d,2,0.95,Recon-PortScan,0.20470216831436405,0.00016615435739802275,0.20453601395696602,0.07985045010637541,True
cnn1d,2,0.95,Recon-OSScan,0.10473229706390329,0.005803108808290156,0.09892918825561313,0.10326414789120288,False
cnn1d,2,0.95,DDoS-ICMP_Flood,0.997904339250493,0.0,0.997904339250493,0.0012315082587516983,True
cnn1d,2,0.95,DDoS-RSTFINFlood,0.9991676080623105,0.0,0.9991676080623105,0.0010455514158798306,True
cnn1d,2,0.95,DDoS-TCP_Flood,0.41816169617893756,0.0,0.41816169617893756,0.23415091411258288,True
cnn1d,2,0.95,DDoS-SynonymousIP_Flood,0.7931953863096273,0.0,0.7931953863096273,0.235929254057588,True
cnn1d,2,0.95,DDoS-UDP_Flood,0.6774817598938757,0.0,0.6774817598938757,0.09047640950289787,True
cnn1d,2,0.95,DoS-TCP_Flood,0.7090781822097781,0.0,0.7090781822097781,0.2643813212009498,True
cnn1d,2,0.95,DDoS-PSHACK_Flood,0.9979291778836198,1.0,-0.002070822116380211,0.11038504026051069,False
cnn1d,2,0.95,DDoS-SYN_Flood,0.15248028491477997,0.0,0.15248028491477997,0.5238379149660953,False
cnn1d,2,0.95,Recon-HostDiscovery,0.6693959061407888,0.0,0.6693959061407888,0.05981364338037638,True
cnn1d,2,0.95,DoS-SYN_Flood,0.20711451508720125,0.0,0.20711451508720125,0.1338491875766533,True
cnn1d,2,0.95,DoS-UDP_Flood,0.7223865877712031,0.0,0.7223865877712031,0.013090549202921372,True
cnn1d,2,0.95,DNS_Spoofing,0.4980674294898779,7.653744594542881e-05,0.4979908920439325,0.09199911478240713,True
cnn1d,2,0.95,MITM-ArpSpoofing,0.12555939603420047,0.0,0.12555939603420047,0.07459414892841161,True
cnn1d,2,0.95,Mirai-udpplain,0.987941787941788,0.0,0.987941787941788,0.0030144583209302193,True
cnn1d,2,0.95,Mirai-greeth_flood,0.9647258529960957,0.0,0.9647258529960957,0.015483301867355035,True
cnn1d,2,0.95,Mirai-greip_flood,0.9760440600081092,0.0,0.9760440600081092,0.01286645097872988,True
cnn1d,2,0.95,DDoS-UDP_Fragmentation,0.9889874476987448,0.0,0.9889874476987448,0.001461089802842454,True
cnn1d,2,0.95,DDoS-ACK_Fragmentation,0.9753495217071376,0.0,0.9753495217071376,0.0004267613327376908,True
cnn1d,2,0.95,VulnerabilityScan,0.5956201939150786,0.0,0.5956201939150786,0.08585360693926365,True
cnn1d,2,0.95,DDoS-ICMP_Fragmentation,0.9684576316492917,0.0002338946805666934,0.968223736968725,0.0009734754201886736,True
cnn1d,2,0.95,BenignTraffic,0.7194482482215023,0.0,0.7194482482215023,0.08575705286341911,True
cnn1d,3,0.0,Uploading_Attack,0.0,0.0,0.0,0.02854554864893348,False
cnn1d,3,0.0,Recon-PingSweep,0.0029411764705882353,0.0,0.0029411764705882353,0.0,False
cnn1d,3,0.0,Backdoor_Malware,0.022774327122153208,0.0,0.022774327122153208,0.03750541589535823,False
cnn1d,3,0.0,XSS,0.01386481802426343,0.0,0.01386481802426343,0.014908709301633669,False
cnn1d,3,0.0,SqlInjection,0.05590851334180432,0.03176620076238882,0.0241423125794155,0.030357587108549838,False
cnn1d,3,0.0,CommandInjection,0.049443757725587144,0.0012360939431396785,0.048207663782447466,0.032744446919116224,False
cnn1d,3,0.0,BrowserHijacking,0.0034522439585730723,0.004602991944764097,-0.0011507479861910244,0.02777429715263441,False
cnn1d,3,0.0,DictionaryBruteForce,0.38979591836734695,0.40561224489795916,-0.015816326530612212,0.050344329023276055,False
cnn1d,3,0.0,DDoS-SlowLoris,0.9257256687535572,0.9291405805350028,-0.0034149117814455954,0.03310488431469255,False
cnn1d,3,0.0,DDoS-HTTP_Flood,0.8740449178050474,0.8608474183838851,0.013197499421162329,0.06283048765589343,False
cnn1d,3,0.0,DoS-HTTP_Flood,0.8369859181199292,0.8367061456681899,0.00027977245173926857,0.03985415067034641,False
cnn1d,3,0.0,Recon-PortScan,0.1693112901885852,0.20952064467890671,-0.04020935449032151,0.07985045010637541,False
cnn1d,3,0.0,Recon-OSScan,0.19488773747841107,0.08400690846286701,0.11088082901554405,0.10326414789120288,True
cnn1d,3,0.0,DDoS-ICMP_Flood,0.997904339250493,0.997965976331361,-6.163708086792674e-05,0.0012315082587516983,False
cnn1d,3,0.0,DDoS-RSTFINFlood,0.9992865211962662,0.9991081514953326,0.00017836970093354498,0.0010455514158798306,False
cnn1d,3,0.0,DDoS-TCP_Flood,0.40511416589002797,0.774289375582479,-0.36917520969245105,0.23415091411258288,False
cnn1d,3,0.0,DDoS-SynonymousIP_Flood,0.1766069669043065,0.6136324117544775,-0.437025444850171,0.235929254057588,False
cnn1d,3,0.0,DDoS-UDP_Flood,0.8059363254477117,0.6497346893654654,0.15620163608224624,0.09047640950289787,True
cnn1d,3,0.0,DoS-TCP_Flood,0.8012599612319621,0.34600473831574413,0.45525522291621795,0.2643813212009498,True
cnn1d,3,0.0,DDoS-PSHACK_Flood,0.9976185545661628,0.9980844895423483,-0.0004659349761855225,0.11038504026051069,False
cnn1d,3,0.0,DDoS-SYN_Flood,0.6776901551767998,0.28522004578987536,0.3924701093869244,0.5238379149660953,False
cnn1d,3,0.0,Recon-HostDiscovery,0.7236645032451323,0.7480279580629057,-0.024363454817773356,0.05981364338037638,False
cnn1d,3,0.0,DoS-SYN_Flood,0.15387099750853558,0.14768847467011165,0.006182522838423937,0.1338491875766533,False
cnn1d,3,0.0,DoS-UDP_Flood,0.5988434642280797,0.7407656446117985,-0.14192218038371884,0.013090549202921372,False
cnn1d,3,0.0,DNS_Spoofing,0.6002449198270253,0.5591825800773028,0.04106233974972251,0.09199911478240713,False
cnn1d,3,0.0,MITM-ArpSpoofing,0.1059486992905221,0.11253410951428051,-0.0065854102237584144,0.07459414892841161,False
cnn1d,3,0.0,Mirai-udpplain,0.9876299376299377,0.9864171864171865,0.0012127512127512174,0.0030144583209302193,False
cnn1d,3,0.0,Mirai-greeth_flood,0.9802410456628756,0.9804107961296894,-0.00016975046681377837,0.015483301867355035,False
cnn1d,3,0.0,Mirai-greip_flood,0.9828355183132855,0.9824300581159616,0.0004054601973239036,0.01286645097872988,False
cnn1d,3,0.0,DDoS-UDP_Fragmentation,0.9902928870292887,0.9898912133891213,0.00040167364016741036,0.001461089802842454,False
cnn1d,3,0.0,DDoS-ACK_Fragmentation,0.8565121412803532,0.966385711418824,-0.10987357013847077,0.0004267613327376908,False
cnn1d,3,0.0,VulnerabilityScan,0.6292544299565362,0.6671347375459713,-0.03788030758943506,0.08585360693926365,False
cnn1d,3,0.0,DDoS-ICMP_Fragmentation,0.9692595562683775,0.9696939321037156,-0.00043437583533811885,0.0009734754201886736,False
cnn1d,3,0.0,BenignTraffic,0.7305033232022978,0.7088941585117398,0.02160916469055807,0.08575705286341911,False
cnn1d,3,0.2,Uploading_Attack,0.0,0.0,0.0,0.02854554864893348,False
cnn1d,3,0.2,Recon-PingSweep,0.0029411764705882353,0.0,0.0029411764705882353,0.0,False
cnn1d,3,0.2,Backdoor_Malware,0.022774327122153208,0.0,0.022774327122153208,0.03750541589535823,False
cnn1d,3,0.2,XSS,0.01386481802426343,0.0,0.01386481802426343,0.014908709301633669,False
cnn1d,3,0.2,SqlInjection,0.05590851334180432,0.0,0.05590851334180432,0.030357587108549838,False
cnn1d,3,0.2,CommandInjection,0.049443757725587144,0.002472187886279357,0.04697156983930779,0.032744446919116224,False
cnn1d,3,0.2,BrowserHijacking,0.0034522439585730723,0.004602991944764097,-0.0011507479861910244,0.02777429715263441,False
cnn1d,3,0.2,DictionaryBruteForce,0.38979591836734695,0.4020408163265306,-0.012244897959183654,0.050344329023276055,False
cnn1d,3,0.2,DDoS-SlowLoris,0.9257256687535572,0.9311326124075128,-0.005406943653955554,0.03310488431469255,False
cnn1d,3,0.2,DDoS-HTTP_Flood,0.8740449178050474,0.8664042602454272,0.00764065755962029,0.06283048765589343,False
cnn1d,3,0.2,DoS-HTTP_Flood,0.8369859181199292,0.8165625291429637,0.020423388976965495,0.03985415067034641,False
cnn1d,3,0.2,Recon-PortScan,0.1693112901885852,0.1810251723851458,-0.011713882196560582,0.07985045010637541,False
cnn1d,3,0.2,Recon-OSScan,0.19488773747841107,0.10542314335060449,0.08946459412780658,0.10326414789120288,False
cnn1d,3,0.2,DDoS-ICMP_Flood,0.997904339250493,0.997904339250493,0.0,0.0012315082587516983,False
cnn1d,3,0.2,DDoS-RSTFINFlood,0.9992865211962662,0.9989297817943992,0.00035673940186697894,0.0010455514158798306,False
cnn1d,3,0.2,DDoS-TCP_Flood,0.40511416589002797,0.6948392357875116,-0.28972506989748364,0.23415091411258288,False
cnn1d,3,0.2,DDoS-SynonymousIP_Flood,0.1766069669043065,0.6415116211673332,-0.4649046542630267,0.235929254057588,False
cnn1d,3,0.2,DDoS-UDP_Flood,0.8059363254477117,0.6587441963298696,0.14719212911784207,0.09047640950289787,True
cnn1d,3,0.2,DoS-TCP_Flood,0.8012599612319621,0.4653241438724962,0.33593581735946587,0.2643813212009498,True
cnn1d,3,0.2,DDoS-PSHACK_Flood,0.9976185545661628,0.9983433423068958,-0.000724787740733035,0.11038504026051069,False
cnn1d,3,0.2,DDoS-SYN_Flood,0.6776901551767998,0.3388450775883999,0.3388450775883999,0.5238379149660953,False
cnn1d,3,0.2,Recon-HostDiscovery,0.7236645032451323,0.7509735396904643,-0.027309036445332002,0.05981364338037638,False
cnn1d,3,0.2,DoS-SYN_Flood,0.15387099750853558,0.1321398911137769,0.021731106394758698,0.1338491875766533,False
cnn1d,3,0.2,DoS-UDP_Flood,0.5988434642280797,0.7341760803299265,-0.13533261610184688,0.013090549202921372,False
cnn1d,3,0.2,DNS_Spoofing,0.6002449198270253,0.5488117561516972,0.05143316367532813,0.09199911478240713,False
cnn1d,3,0.2,MITM-ArpSpoofing,0.1059486992905221,0.11540840458431872,-0.009459705293796625,0.07459414892841161,False
cnn1d,3,0.2,Mirai-udpplain,0.9876299376299377,0.9868676368676369,0.0007623007623007716,0.0030144583209302193,False
cnn1d,3,0.2,Mirai-greeth_flood,0.9802410456628756,0.9807163469699541,-0.0004753013070785128,0.015483301867355035,False
cnn1d,3,0.2,Mirai-greip_flood,0.9828355183132855,0.9817542911204217,0.001081227192863854,0.01286645097872988,False
cnn1d,3,0.2,DDoS-UDP_Fragmentation,0.9902928870292887,0.9899581589958159,0.0003347280334728975,0.001461089802842454,False
cnn1d,3,0.2,DDoS-ACK_Fragmentation,0.8565121412803532,0.9655160880326443,-0.10900394675229108,0.0004267613327376908,False
cnn1d,3,0.2,VulnerabilityScan,0.6292544299565362,0.6759277833500501,-0.04667335339351386,0.08585360693926365,False
cnn1d,3,0.2,DDoS-ICMP_Fragmentation,0.9692595562683775,0.9704624431970061,-0.001202886928628688,0.0009734754201886736,False
cnn1d,3,0.2,BenignTraffic,0.7305033232022978,0.7084265722587756,0.02207675094352224,0.08575705286341911,False
cnn1d,3,0.5,Uploading_Attack,0.0,0.0,0.0,0.02854554864893348,False
cnn1d,3,0.5,Recon-PingSweep,0.0029411764705882353,0.0,0.0029411764705882353,0.0,False
cnn1d,3,0.5,Backdoor_Malware,0.022774327122153208,0.0,0.022774327122153208,0.03750541589535823,False
cnn1d,3,0.5,XSS,0.01386481802426343,0.0,0.01386481802426343,0.014908709301633669,False
cnn1d,3,0.5,SqlInjection,0.05590851334180432,0.0,0.05590851334180432,0.030357587108549838,False
cnn1d,3,0.5,CommandInjection,0.049443757725587144,0.0,0.049443757725587144,0.032744446919116224,False
cnn1d,3,0.5,BrowserHijacking,0.0034522439585730723,0.039125431530494824,-0.035673187571921755,0.02777429715263441,False
cnn1d,3,0.5,DictionaryBruteForce,0.38979591836734695,0.4153061224489796,-0.025510204081632626,0.050344329023276055,False
cnn1d,3,0.5,DDoS-SlowLoris,0.9257256687535572,0.9578827546955037,-0.03215708594194644,0.03310488431469255,False
cnn1d,3,0.5,DDoS-HTTP_Flood,0.8740449178050474,0.42208844639962956,0.4519564714054179,0.06283048765589343,True
cnn1d,3,0.5,DoS-HTTP_Flood,0.8369859181199292,0.6751841835307283,0.16180173458920089,0.03985415067034641,True
cnn1d,3,0.5,Recon-PortScan,0.1693112901885852,0.007393868904212013,0.1619174212843732,0.07985045010637541,True
cnn1d,3,0.5,Recon-OSScan,0.19488773747841107,0.012366148531951641,0.18252158894645942,0.10326414789120288,True
cnn1d,3,0.5,DDoS-ICMP_Flood,0.997904339250493,0.9978427021696252,6.163708086781572e-05,0.0012315082587516983,False
cnn1d,3,0.5,DDoS-RSTFINFlood,0.9992865211962662,0.9990486949283548,0.0002378262679113563,0.0010455514158798306,False
cnn1d,3,0.5,DDoS-TCP_Flood,0.40511416589002797,0.004310344827586207,0.4008038210624418,0.23415091411258288,True
cnn1d,3,0.5,DDoS-SynonymousIP_Flood,0.1766069669043065,0.000289804671651307,0.1763171622326552,0.235929254057588,False
cnn1d,3,0.5,DDoS-UDP_Flood,0.8059363254477117,0.002210921954455008,0.8037254034932566,0.09047640950289787,True
cnn1d,3,0.5,DoS-TCP_Flood,0.8012599612319621,0.9851389188024984,-0.1838789575705363,0.2643813212009498,False
cnn1d,3,0.5,DDoS-PSHACK_Flood,0.9976185545661628,0.9973079312487058,0.000310623317457015,0.11038504026051069,False
cnn1d,3,0.5,DDoS-SYN_Flood,0.6776901551767998,0.00035614347494276264,0.677334011701857,0.5238379149660953,True
cnn1d,3,0.5,Recon-HostDiscovery,0.7236645032451323,0.8629555666500249,-0.1392910634048926,0.05981364338037638,False
cnn1d,3,0.5,DoS-SYN_Flood,0.15387099750853558,0.04447725385254222,0.10939374365599336,0.1338491875766533,False
cnn1d,3,0.5,DoS-UDP_Flood,0.5988434642280797,0.9980724403801327,-0.399228976152053,0.013090549202921372,False
cnn1d,3,0.5,DNS_Spoofing,0.6002449198270253,0.7039531590830814,-0.1037082392560561,0.09199911478240713,False
cnn1d,3,0.5,MITM-ArpSpoofing,0.1059486992905221,0.01233400036383482,0.09361469892668728,0.07459414892841161,False
cnn1d,3,0.5,Mirai-udpplain,0.9876299376299377,0.0,0.9876299376299377,0.0030144583209302193,True
cnn1d,3,0.5,Mirai-greeth_flood,0.9802410456628756,0.9906976744186047,-0.010456628755729058,0.015483301867355035,False
cnn1d,3,0.5,Mirai-greip_flood,0.9828355183132855,0.5309163400459521,0.4519191782673334,0.01286645097872988,True
cnn1d,3,0.5,DDoS-UDP_Fragmentation,0.9902928870292887,0.9736569037656904,0.016635983263598386,0.001461089802842454,False
cnn1d,3,0.5,DDoS-ACK_Fragmentation,0.8565121412803532,0.8601913171449596,-0.00367917586460631,0.0004267613327376908,False
cnn1d,3,0.5,VulnerabilityScan,0.6292544299565362,0.6213640922768305,0.007890337679705706,0.08585360693926365,False
cnn1d,3,0.5,DDoS-ICMP_Fragmentation,0.9692595562683775,0.9655840684309008,0.003675487837476621,0.0009734754201886736,False
cnn1d,3,0.5,BenignTraffic,0.7305033232022978,0.6208877459002705,0.10961557730202731,0.08575705286341911,True
cnn1d,3,0.8,Uploading_Attack,0.0,0.0,0.0,0.02854554864893348,False
cnn1d,3,0.8,Recon-PingSweep,0.0029411764705882353,0.0,0.0029411764705882353,0.0,False
cnn1d,3,0.8,Backdoor_Malware,0.022774327122153208,0.0,0.022774327122153208,0.03750541589535823,False
cnn1d,3,0.8,XSS,0.01386481802426343,0.0,0.01386481802426343,0.014908709301633669,False
cnn1d,3,0.8,SqlInjection,0.05590851334180432,0.0,0.05590851334180432,0.030357587108549838,False
cnn1d,3,0.8,CommandInjection,0.049443757725587144,0.0,0.049443757725587144,0.032744446919116224,False
cnn1d,3,0.8,BrowserHijacking,0.0034522439585730723,0.005753739930955121,-0.0023014959723820488,0.02777429715263441,False
cnn1d,3,0.8,DictionaryBruteForce,0.38979591836734695,0.31581632653061226,0.07397959183673469,0.050344329023276055,False
cnn1d,3,0.8,DDoS-SlowLoris,0.9257256687535572,0.9652817302219693,-0.03955606146841206,0.03310488431469255,False
cnn1d,3,0.8,DDoS-HTTP_Flood,0.8740449178050474,0.3336420467700857,0.5404028710349618,0.06283048765589343,True
cnn1d,3,0.8,DoS-HTTP_Flood,0.8369859181199292,0.325188846404924,0.5117970717150051,0.03985415067034641,True
cnn1d,3,0.8,Recon-PortScan,0.1693112901885852,0.102184929799784,0.06712636038880121,0.07985045010637541,False
cnn1d,3,0.8,Recon-OSScan,0.19488773747841107,0.0002072538860103627,0.1946804835924007,0.10326414789120288,True
cnn1d,3,0.8,DDoS-ICMP_Flood,0.997904339250493,0.997965976331361,-6.163708086792674e-05,0.0012315082587516983,False
cnn1d,3,0.8,DDoS-RSTFINFlood,0.9992865211962662,0.9970271716511089,0.0022593495451572743,0.0010455514158798306,False
cnn1d,3,0.8,DDoS-TCP_Flood,0.40511416589002797,0.9792637465051258,-0.5741495806150978,0.23415091411258288,False
cnn1d,3,0.8,DDoS-SynonymousIP_Flood,0.1766069669043065,0.6920535559033212,-0.5154465889990147,0.235929254057588,False
cnn1d,3,0.8,DDoS-UDP_Flood,0.8059363254477117,0.7780787088215786,0.027857616626133064,0.09047640950289787,False
cnn1d,3,0.8,DoS-TCP_Flood,0.8012599612319621,0.038175748438509585,0.7630842127934525,0.2643813212009498,True
cnn1d,3,0.8,DDoS-PSHACK_Flood,0.9976185545661628,0.9987057361772623,-0.0010871816110995525,0.11038504026051069,False
cnn1d,3,0.8,DDoS-SYN_Flood,0.6776901551767998,0.11630628338845078,0.561383871788349,0.5238379149660953,True
cnn1d,3,0.8,Recon-HostDiscovery,0.7236645032451323,0.51827259111333,0.2053919121318023,0.05981364338037638,True
cnn1d,3,0.8,DoS-SYN_Flood,0.15387099750853558,0.005813416997323983,0.1480575805112116,0.1338491875766533,True
cnn1d,3,0.8,DoS-UDP_Flood,0.5988434642280797,0.6349740003586157,-0.03613053613053607,0.013090549202921372,False
cnn1d,3,0.8,DNS_Spoofing,0.6002449198270253,0.001033255520263289,0.599211664306762,0.09199911478240713,True
cnn1d,3,0.8,MITM-ArpSpoofing,0.1059486992905221,0.05603056212479534,0.04991813716572676,0.07459414892841161,False
cnn1d,3,0.8,Mirai-udpplain,0.9876299376299377,0.643970893970894,0.34365904365904365,0.0030144583209302193,True
cnn1d,3,0.8,Mirai-greeth_flood,0.9802410456628756,0.989950772364624,-0.009709726701748411,0.015483301867355035,False
cnn1d,3,0.8,Mirai-greip_flood,0.9828355183132855,0.012839572915258819,0.9699959453980267,0.01286645097872988,True
cnn1d,3,0.8,DDoS-UDP_Fragmentation,0.9902928870292887,0.9818912133891213,0.008401673640167417,0.001461089802842454,False
cnn1d,3,0.8,DDoS-ACK_Fragmentation,0.8565121412803532,0.9805338149709011,-0.12402167369054784,0.0004267613327376908,False
cnn1d,3,0.8,VulnerabilityScan,0.6292544299565362,0.4954864593781344,0.13376797057840184,0.08585360693926365,True
cnn1d,3,0.8,DDoS-ICMP_Fragmentation,0.9692595562683775,0.9589347767976477,0.010324779470729739,0.0009734754201886736,False
cnn1d,3,0.8,BenignTraffic,0.7305033232022978,0.8452289502688621,-0.1147256270665643,0.08575705286341911,False
cnn1d,3,0.9,Uploading_Attack,0.0,0.0,0.0,0.02854554864893348,False
cnn1d,3,0.9,Recon-PingSweep,0.0029411764705882353,0.0,0.0029411764705882353,0.0,False
cnn1d,3,0.9,Backdoor_Malware,0.022774327122153208,0.0,0.022774327122153208,0.03750541589535823,False
cnn1d,3,0.9,XSS,0.01386481802426343,0.0,0.01386481802426343,0.014908709301633669,False
cnn1d,3,0.9,SqlInjection,0.05590851334180432,0.0,0.05590851334180432,0.030357587108549838,False
cnn1d,3,0.9,CommandInjection,0.049443757725587144,0.0,0.049443757725587144,0.032744446919116224,False
cnn1d,3,0.9,BrowserHijacking,0.0034522439585730723,0.0,0.0034522439585730723,0.02777429715263441,False
cnn1d,3,0.9,DictionaryBruteForce,0.38979591836734695,0.22448979591836735,0.1653061224489796,0.050344329023276055,True
cnn1d,3,0.9,DDoS-SlowLoris,0.9257256687535572,0.0,0.9257256687535572,0.03310488431469255,True
cnn1d,3,0.9,DDoS-HTTP_Flood,0.8740449178050474,0.45890252373234547,0.415142394072702,0.06283048765589343,True
cnn1d,3,0.9,DoS-HTTP_Flood,0.8369859181199292,0.7676956075725077,0.06929031054742152,0.03985415067034641,False
cnn1d,3,0.9,Recon-PortScan,0.1693112901885852,0.0005815402508930797,0.16872974993769213,0.07985045010637541,True
cnn1d,3,0.9,Recon-OSScan,0.19488773747841107,6.90846286701209e-05,0.19481865284974095,0.10326414789120288,True
cnn1d,3,0.9,DDoS-ICMP_Flood,0.997904339250493,0.9982125246548323,-0.00030818540433930064,0.0012315082587516983,False
cnn1d,3,0.9,DDoS-RSTFINFlood,0.9992865211962662,0.9991081514953326,0.00017836970093354498,0.0010455514158798306,False
cnn1d,3,0.9,DDoS-TCP_Flood,0.40511416589002797,0.5108923578751164,-0.10577819198508848,0.23415091411258288,False
cnn1d,3,0.9,DDoS-SynonymousIP_Flood,0.1766069669043065,0.27351764910450355,-0.09691068220019705,0.235929254057588,False
cnn1d,3,0.9,DDoS-UDP_Flood,0.8059363254477117,0.013873535264205173,0.7920627901835064,0.09047640950289787,True
cnn1d,3,0.9,DoS-TCP_Flood,0.8012599612319621,0.19437863450355375,0.6068813267284083,0.2643813212009498,True
cnn1d,3,0.9,DDoS-PSHACK_Flood,0.9976185545661628,0.31476496168979085,0.6828535928763719,0.11038504026051069,True
cnn1d,3,0.9,DDoS-SYN_Flood,0.6776901551767998,0.0,0.6776901551767998,0.5238379149660953,True
cnn1d,3,0.9,Recon-HostDiscovery,0.7236645032451323,0.6553669495756366,0.06829755366949575,0.05981364338037638,False
cnn1d,3,0.9,DoS-SYN_Flood,0.15387099750853558,0.43046968718279965,-0.27659868967426404,0.1338491875766533,False
cnn1d,3,0.9,DoS-UDP_Flood,0.5988434642280797,0.9194907656446119,-0.3206473014165322,0.013090549202921372,False
cnn1d,3,0.9,DNS_Spoofing,0.6002449198270253,0.9307718801423597,-0.33052696031533435,0.09199911478240713,False
cnn1d,3,0.9,MITM-ArpSpoofing,0.1059486992905221,0.0,0.1059486992905221,0.07459414892841161,True
cnn1d,3,0.9,Mirai-udpplain,0.9876299376299377,0.0,0.9876299376299377,0.0030144583209302193,True
cnn1d,3,0.9,Mirai-greeth_flood,0.9802410456628756,0.0,0.9802410456628756,0.015483301867355035,True
cnn1d,3,0.9,Mirai-greip_flood,0.9828355183132855,0.9933774834437086,-0.010541965130423048,0.01286645097872988,False
cnn1d,3,0.9,DDoS-UDP_Fragmentation,0.9902928870292887,0.00016736401673640169,0.9901255230125523,0.001461089802842454,True
cnn1d,3,0.9,DDoS-ACK_Fragmentation,0.8565121412803532,0.9094588266773698,-0.052946685397016524,0.0004267613327376908,False
cnn1d,3,0.9,VulnerabilityScan,0.6292544299565362,0.0019391507856904046,0.6273152791708458,0.08585360693926365,True
cnn1d,3,0.9,DDoS-ICMP_Fragmentation,0.9692595562683775,0.56629243517776,0.4029671210906175,0.0009734754201886736,True
cnn1d,3,0.9,BenignTraffic,0.7305033232022978,0.11392405063291139,0.6165792725693864,0.08575705286341911,True
cnn1d,3,0.95,Uploading_Attack,0.0,0.0,0.0,0.02854554864893348,False
cnn1d,3,0.95,Recon-PingSweep,0.0029411764705882353,0.0,0.0029411764705882353,0.0,False
cnn1d,3,0.95,Backdoor_Malware,0.022774327122153208,0.0,0.022774327122153208,0.03750541589535823,False
cnn1d,3,0.95,XSS,0.01386481802426343,0.0,0.01386481802426343,0.014908709301633669,False
cnn1d,3,0.95,SqlInjection,0.05590851334180432,0.0,0.05590851334180432,0.030357587108549838,False
cnn1d,3,0.95,CommandInjection,0.049443757725587144,0.0,0.049443757725587144,0.032744446919116224,False
cnn1d,3,0.95,BrowserHijacking,0.0034522439585730723,0.0,0.0034522439585730723,0.02777429715263441,False
cnn1d,3,0.95,DictionaryBruteForce,0.38979591836734695,0.0,0.38979591836734695,0.050344329023276055,True
cnn1d,3,0.95,DDoS-SlowLoris,0.9257256687535572,0.0,0.9257256687535572,0.03310488431469255,True
cnn1d,3,0.95,DDoS-HTTP_Flood,0.8740449178050474,0.0,0.8740449178050474,0.06283048765589343,True
cnn1d,3,0.95,DoS-HTTP_Flood,0.8369859181199292,0.0,0.8369859181199292,0.03985415067034641,True
cnn1d,3,0.95,Recon-PortScan,0.1693112901885852,0.0,0.1693112901885852,0.07985045010637541,True
cnn1d,3,0.95,Recon-OSScan,0.19488773747841107,0.0,0.19488773747841107,0.10326414789120288,True
cnn1d,3,0.95,DDoS-ICMP_Flood,0.997904339250493,0.0,0.997904339250493,0.0012315082587516983,True
cnn1d,3,0.95,DDoS-RSTFINFlood,0.9992865211962662,0.0,0.9992865211962662,0.0010455514158798306,True
cnn1d,3,0.95,DDoS-TCP_Flood,0.40511416589002797,0.0,0.40511416589002797,0.23415091411258288,True
cnn1d,3,0.95,DDoS-SynonymousIP_Flood,0.1766069669043065,0.49950733205819275,-0.32290036515388626,0.235929254057588,False
cnn1d,3,0.95,DDoS-UDP_Flood,0.8059363254477117,0.0,0.8059363254477117,0.09047640950289787,True
cnn1d,3,0.95,DoS-TCP_Flood,0.8012599612319621,0.0,0.8012599612319621,0.2643813212009498,True
cnn1d,3,0.95,DDoS-PSHACK_Flood,0.9976185545661628,0.0,0.9976185545661628,0.11038504026051069,True
cnn1d,3,0.95,DDoS-SYN_Flood,0.6776901551767998,0.0,0.6776901551767998,0.5238379149660953,True
cnn1d,3,0.95,Recon-HostDiscovery,0.7236645032451323,0.0,0.7236645032451323,0.05981364338037638,True
cnn1d,3,0.95,DoS-SYN_Flood,0.15387099750853558,0.0,0.15387099750853558,0.1338491875766533,True
cnn1d,3,0.95,DoS-UDP_Flood,0.5988434642280797,0.0,0.5988434642280797,0.013090549202921372,True
cnn1d,3,0.95,DNS_Spoofing,0.6002449198270253,0.0,0.6002449198270253,0.09199911478240713,True
cnn1d,3,0.95,MITM-ArpSpoofing,0.1059486992905221,0.00029106785519374204,0.10565763143532836,0.07459414892841161,True
cnn1d,3,0.95,Mirai-udpplain,0.9876299376299377,0.0,0.9876299376299377,0.0030144583209302193,True
cnn1d,3,0.95,Mirai-greeth_flood,0.9802410456628756,0.0,0.9802410456628756,0.015483301867355035,True
cnn1d,3,0.95,Mirai-greip_flood,0.9828355183132855,1.0,-0.017164481686714472,0.01286645097872988,False
cnn1d,3,0.95,DDoS-UDP_Fragmentation,0.9902928870292887,0.0,0.9902928870292887,0.001461089802842454,True
cnn1d,3,0.95,DDoS-ACK_Fragmentation,0.8565121412803532,0.0,0.8565121412803532,0.0004267613327376908,True
cnn1d,3,0.95,VulnerabilityScan,0.6292544299565362,0.0,0.6292544299565362,0.08585360693926365,True
cnn1d,3,0.95,DDoS-ICMP_Fragmentation,0.9692595562683775,0.0,0.9692595562683775,0.0009734754201886736,True
cnn1d,3,0.95,BenignTraffic,0.7305033232022978,0.0,0.7305033232022978,0.08575705286341911,True
cnn1d,4,0.0,Uploading_Attack,0.0,0.005319148936170213,-0.005319148936170213,0.02854554864893348,False
cnn1d,4,0.0,Recon-PingSweep,0.0,0.0,0.0,0.0,False
cnn1d,4,0.0,Backdoor_Malware,0.006211180124223602,0.0,0.006211180124223602,0.03750541589535823,False
cnn1d,4,0.0,XSS,0.0034662045060658577,0.012131715771230503,-0.008665511265164644,0.014908709301633669,False
cnn1d,4,0.0,SqlInjection,0.03939008894536213,0.008894536213468869,0.030495552731893263,0.030357587108549838,False
cnn1d,4,0.0,CommandInjection,0.03337453646477132,0.038318912237330034,-0.004944375772558712,0.032744446919116224,False
cnn1d,4,0.0,BrowserHijacking,0.00805523590333717,0.0034522439585730723,0.0046029919447640975,0.02777429715263441,False
cnn1d,4,0.0,DictionaryBruteForce,0.3943877551020408,0.4091836734693878,-0.01479591836734695,0.050344329023276055,False
cnn1d,4,0.0,DDoS-SlowLoris,0.9299943084803642,0.9425156516789983,-0.012521343198634072,0.03310488431469255,False
cnn1d,4,0.0,DDoS-HTTP_Flood,0.8589951377633711,0.8390831210928456,0.019912016670525556,0.06283048765589343,False
cnn1d,4,0.0,DoS-HTTP_Flood,0.8276601697286208,0.8303646367621002,-0.002704467033479374,0.03985415067034641,False
cnn1d,4,0.0,Recon-PortScan,0.2305391708897566,0.21791143972750684,0.012627731162249745,0.07985045010637541,False
cnn1d,4,0.0,Recon-OSScan,0.10417962003454231,0.08511226252158895,0.019067357512953367,0.10326414789120288,False
cnn1d,4,0.0,DDoS-ICMP_Flood,0.997965976331361,0.9975961538461539,0.00036982248520711636,0.0012315082587516983,False
cnn1d,4,0.0,DDoS-RSTFINFlood,0.9990486949283548,0.998989238361377,5.945656697781132e-05,0.0010455514158798306,False
cnn1d,4,0.0,DDoS-TCP_Flood,0.3466332712022367,0.3558946877912395,-0.009261416589002813,0.23415091411258288,False
cnn1d,4,0.0,DDoS-SynonymousIP_Flood,0.6704341273981337,0.7887323943661971,-0.11829826696806345,0.235929254057588,False
cnn1d,4,0.0,DDoS-UDP_Flood,0.7373424718107451,0.7101481317709485,0.027194340039796594,0.09047640950289787,False
cnn1d,4,0.0,DoS-TCP_Flood,0.8430971354727547,0.8008292052552229,0.042267930217531724,0.2643813212009498,False
cnn1d,4,0.0,DDoS-PSHACK_Flood,0.9980327189894388,0.9981362600952578,-0.000103541105819005,0.11038504026051069,False
cnn1d,4,0.0,DDoS-SYN_Flood,0.10658865428644111,0.13935385398117528,-0.03276519969473417,0.5238379149660953,False
cnn1d,4,0.0,Recon-HostDiscovery,0.7976035946080878,0.7416874687968048,0.055916125811283024,0.05981364338037638,False
cnn1d,4,0.0,DoS-SYN_Flood,0.2365968441450586,0.1896742640952293,0.0469225800498293,0.1338491875766533,False
cnn1d,4,0.0,DoS-UDP_Flood,0.6834767796306258,0.7021696252465484,-0.01869284561592255,0.013090549202921372,False
cnn1d,4,0.0,DNS_Spoofing,0.5514522980368145,0.5260801347059049,0.025372163330909636,0.09199911478240713,False
cnn1d,4,0.0,MITM-ArpSpoofing,0.08848462797889758,0.10685828633800255,-0.01837365835910497,0.07459414892841161,False
cnn1d,4,0.0,Mirai-udpplain,0.9862092862092862,0.9880110880110881,-0.0018018018018018944,0.0030144583209302193,False
cnn1d,4,0.0,Mirai-greeth_flood,0.9708368698013919,0.9781021897810219,-0.0072653199796299806,0.015483301867355035,False
cnn1d,4,0.0,Mirai-greip_flood,0.9813488309230978,0.9758075415596702,0.005541289363427571,0.01286645097872988,False
cnn1d,4,0.0,DDoS-UDP_Fragmentation,0.990694560669456,0.989255230125523,0.0014393305439330817,0.001461089802842454,False
cnn1d,4,0.0,DDoS-ACK_Fragmentation,0.9407318215265235,0.9721720516422503,-0.03144023011572683,0.0004267613327376908,False
cnn1d,4,0.0,VulnerabilityScan,0.7,0.6769307923771314,0.02306920762286857,0.08585360693926365,False
cnn1d,4,0.0,DDoS-ICMP_Fragmentation,0.9705292702485966,0.969894413258487,0.0006348569901095669,0.0009734754201886736,False
cnn1d,4,0.0,BenignTraffic,0.6677465682508934,0.7215857853779098,-0.05383921712701645,0.08575705286341911,False
cnn1d,4,0.2,Uploading_Attack,0.0,0.0,0.0,0.02854554864893348,False
cnn1d,4,0.2,Recon-PingSweep,0.0,0.0,0.0,0.0,False
cnn1d,4,0.2,Backdoor_Malware,0.006211180124223602,0.0,0.006211180124223602,0.03750541589535823,False
cnn1d,4,0.2,XSS,0.0034662045060658577,0.0034662045060658577,0.0,0.014908709301633669,False
cnn1d,4,0.2,SqlInjection,0.03939008894536213,0.0063532401524777635,0.03303684879288437,0.030357587108549838,False
cnn1d,4,0.2,CommandInjection,0.03337453646477132,0.034610630407911,-0.001236093943139678,0.032744446919116224,False
cnn1d,4,0.2,BrowserHijacking,0.00805523590333717,0.0023014959723820483,0.005753739930955121,0.02777429715263441,False
cnn1d,4,0.2,DictionaryBruteForce,0.3943877551020408,0.3892857142857143,0.005102040816326536,0.050344329023276055,False
cnn1d,4,0.2,DDoS-SlowLoris,0.9299943084803642,0.9288560045532157,0.0011383039271485318,0.03310488431469255,False
cnn1d,4,0.2,DDoS-HTTP_Flood,0.8589951377633711,0.8254225515165547,0.03357258624681636,0.06283048765589343,False
cnn1d,4,0.2,DoS-HTTP_Flood,0.8276601697286208,0.8365196307003637,-0.00885946097174295,0.03985415067034641,False
cnn1d,4,0.2,Recon-PortScan,0.2305391708897566,0.2218991443050594,0.008640026584697202,0.07985045010637541,False
cnn1d,4,0.2,Recon-OSScan,0.10417962003454231,0.08103626943005181,0.023143350604490506,0.10326414789120288,False
cnn1d,4,0.2,DDoS-ICMP_Flood,0.997965976331361,0.9977194280078896,0.0002465483234713739,0.0012315082587516983,False
cnn1d,4,0.2,DDoS-RSTFINFlood,0.9990486949283548,0.9991081514953326,-5.945656697781132e-05,0.0010455514158798306,False
cnn1d,4,0.2,DDoS-TCP_Flood,0.3466332712022367,0.2682898415657036,0.07834342963653307,0.23415091411258288,False
cnn1d,4,0.2,DDoS-SynonymousIP_Flood,0.6704341273981337,0.5585115632063989,0.11192256419173474,0.235929254057588,False
cnn1d,4,0.2,DDoS-UDP_Flood,0.7373424718107451,0.7198761883705506,0.01746628344019452,0.09047640950289787,False
cnn1d,4,0.2,DoS-TCP_Flood,0.8430971354727547,0.8856881326728409,-0.04259099720008619,0.2643813212009498,False
cnn1d,4,0.2,DDoS-PSHACK_Flood,0.9980327189894388,0.9981880306481673,-0.0001553116587285075,0.11038504026051069,False
cnn1d,4,0.2,DDoS-SYN_Flood,0.10658865428644111,0.11625540574917324,-0.009666751462732132,0.5238379149660953,False
cnn1d,4,0.2,Recon-HostDiscovery,0.7976035946080878,0.7516724912631053,0.045931103344982516,0.05981364338037638,False
cnn1d,4,0.2,DoS-SYN_Flood,0.2365968441450586,0.2737842576358771,-0.0371874134908185,0.1338491875766533,False
cnn1d,4,0.2,DoS-UDP_Flood,0.6834767796306258,0.6974179666487359,-0.01394118701811009,0.013090549202921372,False
cnn1d,4,0.2,DNS_Spoofing,0.5514522980368145,0.5271899276721136,0.024262370364700914,0.09199911478240713,False
cnn1d,4,0.2,MITM-ArpSpoofing,0.08848462797889758,0.11064216845552119,-0.022157540476623605,0.07459414892841161,False
cnn1d,4,0.2,Mirai-udpplain,0.9862092862092862,0.986936936936937,-0.0007276507276507971,0.0030144583209302193,False
cnn1d,4,0.2,Mirai-greeth_flood,0.9708368698013919,0.982278051264641,-0.011441181463249017,0.015483301867355035,False
cnn1d,4,0.2,Mirai-greip_flood,0.9813488309230978,0.9773955939991891,0.003953236923908698,0.01286645097872988,False
cnn1d,4,0.2,DDoS-UDP_Fragmentation,0.990694560669456,0.9894895397489539,0.00120502092050212,0.001461089802842454,False
cnn1d,4,0.2,DDoS-ACK_Fragmentation,0.9407318215265235,0.9752157334938792,-0.034483911967355785,0.0004267613327376908,False
cnn1d,4,0.2,VulnerabilityScan,0.7,0.6704446673353394,0.029555332664660594,0.08585360693926365,False
cnn1d,4,0.2,DDoS-ICMP_Fragmentation,0.9705292702485966,0.9688251804330393,0.0017040898155572526,0.0009734754201886736,False
cnn1d,4,0.2,BenignTraffic,0.6677465682508934,0.6981062756754951,-0.0303597074246017,0.08575705286341911,False
cnn1d,4,0.5,Uploading_Attack,0.0,0.0,0.0,0.02854554864893348,False
cnn1d,4,0.5,Recon-PingSweep,0.0,0.0,0.0,0.0,False
cnn1d,4,0.5,Backdoor_Malware,0.006211180124223602,0.0,0.006211180124223602,0.03750541589535823,False
cnn1d,4,0.5,XSS,0.0034662045060658577,0.0,0.0034662045060658577,0.014908709301633669,False
cnn1d,4,0.5,SqlInjection,0.03939008894536213,0.029224904701397714,0.010165184243964419,0.030357587108549838,False
cnn1d,4,0.5,CommandInjection,0.03337453646477132,0.0519159456118665,-0.018541409147095178,0.032744446919116224,False
cnn1d,4,0.5,BrowserHijacking,0.00805523590333717,0.0034522439585730723,0.0046029919447640975,0.02777429715263441,False
cnn1d,4,0.5,DictionaryBruteForce,0.3943877551020408,0.4005102040816326,-0.006122448979591799,0.050344329023276055,False
cnn1d,4,0.5,DDoS-SlowLoris,0.9299943084803642,0.954183266932271,-0.024188958451906717,0.03310488431469255,False
cnn1d,4,0.5,DDoS-HTTP_Flood,0.8589951377633711,0.7939337809678166,0.06506135679555447,0.06283048765589343,False
cnn1d,4,0.5,DoS-HTTP_Flood,0.8276601697286208,0.7858808169355591,0.041779352793061664,0.03985415067034641,False
cnn1d,4,0.5,Recon-PortScan,0.2305391708897566,0.0576555620171139,0.1728836088726427,0.07985045010637541,True
cnn1d,4,0.5,Recon-OSScan,0.10417962003454231,0.082279792746114,0.02189982728842832,0.10326414789120288,False
cnn1d,4,0.5,DDoS-ICMP_Flood,0.997965976331361,0.997534516765286,0.0004314595660749321,0.0012315082587516983,False
cnn1d,4,0.5,DDoS-RSTFINFlood,0.9990486949283548,0.9985135858255544,0.0005351091028004129,0.0010455514158798306,False
cnn1d,4,0.5,DDoS-TCP_Flood,0.3466332712022367,0.4153657968313141,-0.06873252562907739,0.23415091411258288,False
cnn1d,4,0.5,DDoS-SynonymousIP_Flood,0.6704341273981337,0.2539268533008752,0.41650727409725846,0.235929254057588,True
cnn1d,4,0.5,DDoS-UDP_Flood,0.7373424718107451,0.9314614194118948,-0.19411894760114967,0.09047640950289787,False
cnn1d,4,0.5,DoS-TCP_Flood,0.8430971354727547,0.8105750592289468,0.032522076243807874,0.2643813212009498,False
cnn1d,4,0.5,DDoS-PSHACK_Flood,0.9980327189894388,0.9986539656243528,-0.00062124663491403,0.11038504026051069,False
cnn1d,4,0.5,DDoS-SYN_Flood,0.10658865428644111,0.15629610786059528,-0.04970745357415417,0.5238379149660953,False
cnn1d,4,0.5,Recon-HostDiscovery,0.7976035946080878,0.8617573639540689,-0.06415376934598105,0.05981364338037638,False
cnn1d,4,0.5,DoS-SYN_Flood,0.2365968441450586,0.36195441542862417,-0.12535757128356556,0.1338491875766533,False
cnn1d,4,0.5,DoS-UDP_Flood,0.6834767796306258,0.4020979020979021,0.2813788775327237,0.013090549202921372,True
cnn1d,4,0.5,DNS_Spoofing,0.5514522980368145,0.4019363973824194,0.14951590065439513,0.09199911478240713,True
cnn1d,4,0.5,MITM-ArpSpoofing,0.08848462797889758,0.13967618701109696,-0.05119155903219938,0.07459414892841161,False
cnn1d,4,0.5,Mirai-udpplain,0.9862092862092862,0.980977130977131,0.0052321552321551446,0.0030144583209302193,False
cnn1d,4,0.5,Mirai-greeth_flood,0.9708368698013919,0.979901544729248,-0.009064674927856009,0.015483301867355035,False
cnn1d,4,0.5,Mirai-greip_flood,0.9813488309230978,0.967360454115421,0.013988376807676728,0.01286645097872988,False
cnn1d,4,0.5,DDoS-UDP_Fragmentation,0.990694560669456,0.9899916317991632,0.0007029288702928849,0.001461089802842454,False
cnn1d,4,0.5,DDoS-ACK_Fragmentation,0.9407318215265235,0.9733426985082614,-0.032610876981737924,0.0004267613327376908,False
cnn1d,4,0.5,VulnerabilityScan,0.7,0.5694082246740221,0.13059177532597788,0.08585360693926365,True
cnn1d,4,0.5,DDoS-ICMP_Fragmentation,0.9705292702485966,0.968090082865544,0.002439187383052599,0.0009734754201886736,False
cnn1d,4,0.5,BenignTraffic,0.6677465682508934,0.5714238001402758,0.09632276811061757,0.08575705286341911,False
cnn1d,4,0.8,Uploading_Attack,0.0,0.0,0.0,0.02854554864893348,False
cnn1d,4,0.8,Recon-PingSweep,0.0,0.0,0.0,0.0,False
cnn1d,4,0.8,Backdoor_Malware,0.006211180124223602,0.002070393374741201,0.004140786749482401,0.03750541589535823,False
cnn1d,4,0.8,XSS,0.0034662045060658577,0.0,0.0034662045060658577,0.014908709301633669,False
cnn1d,4,0.8,SqlInjection,0.03939008894536213,0.0,0.03939008894536213,0.030357587108549838,False
cnn1d,4,0.8,CommandInjection,0.03337453646477132,0.0,0.03337453646477132,0.032744446919116224,False
cnn1d,4,0.8,BrowserHijacking,0.00805523590333717,0.028768699654775604,-0.020713463751438434,0.02777429715263441,False
cnn1d,4,0.8,DictionaryBruteForce,0.3943877551020408,0.4326530612244898,-0.038265306122448994,0.050344329023276055,False
cnn1d,4,0.8,DDoS-SlowLoris,0.9299943084803642,0.4140580535002846,0.5159362549800797,0.03310488431469255,True
cnn1d,4,0.8,DDoS-HTTP_Flood,0.8589951377633711,0.03287798101412364,0.8261171567492475,0.06283048765589343,True
cnn1d,4,0.8,DoS-HTTP_Flood,0.8276601697286208,0.051011843700456964,0.7766483260281638,0.03985415067034641,True
cnn1d,4,0.8,Recon-PortScan,0.2305391708897566,0.00016615435739802275,0.23037301653235856,0.07985045010637541,True
cnn1d,4,0.8,Recon-OSScan,0.10417962003454231,0.19177892918825562,-0.0875993091537133,0.10326414789120288,False
cnn1d,4,0.8,DDoS-ICMP_Flood,0.997965976331361,0.9977194280078896,0.0002465483234713739,0.0012315082587516983,False
cnn1d,4,0.8,DDoS-RSTFINFlood,0.9990486949283548,0.998989238361377,5.945656697781132e-05,0.0010455514158798306,False
cnn1d,4,0.8,DDoS-TCP_Flood,0.3466332712022367,0.0002912395153774464,0.34634203168685923,0.23415091411258288,True
cnn1d,4,0.8,DDoS-SynonymousIP_Flood,0.6704341273981337,0.0,0.6704341273981337,0.235929254057588,True
cnn1d,4,0.8,DDoS-UDP_Flood,0.7373424718107451,0.0012712801238116294,0.7360711916869335,0.09047640950289787,True
cnn1d,4,0.8,DoS-TCP_Flood,0.8430971354727547,0.9758238208055137,-0.132726685332759,0.2643813212009498,False
cnn1d,4,0.8,DDoS-PSHACK_Flood,0.9980327189894388,0.0,0.9980327189894388,0.11038504026051069,True
cnn1d,4,0.8,DDoS-SYN_Flood,0.10658865428644111,0.025845840752989062,0.08074281353345206,0.5238379149660953,False
cnn1d,4,0.8,Recon-HostDiscovery,0.7976035946080878,0.5824762855716425,0.21512730903644528,0.05981364338037638,True
cnn1d,4,0.8,DoS-SYN_Flood,0.2365968441450586,0.5432776598689675,-0.3066808157239089,0.1338491875766533,False
cnn1d,4,0.8,DoS-UDP_Flood,0.6834767796306258,0.0,0.6834767796306258,0.013090549202921372,True
cnn1d,4,0.8,DNS_Spoofing,0.5514522980368145,0.5762886992461062,-0.024836401209291648,0.09199911478240713,False
cnn1d,4,0.8,MITM-ArpSpoofing,0.08848462797889758,0.009350554848098963,0.07913407313079862,0.07459414892841161,False
cnn1d,4,0.8,Mirai-udpplain,0.9862092862092862,0.9842688842688843,0.0019404019404019035,0.0030144583209302193,False
cnn1d,4,0.8,Mirai-greeth_flood,0.9708368698013919,0.9907995246986929,-0.01996265489730098,0.015483301867355035,False
cnn1d,4,0.8,Mirai-greip_flood,0.9813488309230978,0.008886335991350183,0.9724624949317476,0.01286645097872988,True
cnn1d,4,0.8,DDoS-UDP_Fragmentation,0.990694560669456,0.632234309623431,0.3584602510460251,0.001461089802842454,True
cnn1d,4,0.8,DDoS-ACK_Fragmentation,0.9407318215265235,0.17877449996655295,0.7619573215599705,0.0004267613327376908,True
cnn1d,4,0.8,VulnerabilityScan,0.7,0.06873955198930123,0.6312604480106987,0.08585360693926365,True
cnn1d,4,0.8,DDoS-ICMP_Fragmentation,0.9705292702485966,0.1908580593424218,0.7796712109061747,0.0009734754201886736,True
cnn1d,4,0.8,BenignTraffic,0.6677465682508934,0.19792258107611635,0.469823987174777,0.08575705286341911,True
cnn1d,4,0.9,Uploading_Attack,0.0,0.026595744680851064,-0.026595744680851064,0.02854554864893348,False
cnn1d,4,0.9,Recon-PingSweep,0.0,0.0,0.0,0.0,False
cnn1d,4,0.9,Backdoor_Malware,0.006211180124223602,0.0,0.006211180124223602,0.03750541589535823,False
cnn1d,4,0.9,XSS,0.0034662045060658577,0.0,0.0034662045060658577,0.014908709301633669,False
cnn1d,4,0.9,SqlInjection,0.03939008894536213,0.0,0.03939008894536213,0.030357587108549838,False
cnn1d,4,0.9,CommandInjection,0.03337453646477132,0.0,0.03337453646477132,0.032744446919116224,False
cnn1d,4,0.9,BrowserHijacking,0.00805523590333717,0.0,0.00805523590333717,0.02777429715263441,False
cnn1d,4,0.9,DictionaryBruteForce,0.3943877551020408,0.001530612244897959,0.39285714285714285,0.050344329023276055,True
cnn1d,4,0.9,DDoS-SlowLoris,0.9299943084803642,0.3614114968696642,0.5685828116107001,0.03310488431469255,True
cnn1d,4,0.9,DDoS-HTTP_Flood,0.8589951377633711,0.48112989117851357,0.37786524658485754,0.06283048765589343,True
cnn1d,4,0.9,DoS-HTTP_Flood,0.8276601697286208,0.0,0.8276601697286208,0.03985415067034641,True
cnn1d,4,0.9,Recon-PortScan,0.2305391708897566,0.0,0.2305391708897566,0.07985045010637541,True
cnn1d,4,0.9,Recon-OSScan,0.10417962003454231,0.0011744386873920553,0.10300518134715025,0.10326414789120288,False
cnn1d,4,0.9,DDoS-ICMP_Flood,0.997965976331361,0.005793885601577909,0.9921720907297831,0.0012315082587516983,True
cnn1d,4,0.9,DDoS-RSTFINFlood,0.9990486949283548,0.0,0.9990486949283548,0.0010455514158798306,True
cnn1d,4,0.9,DDoS-TCP_Flood,0.3466332712022367,0.0,0.3466332712022367,0.23415091411258288,True
cnn1d,4,0.9,DDoS-SynonymousIP_Flood,0.6704341273981337,0.0,0.6704341273981337,0.235929254057588,True
cnn1d,4,0.9,DDoS-UDP_Flood,0.7373424718107451,0.0,0.7373424718107451,0.09047640950289787,True
cnn1d,4,0.9,DoS-TCP_Flood,0.8430971354727547,0.0,0.8430971354727547,0.2643813212009498,True
cnn1d,4,0.9,DDoS-PSHACK_Flood,0.9980327189894388,0.9969455373783392,0.0010871816110995525,0.11038504026051069,False
cnn1d,4,0.9,DDoS-SYN_Flood,0.10658865428644111,0.0,0.10658865428644111,0.5238379149660953,False
cnn1d,4,0.9,Recon-HostDiscovery,0.7976035946080878,0.0,0.7976035946080878,0.05981364338037638,True
cnn1d,4,0.9,DoS-SYN_Flood,0.2365968441450586,0.0,0.2365968441450586,0.1338491875766533,True
cnn1d,4,0.9,DoS-UDP_Flood,0.6834767796306258,8.965393580778196e-05,0.6833871256948181,0.013090549202921372,True
cnn1d,4,0.9,DNS_Spoofing,0.5514522980368145,0.0,0.5514522980368145,0.09199911478240713,True
cnn1d,4,0.9,MITM-ArpSpoofing,0.08848462797889758,0.0,0.08848462797889758,0.07459414892841161,False
cnn1d,4,0.9,Mirai-udpplain,0.9862092862092862,0.0,0.9862092862092862,0.0030144583209302193,True
cnn1d,4,0.9,Mirai-greeth_flood,0.9708368698013919,0.0,0.9708368698013919,0.015483301867355035,True
cnn1d,4,0.9,Mirai-greip_flood,0.9813488309230978,0.41988782267874036,0.5614610082443574,0.01286645097872988,True
cnn1d,4,0.9,DDoS-UDP_Fragmentation,0.990694560669456,0.0,0.990694560669456,0.001461089802842454,True
cnn1d,4,0.9,DDoS-ACK_Fragmentation,0.9407318215265235,0.9479898320957924,-0.007258010569268891,0.0004267613327376908,False
cnn1d,4,0.9,VulnerabilityScan,0.7,0.007589434971581411,0.6924105650284186,0.08585360693926365,True
cnn1d,4,0.9,DDoS-ICMP_Fragmentation,0.9705292702485966,0.0,0.9705292702485966,0.0009734754201886736,True
cnn1d,4,0.9,BenignTraffic,0.6677465682508934,0.006078621288534117,0.6616679469623593,0.08575705286341911,True
cnn1d,4,0.95,Uploading_Attack,0.0,0.0,0.0,0.02854554864893348,False
cnn1d,4,0.95,Recon-PingSweep,0.0,0.0,0.0,0.0,False
cnn1d,4,0.95,Backdoor_Malware,0.006211180124223602,0.0,0.006211180124223602,0.03750541589535823,False
cnn1d,4,0.95,XSS,0.0034662045060658577,0.0,0.0034662045060658577,0.014908709301633669,False
cnn1d,4,0.95,SqlInjection,0.03939008894536213,0.0,0.03939008894536213,0.030357587108549838,False
cnn1d,4,0.95,CommandInjection,0.03337453646477132,0.0,0.03337453646477132,0.032744446919116224,False
cnn1d,4,0.95,BrowserHijacking,0.00805523590333717,0.0,0.00805523590333717,0.02777429715263441,False
cnn1d,4,0.95,DictionaryBruteForce,0.3943877551020408,0.0,0.3943877551020408,0.050344329023276055,True
cnn1d,4,0.95,DDoS-SlowLoris,0.9299943084803642,0.0,0.9299943084803642,0.03310488431469255,True
cnn1d,4,0.95,DDoS-HTTP_Flood,0.8589951377633711,0.0926140310257004,0.7663811067376707,0.06283048765589343,True
cnn1d,4,0.95,DoS-HTTP_Flood,0.8276601697286208,0.0,0.8276601697286208,0.03985415067034641,True
cnn1d,4,0.95,Recon-PortScan,0.2305391708897566,0.0,0.2305391708897566,0.07985045010637541,True
cnn1d,4,0.95,Recon-OSScan,0.10417962003454231,0.0,0.10417962003454231,0.10326414789120288,True
cnn1d,4,0.95,DDoS-ICMP_Flood,0.997965976331361,0.0,0.997965976331361,0.0012315082587516983,True
cnn1d,4,0.95,DDoS-RSTFINFlood,0.9990486949283548,0.0,0.9990486949283548,0.0010455514158798306,True
cnn1d,4,0.95,DDoS-TCP_Flood,0.3466332712022367,0.0,0.3466332712022367,0.23415091411258288,True
cnn1d,4,0.95,DDoS-SynonymousIP_Flood,0.6704341273981337,0.0,0.6704341273981337,0.235929254057588,True
cnn1d,4,0.95,DDoS-UDP_Flood,0.7373424718107451,0.0,0.7373424718107451,0.09047640950289787,True
cnn1d,4,0.95,DoS-TCP_Flood,0.8430971354727547,0.0,0.8430971354727547,0.2643813212009498,True
cnn1d,4,0.95,DDoS-PSHACK_Flood,0.9980327189894388,0.989852971629737,0.008179747359701839,0.11038504026051069,False
cnn1d,4,0.95,DDoS-SYN_Flood,0.10658865428644111,0.0,0.10658865428644111,0.5238379149660953,False
cnn1d,4,0.95,Recon-HostDiscovery,0.7976035946080878,0.001947079380928607,0.7956565152271592,0.05981364338037638,True
cnn1d,4,0.95,DoS-SYN_Flood,0.2365968441450586,0.0,0.2365968441450586,0.1338491875766533,True
cnn1d,4,0.95,DoS-UDP_Flood,0.6834767796306258,0.0,0.6834767796306258,0.013090549202921372,True
cnn1d,4,0.95,DNS_Spoofing,0.5514522980368145,0.0,0.5514522980368145,0.09199911478240713,True
cnn1d,4,0.95,MITM-ArpSpoofing,0.08848462797889758,0.0,0.08848462797889758,0.07459414892841161,False
cnn1d,4,0.95,Mirai-udpplain,0.9862092862092862,0.0009009009009009009,0.9853083853083853,0.0030144583209302193,True
cnn1d,4,0.95,Mirai-greeth_flood,0.9708368698013919,0.0,0.9708368698013919,0.015483301867355035,True
cnn1d,4,0.95,Mirai-greip_flood,0.9813488309230978,0.0,0.9813488309230978,0.01286645097872988,True
cnn1d,4,0.95,DDoS-UDP_Fragmentation,0.990694560669456,0.0,0.990694560669456,0.001461089802842454,True
cnn1d,4,0.95,DDoS-ACK_Fragmentation,0.9407318215265235,0.99789283564118,-0.05716101411465657,0.0004267613327376908,False
cnn1d,4,0.95,VulnerabilityScan,0.7,0.0,0.7,0.08585360693926365,True
cnn1d,4,0.95,DDoS-ICMP_Fragmentation,0.9705292702485966,0.0,0.9705292702485966,0.0009734754201886736,True
cnn1d,4,0.95,BenignTraffic,0.6677465682508934,0.0,0.6677465682508934,0.08575705286341911,True
mlp,0,0.8,Uploading_Attack,0.010638297872340425,0.09574468085106383,-0.0851063829787234,0.09674419186714601,False
mlp,0,0.8,Recon-PingSweep,0.008823529411764706,0.0,0.008823529411764706,0.016371017021252633,False
mlp,0,0.8,Backdoor_Malware,0.041407867494824016,0.004140786749482402,0.037267080745341616,0.03932068959496144,False
mlp,0,0.8,XSS,0.02772963604852686,0.019064124783362217,0.008665511265164644,0.049652699007195794,False
mlp,0,0.8,SqlInjection,0.06480304955527319,0.08132147395171538,-0.01651842439644219,0.013519121807644608,False
mlp,0,0.8,CommandInjection,0.08034610630407911,0.034610630407911,0.04573547589616811,0.007943963631624362,False
mlp,0,0.8,BrowserHijacking,0.02991944764096663,0.01611047180667434,0.01380897583429229,0.0891559187390614,False
mlp,0,0.8,DictionaryBruteForce,0.44642857142857145,0.46530612244897956,-0.018877551020408112,0.028148774524572612,False
mlp,0,0.8,DDoS-SlowLoris,0.9621513944223108,0.9706886738759248,-0.008537279453614044,0.006989223190897589,False
mlp,0,0.8,DDoS-HTTP_Flood,0.8721926371845334,0.8835378559851818,-0.011345218800648316,0.027381581044030656,False
mlp,0,0.8,DoS-HTTP_Flood,0.912431222605614,0.8811899654947309,0.031241257110883103,0.01435474738652548,False
mlp,0,0.8,Recon-PortScan,0.2125114231120711,0.24931461327573315,-0.03680319016366204,0.05109899294291256,False
mlp,0,0.8,Recon-OSScan,0.16041450777202074,0.1166839378238342,0.04373056994818654,0.05886688196312117,False
mlp,0,0.8,DDoS-ICMP_Flood,0.9984590729783037,0.9982741617357002,0.00018491124260355818,0.000296883495532364,False
mlp,0,0.8,DDoS-RSTFINFlood,0.9992270646292883,0.9992270646292883,0.0,0.0021099541078574272,False
mlp,0,0.8,DDoS-TCP_Flood,0.6638513513513513,0.3982991612301957,0.2655521901211556,0.2660347929470491,False
mlp,0,0.8,DDoS-SynonymousIP_Flood,0.6469599489943778,0.7408566626094013,-0.0938967136150235,0.2681113289894966,False
mlp,0,0.8,DDoS-UDP_Flood,0.4846893654653991,0.6068428034490383,-0.1221534379836392,0.2270843273747819,False
mlp,0,0.8,DoS-TCP_Flood,0.5556213654964463,0.8033598966185655,-0.2477385311221193,0.2992191132796688,False
mlp,0,0.8,DDoS-PSHACK_Flood,0.9982398012010768,0.6894284530958791,0.3088113481051977,0.3315952648451985,False
mlp,0,0.8,DDoS-SYN_Flood,0.2689900788603409,0.19979648944288986,0.06919358941745102,0.23226575393748605,False
mlp,0,0.8,Recon-HostDiscovery,0.7954068896655018,0.7144782825761358,0.080928607089366,0.02793508791393297,False
mlp,0,0.8,DoS-SYN_Flood,0.1754636892128818,0.17407954230875702,0.0013841469041247778,0.42836492880508953,False
mlp,0,0.8,DoS-UDP_Flood,0.826474807244038,0.7713376367222521,0.055137170521785905,0.03119553754971207,False
mlp,0,0.8,DNS_Spoofing,0.611955149056676,0.6737591366576098,-0.06180398760093375,0.09025057611540381,False
mlp,0,0.8,MITM-ArpSpoofing,0.14742586865563034,0.14746225213752956,-3.638348189921592e-05,0.021913091854199186,False
mlp,0,0.8,Mirai-udpplain,0.9937629937629938,0.9934164934164934,0.0003465003465004113,0.0027153836479427403,False
mlp,0,0.8,Mirai-greeth_flood,0.9903242233916143,0.9913766762858598,-0.0010524528942454925,0.002700095443870718,False
mlp,0,0.8,Mirai-greip_flood,0.9901675902148939,0.9815177726719827,0.008649817542911165,0.0076812446055437725,False
mlp,0,0.8,DDoS-UDP_Fragmentation,0.9919330543933055,0.9918661087866109,6.69456066946239e-05,0.0020793747129827997,False
mlp,0,0.8,DDoS-ACK_Fragmentation,0.9718041340557897,0.9433406916850625,0.028463442370727177,0.007548726512942273,False
mlp,0,0.8,VulnerabilityScan,0.7258441992644601,0.733834837846874,-0.00799063858241389,0.03036954246329955,False
mlp,0,0.8,DDoS-ICMP_Fragmentation,0.9735030740443732,0.9731021117348303,0.000400962309542896,0.002038279849045536,False
mlp,0,0.8,BenignTraffic,0.7926922948465315,0.7991383053338232,-0.0064460104872917645,0.01664352485655987,False
mlp,0,0.9,Uploading_Attack,0.010638297872340425,0.0425531914893617,-0.031914893617021274,0.09674419186714601,False
mlp,0,0.9,Recon-PingSweep,0.008823529411764706,0.0,0.008823529411764706,0.016371017021252633,False
mlp,0,0.9,Backdoor_Malware,0.041407867494824016,0.0,0.041407867494824016,0.03932068959496144,False
mlp,0,0.9,XSS,0.02772963604852686,0.01386481802426343,0.01386481802426343,0.049652699007195794,False
mlp,0,0.9,SqlInjection,0.06480304955527319,0.07115628970775095,-0.006353240152477763,0.013519121807644608,False
mlp,0,0.9,CommandInjection,0.08034610630407911,0.06056860321384425,0.019777503090234856,0.007943963631624362,False
mlp,0,0.9,BrowserHijacking,0.02991944764096663,0.01380897583429229,0.01611047180667434,0.0891559187390614,False
mlp,0,0.9,DictionaryBruteForce,0.44642857142857145,0.46479591836734696,-0.01836734693877551,0.028148774524572612,False
mlp,0,0.9,DDoS-SlowLoris,0.9621513944223108,0.9706886738759248,-0.008537279453614044,0.006989223190897589,False
mlp,0,0.9,DDoS-HTTP_Flood,0.8721926371845334,0.8675619356332485,0.004630701551284977,0.027381581044030656,False
mlp,0,0.9,DoS-HTTP_Flood,0.912431222605614,0.8764338338151637,0.035997388790450335,0.01435474738652548,False
mlp,0,0.9,Recon-PortScan,0.2125114231120711,0.2503946165988203,-0.03788319348674918,0.05109899294291256,False
mlp,0,0.9,Recon-OSScan,0.16041450777202074,0.13008635578583766,0.030328151986183077,0.05886688196312117,False
mlp,0,0.9,DDoS-ICMP_Flood,0.9984590729783037,0.9980276134122288,0.0004314595660749321,0.000296883495532364,False
mlp,0,0.9,DDoS-RSTFINFlood,0.9992270646292883,0.9991676080623105,5.945656697781132e-05,0.0021099541078574272,False
mlp,0,0.9,DDoS-TCP_Flood,0.6638513513513513,0.41495806150978565,0.24889328984156567,0.2660347929470491,False
mlp,0,0.9,DDoS-SynonymousIP_Flood,0.6469599489943778,0.7370312409436041,-0.09007129194922625,0.2681113289894966,False
mlp,0,0.9,DDoS-UDP_Flood,0.4846893654653991,0.5714680521777581,-0.086778686712359,0.2270843273747819,False
mlp,0,0.9,DoS-TCP_Flood,0.5556213654964463,0.7711070428602197,-0.21548567736377344,0.2992191132796688,False
mlp,0,0.9,DDoS-PSHACK_Flood,0.9982398012010768,0.6893766825429696,0.3088631186581072,0.3315952648451985,False
mlp,0,0.9,DDoS-SYN_Flood,0.2689900788603409,0.15914525566013737,0.1098448232002035,0.23226575393748605,False
mlp,0,0.9,Recon-HostDiscovery,0.7954068896655018,0.7236645032451323,0.07174238642036945,0.02793508791393297,False
mlp,0,0.9,DoS-SYN_Flood,0.1754636892128818,0.17813970656085631,-0.002676017347974513,0.42836492880508953,False
mlp,0,0.9,DoS-UDP_Flood,0.826474807244038,0.7857270934194011,0.04074771382463693,0.03119553754971207,False
mlp,0,0.9,DNS_Spoofing,0.611955149056676,0.6627760131644407,-0.05082086410776465,0.09025057611540381,False
mlp,0,0.9,MITM-ArpSpoofing,0.14742586865563034,0.14458795706749136,0.0028379115881389805,0.021913091854199186,False
mlp,0,0.9,Mirai-udpplain,0.9937629937629938,0.9922730422730422,0.0014899514899515687,0.0027153836479427403,False
mlp,0,0.9,Mirai-greeth_flood,0.9903242233916143,0.9905618740451536,-0.00023765065353931192,0.002700095443870718,False
mlp,0,0.9,Mirai-greip_flood,0.9901675902148939,0.9843559940532505,0.005811596161643395,0.0076812446055437725,False
mlp,0,0.9,DDoS-UDP_Fragmentation,0.9919330543933055,0.9920334728033473,-0.00010041841004182483,0.0020793747129827997,False
mlp,0,0.9,DDoS-ACK_Fragmentation,0.9718041340557897,0.8658438691551275,0.10596026490066224,0.007548726512942273,True
mlp,0,0.9,VulnerabilityScan,0.7258441992644601,0.6998328318288198,0.026011367435640254,0.03036954246329955,False
mlp,0,0.9,DDoS-ICMP_Fragmentation,0.9735030740443732,0.9730352846832397,0.0004677893611334527,0.002038279849045536,False
mlp,0,0.9,BenignTraffic,0.7926922948465315,0.8217828395845163,-0.02909054473798478,0.01664352485655987,False
mlp,0,0.9808,Uploading_Attack,0.010638297872340425,0.0,0.010638297872340425,0.09674419186714601,False
mlp,0,0.9808,Recon-PingSweep,0.008823529411764706,0.0,0.008823529411764706,0.016371017021252633,False
mlp,0,0.9808,Backdoor_Malware,0.041407867494824016,0.0,0.041407867494824016,0.03932068959496144,False
mlp,0,0.9808,XSS,0.02772963604852686,0.008665511265164644,0.019064124783362217,0.049652699007195794,False
mlp,0,0.9808,SqlInjection,0.06480304955527319,0.053367217280813214,0.011435832274459976,0.013519121807644608,False
mlp,0,0.9808,CommandInjection,0.08034610630407911,0.011124845488257108,0.069221260815822,0.007943963631624362,False
mlp,0,0.9808,BrowserHijacking,0.02991944764096663,0.011507479861910242,0.018411967779056387,0.0891559187390614,False
mlp,0,0.9808,DictionaryBruteForce,0.44642857142857145,0.4290816326530612,0.017346938775510246,0.028148774524572612,False
mlp,0,0.9808,DDoS-SlowLoris,0.9621513944223108,0.9664200341491178,-0.004268639726807022,0.006989223190897589,False
mlp,0,0.9808,DDoS-HTTP_Flood,0.8721926371845334,0.7902292197267886,0.08196341745774482,0.027381581044030656,False
mlp,0,0.9808,DoS-HTTP_Flood,0.912431222605614,0.8083558705586124,0.10407535204700169,0.01435474738652548,True
mlp,0,0.9808,Recon-PortScan,0.2125114231120711,0.12511423112071113,0.08739719199135998,0.05109899294291256,False
mlp,0,0.9808,Recon-OSScan,0.16041450777202074,0.22797927461139897,-0.06756476683937823,0.05886688196312117,False
mlp,0,0.9808,DDoS-ICMP_Flood,0.9984590729783037,0.9977810650887574,0.000678007889546306,0.000296883495532364,False
mlp,0,0.9808,DDoS-RSTFINFlood,0.9992270646292883,0.7721029787740056,0.22712408585528276,0.0021099541078574272,True
mlp,0,0.9808,DDoS-TCP_Flood,0.6638513513513513,0.07776095060577819,0.5860904007455732,0.2660347929470491,True
mlp,0,0.9808,DDoS-SynonymousIP_Flood,0.6469599489943778,0.7546513649800035,-0.1076914159856257,0.2681113289894966,False
mlp,0,0.9808,DDoS-UDP_Flood,0.4846893654653991,0.5143709927039576,-0.029681627238558494,0.2270843273747819,False
mlp,0,0.9808,DoS-TCP_Flood,0.5556213654964463,0.9462631919017876,-0.3906418264053414,0.2992191132796688,False
mlp,0,0.9808,DDoS-PSHACK_Flood,0.9982398012010768,0.9980844895423483,0.0001553116587285075,0.3315952648451985,False
mlp,0,0.9808,DDoS-SYN_Flood,0.2689900788603409,0.2644110913253625,0.004578987534978374,0.23226575393748605,False
mlp,0,0.9808,Recon-HostDiscovery,0.7954068896655018,0.6977533699450824,0.09765351972041936,0.02793508791393297,False
mlp,0,0.9808,DoS-SYN_Flood,0.1754636892128818,0.1348159084617514,0.0406477807511304,0.42836492880508953,False
mlp,0,0.9808,DoS-UDP_Flood,0.826474807244038,0.7904339250493096,0.03604088219472834,0.03119553754971207,False
mlp,0,0.9808,DNS_Spoofing,0.611955149056676,0.6361027132524588,-0.02414756419578279,0.09025057611540381,False
mlp,0,0.9808,MITM-ArpSpoofing,0.14742586865563034,0.1135164635255594,0.033909405130070944,0.021913091854199186,False
mlp,0,0.9808,Mirai-udpplain,0.9937629937629938,0.9846846846846847,0.009078309078309088,0.0027153836479427403,False
mlp,0,0.9808,Mirai-greeth_flood,0.9903242233916143,0.5823120013580038,0.40801222203361054,0.002700095443870718,True
mlp,0,0.9808,Mirai-greip_flood,0.9901675902148939,0.7328355183132855,0.25733207190160834,0.0076812446055437725,True
mlp,0,0.9808,DDoS-UDP_Fragmentation,0.9919330543933055,0.9915313807531381,0.00040167364016741036,0.0020793747129827997,False
mlp,0,0.9808,DDoS-ACK_Fragmentation,0.9718041340557897,0.8863469128369791,0.08545722121881061,0.007548726512942273,False
mlp,0,0.9808,VulnerabilityScan,0.7258441992644601,0.47011033099297894,0.25573386827148115,0.03036954246329955,True
mlp,0,0.9808,DDoS-ICMP_Fragmentation,0.9735030740443732,0.9717989842288158,0.0017040898155573636,0.002038279849045536,False
mlp,0,0.9808,BenignTraffic,0.7926922948465315,0.792825890918807,-0.00013359607227547698,0.01664352485655987,False
mlp,0,0.9904,Uploading_Attack,0.010638297872340425,0.0,0.010638297872340425,0.09674419186714601,False
mlp,0,0.9904,Recon-PingSweep,0.008823529411764706,0.0,0.008823529411764706,0.016371017021252633,False
mlp,0,0.9904,Backdoor_Malware,0.041407867494824016,0.0,0.041407867494824016,0.03932068959496144,False
mlp,0,0.9904,XSS,0.02772963604852686,0.0,0.02772963604852686,0.049652699007195794,False
mlp,0,0.9904,SqlInjection,0.06480304955527319,0.0063532401524777635,0.05844980940279543,0.013519121807644608,False
mlp,0,0.9904,CommandInjection,0.08034610630407911,0.0,0.08034610630407911,0.007943963631624362,False
mlp,0,0.9904,BrowserHijacking,0.02991944764096663,0.0,0.02991944764096663,0.0891559187390614,False
mlp,0,0.9904,DictionaryBruteForce,0.44642857142857145,0.01989795918367347,0.42653061224489797,0.028148774524572612,True
mlp,0,0.9904,DDoS-SlowLoris,0.9621513944223108,0.7202618099032442,0.2418895845190666,0.006989223190897589,True
mlp,0,0.9904,DDoS-HTTP_Flood,0.8721926371845334,0.7460060199120166,0.1261866172725168,0.027381581044030656,True
mlp,0,0.9904,DoS-HTTP_Flood,0.912431222605614,0.702601883801175,0.209829338804439,0.01435474738652548,True
mlp,0,0.9904,Recon-PortScan,0.2125114231120711,0.11290188585195647,0.09960953726011464,0.05109899294291256,False
mlp,0,0.9904,Recon-OSScan,0.16041450777202074,0.024110535405872192,0.13630397236614855,0.05886688196312117,True
mlp,0,0.9904,DDoS-ICMP_Flood,0.9984590729783037,0.9939595660749507,0.00449950690335299,0.000296883495532364,False
mlp,0,0.9904,DDoS-RSTFINFlood,0.9992270646292883,0.6573518045068077,0.3418752601224806,0.0021099541078574272,True
mlp,0,0.9904,DDoS-TCP_Flood,0.6638513513513513,0.0005824790307548928,0.6632688723205964,0.2660347929470491,True
mlp,0,0.9904,DDoS-SynonymousIP_Flood,0.6469599489943778,0.9743233060916942,-0.32736335709731634,0.2681113289894966,False
mlp,0,0.9904,DDoS-UDP_Flood,0.4846893654653991,0.104300243201415,0.3803891222639841,0.2270843273747819,True
mlp,0,0.9904,DoS-TCP_Flood,0.5556213654964463,0.015830282145164763,0.5397910833512815,0.2992191132796688,True
mlp,0,0.9904,DDoS-PSHACK_Flood,0.9982398012010768,0.6858562849451232,0.3123835162559536,0.3315952648451985,False
mlp,0,0.9904,DDoS-SYN_Flood,0.2689900788603409,0.0036631900279827014,0.26532688883235817,0.23226575393748605,True
mlp,0,0.9904,Recon-HostDiscovery,0.7954068896655018,0.6964553170244633,0.09895157264103849,0.02793508791393297,False
mlp,0,0.9904,DoS-SYN_Flood,0.1754636892128818,0.1937344283473286,-0.018270739134446795,0.42836492880508953,False
mlp,0,0.9904,DoS-UDP_Flood,0.826474807244038,0.9710866057019903,-0.14461179845795236,0.03119553754971207,False
mlp,0,0.9904,DNS_Spoofing,0.611955149056676,0.6423022463740385,-0.030347097317362515,0.09025057611540381,False
mlp,0,0.9904,MITM-ArpSpoofing,0.14742586865563034,0.025577587775150082,0.12184828088048026,0.021913091854199186,True
mlp,0,0.9904,Mirai-udpplain,0.9937629937629938,0.0202009702009702,0.9735620235620236,0.0027153836479427403,True
mlp,0,0.9904,Mirai-greeth_flood,0.9903242233916143,0.023561364793753183,0.9667628585978612,0.002700095443870718,True
mlp,0,0.9904,Mirai-greip_flood,0.9901675902148939,0.9495202054331666,0.04064738478172725,0.0076812446055437725,False
mlp,0,0.9904,DDoS-UDP_Fragmentation,0.9919330543933055,0.8876317991631799,0.10430125523012557,0.0020793747129827997,True
mlp,0,0.9904,DDoS-ACK_Fragmentation,0.9718041340557897,0.12321894441099739,0.8485851896447923,0.007548726512942273,True
mlp,0,0.9904,VulnerabilityScan,0.7258441992644601,0.4715145436308927,0.2543296556335674,0.03036954246329955,True
mlp,0,0.9904,DDoS-ICMP_Fragmentation,0.9735030740443732,0.9719994653835873,0.0015036086607859156,0.002038279849045536,False
mlp,0,0.9904,BenignTraffic,0.7926922948465315,0.7375171169967603,0.05517517784977122,0.01664352485655987,False
mlp,0,0.9962,Uploading_Attack,0.010638297872340425,0.0,0.010638297872340425,0.09674419186714601,False
mlp,0,0.9962,Recon-PingSweep,0.008823529411764706,0.0,0.008823529411764706,0.016371017021252633,False
mlp,0,0.9962,Backdoor_Malware,0.041407867494824016,0.0,0.041407867494824016,0.03932068959496144,False
mlp,0,0.9962,XSS,0.02772963604852686,0.0,0.02772963604852686,0.049652699007195794,False
mlp,0,0.9962,SqlInjection,0.06480304955527319,0.0,0.06480304955527319,0.013519121807644608,False
mlp,0,0.9962,CommandInjection,0.08034610630407911,0.0,0.08034610630407911,0.007943963631624362,False
mlp,0,0.9962,BrowserHijacking,0.02991944764096663,0.0,0.02991944764096663,0.0891559187390614,False
mlp,0,0.9962,DictionaryBruteForce,0.44642857142857145,0.0,0.44642857142857145,0.028148774524572612,True
mlp,0,0.9962,DDoS-SlowLoris,0.9621513944223108,0.5116676152532726,0.45048377916903815,0.006989223190897589,True
mlp,0,0.9962,DDoS-HTTP_Flood,0.8721926371845334,0.7078027321139153,0.16438990507061813,0.027381581044030656,True
mlp,0,0.9962,DoS-HTTP_Flood,0.912431222605614,0.6040287233050452,0.30840249930056884,0.01435474738652548,True
mlp,0,0.9962,Recon-PortScan,0.2125114231120711,0.0627232699177536,0.1497881531943175,0.05109899294291256,True
mlp,0,0.9962,Recon-OSScan,0.16041450777202074,0.011882556131260795,0.14853195164075994,0.05886688196312117,True
mlp,0,0.9962,DDoS-ICMP_Flood,0.9984590729783037,0.9954388560157791,0.0030202169625246356,0.000296883495532364,False
mlp,0,0.9962,DDoS-RSTFINFlood,0.9992270646292883,0.6575301742077413,0.34169689042154705,0.0021099541078574272,True
mlp,0,0.9962,DDoS-TCP_Flood,0.6638513513513513,0.2700955265610438,0.3937558247903075,0.2660347929470491,True
mlp,0,0.9962,DDoS-SynonymousIP_Flood,0.6469599489943778,0.8828609517185417,-0.23590100272416392,0.2681113289894966,False
mlp,0,0.9962,DDoS-UDP_Flood,0.4846893654653991,0.9438978554057041,-0.45920848994030505,0.2270843273747819,False
mlp,0,0.9962,DoS-TCP_Flood,0.5556213654964463,0.01195347835451217,0.543667887141934,0.2992191132796688,True
mlp,0,0.9962,DDoS-PSHACK_Flood,0.9982398012010768,0.6831124456409194,0.31512735556015736,0.3315952648451985,False
mlp,0,0.9962,DDoS-SYN_Flood,0.2689900788603409,0.10928516916815059,0.15970490969219028,0.23226575393748605,False
mlp,0,0.9962,Recon-HostDiscovery,0.7954068896655018,0.4136295556665002,0.38177733399900154,0.02793508791393297,True
mlp,0,0.9962,DoS-SYN_Flood,0.1754636892128818,0.1822460090430931,-0.0067823198302112975,0.42836492880508953,False
mlp,0,0.9962,DoS-UDP_Flood,0.826474807244038,0.2211314326698942,0.6053433745741438,0.03119553754971207,True
mlp,0,0.9962,DNS_Spoofing,0.611955149056676,0.5524090161111324,0.05954613294554367,0.09025057611540381,False
mlp,0,0.9962,MITM-ArpSpoofing,0.14742586865563034,0.49146807349463345,-0.3440422048390031,0.021913091854199186,False
mlp,0,0.9962,Mirai-udpplain,0.9937629937629938,0.94009009009009,0.05367290367290378,0.0027153836479427403,False
mlp,0,0.9962,Mirai-greeth_flood,0.9903242233916143,0.000271600746902054,0.9900526226447123,0.002700095443870718,True
mlp,0,0.9962,Mirai-greip_flood,0.9901675902148939,0.9523246384646574,0.03784295175023644,0.0076812446055437725,False
mlp,0,0.9962,DDoS-UDP_Fragmentation,0.9919330543933055,0.2107112970711297,0.7812217573221758,0.0020793747129827997,True
mlp,0,0.9962,DDoS-ACK_Fragmentation,0.9718041340557897,0.47792494481236203,0.49387918924342766,0.007548726512942273,True
mlp,0,0.9962,VulnerabilityScan,0.7258441992644601,0.18515546639919758,0.5406887328652625,0.03036954246329955,True
mlp,0,0.9962,DDoS-ICMP_Fragmentation,0.9735030740443732,0.9679898422881582,0.005513231756214987,0.002038279849045536,False
mlp,0,0.9962,BenignTraffic,0.7926922948465315,0.5226612337597275,0.27003106108680397,0.01664352485655987,True
mlp,1,0.8,Uploading_Attack,0.02127659574468085,0.0,0.02127659574468085,0.09674419186714601,False
mlp,1,0.8,Recon-PingSweep,0.011764705882352941,0.0029411764705882353,0.008823529411764706,0.016371017021252633,False
mlp,1,0.8,Backdoor_Malware,0.057971014492753624,0.002070393374741201,0.055900621118012424,0.03932068959496144,False
mlp,1,0.8,XSS,0.008665511265164644,0.02079722703639515,-0.012131715771230504,0.049652699007195794,False
mlp,1,0.8,SqlInjection,0.07750952986022872,0.07623888182973317,0.0012706480304955498,0.013519121807644608,False
mlp,1,0.8,CommandInjection,0.06427688504326329,0.048207663782447466,0.016069221260815822,0.007943963631624362,False
mlp,1,0.8,BrowserHijacking,0.019562715765247412,0.011507479861910242,0.00805523590333717,0.0891559187390614,False
mlp,1,0.8,DictionaryBruteForce,0.49387755102040815,0.46122448979591835,0.0326530612244898,0.028148774524572612,False
mlp,1,0.8,DDoS-SlowLoris,0.972965281730222,0.9684120660216278,0.004553215708594238,0.006989223190897589,False
mlp,1,0.8,DDoS-HTTP_Flood,0.861542023616578,0.8826117156749248,-0.021069692058346856,0.027381581044030656,False
mlp,1,0.8,DoS-HTTP_Flood,0.8996549473095216,0.8819360253660357,0.0177189219434859,0.01435474738652548,False
mlp,1,0.8,Recon-PortScan,0.26161003572318686,0.25421616681897485,0.007393868904212009,0.05109899294291256,False
mlp,1,0.8,Recon-OSScan,0.11530224525043178,0.12835924006908464,-0.013056994818652856,0.05886688196312117,False
mlp,1,0.8,DDoS-ICMP_Flood,0.9982741617357002,0.9981508875739645,0.00012327416173563144,0.000296883495532364,False
mlp,1,0.8,DDoS-RSTFINFlood,0.9992270646292883,0.9988703252274214,0.00035673940186697894,0.0021099541078574272,False
mlp,1,0.8,DDoS-TCP_Flood,0.33049860205032616,0.595002329916123,-0.26450372786579684,0.2660347929470491,False
mlp,1,0.8,DDoS-SynonymousIP_Flood,0.23080044050310092,0.6828957282791399,-0.452095287776039,0.2681113289894966,False
mlp,1,0.8,DDoS-UDP_Flood,0.6108777360159187,0.587939420738448,0.0229383152774707,0.2270843273747819,False
mlp,1,0.8,DoS-TCP_Flood,0.8574197716993324,0.6074197716993324,0.25,0.2992191132796688,False
mlp,1,0.8,DDoS-PSHACK_Flood,0.6892213708842411,0.6894802236487886,-0.0002588527645475125,0.3315952648451985,False
mlp,1,0.8,DDoS-SYN_Flood,0.269854998728059,0.29636224879165607,-0.026507250063597054,0.23226575393748605,False
mlp,1,0.8,Recon-HostDiscovery,0.7578632051922117,0.7481278082875686,0.00973539690464309,0.02793508791393297,False
mlp,1,0.8,DoS-SYN_Flood,0.36366152994371137,0.16125311433053427,0.2024084156131771,0.42836492880508953,False
mlp,1,0.8,DoS-UDP_Flood,0.7672135556750941,0.7761341222879684,-0.008920566612874326,0.03119553754971207,False
mlp,1,0.8,DNS_Spoofing,0.638207493015958,0.6162029773066473,0.022004515709310724,0.09025057611540381,False
mlp,1,0.8,MITM-ArpSpoofing,0.15568491904675277,0.14109514280516647,0.014589776241586305,0.021913091854199186,False
mlp,1,0.8,Mirai-udpplain,0.9948371448371448,0.9932432432432432,0.0015939015939016032,0.0027153836479427403,False
mlp,1,0.8,Mirai-greeth_flood,0.9879477168562214,0.9882532676964861,-0.00030555084026473445,0.002700095443870718,False
mlp,1,0.8,Mirai-greip_flood,0.989322881470469,0.9787809163400459,0.010541965130423048,0.0076812446055437725,False
mlp,1,0.8,DDoS-UDP_Fragmentation,0.9917991631799163,0.9919330543933055,-0.0001338912133891368,0.0020793747129827997,False
mlp,1,0.8,DDoS-ACK_Fragmentation,0.9459830088969162,0.964111311793431,-0.018128302896514792,0.007548726512942273,False
mlp,1,0.8,VulnerabilityScan,0.6818789702440655,0.7098963557338682,-0.028017385489802704,0.03036954246329955,False
mlp,1,0.8,DDoS-ICMP_Fragmentation,0.9733694199411922,0.9728682170542635,0.0005012028869286755,0.002038279849045536,False
mlp,1,0.8,BenignTraffic,0.7982031328278949,0.7828061854981464,0.0153969473297485,0.01664352485655987,False
mlp,1,0.9,Uploading_Attack,0.02127659574468085,0.0,0.02127659574468085,0.09674419186714601,False
mlp,1,0.9,Recon-PingSweep,0.011764705882352941,0.0058823529411764705,0.0058823529411764705,0.016371017021252633,False
mlp,1,0.9,Backdoor_Malware,0.057971014492753624,0.012422360248447204,0.045548654244306416,0.03932068959496144,False
mlp,1,0.9,XSS,0.008665511265164644,0.010398613518197574,-0.00173310225303293,0.049652699007195794,False
mlp,1,0.9,SqlInjection,0.07750952986022872,0.07496823379923762,0.0025412960609910995,0.013519121807644608,False
mlp,1,0.9,CommandInjection,0.06427688504326329,0.07416563658838071,-0.009888751545117425,0.007943963631624362,False
mlp,1,0.9,BrowserHijacking,0.019562715765247412,0.01380897583429229,0.005753739930955123,0.0891559187390614,False
mlp,1,0.9,DictionaryBruteForce,0.49387755102040815,0.45051020408163267,0.043367346938775475,0.028148774524572612,False
mlp,1,0.9,DDoS-SlowLoris,0.972965281730222,0.9718269778030734,0.0011383039271486428,0.006989223190897589,False
mlp,1,0.9,DDoS-HTTP_Flood,0.861542023616578,0.8752025931928687,-0.013660569576290804,0.027381581044030656,False
mlp,1,0.9,DoS-HTTP_Flood,0.8996549473095216,0.8776461811060338,0.022008766203487795,0.01435474738652548,False
mlp,1,0.9,Recon-PortScan,0.26161003572318686,0.2380161169726676,0.02359391875051925,0.05109899294291256,False
mlp,1,0.9,Recon-OSScan,0.11530224525043178,0.12379965457685665,-0.00849740932642487,0.05886688196312117,False
mlp,1,0.9,DDoS-ICMP_Flood,0.9982741617357002,0.9980892504930966,0.00018491124260355818,0.000296883495532364,False
mlp,1,0.9,DDoS-RSTFINFlood,0.9992270646292883,0.9992270646292883,0.0,0.0021099541078574272,False
mlp,1,0.9,DDoS-TCP_Flood,0.33049860205032616,0.5346575023299162,-0.20415890027959,0.2660347929470491,False
mlp,1,0.9,DDoS-SynonymousIP_Flood,0.23080044050310092,0.7751115747985857,-0.5443111342954848,0.2681113289894966,False
mlp,1,0.9,DDoS-UDP_Flood,0.6108777360159187,0.3493809418527526,0.26149679416316607,0.2270843273747819,True
mlp,1,0.9,DoS-TCP_Flood,0.8574197716993324,0.6696640103381435,0.18775576136118888,0.2992191132796688,False
mlp,1,0.9,DDoS-PSHACK_Flood,0.6892213708842411,0.9975150134603438,-0.3082936425761027,0.3315952648451985,False
mlp,1,0.9,DDoS-SYN_Flood,0.269854998728059,0.22411600101755277,0.04573899771050624,0.23226575393748605,False
mlp,1,0.9,Recon-HostDiscovery,0.7578632051922117,0.76445332001997,-0.006590114827758287,0.02793508791393297,False
mlp,1,0.9,DoS-SYN_Flood,0.36366152994371137,0.16194518778259667,0.2017163421611147,0.42836492880508953,False
mlp,1,0.9,DoS-UDP_Flood,0.7672135556750941,0.9173838981531289,-0.15017034247803485,0.03119553754971207,False
mlp,1,0.9,DNS_Spoofing,0.638207493015958,0.6204890742795913,0.017718418736366703,0.09025057611540381,False
mlp,1,0.9,MITM-ArpSpoofing,0.15568491904675277,0.1462979807167546,0.009386938329998179,0.021913091854199186,False
mlp,1,0.9,Mirai-udpplain,0.9948371448371448,0.9920997920997922,0.0027373527373526496,0.0027153836479427403,False
mlp,1,0.9,Mirai-greeth_flood,0.9879477168562214,0.9774231879137668,0.010524528942454592,0.002700095443870718,False
mlp,1,0.9,Mirai-greip_flood,0.989322881470469,0.988444384376267,0.0008784970942019577,0.0076812446055437725,False
mlp,1,0.9,DDoS-UDP_Fragmentation,0.9917991631799163,0.992,-0.00020083682008364967,0.0020793747129827997,False
mlp,1,0.9,DDoS-ACK_Fragmentation,0.9459830088969162,0.94819051441568,-0.002207505518763808,0.007548726512942273,False
mlp,1,0.9,VulnerabilityScan,0.6818789702440655,0.6827816783684386,-0.0009027081243730972,0.03036954246329955,False
mlp,1,0.9,DDoS-ICMP_Fragmentation,0.9733694199411922,0.9737703822507351,-0.000400962309542896,0.002038279849045536,False
mlp,1,0.9,BenignTraffic,0.7982031328278949,0.7873818509735814,0.010821281854313525,0.01664352485655987,False
mlp,1,0.9808,Uploading_Attack,0.02127659574468085,0.0,0.02127659574468085,0.09674419186714601,False
mlp,1,0.9808,Recon-PingSweep,0.011764705882352941,0.0,0.011764705882352941,0.016371017021252633,False
mlp,1,0.9808,Backdoor_Malware,0.057971014492753624,0.0,0.057971014492753624,0.03932068959496144,False
mlp,1,0.9808,XSS,0.008665511265164644,0.0,0.008665511265164644,0.049652699007195794,False
mlp,1,0.9808,SqlInjection,0.07750952986022872,0.022871664548919948,0.054637865311308764,0.013519121807644608,False
mlp,1,0.9808,CommandInjection,0.06427688504326329,0.023485784919653894,0.0407911001236094,0.007943963631624362,False
mlp,1,0.9808,BrowserHijacking,0.019562715765247412,0.0333716915995397,-0.013808975834292286,0.0891559187390614,False
mlp,1,0.9808,DictionaryBruteForce,0.49387755102040815,0.41836734693877553,0.07551020408163261,0.028148774524572612,False
mlp,1,0.9808,DDoS-SlowLoris,0.972965281730222,0.9183266932270916,0.054638588503130414,0.006989223190897589,False
mlp,1,0.9808,DDoS-HTTP_Flood,0.861542023616578,0.889326232924288,-0.027784209307710084,0.027381581044030656,False
mlp,1,0.9808,DoS-HTTP_Flood,0.8996549473095216,0.731325188846405,0.1683297584631166,0.01435474738652548,True
mlp,1,0.9808,Recon-PortScan,0.26161003572318686,0.29567167898978153,-0.034061643266594666,0.05109899294291256,False
mlp,1,0.9808,Recon-OSScan,0.11530224525043178,0.026804835924006908,0.08849740932642487,0.05886688196312117,False
mlp,1,0.9808,DDoS-ICMP_Flood,0.9982741617357002,0.9977194280078896,0.0005547337278105635,0.000296883495532364,False
mlp,1,0.9808,DDoS-RSTFINFlood,0.9992270646292883,0.6595516974849872,0.33967536714430113,0.0021099541078574272,True
mlp,1,0.9808,DDoS-TCP_Flood,0.33049860205032616,0.6434645852749301,-0.31296598322460395,0.2660347929470491,False
mlp,1,0.9808,DDoS-SynonymousIP_Flood,0.23080044050310092,0.005274445024053788,0.22552599547904714,0.2681113289894966,False
mlp,1,0.9808,DDoS-UDP_Flood,0.6108777360159187,0.36524430687596726,0.2456334291399514,0.2270843273747819,True
mlp,1,0.9808,DoS-TCP_Flood,0.8574197716993324,0.42553306052121476,0.4318867111781176,0.2992191132796688,True
mlp,1,0.9808,DDoS-PSHACK_Flood,0.6892213708842411,0.9967384551667012,-0.30751708428246016,0.3315952648451985,False
mlp,1,0.9808,DDoS-SYN_Flood,0.269854998728059,0.9407784278809463,-0.6709234291528874,0.23226575393748605,False
mlp,1,0.9808,Recon-HostDiscovery,0.7578632051922117,0.7329006490264603,0.02496255616575138,0.02793508791393297,False
mlp,1,0.9808,DoS-SYN_Flood,0.36366152994371137,0.0703146627295377,0.2933468672141737,0.42836492880508953,False
mlp,1,0.9808,DoS-UDP_Flood,0.7672135556750941,0.9049668280437512,-0.1377532723686571,0.03119553754971207,False
mlp,1,0.9808,DNS_Spoofing,0.638207493015958,0.5138341433546363,0.12437334966132174,0.09025057611540381,True
mlp,1,0.9808,MITM-ArpSpoofing,0.15568491904675277,0.1788975804984537,-0.023212661451700922,0.021913091854199186,False
mlp,1,0.9808,Mirai-udpplain,0.9948371448371448,0.9907137907137907,0.004123354123354073,0.0027153836479427403,False
mlp,1,0.9808,Mirai-greeth_flood,0.9879477168562214,0.9696146664403327,0.01833305041588873,0.002700095443870718,False
mlp,1,0.9808,Mirai-greip_flood,0.989322881470469,0.9466481957021219,0.0426746857683471,0.0076812446055437725,False
mlp,1,0.9808,DDoS-UDP_Fragmentation,0.9917991631799163,0.9903598326359833,0.0014393305439330817,0.0020793747129827997,False
mlp,1,0.9808,DDoS-ACK_Fragmentation,0.9459830088969162,0.8799250786005753,0.06605793029634088,0.007548726512942273,False
mlp,1,0.9808,VulnerabilityScan,0.6818789702440655,0.7007021063189569,-0.01882313607489139,0.03036954246329955,False
mlp,1,0.9808,DDoS-ICMP_Fragmentation,0.9733694199411922,0.9685578722266773,0.004811547714514863,0.002038279849045536,False
mlp,1,0.9808,BenignTraffic,0.7982031328278949,0.6830433185264353,0.1151598143014596,0.01664352485655987,True
mlp,1,0.9904,Uploading_Attack,0.02127659574468085,0.0,0.02127659574468085,0.09674419186714601,False
mlp,1,0.9904,Recon-PingSweep,0.011764705882352941,0.0,0.011764705882352941,0.016371017021252633,False
mlp,1,0.9904,Backdoor_Malware,0.057971014492753624,0.0,0.057971014492753624,0.03932068959496144,False
mlp,1,0.9904,XSS,0.008665511265164644,0.010398613518197574,-0.00173310225303293,0.049652699007195794,False
mlp,1,0.9904,SqlInjection,0.07750952986022872,0.015247776365946633,0.062261753494282084,0.013519121807644608,False
mlp,1,0.9904,CommandInjection,0.06427688504326329,0.021013597033374538,0.04326328800988875,0.007943963631624362,False
mlp,1,0.9904,BrowserHijacking,0.019562715765247412,0.010356731875719217,0.009205983889528195,0.0891559187390614,False
mlp,1,0.9904,DictionaryBruteForce,0.49387755102040815,0.3795918367346939,0.11428571428571427,0.028148774524572612,True
mlp,1,0.9904,DDoS-SlowLoris,0.972965281730222,0.8053500284575982,0.16761525327262383,0.006989223190897589,True
mlp,1,0.9904,DDoS-HTTP_Flood,0.861542023616578,0.8550590414447788,0.006482982171799101,0.027381581044030656,False
mlp,1,0.9904,DoS-HTTP_Flood,0.8996549473095216,0.6999906742516087,0.1996642730579129,0.01435474738652548,True
mlp,1,0.9904,Recon-PortScan,0.26161003572318686,0.12636038880119632,0.13524964692199054,0.05109899294291256,True
mlp,1,0.9904,Recon-OSScan,0.11530224525043178,0.09395509499136442,0.02134715025906736,0.05886688196312117,False
mlp,1,0.9904,DDoS-ICMP_Flood,0.9982741617357002,0.9976577909270217,0.0006163708086784903,0.000296883495532364,False
mlp,1,0.9904,DDoS-RSTFINFlood,0.9992270646292883,0.8105713776086568,0.1886556870206315,0.0021099541078574272,True
mlp,1,0.9904,DDoS-TCP_Flood,0.33049860205032616,0.5066402609506058,-0.1761416589002796,0.2660347929470491,False
mlp,1,0.9904,DDoS-SynonymousIP_Flood,0.23080044050310092,0.9819161884889585,-0.7511157479858576,0.2681113289894966,False
mlp,1,0.9904,DDoS-UDP_Flood,0.6108777360159187,0.10109440636745523,0.5097833296484634,0.2270843273747819,True
mlp,1,0.9904,DoS-TCP_Flood,0.8574197716993324,0.046467800990738745,0.8109519707085936,0.2992191132796688,True
mlp,1,0.9904,DDoS-PSHACK_Flood,0.6892213708842411,0.7231828535928764,-0.033961482708635304,0.3315952648451985,False
mlp,1,0.9904,DDoS-SYN_Flood,0.269854998728059,0.18529636224879165,0.08455863647926737,0.23226575393748605,False
mlp,1,0.9904,Recon-HostDiscovery,0.7578632051922117,0.7052421367948077,0.05262106839740399,0.02793508791393297,False
mlp,1,0.9904,DoS-SYN_Flood,0.36366152994371137,0.14565839254406202,0.21800313739964935,0.42836492880508953,False
mlp,1,0.9904,DoS-UDP_Flood,0.7672135556750941,0.8107853684776761,-0.043571812802582044,0.03119553754971207,False
mlp,1,0.9904,DNS_Spoofing,0.638207493015958,0.5957674792392178,0.042440013776740226,0.09025057611540381,False
mlp,1,0.9904,MITM-ArpSpoofing,0.15568491904675277,0.10114607967982536,0.05453883936692741,0.021913091854199186,False
mlp,1,0.9904,Mirai-udpplain,0.9948371448371448,0.9882882882882883,0.006548856548856508,0.0027153836479427403,False
mlp,1,0.9904,Mirai-greeth_flood,0.9879477168562214,0.9124087591240876,0.07553895773213382,0.002700095443870718,False
mlp,1,0.9904,Mirai-greip_flood,0.989322881470469,0.1281592107041492,0.8611636707663197,0.0076812446055437725,True
mlp,1,0.9904,DDoS-UDP_Fragmentation,0.9917991631799163,0.9516987447698745,0.04010041841004186,0.0020793747129827997,False
mlp,1,0.9904,DDoS-ACK_Fragmentation,0.9459830088969162,0.6803130644190247,0.2656699444778915,0.007548726512942273,True
mlp,1,0.9904,VulnerabilityScan,0.6818789702440655,0.6791039786024741,0.002774991641591451,0.03036954246329955,False
mlp,1,0.9904,DDoS-ICMP_Fragmentation,0.9733694199411922,0.9670208500400962,0.006348569901096002,0.002038279849045536,False
mlp,1,0.9904,BenignTraffic,0.7982031328278949,0.7390200728098594,0.05918306001803553,0.01664352485655987,False
mlp,1,0.9962,Uploading_Attack,0.02127659574468085,0.0,0.02127659574468085,0.09674419186714601,False
mlp,1,0.9962,Recon-PingSweep,0.011764705882352941,0.0,0.011764705882352941,0.016371017021252633,False
mlp,1,0.9962,Backdoor_Malware,0.057971014492753624,0.0,0.057971014492753624,0.03932068959496144,False
mlp,1,0.9962,XSS,0.008665511265164644,0.0,0.008665511265164644,0.049652699007195794,False
mlp,1,0.9962,SqlInjection,0.07750952986022872,0.0012706480304955528,0.07623888182973317,0.013519121807644608,False
mlp,1,0.9962,CommandInjection,0.06427688504326329,0.0,0.06427688504326329,0.007943963631624362,False
mlp,1,0.9962,BrowserHijacking,0.019562715765247412,0.0,0.019562715765247412,0.0891559187390614,False
mlp,1,0.9962,DictionaryBruteForce,0.49387755102040815,0.0,0.49387755102040815,0.028148774524572612,True
mlp,1,0.9962,DDoS-SlowLoris,0.972965281730222,0.28059191804211725,0.6923733636881048,0.006989223190897589,True
mlp,1,0.9962,DDoS-HTTP_Flood,0.861542023616578,0.7244732576985413,0.13706876591803663,0.027381581044030656,True
mlp,1,0.9962,DoS-HTTP_Flood,0.8996549473095216,0.5445304485684976,0.3551244987410239,0.01435474738652548,True
mlp,1,0.9962,Recon-PortScan,0.26161003572318686,0.00481847636454266,0.25679155935864423,0.05109899294291256,True
mlp,1,0.9962,Recon-OSScan,0.11530224525043178,0.05015544041450777,0.06514680483592401,0.05886688196312117,False
mlp,1,0.9962,DDoS-ICMP_Flood,0.9982741617357002,0.9832963510848126,0.014977810650887546,0.000296883495532364,False
mlp,1,0.9962,DDoS-RSTFINFlood,0.9992270646292883,0.6605624591236102,0.3386646055056781,0.0021099541078574272,True
mlp,1,0.9962,DDoS-TCP_Flood,0.33049860205032616,0.08498369058713887,0.2455149114631873,0.2660347929470491,False
mlp,1,0.9962,DDoS-SynonymousIP_Flood,0.23080044050310092,0.5583956413377383,-0.32759520083463745,0.2681113289894966,False
mlp,1,0.9962,DDoS-UDP_Flood,0.6108777360159187,0.033163829316825114,0.5777139066990935,0.2270843273747819,True
mlp,1,0.9962,DoS-TCP_Flood,0.8574197716993324,0.033868188671117815,0.8235515830282145,0.2992191132796688,True
mlp,1,0.9962,DDoS-PSHACK_Flood,0.6892213708842411,0.6270449368399255,0.06217643404431561,0.3315952648451985,False
mlp,1,0.9962,DDoS-SYN_Flood,0.269854998728059,0.14718901042991606,0.12266598829814296,0.23226575393748605,False
mlp,1,0.9962,Recon-HostDiscovery,0.7578632051922117,0.5457314028956565,0.21213180229655526,0.02793508791393297,True
mlp,1,0.9962,DoS-SYN_Flood,0.36366152994371137,0.05255144412660331,0.3111100858171081,0.42836492880508953,False
mlp,1,0.9962,DoS-UDP_Flood,0.7672135556750941,0.019141115294961448,0.7480724403801327,0.03119553754971207,True
mlp,1,0.9962,DNS_Spoofing,0.638207493015958,0.6088553824958861,0.029352110520071917,0.09025057611540381,False
mlp,1,0.9962,MITM-ArpSpoofing,0.15568491904675277,0.029616154265963254,0.12606876478078952,0.021913091854199186,True
mlp,1,0.9962,Mirai-udpplain,0.9948371448371448,0.9172903672903673,0.07754677754677752,0.0027153836479427403,False
mlp,1,0.9962,Mirai-greeth_flood,0.9879477168562214,0.0016975046681378374,0.9862502121880836,0.002700095443870718,True
mlp,1,0.9962,Mirai-greip_flood,0.989322881470469,0.032571969185025,0.956750912285444,0.0076812446055437725,True
mlp,1,0.9962,DDoS-UDP_Fragmentation,0.9917991631799163,0.00013389121338912134,0.9916652719665272,0.0020793747129827997,True
mlp,1,0.9962,DDoS-ACK_Fragmentation,0.9459830088969162,0.9200949896314135,0.02588801926550277,0.007548726512942273,False
mlp,1,0.9962,VulnerabilityScan,0.6818789702440655,0.5144767636242059,0.1674022066198596,0.03036954246329955,True
mlp,1,0.9962,DDoS-ICMP_Fragmentation,0.9733694199411922,0.9657845495856723,0.007584870355519913,0.002038279849045536,False
mlp,1,0.9962,BenignTraffic,0.7982031328278949,0.5021208376473731,0.29608229518052176,0.01664352485655987,True
mlp,2,0.8,Uploading_Attack,0.06382978723404255,0.031914893617021274,0.031914893617021274,0.09674419186714601,False
mlp,2,0.8,Recon-PingSweep,0.0029411764705882353,0.008823529411764706,-0.0058823529411764705,0.016371017021252633,False
mlp,2,0.8,Backdoor_Malware,0.008281573498964804,0.020703933747412008,-0.012422360248447204,0.03932068959496144,False
mlp,2,0.8,XSS,0.053726169844020795,0.005199306759098787,0.04852686308492201,0.049652699007195794,False
mlp,2,0.8,SqlInjection,0.06734434561626429,0.0698856416772554,-0.0025412960609911134,0.013519121807644608,False
mlp,2,0.8,CommandInjection,0.048207663782447466,0.0580964153275649,-0.009888751545117432,0.007943963631624362,False
mlp,2,0.8,BrowserHijacking,0.01726121979286536,0.01611047180667434,0.0011507479861910218,0.0891559187390614,False
mlp,2,0.8,DictionaryBruteForce,0.4627551020408163,0.46530612244897956,-0.0025510204081632404,0.028148774524572612,False
mlp,2,0.8,DDoS-SlowLoris,0.981217985202049,0.9721115537848606,0.009106431417188365,0.006989223190897589,False
mlp,2,0.8,DDoS-HTTP_Flood,0.8624681639268349,0.8657096550127344,-0.0032414910858995505,0.027381581044030656,False
mlp,2,0.8,DoS-HTTP_Flood,0.8987223724703908,0.8902359414343001,0.008486431036090702,0.01435474738652548,False
mlp,2,0.8,Recon-PortScan,0.2881947329068705,0.2592838747196145,0.028910858187255972,0.05109899294291256,False
mlp,2,0.8,Recon-OSScan,0.09367875647668394,0.10176165803108808,-0.008082901554404137,0.05886688196312117,False
mlp,2,0.8,DDoS-ICMP_Flood,0.9983357988165681,0.9982741617357002,6.163708086792674e-05,0.000296883495532364,False
mlp,2,0.8,DDoS-RSTFINFlood,0.9992270646292883,0.9992270646292883,0.0,0.0021099541078574272,False
mlp,2,0.8,DDoS-TCP_Flood,0.5663443616029823,0.4968546132339236,0.06948974836905869,0.2660347929470491,False
mlp,2,0.8,DDoS-SynonymousIP_Flood,0.6700284008578218,0.7147162812264534,-0.04468788036863158,0.2681113289894966,False
mlp,2,0.8,DDoS-UDP_Flood,0.7680742869776697,0.6855516250276366,0.0825226619500331,0.2270843273747819,False
mlp,2,0.8,DoS-TCP_Flood,0.6024122334697394,0.7095089381865174,-0.10709670471677801,0.2992191132796688,False
mlp,2,0.8,DDoS-PSHACK_Flood,0.7106026092358666,0.6892213708842411,0.02138123835162553,0.3315952648451985,False
mlp,2,0.8,DDoS-SYN_Flood,0.1786822691427118,0.2100228949376749,-0.031340625794963106,0.23226575393748605,False
mlp,2,0.8,Recon-HostDiscovery,0.7387918122815776,0.7531702446330504,-0.014378432351472736,0.02793508791393297,False
mlp,2,0.8,DoS-SYN_Flood,0.2069299621666513,0.16471348159084617,0.042216480575805126,0.42836492880508953,False
mlp,2,0.8,DoS-UDP_Flood,0.6465393580778196,0.7218934911242604,-0.07535413304644079,0.03119553754971207,False
mlp,2,0.8,DNS_Spoofing,0.6030768053270062,0.6444070261375378,-0.041330220810531504,0.09025057611540381,False
mlp,2,0.8,MITM-ArpSpoofing,0.15539385119155905,0.1370929597962525,0.01830089139530655,0.021913091854199186,False
mlp,2,0.8,Mirai-udpplain,0.9927581427581428,0.9941094941094941,-0.0013513513513513375,0.0027153836479427403,False
mlp,2,0.8,Mirai-greeth_flood,0.989814971991173,0.9880835172296724,0.001731454761500606,0.002700095443870718,False
mlp,2,0.8,Mirai-greip_flood,0.9801662386809028,0.9869914853358562,-0.006825246654953432,0.0076812446055437725,False
mlp,2,0.8,DDoS-UDP_Fragmentation,0.9918661087866109,0.9930041841004185,-0.0011380753138076072,0.0020793747129827997,False
mlp,2,0.8,DDoS-ACK_Fragmentation,0.6502776105425112,0.8289183222958058,-0.17864071175329455,0.007548726512942273,False
mlp,2,0.8,VulnerabilityScan,0.7299565362754932,0.7262454028752925,0.0037111334002006835,0.03036954246329955,False
mlp,2,0.8,DDoS-ICMP_Fragmentation,0.9717989842288158,0.9716653301256348,0.00013365410318100235,0.002038279849045536,False
mlp,2,0.8,BenignTraffic,0.7750242142881,0.7875154470458569,-0.012491232757756876,0.01664352485655987,False
mlp,2,0.9,Uploading_Attack,0.06382978723404255,0.005319148936170213,0.058510638297872335,0.09674419186714601,False
mlp,2,0.9,Recon-PingSweep,0.0029411764705882353,0.0058823529411764705,-0.0029411764705882353,0.016371017021252633,False
mlp,2,0.9,Backdoor_Malware,0.008281573498964804,0.010351966873706004,-0.0020703933747412,0.03932068959496144,False
mlp,2,0.9,XSS,0.053726169844020795,0.0017331022530329288,0.05199306759098787,0.049652699007195794,False
mlp,2,0.9,SqlInjection,0.06734434561626429,0.0724269377382465,-0.005082592121982213,0.013519121807644608,False
mlp,2,0.9,CommandInjection,0.048207663782447466,0.0519159456118665,-0.0037082818294190342,0.007943963631624362,False
mlp,2,0.9,BrowserHijacking,0.01726121979286536,0.01380897583429229,0.0034522439585730723,0.0891559187390614,False
mlp,2,0.9,DictionaryBruteForce,0.4627551020408163,0.4627551020408163,0.0,0.028148774524572612,False
mlp,2,0.9,DDoS-SlowLoris,0.981217985202049,0.9661354581673307,0.01508252703471824,0.006989223190897589,False
mlp,2,0.9,DDoS-HTTP_Flood,0.8624681639268349,0.8673304005556842,-0.004862236628849326,0.027381581044030656,False
mlp,2,0.9,DoS-HTTP_Flood,0.8987223724703908,0.8821225403338618,0.016599832136528936,0.01435474738652548,False
mlp,2,0.9,Recon-PortScan,0.2881947329068705,0.2518900058154025,0.03630472709146798,0.05109899294291256,False
mlp,2,0.9,Recon-OSScan,0.09367875647668394,0.11274611398963731,-0.019067357512953367,0.05886688196312117,False
mlp,2,0.9,DDoS-ICMP_Flood,0.9983357988165681,0.9983357988165681,0.0,0.000296883495532364,False
mlp,2,0.9,DDoS-RSTFINFlood,0.9992270646292883,0.9991081514953326,0.00011891313395573366,0.0021099541078574272,False
mlp,2,0.9,DDoS-TCP_Flood,0.5663443616029823,0.4237534948741845,0.14259086672879778,0.2660347929470491,False
mlp,2,0.9,DDoS-SynonymousIP_Flood,0.6700284008578218,0.7424795687706486,-0.0724511679128268,0.2681113289894966,False
mlp,2,0.9,DDoS-UDP_Flood,0.7680742869776697,0.6593521998673447,0.10872208711032494,0.2270843273747819,False
mlp,2,0.9,DoS-TCP_Flood,0.6024122334697394,0.8103058367434848,-0.2078936032737454,0.2992191132796688,False
mlp,2,0.9,DDoS-PSHACK_Flood,0.7106026092358666,0.9983951128598053,-0.2877925036239387,0.3315952648451985,False
mlp,2,0.9,DDoS-SYN_Flood,0.1786822691427118,0.2025947596031544,-0.02391249046044261,0.23226575393748605,False
mlp,2,0.9,Recon-HostDiscovery,0.7387918122815776,0.753220169745382,-0.014428357463804331,0.02793508791393297,False
mlp,2,0.9,DoS-SYN_Flood,0.2069299621666513,0.15442465627018548,0.05250530589646582,0.42836492880508953,False
mlp,2,0.9,DoS-UDP_Flood,0.6465393580778196,0.7303657880580957,-0.08382642998027612,0.03119553754971207,False
mlp,2,0.9,DNS_Spoofing,0.6030768053270062,0.6315487352187058,-0.028471929891699554,0.09025057611540381,False
mlp,2,0.9,MITM-ArpSpoofing,0.15539385119155905,0.14127706021466255,0.014116790976896498,0.021913091854199186,False
mlp,2,0.9,Mirai-udpplain,0.9927581427581428,0.9932778932778933,-0.0005197505197505059,0.0027153836479427403,False
mlp,2,0.9,Mirai-greeth_flood,0.989814971991173,0.9890001697504668,0.0008148022407061806,0.002700095443870718,False
mlp,2,0.9,Mirai-greip_flood,0.9801662386809028,0.989221516421138,-0.00905527774023518,0.0076812446055437725,False
mlp,2,0.9,DDoS-UDP_Fragmentation,0.9918661087866109,0.9926694560669456,-0.0008033472803347097,0.0020793747129827997,False
mlp,2,0.9,DDoS-ACK_Fragmentation,0.6502776105425112,0.9652485116061275,-0.31497090106361625,0.007548726512942273,False
mlp,2,0.9,VulnerabilityScan,0.7299565362754932,0.7187228351721832,0.011233701103310012,0.03036954246329955,False
mlp,2,0.9,DDoS-ICMP_Fragmentation,0.9717989842288158,0.9717655707030206,3.341352579522283e-05,0.002038279849045536,False
mlp,2,0.9,BenignTraffic,0.7750242142881,0.7945292408403193,-0.019505026552219307,0.01664352485655987,False
mlp,2,0.9808,Uploading_Attack,0.06382978723404255,0.02127659574468085,0.042553191489361694,0.09674419186714601,False
mlp,2,0.9808,Recon-PingSweep,0.0029411764705882353,0.0,0.0029411764705882353,0.016371017021252633,False
mlp,2,0.9808,Backdoor_Malware,0.008281573498964804,0.026915113871635612,-0.018633540372670808,0.03932068959496144,False
mlp,2,0.9808,XSS,0.053726169844020795,0.01386481802426343,0.03986135181975736,0.049652699007195794,False
mlp,2,0.9808,SqlInjection,0.06734434561626429,0.020330368487928845,0.047013977128335445,0.013519121807644608,False
mlp,2,0.9808,CommandInjection,0.048207663782447466,0.034610630407911,0.013597033374536466,0.007943963631624362,False
mlp,2,0.9808,BrowserHijacking,0.01726121979286536,0.02531645569620253,-0.00805523590333717,0.0891559187390614,False
mlp,2,0.9808,DictionaryBruteForce,0.4627551020408163,0.42142857142857143,0.041326530612244894,0.028148774524572612,False
mlp,2,0.9808,DDoS-SlowLoris,0.981217985202049,0.952191235059761,0.02902675014228795,0.006989223190897589,False
mlp,2,0.9808,DDoS-HTTP_Flood,0.8624681639268349,0.8566797869877286,0.005788376939106277,0.027381581044030656,False
mlp,2,0.9808,DoS-HTTP_Flood,0.8987223724703908,0.777021355963816,0.12170101650657472,0.01435474738652548,True
mlp,2,0.9808,Recon-PortScan,0.2881947329068705,0.08407410484339951,0.20412062806347098,0.05109899294291256,True
mlp,2,0.9808,Recon-OSScan,0.09367875647668394,0.23454231433506045,-0.1408635578583765,0.05886688196312117,False
mlp,2,0.9808,DDoS-ICMP_Flood,0.9983357988165681,0.9976577909270217,0.000678007889546417,0.000296883495532364,False
mlp,2,0.9808,DDoS-RSTFINFlood,0.9992270646292883,0.9992270646292883,0.0,0.0021099541078574272,False
mlp,2,0.9808,DDoS-TCP_Flood,0.5663443616029823,0.8482642124883504,-0.2819198508853681,0.2660347929470491,False
mlp,2,0.9808,DDoS-SynonymousIP_Flood,0.6700284008578218,0.0007534921462933982,0.6692749087115284,0.2681113289894966,True
mlp,2,0.9808,DDoS-UDP_Flood,0.7680742869776697,0.17118063232367897,0.5968936546539907,0.2270843273747819,True
mlp,2,0.9808,DoS-TCP_Flood,0.6024122334697394,0.24025414602627612,0.36215808744346323,0.2992191132796688,True
mlp,2,0.9808,DDoS-PSHACK_Flood,0.7106026092358666,0.9899047421826465,-0.27930213294677986,0.3315952648451985,False
mlp,2,0.9808,DDoS-SYN_Flood,0.1786822691427118,0.9699821928262529,-0.7912999236835411,0.23226575393748605,False
mlp,2,0.9808,Recon-HostDiscovery,0.7387918122815776,0.6288567149276086,0.109935097353969,0.02793508791393297,True
mlp,2,0.9808,DoS-SYN_Flood,0.2069299621666513,0.035341884285318814,0.17158807788133248,0.42836492880508953,False
mlp,2,0.9808,DoS-UDP_Flood,0.6465393580778196,0.9835036758113681,-0.3369643177335485,0.03119553754971207,False
mlp,2,0.9808,DNS_Spoofing,0.6030768053270062,0.5711224216447898,0.03195438368221648,0.09025057611540381,False
mlp,2,0.9808,MITM-ArpSpoofing,0.15539385119155905,0.11871930143714754,0.036674549754411506,0.021913091854199186,False
mlp,2,0.9808,Mirai-udpplain,0.9927581427581428,0.9920651420651421,0.0006930006930007115,0.0027153836479427403,False
mlp,2,0.9808,Mirai-greeth_flood,0.989814971991173,0.11733152266168732,0.8724834493294856,0.002700095443870718,True
mlp,2,0.9808,Mirai-greip_flood,0.9801662386809028,0.9797269901338018,0.0004392485471009788,0.0076812446055437725,False
mlp,2,0.9808,DDoS-UDP_Fragmentation,0.9918661087866109,0.9905271966527197,0.0013389121338911458,0.0020793747129827997,False
mlp,2,0.9808,DDoS-ACK_Fragmentation,0.6502776105425112,0.9734430396682052,-0.323165429125694,0.007548726512942273,False
mlp,2,0.9808,VulnerabilityScan,0.7299565362754932,0.7714142427281846,-0.04145770645269142,0.03036954246329955,False
mlp,2,0.9808,DDoS-ICMP_Fragmentation,0.9717989842288158,0.9677225340817963,0.004076450147019517,0.002038279849045536,False
mlp,2,0.9808,BenignTraffic,0.7750242142881,0.8074546608329715,-0.03243044654487148,0.01664352485655987,False
mlp,2,0.9904,Uploading_Attack,0.06382978723404255,0.005319148936170213,0.058510638297872335,0.09674419186714601,False
mlp,2,0.9904,Recon-PingSweep,0.0029411764705882353,0.0,0.0029411764705882353,0.016371017021252633,False
mlp,2,0.9904,Backdoor_Malware,0.008281573498964804,0.004140786749482402,0.004140786749482402,0.03932068959496144,False
mlp,2,0.9904,XSS,0.053726169844020795,0.0,0.053726169844020795,0.049652699007195794,False
mlp,2,0.9904,SqlInjection,0.06734434561626429,0.07878017789072427,-0.011435832274459976,0.013519121807644608,False
mlp,2,0.9904,CommandInjection,0.048207663782447466,0.0,0.048207663782447466,0.007943963631624362,False
mlp,2,0.9904,BrowserHijacking,0.01726121979286536,0.0,0.01726121979286536,0.0891559187390614,False
mlp,2,0.9904,DictionaryBruteForce,0.4627551020408163,0.35306122448979593,0.10969387755102039,0.028148774524572612,True
mlp,2,0.9904,DDoS-SlowLoris,0.981217985202049,0.807057484348321,0.17416050085372792,0.006989223190897589,True
mlp,2,0.9904,DDoS-HTTP_Flood,0.8624681639268349,0.7244732576985413,0.13799490622829358,0.027381581044030656,True
mlp,2,0.9904,DoS-HTTP_Flood,0.8987223724703908,0.8676676303273337,0.031054742143057035,0.01435474738652548,False
mlp,2,0.9904,Recon-PortScan,0.2881947329068705,0.20038215502201545,0.08781257788485503,0.05109899294291256,False
mlp,2,0.9904,Recon-OSScan,0.09367875647668394,0.024939550949913646,0.06873920552677029,0.05886688196312117,False
mlp,2,0.9904,DDoS-ICMP_Flood,0.9983357988165681,0.9968565088757396,0.0014792899408284654,0.000296883495532364,False
mlp,2,0.9904,DDoS-RSTFINFlood,0.9992270646292883,0.8395267257268565,0.15970033890243185,0.0021099541078574272,True
mlp,2,0.9904,DDoS-TCP_Flood,0.5663443616029823,0.025745573159366264,0.5405987884436161,0.2660347929470491,True
mlp,2,0.9904,DDoS-SynonymousIP_Flood,0.6700284008578218,0.9491682605923607,-0.2791398597345389,0.2681113289894966,False
mlp,2,0.9904,DDoS-UDP_Flood,0.7680742869776697,0.94815388016803,-0.18007959319036038,0.2270843273747819,False
mlp,2,0.9904,DoS-TCP_Flood,0.6024122334697394,0.648449278483739,-0.04603704501399963,0.2992191132796688,False
mlp,2,0.9904,DDoS-PSHACK_Flood,0.7106026092358666,0.6728101056119279,0.03779250362393871,0.3315952648451985,False
mlp,2,0.9904,DDoS-SYN_Flood,0.1786822691427118,0.12729585347239888,0.05138641567031291,0.23226575393748605,False
mlp,2,0.9904,Recon-HostDiscovery,0.7387918122815776,0.5130304543185222,0.2257613579630554,0.02793508791393297,True
mlp,2,0.9904,DoS-SYN_Flood,0.2069299621666513,0.10339577373811941,0.10353418842853189,0.42836492880508953,False
mlp,2,0.9904,DoS-UDP_Flood,0.6465393580778196,0.1958041958041958,0.45073516227362376,0.03119553754971207,True
mlp,2,0.9904,DNS_Spoofing,0.6030768053270062,0.6580689602387968,-0.05499215491179055,0.09025057611540381,False
mlp,2,0.9904,MITM-ArpSpoofing,0.15539385119155905,0.03561942877933418,0.11977442241222486,0.021913091854199186,True
mlp,2,0.9904,Mirai-udpplain,0.9927581427581428,0.3146916146916147,0.6780665280665281,0.0027153836479427403,True
mlp,2,0.9904,Mirai-greeth_flood,0.989814971991173,0.001188253267696486,0.9886267187234765,0.002700095443870718,True
mlp,2,0.9904,Mirai-greip_flood,0.9801662386809028,0.989390458170023,-0.009224219489120222,0.0076812446055437725,False
mlp,2,0.9904,DDoS-UDP_Fragmentation,0.9918661087866109,0.9871129707112971,0.004753138075313745,0.0020793747129827997,False
mlp,2,0.9904,DDoS-ACK_Fragmentation,0.6502776105425112,0.7090775302695832,-0.05879991972707199,0.007548726512942273,False
mlp,2,0.9904,VulnerabilityScan,0.7299565362754932,0.37328652624540287,0.3566700100300903,0.03036954246329955,True
mlp,2,0.9904,DDoS-ICMP_Fragmentation,0.9717989842288158,0.9637463245121626,0.008052659716653254,0.002038279849045536,False
mlp,2,0.9904,BenignTraffic,0.7750242142881,0.9459937877826392,-0.17096957349453923,0.01664352485655987,False
mlp,2,0.9962,Uploading_Attack,0.06382978723404255,0.0,0.06382978723404255,0.09674419186714601,False
mlp,2,0.9962,Recon-PingSweep,0.0029411764705882353,0.0,0.0029411764705882353,0.016371017021252633,False
mlp,2,0.9962,Backdoor_Malware,0.008281573498964804,0.0,0.008281573498964804,0.03932068959496144,False
mlp,2,0.9962,XSS,0.053726169844020795,0.0,0.053726169844020795,0.049652699007195794,False
mlp,2,0.9962,SqlInjection,0.06734434561626429,0.0,0.06734434561626429,0.013519121807644608,False
mlp,2,0.9962,CommandInjection,0.048207663782447466,0.0,0.048207663782447466,0.007943963631624362,False
mlp,2,0.9962,BrowserHijacking,0.01726121979286536,0.0,0.01726121979286536,0.0891559187390614,False
mlp,2,0.9962,DictionaryBruteForce,0.4627551020408163,0.0,0.4627551020408163,0.028148774524572612,True
mlp,2,0.9962,DDoS-SlowLoris,0.981217985202049,0.2603870233352305,0.7208309618668185,0.006989223190897589,True
mlp,2,0.9962,DDoS-HTTP_Flood,0.8624681639268349,0.574670062514471,0.28779810141236395,0.027381581044030656,True
mlp,2,0.9962,DoS-HTTP_Flood,0.8987223724703908,0.024433460785228015,0.8742889116851628,0.01435474738652548,True
mlp,2,0.9962,Recon-PortScan,0.2881947329068705,0.055578632549638615,0.23261610035723185,0.05109899294291256,True
mlp,2,0.9962,Recon-OSScan,0.09367875647668394,0.017962003454231434,0.07571675302245251,0.05886688196312117,False
mlp,2,0.9962,DDoS-ICMP_Flood,0.9983357988165681,0.9868713017751479,0.011464497041420163,0.000296883495532364,False
mlp,2,0.9962,DDoS-RSTFINFlood,0.9992270646292883,0.014626315476544385,0.984600749152744,0.0021099541078574272,True
mlp,2,0.9962,DDoS-TCP_Flood,0.5663443616029823,0.9681383970177073,-0.401794035414725,0.2660347929470491,False
mlp,2,0.9962,DDoS-SynonymousIP_Flood,0.6700284008578218,0.0002318437373210456,0.6697965571205008,0.2681113289894966,True
mlp,2,0.9962,DDoS-UDP_Flood,0.7680742869776697,0.009230599159849657,0.75884368781782,0.2270843273747819,True
mlp,2,0.9962,DoS-TCP_Flood,0.6024122334697394,0.04345250915356451,0.5589597243161749,0.2992191132796688,True
mlp,2,0.9962,DDoS-PSHACK_Flood,0.7106026092358666,0.11342928142472562,0.597173327811141,0.3315952648451985,True
mlp,2,0.9962,DDoS-SYN_Flood,0.1786822691427118,0.1469854998728059,0.03169676926990589,0.23226575393748605,False
mlp,2,0.9962,Recon-HostDiscovery,0.7387918122815776,0.4296055916125811,0.30918622066899654,0.02793508791393297,True
mlp,2,0.9962,DoS-SYN_Flood,0.2069299621666513,0.788502353049737,-0.5815723908830858,0.42836492880508953,False
mlp,2,0.9962,DoS-UDP_Flood,0.6465393580778196,0.20781782320243858,0.438721534875381,0.03119553754971207,True
mlp,2,0.9962,DNS_Spoofing,0.6030768053270062,0.4876583368412996,0.11541846848570664,0.09025057611540381,True
mlp,2,0.9962,MITM-ArpSpoofing,0.15539385119155905,0.33480080043660176,-0.17940694924504272,0.021913091854199186,False
mlp,2,0.9962,Mirai-udpplain,0.9927581427581428,0.3652113652113652,0.6275467775467776,0.0027153836479427403,True
mlp,2,0.9962,Mirai-greeth_flood,0.989814971991173,0.0,0.989814971991173,0.002700095443870718,True
mlp,2,0.9962,Mirai-greip_flood,0.9801662386809028,0.9351939451277199,0.044972293553182885,0.0076812446055437725,False
mlp,2,0.9962,DDoS-UDP_Fragmentation,0.9918661087866109,0.39447698744769877,0.5973891213389121,0.0020793747129827997,True
mlp,2,0.9962,DDoS-ACK_Fragmentation,0.6502776105425112,0.00010034115994380895,0.6501772693825674,0.007548726512942273,True
mlp,2,0.9962,VulnerabilityScan,0.7299565362754932,0.7877632898696089,-0.05780675359411569,0.03036954246329955,False
mlp,2,0.9962,DDoS-ICMP_Fragmentation,0.9717989842288158,0.9652833466987436,0.006515637530072227,0.002038279849045536,False
mlp,2,0.9962,BenignTraffic,0.7750242142881,0.26565578971978226,0.5093684245683177,0.01664352485655987,True
mlp,3,0.8,Uploading_Attack,0.03723404255319149,0.03723404255319149,0.0,0.09674419186714601,False
mlp,3,0.8,Recon-PingSweep,0.011764705882352941,0.0,0.011764705882352941,0.016371017021252633,False
mlp,3,0.8,Backdoor_Malware,0.041407867494824016,0.016563146997929608,0.024844720496894408,0.03932068959496144,False
mlp,3,0.8,XSS,0.07452339688041594,0.0034662045060658577,0.07105719237435008,0.049652699007195794,False
mlp,3,0.8,SqlInjection,0.07496823379923762,0.07878017789072427,-0.0038119440914866493,0.013519121807644608,False
mlp,3,0.8,CommandInjection,0.05562422744128554,0.05686032138442522,-0.001236093943139678,0.007943963631624362,False
mlp,3,0.8,BrowserHijacking,0.02991944764096663,0.020713463751438434,0.009205983889528195,0.0891559187390614,False
mlp,3,0.8,DictionaryBruteForce,0.463265306122449,0.45153061224489793,0.01173469387755105,0.028148774524572612,False
mlp,3,0.8,DDoS-SlowLoris,0.972965281730222,0.9806488332384746,-0.007683551508252617,0.006989223190897589,False
mlp,3,0.8,DDoS-HTTP_Flood,0.8881685575364667,0.890252373234545,-0.0020838156980782507,0.027381581044030656,False
mlp,3,0.8,DoS-HTTP_Flood,0.9059031987316982,0.8829618576890795,0.02294134104261869,0.01435474738652548,False
mlp,3,0.8,Recon-PortScan,0.24806845559524798,0.21616681897482762,0.031901636620420365,0.05109899294291256,False
mlp,3,0.8,Recon-OSScan,0.15696027633851467,0.1407944732297064,0.016165803108808274,0.05886688196312117,False
mlp,3,0.8,DDoS-ICMP_Flood,0.9982741617357002,0.9983357988165681,-6.163708086792674e-05,0.000296883495532364,False
mlp,3,0.8,DDoS-RSTFINFlood,0.9991676080623105,0.9992270646292883,-5.945656697781132e-05,0.0021099541078574272,False
mlp,3,0.8,DDoS-TCP_Flood,0.5908667287977633,0.6844711090400746,-0.09360438024231132,0.2660347929470491,False
mlp,3,0.8,DDoS-SynonymousIP_Flood,0.32261056048223496,0.7176722888772967,-0.39506172839506176,0.2681113289894966,False
mlp,3,0.8,DDoS-UDP_Flood,0.7450806986513376,0.5919743533053283,0.1531063453460093,0.2270843273747819,False
mlp,3,0.8,DoS-TCP_Flood,0.6009045875511523,0.6076889941847943,-0.006784406633641993,0.2992191132796688,False
mlp,3,0.8,DDoS-PSHACK_Flood,0.9983951128598053,0.8579933733692275,0.14040173949057777,0.3315952648451985,False
mlp,3,0.8,DDoS-SYN_Flood,0.42706690409564996,0.19913508013228187,0.22793182396336809,0.23226575393748605,False
mlp,3,0.8,Recon-HostDiscovery,0.7761857214178732,0.7882675986020968,-0.0120818771842236,0.02793508791393297,False
mlp,3,0.8,DoS-SYN_Flood,0.27115437851804003,0.17509458337178185,0.09605979514625818,0.42836492880508953,False
mlp,3,0.8,DoS-UDP_Flood,0.6851802044109736,0.7711135018827326,-0.08593329747175904,0.03119553754971207,False
mlp,3,0.8,DNS_Spoofing,0.6198002372660825,0.6300179862997972,-0.010217749033714751,0.09025057611540381,False
mlp,3,0.8,MITM-ArpSpoofing,0.15150081862834272,0.14258686556303438,0.008913953065308344,0.021913091854199186,False
mlp,3,0.8,Mirai-udpplain,0.9946985446985447,0.993970893970894,0.0007276507276506861,0.0027153836479427403,False
mlp,3,0.8,Mirai-greeth_flood,0.9881174673230352,0.9903242233916143,-0.0022067560685791188,0.002700095443870718,False
mlp,3,0.8,Mirai-greip_flood,0.9910460873090958,0.9871604270847412,0.003885660224354659,0.0076812446055437725,False
mlp,3,0.8,DDoS-UDP_Fragmentation,0.9914979079497908,0.9917991631799163,-0.0003012552301255855,0.0020793747129827997,False
mlp,3,0.8,DDoS-ACK_Fragmentation,0.9798983209579236,0.9631413472473075,0.01675697371061613,0.007548726512942273,False
mlp,3,0.8,VulnerabilityScan,0.6989301237044466,0.6881979271146773,0.010732196589769316,0.03036954246329955,False
mlp,3,0.8,DDoS-ICMP_Fragmentation,0.974037690457097,0.9710304731355253,0.00300721732157172,0.002038279849045536,False
mlp,3,0.8,BenignTraffic,0.7867472696302729,0.8018436257974015,-0.015096356167128677,0.01664352485655987,False
mlp,3,0.9,Uploading_Attack,0.03723404255319149,0.0425531914893617,-0.0053191489361702135,0.09674419186714601,False
mlp,3,0.9,Recon-PingSweep,0.011764705882352941,0.008823529411764706,0.0029411764705882353,0.016371017021252633,False
mlp,3,0.9,Backdoor_Malware,0.041407867494824016,0.0,0.041407867494824016,0.03932068959496144,False
mlp,3,0.9,XSS,0.07452339688041594,0.005199306759098787,0.06932409012131716,0.049652699007195794,False
mlp,3,0.9,SqlInjection,0.07496823379923762,0.0698856416772554,0.005082592121982213,0.013519121807644608,False
mlp,3,0.9,CommandInjection,0.05562422744128554,0.04697156983930779,0.008652657601977753,0.007943963631624362,False
mlp,3,0.9,BrowserHijacking,0.02991944764096663,0.020713463751438434,0.009205983889528195,0.0891559187390614,False
mlp,3,0.9,DictionaryBruteForce,0.463265306122449,0.44846938775510203,0.01479591836734695,0.028148774524572612,False
mlp,3,0.9,DDoS-SlowLoris,0.972965281730222,0.9766647694934547,-0.0036994877632327006,0.006989223190897589,False
mlp,3,0.9,DDoS-HTTP_Flood,0.8881685575364667,0.8798332947441537,0.008335262792313003,0.027381581044030656,False
mlp,3,0.9,DoS-HTTP_Flood,0.9059031987316982,0.8819360253660357,0.023967173365662564,0.01435474738652548,False
mlp,3,0.9,Recon-PortScan,0.24806845559524798,0.23253302317853286,0.015535432416715123,0.05109899294291256,False
mlp,3,0.9,Recon-OSScan,0.15696027633851467,0.11633851468048359,0.04062176165803108,0.05886688196312117,False
mlp,3,0.9,DDoS-ICMP_Flood,0.9982741617357002,0.997965976331361,0.0003081854043391896,0.000296883495532364,False
mlp,3,0.9,DDoS-RSTFINFlood,0.9991676080623105,0.8158630120696831,0.18330459599262738,0.0021099541078574272,True
mlp,3,0.9,DDoS-TCP_Flood,0.5908667287977633,0.6946062441752097,-0.10373951537744641,0.2660347929470491,False
mlp,3,0.9,DDoS-SynonymousIP_Flood,0.32261056048223496,0.6785486582043703,-0.3559380977221353,0.2681113289894966,False
mlp,3,0.9,DDoS-UDP_Flood,0.7450806986513376,0.6051293389343356,0.139951359717002,0.2270843273747819,False
mlp,3,0.9,DoS-TCP_Flood,0.6009045875511523,0.5898664656472109,0.011038121903941378,0.2992191132796688,False
mlp,3,0.9,DDoS-PSHACK_Flood,0.9983951128598053,0.8241872023193207,0.17420791054048457,0.3315952648451985,False
mlp,3,0.9,DDoS-SYN_Flood,0.42706690409564996,0.1903841261765454,0.23668277791910455,0.23226575393748605,True
mlp,3,0.9,Recon-HostDiscovery,0.7761857214178732,0.7791812281577634,-0.0029955067398901303,0.02793508791393297,False
mlp,3,0.9,DoS-SYN_Flood,0.27115437851804003,0.19622589277475316,0.07492848574328687,0.42836492880508953,False
mlp,3,0.9,DoS-UDP_Flood,0.6851802044109736,0.7669445938676708,-0.08176438945669717,0.03119553754971207,False
mlp,3,0.9,DNS_Spoofing,0.6198002372660825,0.6171979641039379,0.002602273162144564,0.09025057611540381,False
mlp,3,0.9,MITM-ArpSpoofing,0.15150081862834272,0.1479352374022194,0.0035655812261233266,0.021913091854199186,False
mlp,3,0.9,Mirai-udpplain,0.9946985446985447,0.9932778932778933,0.0014206514206513976,0.0027153836479427403,False
mlp,3,0.9,Mirai-greeth_flood,0.9881174673230352,0.9812255983703955,0.0068918689526397126,0.002700095443870718,False
mlp,3,0.9,Mirai-greip_flood,0.9910460873090958,0.9849979726990133,0.006048114610082478,0.0076812446055437725,False
mlp,3,0.9,DDoS-UDP_Fragmentation,0.9914979079497908,0.9918661087866109,-0.0003682008368200984,0.0020793747129827997,False
mlp,3,0.9,DDoS-ACK_Fragmentation,0.9798983209579236,0.9730082279751154,0.0068900929828081825,0.007548726512942273,False
mlp,3,0.9,VulnerabilityScan,0.6989301237044466,0.6933132731527917,0.0056168505516549505,0.03036954246329955,False
mlp,3,0.9,DDoS-ICMP_Fragmentation,0.974037690457097,0.9702285485164395,0.003809141940657512,0.002038279849045536,False
mlp,3,0.9,BenignTraffic,0.7867472696302729,0.791322935105708,-0.004575665475435087,0.01664352485655987,False
mlp,3,0.9808,Uploading_Attack,0.03723404255319149,0.0,0.03723404255319149,0.09674419186714601,False
mlp,3,0.9808,Recon-PingSweep,0.011764705882352941,0.0,0.011764705882352941,0.016371017021252633,False
mlp,3,0.9808,Backdoor_Malware,0.041407867494824016,0.0,0.041407867494824016,0.03932068959496144,False
mlp,3,0.9808,XSS,0.07452339688041594,0.0,0.07452339688041594,0.049652699007195794,False
mlp,3,0.9808,SqlInjection,0.07496823379923762,0.0038119440914866584,0.07115628970775095,0.013519121807644608,False
mlp,3,0.9808,CommandInjection,0.05562422744128554,0.03584672435105068,0.019777503090234863,0.007943963631624362,False
mlp,3,0.9808,BrowserHijacking,0.02991944764096663,0.01726121979286536,0.012658227848101267,0.0891559187390614,False
mlp,3,0.9808,DictionaryBruteForce,0.463265306122449,0.41785714285714287,0.04540816326530611,0.028148774524572612,False
mlp,3,0.9808,DDoS-SlowLoris,0.972965281730222,0.8969834945930564,0.07598178713716564,0.006989223190897589,False
mlp,3,0.9808,DDoS-HTTP_Flood,0.8881685575364667,0.8617735586941422,0.026394998842324546,0.027381581044030656,False
mlp,3,0.9808,DoS-HTTP_Flood,0.9059031987316982,0.8149771519164413,0.09092604681525696,0.01435474738652548,False
mlp,3,0.9808,Recon-PortScan,0.24806845559524798,0.11556035557032483,0.13250810002492314,0.05109899294291256,True
mlp,3,0.9808,Recon-OSScan,0.15696027633851467,0.08545768566493955,0.07150259067357512,0.05886688196312117,False
mlp,3,0.9808,DDoS-ICMP_Flood,0.9982741617357002,0.997534516765286,0.0007396449704141217,0.000296883495532364,False
mlp,3,0.9808,DDoS-RSTFINFlood,0.9991676080623105,0.9992270646292883,-5.945656697781132e-05,0.0021099541078574272,False
mlp,3,0.9808,DDoS-TCP_Flood,0.5908667287977633,0.1886649580615098,0.40220177073625346,0.2660347929470491,True
mlp,3,0.9808,DDoS-SynonymousIP_Flood,0.32261056048223496,0.6549585579319539,-0.33234799744971893,0.2681113289894966,False
mlp,3,0.9808,DDoS-UDP_Flood,0.7450806986513376,0.32716117621047974,0.4179195224408579,0.2270843273747819,True
mlp,3,0.9808,DoS-TCP_Flood,0.6009045875511523,0.9532629765237993,-0.35235838897264704,0.2992191132796688,False
mlp,3,0.9808,DDoS-PSHACK_Flood,0.9983951128598053,0.9981362600952578,0.0002588527645475125,0.3315952648451985,False
mlp,3,0.9808,DDoS-SYN_Flood,0.42706690409564996,0.2954464512846604,0.13162045281098955,0.23226575393748605,False
mlp,3,0.9808,Recon-HostDiscovery,0.7761857214178732,0.8148776834747878,-0.03869196205691461,0.02793508791393297,False
mlp,3,0.9808,DoS-SYN_Flood,0.27115437851804003,0.10445695303128172,0.1666974254867583,0.42836492880508953,False
mlp,3,0.9808,DoS-UDP_Flood,0.6851802044109736,0.9233010579164426,-0.23812085350546897,0.03119553754971207,False
mlp,3,0.9808,DNS_Spoofing,0.6198002372660825,0.6273009069687344,-0.007500669702651952,0.09025057611540381,False
mlp,3,0.9808,MITM-ArpSpoofing,0.15150081862834272,0.045188284518828455,0.10631253410951427,0.021913091854199186,True
mlp,3,0.9808,Mirai-udpplain,0.9946985446985447,0.9826056826056826,0.012092862092862089,0.0027153836479427403,False
mlp,3,0.9808,Mirai-greeth_flood,0.9881174673230352,0.9760312340858938,0.01208623323714142,0.002700095443870718,False
mlp,3,0.9808,Mirai-greip_flood,0.9910460873090958,0.9193809974320855,0.07166508987701037,0.0076812446055437725,False
mlp,3,0.9808,DDoS-UDP_Fragmentation,0.9914979079497908,0.9929372384937238,-0.0014393305439330817,0.0020793747129827997,False
mlp,3,0.9808,DDoS-ACK_Fragmentation,0.9798983209579236,0.9650812763395545,0.01481704461836908,0.007548726512942273,False
mlp,3,0.9808,VulnerabilityScan,0.6989301237044466,0.6186225342694751,0.08030758943497152,0.03036954246329955,False
mlp,3,0.9808,DDoS-ICMP_Fragmentation,0.974037690457097,0.9684242181234964,0.005613472333600544,0.002038279849045536,False
mlp,3,0.9808,BenignTraffic,0.7867472696302729,0.7585250993620788,0.02822217026819407,0.01664352485655987,False
mlp,3,0.9904,Uploading_Attack,0.03723404255319149,0.0,0.03723404255319149,0.09674419186714601,False
mlp,3,0.9904,Recon-PingSweep,0.011764705882352941,0.0,0.011764705882352941,0.016371017021252633,False
mlp,3,0.9904,Backdoor_Malware,0.041407867494824016,0.0,0.041407867494824016,0.03932068959496144,False
mlp,3,0.9904,XSS,0.07452339688041594,0.0017331022530329288,0.07279029462738301,0.049652699007195794,False
mlp,3,0.9904,SqlInjection,0.07496823379923762,0.0,0.07496823379923762,0.013519121807644608,False
mlp,3,0.9904,CommandInjection,0.05562422744128554,0.02843016069221261,0.02719406674907293,0.007943963631624362,False
mlp,3,0.9904,BrowserHijacking,0.02991944764096663,0.0,0.02991944764096663,0.0891559187390614,False
mlp,3,0.9904,DictionaryBruteForce,0.463265306122449,0.08877551020408163,0.37448979591836734,0.028148774524572612,True
mlp,3,0.9904,DDoS-SlowLoris,0.972965281730222,0.9035287421741605,0.06943653955606155,0.006989223190897589,False
mlp,3,0.9904,DDoS-HTTP_Flood,0.8881685575364667,0.5966658948830748,0.291502662653392,0.027381581044030656,True
mlp,3,0.9904,DoS-HTTP_Flood,0.9059031987316982,0.7878392240977339,0.11806397463396434,0.01435474738652548,True
mlp,3,0.9904,Recon-PortScan,0.24806845559524798,0.11373265763894658,0.1343357979563014,0.05109899294291256,True
mlp,3,0.9904,Recon-OSScan,0.15696027633851467,0.20089810017271156,-0.04393782383419689,0.05886688196312117,False
mlp,3,0.9904,DDoS-ICMP_Flood,0.9982741617357002,0.9973496055226825,0.0009245562130176799,0.000296883495532364,False
mlp,3,0.9904,DDoS-RSTFINFlood,0.9991676080623105,0.9990486949283548,0.00011891313395573366,0.0021099541078574272,False
mlp,3,0.9904,DDoS-TCP_Flood,0.5908667287977633,0.0019221808014911464,0.5889445479962722,0.2660347929470491,True
mlp,3,0.9904,DDoS-SynonymousIP_Flood,0.32261056048223496,0.0006955312119631368,0.3219150292702718,0.2681113289894966,True
mlp,3,0.9904,DDoS-UDP_Flood,0.7450806986513376,0.7666924607561353,-0.02161176210479765,0.2270843273747819,False
mlp,3,0.9904,DoS-TCP_Flood,0.6009045875511523,0.9849235408141288,-0.3840189532629765,0.2992191132796688,False
mlp,3,0.9904,DDoS-PSHACK_Flood,0.9983951128598053,0.6967798716090288,0.30161524125077654,0.3315952648451985,False
mlp,3,0.9904,DDoS-SYN_Flood,0.42706690409564996,0.9868735690663953,-0.5598066649707454,0.23226575393748605,False
mlp,3,0.9904,Recon-HostDiscovery,0.7761857214178732,0.5407888167748377,0.23539690464303553,0.02793508791393297,True
mlp,3,0.9904,DoS-SYN_Flood,0.27115437851804003,0.032066069945556885,0.23908830857248314,0.42836492880508953,False
mlp,3,0.9904,DoS-UDP_Flood,0.6851802044109736,0.583512641204949,0.10166756320602466,0.03119553754971207,True
mlp,3,0.9904,DNS_Spoofing,0.6198002372660825,0.4788182618346026,0.1409819754314799,0.09025057611540381,True
mlp,3,0.9904,MITM-ArpSpoofing,0.15150081862834272,0.12475895943241769,0.026741859195925033,0.021913091854199186,False
mlp,3,0.9904,Mirai-udpplain,0.9946985446985447,0.9837144837144837,0.010984060984061017,0.0027153836479427403,False
mlp,3,0.9904,Mirai-greeth_flood,0.9881174673230352,0.6184688507893397,0.3696486165336955,0.002700095443870718,True
mlp,3,0.9904,Mirai-greip_flood,0.9910460873090958,0.587038789025544,0.40400729828355186,0.0076812446055437725,True
mlp,3,0.9904,DDoS-UDP_Fragmentation,0.9914979079497908,0.9851380753138075,0.006359832635983276,0.0020793747129827997,False
mlp,3,0.9904,DDoS-ACK_Fragmentation,0.9798983209579236,0.7323901264298616,0.24750819452806205,0.007548726512942273,True
mlp,3,0.9904,VulnerabilityScan,0.6989301237044466,0.6704112337011033,0.02851889000334329,0.03036954246329955,False
mlp,3,0.9904,DDoS-ICMP_Fragmentation,0.974037690457097,0.9698609997326918,0.004176690724405185,0.002038279849045536,False
mlp,3,0.9904,BenignTraffic,0.7867472696302729,0.7208510069803947,0.06589626264987813,0.01664352485655987,False
mlp,3,0.9962,Uploading_Attack,0.03723404255319149,0.0,0.03723404255319149,0.09674419186714601,False
mlp,3,0.9962,Recon-PingSweep,0.011764705882352941,0.0,0.011764705882352941,0.016371017021252633,False
mlp,3,0.9962,Backdoor_Malware,0.041407867494824016,0.051759834368530024,-0.010351966873706007,0.03932068959496144,False
mlp,3,0.9962,XSS,0.07452339688041594,0.0,0.07452339688041594,0.049652699007195794,False
mlp,3,0.9962,SqlInjection,0.07496823379923762,0.0,0.07496823379923762,0.013519121807644608,False
mlp,3,0.9962,CommandInjection,0.05562422744128554,0.0,0.05562422744128554,0.007943963631624362,False
mlp,3,0.9962,BrowserHijacking,0.02991944764096663,0.004602991944764097,0.02531645569620253,0.0891559187390614,False
mlp,3,0.9962,DictionaryBruteForce,0.463265306122449,0.0,0.463265306122449,0.028148774524572612,True
mlp,3,0.9962,DDoS-SlowLoris,0.972965281730222,0.767501422879909,0.20546385885031304,0.006989223190897589,True
mlp,3,0.9962,DDoS-HTTP_Flood,0.8881685575364667,0.008335262792313036,0.8798332947441537,0.027381581044030656,True
mlp,3,0.9962,DoS-HTTP_Flood,0.9059031987316982,0.053436538282197146,0.852466660449501,0.01435474738652548,True
mlp,3,0.9962,Recon-PortScan,0.24806845559524798,0.0038215502201545235,0.24424690537509347,0.05109899294291256,True
mlp,3,0.9962,Recon-OSScan,0.15696027633851467,0.0025561312607944734,0.15440414507772018,0.05886688196312117,True
mlp,3,0.9962,DDoS-ICMP_Flood,0.9982741617357002,0.9964250493096647,0.0018491124260354708,0.000296883495532364,False
mlp,3,0.9962,DDoS-RSTFINFlood,0.9991676080623105,0.6523574528806707,0.3468101551816398,0.0021099541078574272,True
mlp,3,0.9962,DDoS-TCP_Flood,0.5908667287977633,0.0,0.5908667287977633,0.2660347929470491,True
mlp,3,0.9962,DDoS-SynonymousIP_Flood,0.32261056048223496,0.0001738828029907842,0.32243667767924417,0.2681113289894966,True
mlp,3,0.9962,DDoS-UDP_Flood,0.7450806986513376,0.0,0.7450806986513376,0.2270843273747819,True
mlp,3,0.9962,DoS-TCP_Flood,0.6009045875511523,0.8496123196209348,-0.24870773206978247,0.2992191132796688,False
mlp,3,0.9962,DDoS-PSHACK_Flood,0.9983951128598053,0.0,0.9983951128598053,0.3315952648451985,True
mlp,3,0.9962,DDoS-SYN_Flood,0.42706690409564996,0.7988298142966166,-0.37176291020096663,0.23226575393748605,False
mlp,3,0.9962,Recon-HostDiscovery,0.7761857214178732,0.5273589615576635,0.24882675986020975,0.02793508791393297,True
mlp,3,0.9962,DoS-SYN_Flood,0.27115437851804003,0.014579680723447449,0.2565746977945926,0.42836492880508953,False
mlp,3,0.9962,DoS-UDP_Flood,0.6851802044109736,0.19114219114219114,0.4940380132687825,0.03119553754971207,True
mlp,3,0.9962,DNS_Spoofing,0.6198002372660825,0.17546209482989553,0.44433814243618697,0.09025057611540381,True
mlp,3,0.9962,MITM-ArpSpoofing,0.15150081862834272,0.33283609241404405,-0.18133527378570133,0.021913091854199186,False
mlp,3,0.9962,Mirai-udpplain,0.9946985446985447,0.013478863478863479,0.9812196812196812,0.0027153836479427403,True
mlp,3,0.9962,Mirai-greeth_flood,0.9881174673230352,0.21666949584111356,0.7714479714819216,0.002700095443870718,True
mlp,3,0.9962,Mirai-greip_flood,0.9910460873090958,0.9166779294499257,0.07436815785917017,0.0076812446055437725,False
mlp,3,0.9962,DDoS-UDP_Fragmentation,0.9914979079497908,0.009138075313807531,0.9823598326359833,0.0020793747129827997,True
mlp,3,0.9962,DDoS-ACK_Fragmentation,0.9798983209579236,0.6012776774366179,0.37862064352130576,0.007548726512942273,True
mlp,3,0.9962,VulnerabilityScan,0.6989301237044466,0.2393513874958208,0.4595787362086258,0.03036954246329955,True
mlp,3,0.9962,DDoS-ICMP_Fragmentation,0.974037690457097,0.8276530339481422,0.14638465650895482,0.002038279849045536,True
mlp,3,0.9962,BenignTraffic,0.7867472696302729,0.2696636718880465,0.5170835977422263,0.01664352485655987,True
mlp,4,0.8,Uploading_Attack,0.0,0.0,0.0,0.09674419186714601,False
mlp,4,0.8,Recon-PingSweep,0.0,0.0058823529411764705,-0.0058823529411764705,0.016371017021252633,False
mlp,4,0.8,Backdoor_Malware,0.028985507246376812,0.010351966873706004,0.018633540372670808,0.03932068959496144,False
mlp,4,0.8,XSS,0.01559792027729636,0.0017331022530329288,0.013864818024263433,0.049652699007195794,False
mlp,4,0.8,SqlInjection,0.0724269377382465,0.06734434561626429,0.005082592121982213,0.013519121807644608,False
mlp,4,0.8,CommandInjection,0.049443757725587144,0.0519159456118665,-0.002472187886279356,0.007943963631624362,False
mlp,4,0.8,BrowserHijacking,0.00805523590333717,0.0333716915995397,-0.025316455696202528,0.0891559187390614,False
mlp,4,0.8,DictionaryBruteForce,0.4301020408163265,0.45714285714285713,-0.027040816326530603,0.028148774524572612,False
mlp,4,0.8,DDoS-SlowLoris,0.9778030734206034,0.9692657939669892,0.008537279453614155,0.006989223190897589,False
mlp,4,0.8,DDoS-HTTP_Flood,0.8657096550127344,0.8786756193563325,-0.012965964343598091,0.027381581044030656,False
mlp,4,0.8,DoS-HTTP_Flood,0.913457054928658,0.8882775342721253,0.025179520656532728,0.01435474738652548,False
mlp,4,0.8,Recon-PortScan,0.26825621001910777,0.23735149954307552,0.030904710476032243,0.05109899294291256,False
mlp,4,0.8,Recon-OSScan,0.1070811744386874,0.1140587219343696,-0.006977547495682204,0.05886688196312117,False
mlp,4,0.8,DDoS-ICMP_Flood,0.9982741617357002,0.9982741617357002,0.0,0.000296883495532364,False
mlp,4,0.8,DDoS-RSTFINFlood,0.9992270646292883,0.9991676080623105,5.945656697781132e-05,0.0021099541078574272,False
mlp,4,0.8,DDoS-TCP_Flood,0.4039492078285182,0.37797064305684996,0.02597856477166821,0.2660347929470491,False
mlp,4,0.8,DDoS-SynonymousIP_Flood,0.8051353387816612,0.6992986726946039,0.10583666608705733,0.2681113289894966,False
mlp,4,0.8,DDoS-UDP_Flood,0.7391112093743091,0.6926265752818925,0.046484634092416544,0.2270843273747819,False
mlp,4,0.8,DoS-TCP_Flood,0.7783760499676933,0.841374111565798,-0.06299806159810473,0.2992191132796688,False
mlp,4,0.8,DDoS-PSHACK_Flood,0.974373576309795,0.8412714847794575,0.13310209153033759,0.3315952648451985,False
mlp,4,0.8,DDoS-SYN_Flood,0.17293309590435005,0.19002798270160265,-0.0170948867972526,0.23226575393748605,False
mlp,4,0.8,Recon-HostDiscovery,0.7691462805791313,0.7676984523215177,0.0014478282576135815,0.02793508791393297,False
mlp,4,0.8,DoS-SYN_Flood,0.15068745962904864,0.17075758973885763,-0.020070130109808987,0.42836492880508953,False
mlp,4,0.8,DoS-UDP_Flood,0.6870181100950332,0.7136901559978484,-0.026672045902815134,0.03119553754971207,False
mlp,4,0.8,DNS_Spoofing,0.5926677126784279,0.6398147793808121,-0.04714706670238422,0.09025057611540381,False
mlp,4,0.8,MITM-ArpSpoofing,0.1590321993814808,0.1336001455339276,0.025432053847553204,0.021913091854199186,False
mlp,4,0.8,Mirai-udpplain,0.9924116424116424,0.9934164934164934,-0.0010048510048510373,0.0027153836479427403,False
mlp,4,0.8,Mirai-greeth_flood,0.9877100662026821,0.9914445764725853,-0.003734510269903235,0.002700095443870718,False
mlp,4,0.8,Mirai-greip_flood,0.9849303959994594,0.9821597513177457,0.00277064468171373,0.0076812446055437725,False
mlp,4,0.8,DDoS-UDP_Fragmentation,0.992,0.992234309623431,-0.00023430962343096162,0.0020793747129827997,False
mlp,4,0.8,DDoS-ACK_Fragmentation,0.9420028095524784,0.8822329252792829,0.05976988427319552,0.007548726512942273,False
mlp,4,0.8,VulnerabilityScan,0.6829822801738549,0.7049816115011702,-0.021999331327315352,0.03036954246329955,False
mlp,4,0.8,DDoS-ICMP_Fragmentation,0.9677225340817963,0.973068698209035,-0.005346164127238651,0.002038279849045536,False
mlp,4,0.8,BenignTraffic,0.7949968270932835,0.814735646771985,-0.019738819678701502,0.01664352485655987,False
mlp,4,0.9,Uploading_Attack,0.0,0.005319148936170213,-0.005319148936170213,0.09674419186714601,False
mlp,4,0.9,Recon-PingSweep,0.0,0.0029411764705882353,-0.0029411764705882353,0.016371017021252633,False
mlp,4,0.9,Backdoor_Malware,0.028985507246376812,0.004140786749482402,0.024844720496894408,0.03932068959496144,False
mlp,4,0.9,XSS,0.01559792027729636,0.0034662045060658577,0.012131715771230503,0.049652699007195794,False
mlp,4,0.9,SqlInjection,0.0724269377382465,0.06861499364675985,0.0038119440914866493,0.013519121807644608,False
mlp,4,0.9,CommandInjection,0.049443757725587144,0.0519159456118665,-0.002472187886279356,0.007943963631624362,False
mlp,4,0.9,BrowserHijacking,0.00805523590333717,0.01726121979286536,-0.009205983889528192,0.0891559187390614,False
mlp,4,0.9,DictionaryBruteForce,0.4301020408163265,0.4576530612244898,-0.027551020408163263,0.028148774524572612,False
mlp,4,0.9,DDoS-SlowLoris,0.9778030734206034,0.9718269778030734,0.005976095617529986,0.006989223190897589,False
mlp,4,0.9,DDoS-HTTP_Flood,0.8657096550127344,0.8833063209076175,-0.017596665894883068,0.027381581044030656,False
mlp,4,0.9,DoS-HTTP_Flood,0.913457054928658,0.8629114986477665,0.050545556280891524,0.01435474738652548,False
mlp,4,0.9,Recon-PortScan,0.26825621001910777,0.23751765390047355,0.030738556118634214,0.05109899294291256,False
mlp,4,0.9,Recon-OSScan,0.1070811744386874,0.13340241796200344,-0.02632124352331605,0.05886688196312117,False
mlp,4,0.9,DDoS-ICMP_Flood,0.9982741617357002,0.9982125246548323,6.163708086781572e-05,0.000296883495532364,False
mlp,4,0.9,DDoS-RSTFINFlood,0.9992270646292883,0.9992270646292883,0.0,0.0021099541078574272,False
mlp,4,0.9,DDoS-TCP_Flood,0.4039492078285182,0.4143755824790308,-0.010426374650512604,0.2660347929470491,False
mlp,4,0.9,DDoS-SynonymousIP_Flood,0.8051353387816612,0.6610444560366313,0.1440908827450299,0.2681113289894966,False
mlp,4,0.9,DDoS-UDP_Flood,0.7391112093743091,0.7058921070086226,0.03321910236568648,0.2270843273747819,False
mlp,4,0.9,DoS-TCP_Flood,0.7783760499676933,0.809390480292914,-0.031014430325220776,0.2992191132796688,False
mlp,4,0.9,DDoS-PSHACK_Flood,0.974373576309795,0.6980223648788569,0.2763512114309381,0.3315952648451985,False
mlp,4,0.9,DDoS-SYN_Flood,0.17293309590435005,0.1669295344696006,0.006003561434749449,0.23226575393748605,False
mlp,4,0.9,Recon-HostDiscovery,0.7691462805791313,0.7559161258112831,0.013230154767848168,0.02793508791393297,False
mlp,4,0.9,DoS-SYN_Flood,0.15068745962904864,0.20263910676386454,-0.0519516471348159,0.42836492880508953,False
mlp,4,0.9,DoS-UDP_Flood,0.6870181100950332,0.7059799175183791,-0.018961807423345856,0.03119553754971207,False
mlp,4,0.9,DNS_Spoofing,0.5926677126784279,0.5990203206918985,-0.006352608013470595,0.09025057611540381,False
mlp,4,0.9,MITM-ArpSpoofing,0.1590321993814808,0.13723849372384936,0.021793705657631446,0.021913091854199186,False
mlp,4,0.9,Mirai-udpplain,0.9924116424116424,0.9939362439362439,-0.0015246015246015432,0.0027153836479427403,False
mlp,4,0.9,Mirai-greeth_flood,0.9877100662026821,0.9929383805805466,-0.005228314377864529,0.002700095443870718,False
mlp,4,0.9,Mirai-greip_flood,0.9849303959994594,0.9715164211379916,0.013413974861467781,0.0076812446055437725,False
mlp,4,0.9,DDoS-UDP_Fragmentation,0.992,0.9921338912133891,-0.0001338912133891368,0.0020793747129827997,False
mlp,4,0.9,DDoS-ACK_Fragmentation,0.9420028095524784,0.9667536290052846,-0.024750819452806216,0.007548726512942273,False
mlp,4,0.9,VulnerabilityScan,0.6829822801738549,0.7099632230023404,-0.02698094282848551,0.03036954246329955,False
mlp,4,0.9,DDoS-ICMP_Fragmentation,0.9677225340817963,0.9729016305800589,-0.0051790964982625365,0.002038279849045536,False
mlp,4,0.9,BenignTraffic,0.7949968270932835,0.8221836278013427,-0.027186800708059233,0.01664352485655987,False
mlp,4,0.9808,Uploading_Attack,0.0,0.0797872340425532,-0.0797872340425532,0.09674419186714601,False
mlp,4,0.9808,Recon-PingSweep,0.0,0.0029411764705882353,-0.0029411764705882353,0.016371017021252633,False
mlp,4,0.9808,Backdoor_Malware,0.028985507246376812,0.0,0.028985507246376812,0.03932068959496144,False
mlp,4,0.9808,XSS,0.01559792027729636,0.005199306759098787,0.010398613518197573,0.049652699007195794,False
mlp,4,0.9808,SqlInjection,0.0724269377382465,0.06353240152477764,0.008894536213468862,0.013519121807644608,False
mlp,4,0.9808,CommandInjection,0.049443757725587144,0.022249690976514216,0.027194066749072928,0.007943963631624362,False
mlp,4,0.9808,BrowserHijacking,0.00805523590333717,0.006904487917146145,0.0011507479861910253,0.0891559187390614,False
mlp,4,0.9808,DictionaryBruteForce,0.4301020408163265,0.4658163265306122,-0.0357142857142857,0.028148774524572612,False
mlp,4,0.9808,DDoS-SlowLoris,0.9778030734206034,0.9228799089356858,0.05492316448491752,0.006989223190897589,False
mlp,4,0.9808,DDoS-HTTP_Flood,0.8657096550127344,0.8872424172262098,-0.02153276221347533,0.027381581044030656,False
mlp,4,0.9808,DoS-HTTP_Flood,0.913457054928658,0.8036929963629581,0.10976405856569993,0.01435474738652548,True
mlp,4,0.9808,Recon-PortScan,0.26825621001910777,0.14297582454099858,0.12528038547810919,0.05109899294291256,True
mlp,4,0.9808,Recon-OSScan,0.1070811744386874,0.13582037996545768,-0.028739205526770284,0.05886688196312117,False
mlp,4,0.9808,DDoS-ICMP_Flood,0.9982741617357002,0.9911242603550295,0.00714990138067062,0.000296883495532364,False
mlp,4,0.9808,DDoS-RSTFINFlood,0.9992270646292883,0.9991676080623105,5.945656697781132e-05,0.0021099541078574272,False
mlp,4,0.9808,DDoS-TCP_Flood,0.4039492078285182,0.9772833178005592,-0.573334109972041,0.2660347929470491,False
mlp,4,0.9808,DDoS-SynonymousIP_Flood,0.8051353387816612,0.6313104967252072,0.173824842056454,0.2681113289894966,False
mlp,4,0.9808,DDoS-UDP_Flood,0.7391112093743091,0.9640172451912448,-0.2249060358169357,0.2270843273747819,False
mlp,4,0.9808,DoS-TCP_Flood,0.7783760499676933,0.04135257376696102,0.7370234762007323,0.2992191132796688,True
mlp,4,0.9808,DDoS-PSHACK_Flood,0.974373576309795,0.8837233381652516,0.09065023814454343,0.3315952648451985,False
mlp,4,0.9808,DDoS-SYN_Flood,0.17293309590435005,0.24884253370643603,-0.07590943780208598,0.23226575393748605,False
mlp,4,0.9808,Recon-HostDiscovery,0.7691462805791313,0.7925112331502746,-0.02336495257114335,0.02793508791393297,False
mlp,4,0.9808,DoS-SYN_Flood,0.15068745962904864,0.1474116452892867,0.003275814339761929,0.42836492880508953,False
mlp,4,0.9808,DoS-UDP_Flood,0.6870181100950332,0.25035861574323115,0.43665949435180207,0.03119553754971207,True
mlp,4,0.9808,DNS_Spoofing,0.5926677126784279,0.49699590524664194,0.09567180743178594,0.09025057611540381,False
mlp,4,0.9808,MITM-ArpSpoofing,0.1590321993814808,0.006439876296161543,0.15259232308531925,0.021913091854199186,True
mlp,4,0.9808,Mirai-udpplain,0.9924116424116424,0.9594594594594594,0.03295218295218294,0.0027153836479427403,False
mlp,4,0.9808,Mirai-greeth_flood,0.9877100662026821,0.9923951790867425,-0.004685112884060372,0.002700095443870718,False
mlp,4,0.9808,Mirai-greip_flood,0.9849303959994594,0.05619002567914583,0.9287403703203136,0.0076812446055437725,True
mlp,4,0.9808,DDoS-UDP_Fragmentation,0.992,0.9855732217573222,0.006426778242677789,0.0020793747129827997,False
mlp,4,0.9808,DDoS-ACK_Fragmentation,0.9420028095524784,0.9700314402301157,-0.02802863067763728,0.007548726512942273,False
mlp,4,0.9808,VulnerabilityScan,0.6829822801738549,0.708090939485122,-0.025108659311267156,0.03036954246329955,False
mlp,4,0.9808,DDoS-ICMP_Fragmentation,0.9677225340817963,0.9878374766105319,-0.02011494252873558,0.002038279849045536,False
mlp,4,0.9808,BenignTraffic,0.7949968270932835,0.8149026418623293,-0.01990581476904585,0.01664352485655987,False
mlp,4,0.9904,Uploading_Attack,0.0,0.0,0.0,0.09674419186714601,False
mlp,4,0.9904,Recon-PingSweep,0.0,0.0,0.0,0.016371017021252633,False
mlp,4,0.9904,Backdoor_Malware,0.028985507246376812,0.004140786749482402,0.024844720496894408,0.03932068959496144,False
mlp,4,0.9904,XSS,0.01559792027729636,0.01733102253032929,-0.0017331022530329282,0.049652699007195794,False
mlp,4,0.9904,SqlInjection,0.0724269377382465,0.0012706480304955528,0.07115628970775095,0.013519121807644608,False
mlp,4,0.9904,CommandInjection,0.049443757725587144,0.027194066749072928,0.022249690976514216,0.007943963631624362,False
mlp,4,0.9904,BrowserHijacking,0.00805523590333717,0.0,0.00805523590333717,0.0891559187390614,False
mlp,4,0.9904,DictionaryBruteForce,0.4301020408163265,0.4413265306122449,-0.011224489795918391,0.028148774524572612,False
mlp,4,0.9904,DDoS-SlowLoris,0.9778030734206034,0.541548093340922,0.43625498007968133,0.006989223190897589,True
mlp,4,0.9904,DDoS-HTTP_Flood,0.8657096550127344,0.8622366288492707,0.0034730261634637882,0.027381581044030656,False
mlp,4,0.9904,DoS-HTTP_Flood,0.913457054928658,0.5023780658397836,0.4110789890888744,0.01435474738652548,True
mlp,4,0.9904,Recon-PortScan,0.26825621001910777,0.06804020935449032,0.20021600066461745,0.05109899294291256,True
mlp,4,0.9904,Recon-OSScan,0.1070811744386874,0.008359240069084629,0.09872193436960276,0.05886688196312117,False
mlp,4,0.9904,DDoS-ICMP_Flood,0.9982741617357002,0.997965976331361,0.0003081854043391896,0.000296883495532364,False
mlp,4,0.9904,DDoS-RSTFINFlood,0.9992270646292883,0.9988108686604436,0.00041619596884479026,0.0021099541078574272,False
mlp,4,0.9904,DDoS-TCP_Flood,0.4039492078285182,0.0,0.4039492078285182,0.2660347929470491,True
mlp,4,0.9904,DDoS-SynonymousIP_Flood,0.8051353387816612,0.0001159218686605228,0.8050194169130007,0.2681113289894966,True
mlp,4,0.9904,DDoS-UDP_Flood,0.7391112093743091,0.0006632765863365023,0.7384479327879726,0.2270843273747819,True
mlp,4,0.9904,DoS-TCP_Flood,0.7783760499676933,0.019976308421279346,0.7583997415464139,0.2992191132796688,True
mlp,4,0.9904,DDoS-PSHACK_Flood,0.974373576309795,0.693932491199006,0.280441085110789,0.3315952648451985,False
mlp,4,0.9904,DDoS-SYN_Flood,0.17293309590435005,0.44151615365047064,-0.26858305774612057,0.23226575393748605,False
mlp,4,0.9904,Recon-HostDiscovery,0.7691462805791313,0.8818771842236645,-0.1127309036445332,0.02793508791393297,False
mlp,4,0.9904,DoS-SYN_Flood,0.15068745962904864,0.631401679431577,-0.4807142198025284,0.42836492880508953,False
mlp,4,0.9904,DoS-UDP_Flood,0.6870181100950332,0.9761072261072261,-0.2890891160121929,0.03119553754971207,False
mlp,4,0.9904,DNS_Spoofing,0.5926677126784279,0.07584860893191994,0.516819103746508,0.09025057611540381,True
mlp,4,0.9904,MITM-ArpSpoofing,0.1590321993814808,0.19839912679643443,-0.03936692741495362,0.021913091854199186,False
mlp,4,0.9904,Mirai-udpplain,0.9924116424116424,0.9794178794178794,0.01299376299376298,0.0027153836479427403,False
mlp,4,0.9904,Mirai-greeth_flood,0.9877100662026821,0.013512137158377185,0.9741979290443049,0.002700095443870718,True
mlp,4,0.9904,Mirai-greip_flood,0.9849303959994594,0.18671442086768483,0.7982159751317746,0.0076812446055437725,True
mlp,4,0.9904,DDoS-UDP_Fragmentation,0.992,0.4979748953974895,0.4940251046025105,0.0020793747129827997,True
mlp,4,0.9904,DDoS-ACK_Fragmentation,0.9420028095524784,0.640778647401164,0.3012241621513144,0.007548726512942273,True
mlp,4,0.9904,VulnerabilityScan,0.6829822801738549,0.26599799398194585,0.416984286191909,0.03036954246329955,True
mlp,4,0.9904,DDoS-ICMP_Fragmentation,0.9677225340817963,0.5957965784549586,0.3719259556268377,0.002038279849045536,True
mlp,4,0.9904,BenignTraffic,0.7949968270932835,0.05023212317557864,0.7447647039177048,0.01664352485655987,True
mlp,4,0.9962,Uploading_Attack,0.0,0.0,0.0,0.09674419186714601,False
mlp,4,0.9962,Recon-PingSweep,0.0,0.0,0.0,0.016371017021252633,False
mlp,4,0.9962,Backdoor_Malware,0.028985507246376812,0.13250517598343686,-0.10351966873706005,0.03932068959496144,False
mlp,4,0.9962,XSS,0.01559792027729636,0.0,0.01559792027729636,0.049652699007195794,False
mlp,4,0.9962,SqlInjection,0.0724269377382465,0.0,0.0724269377382465,0.013519121807644608,False
mlp,4,0.9962,CommandInjection,0.049443757725587144,0.0,0.049443757725587144,0.007943963631624362,False
mlp,4,0.9962,BrowserHijacking,0.00805523590333717,0.0,0.00805523590333717,0.0891559187390614,False
mlp,4,0.9962,DictionaryBruteForce,0.4301020408163265,0.2,0.23010204081632651,0.028148774524572612,True
mlp,4,0.9962,DDoS-SlowLoris,0.9778030734206034,0.05549231644849175,0.9223107569721116,0.006989223190897589,True
mlp,4,0.9962,DDoS-HTTP_Flood,0.8657096550127344,0.7575827737902292,0.10812688122250524,0.027381581044030656,True
mlp,4,0.9962,DoS-HTTP_Flood,0.913457054928658,0.005129161615219621,0.9083278933134384,0.01435474738652548,True
mlp,4,0.9962,Recon-PortScan,0.26825621001910777,0.22015452355238016,0.048101686466727606,0.05109899294291256,False
mlp,4,0.9962,Recon-OSScan,0.1070811744386874,0.25402417962003454,-0.14694300518134715,0.05886688196312117,False
mlp,4,0.9962,DDoS-ICMP_Flood,0.9982741617357002,0.9966715976331361,0.0016025641025640969,0.000296883495532364,False
mlp,4,0.9962,DDoS-RSTFINFlood,0.9992270646292883,0.0,0.9992270646292883,0.0021099541078574272,True
mlp,4,0.9962,DDoS-TCP_Flood,0.4039492078285182,0.9981943150046598,-0.5942451071761417,0.2660347929470491,False
mlp,4,0.9962,DDoS-SynonymousIP_Flood,0.8051353387816612,0.9944937112386252,-0.18935837245696396,0.2681113289894966,False
mlp,4,0.9962,DDoS-UDP_Flood,0.7391112093743091,0.0,0.7391112093743091,0.2270843273747819,True
mlp,4,0.9962,DoS-TCP_Flood,0.7783760499676933,0.0,0.7783760499676933,0.2992191132796688,True
mlp,4,0.9962,DDoS-PSHACK_Flood,0.974373576309795,0.0,0.974373576309795,0.3315952648451985,True
mlp,4,0.9962,DDoS-SYN_Flood,0.17293309590435005,0.00010175527855507505,0.17283134062579497,0.23226575393748605,False
mlp,4,0.9962,Recon-HostDiscovery,0.7691462805791313,0.01712431352970544,0.7520219670494258,0.02793508791393297,True
mlp,4,0.9962,DoS-SYN_Flood,0.15068745962904864,0.0,0.15068745962904864,0.42836492880508953,False
mlp,4,0.9962,DoS-UDP_Flood,0.6870181100950332,0.15232203693742155,0.5346960731576117,0.03119553754971207,True
mlp,4,0.9962,DNS_Spoofing,0.5926677126784279,0.46308981669281696,0.12957789598561092,0.09025057611540381,True
mlp,4,0.9962,MITM-ArpSpoofing,0.1590321993814808,0.411533563762052,-0.25250136438057125,0.021913091854199186,False
mlp,4,0.9962,Mirai-udpplain,0.9924116424116424,0.09788634788634788,0.8945252945252945,0.0027153836479427403,True
mlp,4,0.9962,Mirai-greeth_flood,0.9877100662026821,0.0,0.9877100662026821,0.002700095443870718,True
mlp,4,0.9962,Mirai-greip_flood,0.9849303959994594,0.02554399243140965,0.9593864035680497,0.0076812446055437725,True
mlp,4,0.9962,DDoS-UDP_Fragmentation,0.992,0.0,0.992,0.0020793747129827997,True
mlp,4,0.9962,DDoS-ACK_Fragmentation,0.9420028095524784,0.0,0.9420028095524784,0.007548726512942273,True
mlp,4,0.9962,VulnerabilityScan,0.6829822801738549,0.006452691407556001,0.6765295887662989,0.03036954246329955,True
mlp,4,0.9962,DDoS-ICMP_Fragmentation,0.9677225340817963,0.9417602245388933,0.025962309542903017,0.002038279849045536,False
mlp,4,0.9962,BenignTraffic,0.7949968270932835,0.00023379312648208142,0.7947630339668014,0.01664352485655987,True
