arch,cell,seed,stage,class,recall_loss,val_recall
cnn1d,uniform80,0,before,Uploading_Attack,0.02127659574468085,0.0
cnn1d,uniform80,0,before,Recon-PingSweep,0.0,0.0
cnn1d,uniform80,0,before,Backdoor_Malware,0.004140786749482402,0.006224066390041493
cnn1d,uniform80,0,before,XSS,0.02772963604852686,0.022530329289428077
cnn1d,uniform80,0,before,SqlInjection,0.04701397712833545,0.0241423125794155
cnn1d,uniform80,0,before,CommandInjection,0.0630407911001236,0.04084158415841584
cnn1d,uniform80,0,before,BrowserHijacking,0.019562715765247412,0.14516129032258066
cnn1d,uniform80,0,before,DictionaryBruteForce,0.1086734693877551,0.20929045431342522
cnn1d,uniform80,0,before,DDoS-SlowLoris,0.954183266932271,0.9430848036425725
cnn1d,uniform80,0,before,DDoS-HTTP_Flood,-0.18175503588793707,0.7144511347846225
cnn1d,uniform80,0,before,DoS-HTTP_Flood,0.6540147346824583,0.9177468991886599
cnn1d,uniform80,0,before,Recon-PortScan,0.24399767383899643,0.3142239946826188
cnn1d,uniform80,0,before,Recon-OSScan,0.11447322970639032,0.09167530224525043
cnn1d,uniform80,0,before,DDoS-ICMP_Flood,0.00018491124260344716,0.9974112426035503
cnn1d,uniform80,0,before,DDoS-RSTFINFlood,0.00041619596884479026,0.9914377452729218
cnn1d,uniform80,0,before,DDoS-TCP_Flood,0.6396202236719478,0.6884720685035242
cnn1d,uniform80,0,before,DDoS-SynonymousIP_Flood,0.28163217991074013,0.17992116856016693
cnn1d,uniform80,0,before,DDoS-UDP_Flood,-0.2545876630554942,0.7134486761373059
cnn1d,uniform80,0,before,DoS-TCP_Flood,0.41153349127719147,0.5617057936678871
cnn1d,uniform80,0,before,DDoS-PSHACK_Flood,0.03075170842824604,0.85130727413927
cnn1d,uniform80,0,before,DDoS-SYN_Flood,-0.41694225387941997,0.4706929887045894
cnn1d,uniform80,0,before,Recon-HostDiscovery,0.6288067898152772,0.7313030454318522
cnn1d,uniform80,0,before,DoS-SYN_Flood,0.16439051397988372,0.3801042772112767
cnn1d,uniform80,0,before,DoS-UDP_Flood,0.6823112784651246,0.9256320602474448
cnn1d,uniform80,0,before,DNS_Spoofing,0.1503960812827676,0.7512915694003292
cnn1d,uniform80,0,before,MITM-ArpSpoofing,0.11828269965435691,0.5523012552301255
cnn1d,uniform80,0,before,Mirai-udpplain,0.07463617463617456,0.9892581170518729
cnn1d,uniform80,0,before,Mirai-greeth_flood,0.01632999490748599,0.9773205676648333
cnn1d,uniform80,0,before,Mirai-greip_flood,0.17205027706446818,0.97817272604406
cnn1d,uniform80,0,before,DDoS-UDP_Fragmentation,0.00023430962343096162,0.9857401084555132
cnn1d,uniform80,0,before,DDoS-ACK_Fragmentation,0.05194327379757846,0.9883604254465181
cnn1d,uniform80,0,before,VulnerabilityScan,-0.09033767970578399,0.6228017385489802
cnn1d,uniform80,0,before,DDoS-ICMP_Fragmentation,-0.019513499064421236,0.9901764234161988
cnn1d,uniform80,0,before,BenignTraffic,0.5005844828162053,0.6763193052772211
cnn1d,uniform80,0,after,Uploading_Attack,0.02127659574468085,0.0
cnn1d,uniform80,0,after,Recon-PingSweep,0.0,0.0
cnn1d,uniform80,0,after,Backdoor_Malware,0.004140786749482402,0.006224066390041493
cnn1d,uniform80,0,after,XSS,0.02772963604852686,0.022530329289428077
cnn1d,uniform80,0,after,SqlInjection,0.04701397712833545,0.0241423125794155
cnn1d,uniform80,0,after,CommandInjection,0.0630407911001236,0.04084158415841584
cnn1d,uniform80,0,after,BrowserHijacking,0.019562715765247412,0.14516129032258066
cnn1d,uniform80,0,after,DictionaryBruteForce,0.001530612244897922,0.20929045431342522
cnn1d,uniform80,0,after,DDoS-SlowLoris,0.061468412066021716,0.9430848036425725
cnn1d,uniform80,0,after,DDoS-HTTP_Flood,0.03565640194489461,0.7144511347846225
cnn1d,uniform80,0,after,DoS-HTTP_Flood,0.043364730019584075,0.9177468991886599
cnn1d,uniform80,0,after,Recon-PortScan,0.13009886184265182,0.3142239946826188
cnn1d,uniform80,0,after,Recon-OSScan,0.03965457685664939,0.09167530224525043
cnn1d,uniform80,0,after,DDoS-ICMP_Flood,0.0002465483234713739,0.9974112426035503
cnn1d,uniform80,0,after,DDoS-RSTFINFlood,0.00011891313395573366,0.9914377452729218
cnn1d,uniform80,0,after,DDoS-TCP_Flood,-0.2728331780055918,0.6884720685035242
cnn1d,uniform80,0,after,DDoS-SynonymousIP_Flood,-0.5384570799281285,0.17992116856016693
cnn1d,uniform80,0,after,DDoS-UDP_Flood,0.03410347114746848,0.7134486761373059
cnn1d,uniform80,0,after,DoS-TCP_Flood,0.26378419125565367,0.5617057936678871
cnn1d,uniform80,0,after,DDoS-PSHACK_Flood,0.000103541105819005,0.85130727413927
cnn1d,uniform80,0,after,DDoS-SYN_Flood,0.39140167896209616,0.4706929887045894
cnn1d,uniform80,0,after,Recon-HostDiscovery,-0.0591113330004992,0.7313030454318522
cnn1d,uniform80,0,after,DoS-SYN_Flood,-0.019931715419396534,0.3801042772112767
cnn1d,uniform80,0,after,DoS-UDP_Flood,-0.021427290658059928,0.9256320602474448
cnn1d,uniform80,0,after,DNS_Spoofing,0.3068768895181968,0.7512915694003292
cnn1d,uniform80,0,after,MITM-ArpSpoofing,-0.005020920502092047,0.5523012552301255
cnn1d,uniform80,0,after,Mirai-udpplain,-0.000658350658350737,0.9892581170518729
cnn1d,uniform80,0,after,Mirai-greeth_flood,-0.0005092514004413351,0.9773205676648333
cnn1d,uniform80,0,after,Mirai-greip_flood,0.033822138126773926,0.97817272604406
cnn1d,uniform80,0,after,DDoS-UDP_Fragmentation,0.00046861924686192324,0.9857401084555132
cnn1d,uniform80,0,after,DDoS-ACK_Fragmentation,-0.008462104488594524,0.9883604254465181
cnn1d,uniform80,0,after,VulnerabilityScan,0.15028418589100645,0.6228017385489802
cnn1d,uniform80,0,after,DDoS-ICMP_Fragmentation,0.003875968992248069,0.9901764234161988
cnn1d,uniform80,0,after,BenignTraffic,0.05373902007280984,0.6763193052772211
cnn1d,uniform80,1,before,Uploading_Attack,0.07446808510638298,0.031914893617021274
cnn1d,uniform80,1,before,Recon-PingSweep,0.0029411764705882353,0.0
cnn1d,uniform80,1,before,Backdoor_Malware,0.037267080745341616,0.016597510373443983
cnn1d,uniform80,1,before,XSS,0.03119584055459272,0.01733102253032929
cnn1d,uniform80,1,before,SqlInjection,0.06861499364675985,0.05590851334180432
cnn1d,uniform80,1,before,CommandInjection,0.018541409147095178,0.0024752475247524753
cnn1d,uniform80,1,before,BrowserHijacking,0.01611047180667434,0.16474654377880185
cnn1d,uniform80,1,before,DictionaryBruteForce,0.07346938775510203,0.27462991322103114
cnn1d,uniform80,1,before,DDoS-SlowLoris,0.16476949345475234,0.950199203187251
cnn1d,uniform80,1,before,DDoS-HTTP_Flood,-0.05417920815003474,0.7399258916164891
cnn1d,uniform80,1,before,DoS-HTTP_Flood,0.8522801454816749,0.9195187913830085
cnn1d,uniform80,1,before,Recon-PortScan,0.1072526377004237,0.23836822864739116
cnn1d,uniform80,1,before,Recon-OSScan,0.1805181347150259,0.16704663212435233
cnn1d,uniform80,1,before,DDoS-ICMP_Flood,0.0002465483234713739,0.9980276134122288
cnn1d,uniform80,1,before,DDoS-RSTFINFlood,0.004578155657292249,0.9913188250683791
cnn1d,uniform80,1,before,DDoS-TCP_Flood,-0.07548928238583408,0.6007456165899692
cnn1d,uniform80,1,before,DDoS-SynonymousIP_Flood,-0.046658552135860454,0.3382796197542314
cnn1d,uniform80,1,before,DDoS-UDP_Flood,0.19113420296263545,0.6633132496821624
cnn1d,uniform80,1,before,DoS-TCP_Flood,0.2870988584966616,0.6855481369804006
cnn1d,uniform80,1,before,DDoS-PSHACK_Flood,-0.0005694760820045275,0.9542324618172405
cnn1d,uniform80,1,before,DDoS-SYN_Flood,0.19236835410836936,0.12887961738068587
cnn1d,uniform80,1,before,Recon-HostDiscovery,0.23045431852221665,0.7244133799301048
cnn1d,uniform80,1,before,DoS-SYN_Flood,-0.20826797084063853,0.44064042818253124
cnn1d,uniform80,1,before,DoS-UDP_Flood,-0.10319168011475699,0.9318181818181818
cnn1d,uniform80,1,before,DNS_Spoofing,0.2751903868967892,0.7313535647315449
cnn1d,uniform80,1,before,MITM-ArpSpoofing,0.08579225031835547,0.48888484627978895
cnn1d,uniform80,1,before,Mirai-udpplain,0.006964656964656868,0.9920995183478291
cnn1d,uniform80,1,before,Mirai-greeth_flood,-0.006756068579188534,0.9867250628098051
cnn1d,uniform80,1,before,Mirai-greip_flood,0.9823624814164076,0.9769901338018652
cnn1d,uniform80,1,before,DDoS-UDP_Fragmentation,-0.004786610878661057,0.9857401084555132
cnn1d,uniform80,1,before,DDoS-ACK_Fragmentation,-0.05746203759448798,0.988795237139608
cnn1d,uniform80,1,before,VulnerabilityScan,0.4059511868940154,0.6428953527248412
cnn1d,uniform80,1,before,DDoS-ICMP_Fragmentation,0.11500935578722271,0.9890403635391607
cnn1d,uniform80,1,before,BenignTraffic,-0.17471026351825258,0.7691716766867067
cnn1d,uniform80,1,after,Uploading_Attack,0.07446808510638298,0.031914893617021274
cnn1d,uniform80,1,after,Recon-PingSweep,0.0029411764705882353,0.0
cnn1d,uniform80,1,after,Backdoor_Malware,0.037267080745341616,0.016597510373443983
cnn1d,uniform80,1,after,XSS,0.03119584055459272,0.01733102253032929
cnn1d,uniform80,1,after,SqlInjection,0.06861499364675985,0.05590851334180432
cnn1d,uniform80,1,after,CommandInjection,0.018541409147095178,0.0024752475247524753
cnn1d,uniform80,1,after,BrowserHijacking,0.01611047180667434,0.16474654377880185
cnn1d,uniform80,1,after,DictionaryBruteForce,0.10765306122448981,0.27462991322103114
cnn1d,uniform80,1,after,DDoS-SlowLoris,0.04211724530449623,0.950199203187251
cnn1d,uniform80,1,after,DDoS-HTTP_Flood,0.03565640194489461,0.7399258916164891
cnn1d,uniform80,1,after,DoS-HTTP_Flood,0.11787745966613816,0.9195187913830085
cnn1d,uniform80,1,after,Recon-PortScan,0.06928636703497551,0.23836822864739116
cnn1d,uniform80,1,after,Recon-OSScan,0.11875647668393782,0.16704663212435233
cnn1d,uniform80,1,after,DDoS-ICMP_Flood,0.00012327416173563144,0.9980276134122288
cnn1d,uniform80,1,after,DDoS-RSTFINFlood,0.0005945656697782242,0.9913188250683791
cnn1d,uniform80,1,after,DDoS-TCP_Flood,0.39323159366262816,0.6007456165899692
cnn1d,uniform80,1,after,DDoS-SynonymousIP_Flood,-0.03408102938619373,0.3382796197542314
cnn1d,uniform80,1,after,DDoS-UDP_Flood,0.11767632102586778,0.6633132496821624
cnn1d,uniform80,1,after,DoS-TCP_Flood,-0.3941955632134396,0.6855481369804006
cnn1d,uniform80,1,after,DDoS-PSHACK_Flood,0.0004659349761855225,0.9542324618172405
cnn1d,uniform80,1,after,DDoS-SYN_Flood,0.09783770033070464,0.12887961738068587
cnn1d,uniform80,1,after,Recon-HostDiscovery,0.019420868696954585,0.7244133799301048
cnn1d,uniform80,1,after,DoS-SYN_Flood,-0.1045492294915567,0.44064042818253124
cnn1d,uniform80,1,after,DoS-UDP_Flood,-0.059888829119598364,0.9318181818181818
cnn1d,uniform80,1,after,DNS_Spoofing,0.006697026520224969,0.7313535647315449
cnn1d,uniform80,1,after,MITM-ArpSpoofing,-0.04424231398944878,0.48888484627978895
cnn1d,uniform80,1,after,Mirai-udpplain,0.005440055440055436,0.9920995183478291
cnn1d,uniform80,1,after,Mirai-greeth_flood,0.9842132065863182,0.9867250628098051
cnn1d,uniform80,1,after,Mirai-greip_flood,6.757669955392842e-05,0.9769901338018652
cnn1d,uniform80,1,after,DDoS-UDP_Fragmentation,0.007631799163179909,0.9857401084555132
cnn1d,uniform80,1,after,DDoS-ACK_Fragmentation,-0.07662719914375549,0.988795237139608
cnn1d,uniform80,1,after,VulnerabilityScan,0.18472082915412913,0.6428953527248412
cnn1d,uniform80,1,after,DDoS-ICMP_Fragmentation,0.004844961240310086,0.9890403635391607
cnn1d,uniform80,1,after,BenignTraffic,0.12391035703550313,0.7691716766867067
cnn1d,uniform80,2,before,Uploading_Attack,0.0,0.0
cnn1d,uniform80,2,before,Recon-PingSweep,0.0029411764705882353,0.0
cnn1d,uniform80,2,before,Backdoor_Malware,0.0,0.0
cnn1d,uniform80,2,before,XSS,0.0034662045060658577,0.006932409012131715
cnn1d,uniform80,2,before,SqlInjection,0.052096569250317665,0.03303684879288437
cnn1d,uniform80,2,before,CommandInjection,0.08899876390605686,0.024752475247524754
cnn1d,uniform80,2,before,BrowserHijacking,0.00805523590333717,0.13940092165898618
cnn1d,uniform80,2,before,DictionaryBruteForce,0.42551020408163265,0.26544155181214907
cnn1d,uniform80,2,before,DDoS-SlowLoris,0.933693796243597,0.9359704040978941
cnn1d,uniform80,2,before,DDoS-HTTP_Flood,0.7865246584857606,0.6987031032885596
cnn1d,uniform80,2,before,DoS-HTTP_Flood,0.8672946003916814,0.9274456775156207
cnn1d,uniform80,2,before,Recon-PortScan,0.20461909113566504,0.2832336324360253
cnn1d,uniform80,2,before,Recon-OSScan,0.10473229706390329,0.08946459412780657
cnn1d,uniform80,2,before,DDoS-ICMP_Flood,0.9505670611439841,0.9964250493096647
cnn1d,uniform80,2,before,DDoS-RSTFINFlood,-0.0008323919376894695,0.9923891069092639
cnn1d,uniform80,2,before,DDoS-TCP_Flood,0.41816169617893756,0.41003087318692844
cnn1d,uniform80,2,before,DDoS-SynonymousIP_Flood,0.7926737379006549,0.35926269418038487
cnn1d,uniform80,2,before,DDoS-UDP_Flood,0.6774817598938757,0.6502680891050798
cnn1d,uniform80,2,before,DoS-TCP_Flood,0.7090781822097781,0.8789037260391988
cnn1d,uniform80,2,before,DDoS-PSHACK_Flood,0.9979291778836198,0.9806885840020709
cnn1d,uniform80,2,before,DDoS-SYN_Flood,0.15248028491477997,0.08634374681998576
cnn1d,uniform80,2,before,Recon-HostDiscovery,0.6693959061407888,0.7136295556665002
cnn1d,uniform80,2,before,DoS-SYN_Flood,0.20711451508720125,0.46569464310432335
cnn1d,uniform80,2,before,DoS-UDP_Flood,0.6917249417249417,0.9310561233638157
cnn1d,uniform80,2,before,DNS_Spoofing,0.4945084382534155,0.6431824270024109
cnn1d,uniform80,2,before,MITM-ArpSpoofing,0.11158813898490084,0.5815535746770966
cnn1d,uniform80,2,before,Mirai-udpplain,0.9864864864864865,0.9895006756990887
cnn1d,uniform80,2,before,Mirai-greeth_flood,0.9647258529960957,0.96598085149725
cnn1d,uniform80,2,before,Mirai-greip_flood,0.9760440600081092,0.966752263819435
cnn1d,uniform80,2,before,DDoS-UDP_Fragmentation,0.9730543933054394,0.9844346254267925
cnn1d,uniform80,2,before,DDoS-ACK_Fragmentation,0.9753495217071376,0.9882600842865743
cnn1d,uniform80,2,before,VulnerabilityScan,0.5956201939150786,0.5448679371447677
cnn1d,uniform80,2,before,DDoS-ICMP_Fragmentation,0.9684576316492917,0.989508152900294
cnn1d,uniform80,2,before,BenignTraffic,0.7046524832169935,0.7181028724114896
cnn1d,uniform80,2,after,Uploading_Attack,0.0,0.0
cnn1d,uniform80,2,after,Recon-PingSweep,0.0029411764705882353,0.0
cnn1d,uniform80,2,after,Backdoor_Malware,0.0,0.0
cnn1d,uniform80,2,after,XSS,-0.005199306759098786,0.006932409012131715
cnn1d,uniform80,2,after,SqlInjection,0.052096569250317665,0.03303684879288437
cnn1d,uniform80,2,after,CommandInjection,0.09147095179233622,0.024752475247524754
cnn1d,uniform80,2,after,BrowserHijacking,0.00805523590333717,0.13940092165898618
cnn1d,uniform80,2,after,DictionaryBruteForce,0.09132653061224488,0.26544155181214907
cnn1d,uniform80,2,after,DDoS-SlowLoris,0.08081957882754698,0.9359704040978941
cnn1d,uniform80,2,after,DDoS-HTTP_Flood,0.0060199120166705145,0.6987031032885596
cnn1d,uniform80,2,after,DoS-HTTP_Flood,0.04177935279306155,0.9274456775156207
cnn1d,uniform80,2,after,Recon-PortScan,0.09312951732159176,0.2832336324360253
cnn1d,uniform80,2,after,Recon-OSScan,0.028739205526770298,0.08946459412780657
cnn1d,uniform80,2,after,DDoS-ICMP_Flood,0.00018491124260344716,0.9964250493096647
cnn1d,uniform80,2,after,DDoS-RSTFINFlood,0.0002378262679113563,0.9923891069092639
cnn1d,uniform80,2,after,DDoS-TCP_Flood,-0.16373485554520034,0.41003087318692844
cnn1d,uniform80,2,after,DDoS-SynonymousIP_Flood,0.09459224482698658,0.35926269418038487
cnn1d,uniform80,2,after,DDoS-UDP_Flood,0.04620826884810958,0.6502680891050798
cnn1d,uniform80,2,after,DoS-TCP_Flood,0.2548998492354081,0.8789037260391988
cnn1d,uniform80,2,after,DDoS-PSHACK_Flood,-0.0001553116587285075,0.9806885840020709
cnn1d,uniform80,2,after,DDoS-SYN_Flood,-0.0356652251335538,0.08634374681998576
cnn1d,uniform80,2,after,Recon-HostDiscovery,-0.06195706440339488,0.7136295556665002
cnn1d,uniform80,2,after,DoS-SYN_Flood,0.019147365507059144,0.46569464310432335
cnn1d,uniform80,2,after,DoS-UDP_Flood,-0.026313430159583984,0.9310561233638157
cnn1d,uniform80,2,after,DNS_Spoofing,-0.0023726608243083147,0.6431824270024109
cnn1d,uniform80,2,after,MITM-ArpSpoofing,0.027942514098599228,0.5815535746770966
cnn1d,uniform80,2,after,Mirai-udpplain,0.0057519057519057615,0.9895006756990887
cnn1d,uniform80,2,after,Mirai-greeth_flood,0.006925819046002313,0.96598085149725
cnn1d,uniform80,2,after,Mirai-greip_flood,0.013413974861467781,0.966752263819435
cnn1d,uniform80,2,after,DDoS-UDP_Fragmentation,0.0009707112970711584,0.9844346254267925
cnn1d,uniform80,2,after,DDoS-ACK_Fragmentation,0.0033112582781457123,0.9882600842865743
cnn1d,uniform80,2,after,VulnerabilityScan,-0.02537612838515546,0.5448679371447677
cnn1d,uniform80,2,after,DDoS-ICMP_Fragmentation,-0.0009355787222667944,0.989508152900294
cnn1d,uniform80,2,after,BenignTraffic,0.0036070939514378786,0.7181028724114896
cnn1d,uniform80,3,before,Uploading_Attack,0.0,0.0
cnn1d,uniform80,3,before,Recon-PingSweep,0.0029411764705882353,0.0
cnn1d,uniform80,3,before,Backdoor_Malware,0.022774327122153208,0.04564315352697095
cnn1d,uniform80,3,before,XSS,0.01386481802426343,0.008665511265164644
cnn1d,uniform80,3,before,SqlInjection,0.05590851334180432,0.029224904701397714
cnn1d,uniform80,3,before,CommandInjection,0.049443757725587144,0.007425742574257425
cnn1d,uniform80,3,before,BrowserHijacking,-0.0023014959723820488,0.13709677419354838
cnn1d,uniform80,3,before,DictionaryBruteForce,0.07397959183673469,0.24859622256253192
cnn1d,uniform80,3,before,DDoS-SlowLoris,-0.03955606146841206,0.9069436539556062
cnn1d,uniform80,3,before,DDoS-HTTP_Flood,0.5404028710349618,0.7744326076887448
cnn1d,uniform80,3,before,DoS-HTTP_Flood,0.5117970717150051,0.8860393546582114
cnn1d,uniform80,3,before,Recon-PortScan,0.06712636038880121,0.21070122964440013
cnn1d,uniform80,3,before,Recon-OSScan,0.1946804835924007,0.19495682210708118
cnn1d,uniform80,3,before,DDoS-ICMP_Flood,-6.163708086792674e-05,0.9975961538461539
cnn1d,uniform80,3,before,DDoS-RSTFINFlood,0.0022593495451572743,0.9924485670115353
cnn1d,uniform80,3,before,DDoS-TCP_Flood,-0.5741495806150978,0.5135434263412361
cnn1d,uniform80,3,before,DDoS-SynonymousIP_Flood,-0.5154465889990147,0.09065615580802226
cnn1d,uniform80,3,before,DDoS-UDP_Flood,0.027857616626133064,0.7641921397379913
cnn1d,uniform80,3,before,DoS-TCP_Flood,0.7630842127934525,0.7857527460693517
cnn1d,uniform80,3,before,DDoS-PSHACK_Flood,-0.0010871816110995525,0.9491586849598758
cnn1d,uniform80,3,before,DDoS-SYN_Flood,0.561383871788349,0.6429225602930702
cnn1d,uniform80,3,before,Recon-HostDiscovery,0.2053919121318023,0.7575137294058911
cnn1d,uniform80,3,before,DoS-SYN_Flood,0.1480575805112116,0.371660591519402
cnn1d,uniform80,3,before,DoS-UDP_Flood,-0.03613053613053607,0.9154563385332616
cnn1d,uniform80,3,before,DNS_Spoofing,0.599211664306762,0.7517507940760016
cnn1d,uniform80,3,before,MITM-ArpSpoofing,0.04991813716572676,0.5083863925777697
cnn1d,uniform80,3,before,Mirai-udpplain,0.34365904365904365,0.9897432343463044
cnn1d,uniform80,3,before,Mirai-greeth_flood,-0.009709726701748411,0.9810212534800027
cnn1d,uniform80,3,before,Mirai-greip_flood,0.9699959453980267,0.9844235707528044
cnn1d,uniform80,3,before,DDoS-UDP_Fragmentation,0.008401673640167417,0.9854053692173796
cnn1d,uniform80,3,before,DDoS-ACK_Fragmentation,-0.12402167369054784,0.988628001873035
cnn1d,uniform80,3,before,VulnerabilityScan,0.13376797057840184,0.5707121364092277
cnn1d,uniform80,3,before,DDoS-ICMP_Fragmentation,0.010324779470729739,0.9892074311681368
cnn1d,uniform80,3,before,BenignTraffic,-0.1147256270665643,0.7263527054108216
cnn1d,uniform80,3,after,Uploading_Attack,0.0,0.0
cnn1d,uniform80,3,after,Recon-PingSweep,0.0029411764705882353,0.0
cnn1d,uniform80,3,after,Backdoor_Malware,0.022774327122153208,0.04564315352697095
cnn1d,uniform80,3,after,XSS,0.01386481802426343,0.008665511265164644
cnn1d,uniform80,3,after,SqlInjection,0.05590851334180432,0.029224904701397714
cnn1d,uniform80,3,after,CommandInjection,0.049443757725587144,0.007425742574257425
cnn1d,uniform80,3,after,BrowserHijacking,0.0034522439585730723,0.13709677419354838
cnn1d,uniform80,3,after,DictionaryBruteForce,0.015816326530612268,0.24859622256253192
cnn1d,uniform80,3,after,DDoS-SlowLoris,0.025611838360842354,0.9069436539556062
cnn1d,uniform80,3,after,DDoS-HTTP_Flood,0.0847418383885159,0.7744326076887448
cnn1d,uniform80,3,after,DoS-HTTP_Flood,0.059498274736547674,0.8860393546582114
cnn1d,uniform80,3,after,Recon-PortScan,0.058403256625405006,0.21070122964440013
cnn1d,uniform80,3,after,Recon-OSScan,0.13091537132987913,0.19495682210708118
cnn1d,uniform80,3,after,DDoS-ICMP_Flood,0.0005547337278105635,0.9975961538461539
cnn1d,uniform80,3,after,DDoS-RSTFINFlood,0.00035673940186697894,0.9924485670115353
cnn1d,uniform80,3,after,DDoS-TCP_Flood,-0.4683131407269338,0.5135434263412361
cnn1d,uniform80,3,after,DDoS-SynonymousIP_Flood,0.06468440271257173,0.09065615580802226
cnn1d,uniform80,3,after,DDoS-UDP_Flood,0.010833517576829488,0.7641921397379913
cnn1d,uniform80,3,after,DoS-TCP_Flood,0.6110811975016153,0.7857527460693517
cnn1d,uniform80,3,after,DDoS-PSHACK_Flood,-0.00062124663491403,0.9491586849598758
cnn1d,uniform80,3,after,DDoS-SYN_Flood,-0.1799542101246503,0.6429225602930702
cnn1d,uniform80,3,after,Recon-HostDiscovery,0.04992511233150276,0.7575137294058911
cnn1d,uniform80,3,after,DoS-SYN_Flood,0.0480298975731291,0.371660591519402
cnn1d,uniform80,3,after,DoS-UDP_Flood,-0.02138246369015595,0.9154563385332616
cnn1d,uniform80,3,after,DNS_Spoofing,0.26711568634954647,0.7517507940760016
cnn1d,uniform80,3,after,MITM-ArpSpoofing,0.00374749863561942,0.5083863925777697
cnn1d,uniform80,3,after,Mirai-udpplain,0.0033957033957033866,0.9897432343463044
cnn1d,uniform80,3,after,Mirai-greeth_flood,0.065184179256493,0.9810212534800027
cnn1d,uniform80,3,after,Mirai-greip_flood,0.020543316664414113,0.9844235707528044
cnn1d,uniform80,3,after,DDoS-UDP_Fragmentation,0.001974895397489629,0.9854053692173796
cnn1d,uniform80,3,after,DDoS-ACK_Fragmentation,-0.11552612214863867,0.988628001873035
cnn1d,uniform80,3,after,VulnerabilityScan,0.042159812771648264,0.5707121364092277
cnn1d,uniform80,3,after,DDoS-ICMP_Fragmentation,0.001837743918738366,0.9892074311681368
cnn1d,uniform80,3,after,BenignTraffic,0.02241074112421093,0.7263527054108216
cnn1d,uniform80,4,before,Uploading_Attack,0.0,0.015957446808510637
cnn1d,uniform80,4,before,Recon-PingSweep,0.0,0.0
cnn1d,uniform80,4,before,Backdoor_Malware,0.004140786749482401,0.002074688796680498
cnn1d,uniform80,4,before,XSS,0.0034662045060658577,0.005199306759098787
cnn1d,uniform80,4,before,SqlInjection,0.03939008894536213,0.015247776365946633
cnn1d,uniform80,4,before,CommandInjection,0.03337453646477132,0.0049504950495049506
cnn1d,uniform80,4,before,BrowserHijacking,-0.020713463751438434,0.16589861751152074
cnn1d,uniform80,4,before,DictionaryBruteForce,-0.038265306122448994,0.2557427258805513
cnn1d,uniform80,4,before,DDoS-SlowLoris,0.5159362549800797,0.9297097324985771
cnn1d,uniform80,4,before,DDoS-HTTP_Flood,0.8261171567492475,0.7607688744789254
cnn1d,uniform80,4,before,DoS-HTTP_Flood,0.7766483260281638,0.8855730672386459
cnn1d,uniform80,4,before,Recon-PortScan,0.23037301653235856,0.2648720505151213
cnn1d,uniform80,4,before,Recon-OSScan,-0.0875993091537133,0.0846286701208981
cnn1d,uniform80,4,before,DDoS-ICMP_Flood,0.0002465483234713739,0.9977810650887574
cnn1d,uniform80,4,before,DDoS-RSTFINFlood,5.945656697781132e-05,0.9918539659888215
cnn1d,uniform80,4,before,DDoS-TCP_Flood,0.34634203168685923,0.42971981126580067
cnn1d,uniform80,4,before,DDoS-SynonymousIP_Flood,0.6704341273981337,0.32778808254115466
cnn1d,uniform80,4,before,DDoS-UDP_Flood,0.7360711916869335,0.7080868940357083
cnn1d,uniform80,4,before,DoS-TCP_Flood,-0.132726685332759,0.8618350204609089
cnn1d,uniform80,4,before,DDoS-PSHACK_Flood,0.9980327189894388,0.9900595392182242
cnn1d,uniform80,4,before,DDoS-SYN_Flood,0.08074281353345206,0.06553373359112649
cnn1d,uniform80,4,before,Recon-HostDiscovery,0.21512730903644528,0.7879680479281078
cnn1d,uniform80,4,before,DoS-SYN_Flood,-0.3066808157239089,0.5349051815623126
cnn1d,uniform80,4,before,DoS-UDP_Flood,0.6834767796306258,0.9250941366325982
cnn1d,uniform80,4,before,DNS_Spoofing,-0.024836401209291648,0.6957253836439478
cnn1d,uniform80,4,before,MITM-ArpSpoofing,0.07913407313079862,0.5139894487902492
cnn1d,uniform80,4,before,Mirai-udpplain,0.0019404019404019035,0.9879413701098444
cnn1d,uniform80,4,before,Mirai-greeth_flood,-0.01996265489730098,0.9742649555238677
cnn1d,uniform80,4,before,Mirai-greip_flood,0.9724624949317476,0.9790174347884849
cnn1d,uniform80,4,before,DDoS-UDP_Fragmentation,0.3584602510460251,0.9864430608555935
cnn1d,uniform80,4,before,DDoS-ACK_Fragmentation,0.7619573215599705,0.9885611077664058
cnn1d,uniform80,4,before,VulnerabilityScan,0.6312604480106987,0.6340688732865263
cnn1d,uniform80,4,before,DDoS-ICMP_Fragmentation,0.7796712109061747,0.9899759422614274
cnn1d,uniform80,4,before,BenignTraffic,0.469823987174777,0.6611556446225785
cnn1d,uniform80,4,after,Uploading_Attack,0.0,0.015957446808510637
cnn1d,uniform80,4,after,Recon-PingSweep,0.0,0.0
cnn1d,uniform80,4,after,Backdoor_Malware,0.006211180124223602,0.002074688796680498
cnn1d,uniform80,4,after,XSS,0.0034662045060658577,0.005199306759098787
cnn1d,uniform80,4,after,SqlInjection,0.03939008894536213,0.015247776365946633
cnn1d,uniform80,4,after,CommandInjection,0.032138442521631644,0.0049504950495049506
cnn1d,uniform80,4,after,BrowserHijacking,0.0069044879171461454,0.16589861751152074
cnn1d,uniform80,4,after,DictionaryBruteForce,0.03112244897959182,0.2557427258805513
cnn1d,uniform80,4,after,DDoS-SlowLoris,0.02276607854297097,0.9297097324985771
cnn1d,uniform80,4,after,DDoS-HTTP_Flood,0.06598749710581153,0.7607688744789254
cnn1d,uniform80,4,after,DoS-HTTP_Flood,0.023407628462184138,0.8855730672386459
cnn1d,uniform80,4,after,Recon-PortScan,0.08689872891916592,0.2648720505151213
cnn1d,uniform80,4,after,Recon-OSScan,0.04172711571675302,0.0846286701208981
cnn1d,uniform80,4,after,DDoS-ICMP_Flood,0.0004930966469428588,0.9977810650887574
cnn1d,uniform80,4,after,DDoS-RSTFINFlood,0.00041619596884467924,0.9918539659888215
cnn1d,uniform80,4,after,DDoS-TCP_Flood,0.014387232059645816,0.42971981126580067
cnn1d,uniform80,4,after,DDoS-SynonymousIP_Flood,0.23874108850634673,0.32778808254115466
cnn1d,uniform80,4,after,DDoS-UDP_Flood,-0.09435109440636746,0.7080868940357083
cnn1d,uniform80,4,after,DoS-TCP_Flood,0.007538229592935597,0.8618350204609089
cnn1d,uniform80,4,after,DDoS-PSHACK_Flood,-5.17705529095025e-05,0.9900595392182242
cnn1d,uniform80,4,after,DDoS-SYN_Flood,-0.09900788603408801,0.06553373359112649
cnn1d,uniform80,4,after,Recon-HostDiscovery,0.1341487768347478,0.7879680479281078
cnn1d,uniform80,4,after,DoS-SYN_Flood,-0.05222847651564083,0.5349051815623126
cnn1d,uniform80,4,after,DoS-UDP_Flood,0.11982248520710059,0.9250941366325982
cnn1d,uniform80,4,after,DNS_Spoofing,0.17653361907313153,0.6957253836439478
cnn1d,uniform80,4,after,MITM-ArpSpoofing,-0.019610696743678366,0.5139894487902492
cnn1d,uniform80,4,after,Mirai-udpplain,-0.00027720027720035123,0.9879413701098444
cnn1d,uniform80,4,after,Mirai-greeth_flood,0.009777626888473945,0.9742649555238677
cnn1d,uniform80,4,after,Mirai-greip_flood,0.02628733612650369,0.9790174347884849
cnn1d,uniform80,4,after,DDoS-UDP_Fragmentation,0.0029121338912133643,0.9864430608555935
cnn1d,uniform80,4,after,DDoS-ACK_Fragmentation,-0.0335473944745468,0.9885611077664058
cnn1d,uniform80,4,after,VulnerabilityScan,0.0907388833166165,0.6340688732865263
cnn1d,uniform80,4,after,DDoS-ICMP_Fragmentation,0.004611066559743304,0.9899759422614274
cnn1d,uniform80,4,after,BenignTraffic,0.029290938846397885,0.6611556446225785
cnn1d,protected,0,before,Uploading_Attack,0.02127659574468085,0.0
cnn1d,protected,0,before,Recon-PingSweep,0.0,0.0
cnn1d,protected,0,before,Backdoor_Malware,0.004140786749482402,0.006224066390041493
cnn1d,protected,0,before,XSS,0.02772963604852686,0.022530329289428077
cnn1d,protected,0,before,SqlInjection,0.044472681067344345,0.0241423125794155
cnn1d,protected,0,before,CommandInjection,0.05438813349814585,0.04084158415841584
cnn1d,protected,0,before,BrowserHijacking,0.018411967779056387,0.14516129032258066
cnn1d,protected,0,before,DictionaryBruteForce,-0.017346938775510246,0.20929045431342522
cnn1d,protected,0,before,DDoS-SlowLoris,0.08679567444507685,0.9430848036425725
cnn1d,protected,0,before,DDoS-HTTP_Flood,0.0391294281083584,0.7144511347846225
cnn1d,protected,0,before,DoS-HTTP_Flood,-0.016226802200876578,0.9177468991886599
cnn1d,protected,0,before,Recon-PortScan,0.07327407161252802,0.3142239946826188
cnn1d,protected,0,before,Recon-OSScan,-0.029360967184801398,0.09167530224525043
cnn1d,protected,0,before,DDoS-ICMP_Flood,6.163708086781572e-05,0.9974112426035503
cnn1d,protected,0,before,DDoS-RSTFINFlood,5.945656697792234e-05,0.9914377452729218
cnn1d,protected,0,before,DDoS-TCP_Flood,-0.342614165890028,0.6884720685035242
cnn1d,protected,0,before,DDoS-SynonymousIP_Flood,-0.4668173650959254,0.17992116856016693
cnn1d,protected,0,before,DDoS-UDP_Flood,0.5737895202299359,0.7134486761373059
cnn1d,protected,0,before,DoS-TCP_Flood,0.3730885203532199,0.5617057936678871
cnn1d,protected,0,before,DDoS-PSHACK_Flood,-0.000103541105819005,0.85130727413927
cnn1d,protected,0,before,DDoS-SYN_Flood,0.36372424319511576,0.4706929887045894
cnn1d,protected,0,before,Recon-HostDiscovery,-0.11807289066400395,0.7313030454318522
cnn1d,protected,0,before,DoS-SYN_Flood,-0.011073175232998084,0.3801042772112767
cnn1d,protected,0,before,DoS-UDP_Flood,-0.2967545275237583,0.9256320602474448
cnn1d,protected,0,before,DNS_Spoofing,0.20163790134323223,0.7512915694003292
cnn1d,protected,0,before,MITM-ArpSpoofing,-0.0032381298890303833,0.5523012552301255
cnn1d,protected,0,before,Mirai-udpplain,-0.004400554400554424,0.9892581170518729
cnn1d,protected,0,before,Mirai-greeth_flood,-0.01816329994907484,0.9773205676648333
cnn1d,protected,0,before,Mirai-greip_flood,0.056798215975131794,0.97817272604406
cnn1d,protected,0,before,DDoS-UDP_Fragmentation,0.0022092050209205905,0.9857401084555132
cnn1d,protected,0,before,DDoS-ACK_Fragmentation,-0.010636162954043682,0.9883604254465181
cnn1d,protected,0,before,VulnerabilityScan,-0.02106318956870612,0.6228017385489802
cnn1d,protected,0,before,DDoS-ICMP_Fragmentation,0.0013699545576049132,0.9901764234161988
cnn1d,protected,0,before,BenignTraffic,0.07381182993220003,0.6763193052772211
cnn1d,protected,0,after,Uploading_Attack,0.02127659574468085,0.0
cnn1d,protected,0,after,Recon-PingSweep,0.0,0.0
cnn1d,protected,0,after,Backdoor_Malware,0.004140786749482402,0.006224066390041493
cnn1d,protected,0,after,XSS,0.025996533795493933,0.022530329289428077
cnn1d,protected,0,after,SqlInjection,0.03811944091486658,0.0241423125794155
cnn1d,protected,0,after,CommandInjection,0.04944375772558714,0.04084158415841584
cnn1d,protected,0,after,BrowserHijacking,0.01611047180667434,0.14516129032258066
cnn1d,protected,0,after,DictionaryBruteForce,-0.030612244897959218,0.20929045431342522
cnn1d,protected,0,after,DDoS-SlowLoris,0.04240182128628345,0.9430848036425725
cnn1d,protected,0,after,DDoS-HTTP_Flood,-0.031025700393609634,0.7144511347846225
cnn1d,protected,0,after,DoS-HTTP_Flood,0.027324442786533676,0.9177468991886599
cnn1d,protected,0,after,Recon-PortScan,0.0795879371936529,0.3142239946826188
cnn1d,protected,0,after,Recon-OSScan,-0.0017271157167530332,0.09167530224525043
cnn1d,protected,0,after,DDoS-ICMP_Flood,-6.163708086792674e-05,0.9974112426035503
cnn1d,protected,0,after,DDoS-RSTFINFlood,0.0,0.9914377452729218
cnn1d,protected,0,after,DDoS-TCP_Flood,-0.3293336439888165,0.6884720685035242
cnn1d,protected,0,after,DDoS-SynonymousIP_Flood,-0.27090940705964184,0.17992116856016693
cnn1d,protected,0,after,DDoS-UDP_Flood,0.507074950254256,0.7134486761373059
cnn1d,protected,0,after,DoS-TCP_Flood,0.3366896403187594,0.5617057936678871
cnn1d,protected,0,after,DDoS-PSHACK_Flood,5.17705529095025e-05,0.85130727413927
cnn1d,protected,0,after,DDoS-SYN_Flood,0.3537013482574408,0.4706929887045894
cnn1d,protected,0,after,Recon-HostDiscovery,-0.09525711432850725,0.7313030454318522
cnn1d,protected,0,after,DoS-SYN_Flood,-0.06265571652671406,0.3801042772112767
cnn1d,protected,0,after,DoS-UDP_Flood,-0.27837547068316293,0.9256320602474448
cnn1d,protected,0,after,DNS_Spoofing,0.13596877272205432,0.7512915694003292
cnn1d,protected,0,after,MITM-ArpSpoofing,0.01455339275968709,0.5523012552301255
cnn1d,protected,0,after,Mirai-udpplain,-0.0018711018711019545,0.9892581170518729
cnn1d,protected,0,after,Mirai-greeth_flood,-0.010388728569003636,0.9773205676648333
cnn1d,protected,0,after,Mirai-greip_flood,0.01108257872685503,0.97817272604406
cnn1d,protected,0,after,DDoS-UDP_Fragmentation,0.000635983263598372,0.9857401084555132
cnn1d,protected,0,after,DDoS-ACK_Fragmentation,-0.00933172787477421,0.9883604254465181
cnn1d,protected,0,after,VulnerabilityScan,-0.04998328318288192,0.6228017385489802
cnn1d,protected,0,after,DDoS-ICMP_Fragmentation,0.0009355787222667944,0.9901764234161988
cnn1d,protected,0,after,BenignTraffic,0.02284492835910623,0.6763193052772211
cnn1d,protected,1,before,Uploading_Attack,0.07446808510638298,0.031914893617021274
cnn1d,protected,1,before,Recon-PingSweep,0.0029411764705882353,0.0
cnn1d,protected,1,before,Backdoor_Malware,0.037267080745341616,0.016597510373443983
cnn1d,protected,1,before,XSS,0.03119584055459272,0.01733102253032929
cnn1d,protected,1,before,SqlInjection,0.0673443456162643,0.05590851334180432
cnn1d,protected,1,before,CommandInjection,0.014833127317676142,0.0024752475247524753
cnn1d,protected,1,before,BrowserHijacking,0.012658227848101267,0.16474654377880185
cnn1d,protected,1,before,DictionaryBruteForce,0.0010204081632653184,0.27462991322103114
cnn1d,protected,1,before,DDoS-SlowLoris,0.007398975526465512,0.950199203187251
cnn1d,protected,1,before,DDoS-HTTP_Flood,-0.028941884695531384,0.7399258916164891
cnn1d,protected,1,before,DoS-HTTP_Flood,0.06714538841742046,0.9195187913830085
cnn1d,protected,1,before,Recon-PortScan,-0.017363130348093364,0.23836822864739116
cnn1d,protected,1,before,Recon-OSScan,0.07260794473229705,0.16704663212435233
cnn1d,protected,1,before,DDoS-ICMP_Flood,6.163708086781572e-05,0.9980276134122288
cnn1d,protected,1,before,DDoS-RSTFINFlood,-0.00011891313395573366,0.9913188250683791
cnn1d,protected,1,before,DDoS-TCP_Flood,0.2131873252562908,0.6007456165899692
cnn1d,protected,1,before,DDoS-SynonymousIP_Flood,-0.1158639077261926,0.3382796197542314
cnn1d,protected,1,before,DDoS-UDP_Flood,0.12032942737121377,0.6633132496821624
cnn1d,protected,1,before,DoS-TCP_Flood,-0.25371527029937535,0.6855481369804006
cnn1d,protected,1,before,DDoS-PSHACK_Flood,-0.0003623938703665175,0.9542324618172405
cnn1d,protected,1,before,DDoS-SYN_Flood,0.06787077079623505,0.12887961738068587
cnn1d,protected,1,before,Recon-HostDiscovery,-0.0007488766849725881,0.7244133799301048
cnn1d,protected,1,before,DoS-SYN_Flood,0.005121343545261614,0.44064042818253124
cnn1d,protected,1,before,DoS-UDP_Flood,-0.06898870360408826,0.9318181818181818
cnn1d,protected,1,before,DNS_Spoofing,0.05101220772262827,0.7313535647315449
cnn1d,protected,1,before,MITM-ArpSpoofing,-0.045042750591231584,0.48888484627978895
cnn1d,protected,1,before,Mirai-udpplain,0.002633402633402615,0.9920995183478291
cnn1d,protected,1,before,Mirai-greeth_flood,0.004481412323883882,0.9867250628098051
cnn1d,protected,1,before,Mirai-greip_flood,0.004730368968779541,0.9769901338018652
cnn1d,protected,1,before,DDoS-UDP_Fragmentation,0.001874476987447693,0.9857401084555132
cnn1d,protected,1,before,DDoS-ACK_Fragmentation,-0.028128971837581118,0.988795237139608
cnn1d,protected,1,before,VulnerabilityScan,0.034871280508191216,0.6428953527248412
cnn1d,protected,1,before,DDoS-ICMP_Fragmentation,-0.000601443464314344,0.9890403635391607
cnn1d,protected,1,before,BenignTraffic,0.11803212985538225,0.7691716766867067
cnn1d,protected,1,after,Uploading_Attack,0.07446808510638298,0.031914893617021274
cnn1d,protected,1,after,Recon-PingSweep,0.0029411764705882353,0.0
cnn1d,protected,1,after,Backdoor_Malware,0.037267080745341616,0.016597510373443983
cnn1d,protected,1,after,XSS,0.03119584055459272,0.01733102253032929
cnn1d,protected,1,after,SqlInjection,0.06861499364675985,0.05590851334180432
cnn1d,protected,1,after,CommandInjection,0.018541409147095178,0.0024752475247524753
cnn1d,protected,1,after,BrowserHijacking,0.00805523590333717,0.16474654377880185
cnn1d,protected,1,after,DictionaryBruteForce,-0.04234693877551021,0.27462991322103114
cnn1d,protected,1,after,DDoS-SlowLoris,0.004268639726807022,0.950199203187251
cnn1d,protected,1,after,DDoS-HTTP_Flood,-0.02083815698078262,0.7399258916164891
cnn1d,protected,1,after,DoS-HTTP_Flood,0.08318567565047097,0.9195187913830085
cnn1d,protected,1,after,Recon-PortScan,-0.004153858934950572,0.23836822864739116
cnn1d,protected,1,after,Recon-OSScan,0.1038341968911917,0.16704663212435233
cnn1d,protected,1,after,DDoS-ICMP_Flood,6.163708086781572e-05,0.9980276134122288
cnn1d,protected,1,after,DDoS-RSTFINFlood,-0.00017836970093354498,0.9913188250683791
cnn1d,protected,1,after,DDoS-TCP_Flood,0.017416123019571295,0.6007456165899692
cnn1d,protected,1,after,DDoS-SynonymousIP_Flood,0.11679128267547667,0.3382796197542314
cnn1d,protected,1,after,DDoS-UDP_Flood,-0.06737784656201629,0.6633132496821624
cnn1d,protected,1,after,DoS-TCP_Flood,-0.09255869050183074,0.6855481369804006
cnn1d,protected,1,after,DDoS-PSHACK_Flood,-0.0006730171878236435,0.9542324618172405
cnn1d,protected,1,after,DDoS-SYN_Flood,-0.028440600356143486,0.12887961738068587
cnn1d,protected,1,after,Recon-HostDiscovery,0.073290064902646,0.7244133799301048
cnn1d,protected,1,after,DoS-SYN_Flood,0.005167481775399108,0.44064042818253124
cnn1d,protected,1,after,DoS-UDP_Flood,0.04818899049668279,0.9318181818181818
cnn1d,protected,1,after,DNS_Spoofing,0.09326087788450493,0.7313535647315449
cnn1d,protected,1,after,MITM-ArpSpoofing,-0.07236674549754413,0.48888484627978895
cnn1d,protected,1,after,Mirai-udpplain,0.0037768537768537724,0.9920995183478291
cnn1d,protected,1,after,Mirai-greeth_flood,0.008589373620777496,0.9867250628098051
cnn1d,protected,1,after,Mirai-greip_flood,0.0027030679821596904,0.9769901338018652
cnn1d,protected,1,after,DDoS-UDP_Fragmentation,0.0046527196652719205,0.9857401084555132
cnn1d,protected,1,after,DDoS-ACK_Fragmentation,-0.041641581376680725,0.988795237139608
cnn1d,protected,1,after,VulnerabilityScan,-0.06071547977265124,0.6428953527248412
cnn1d,protected,1,after,DDoS-ICMP_Fragmentation,-0.0007350975674953464,0.9890403635391607
cnn1d,protected,1,after,BenignTraffic,0.21852977522460837,0.7691716766867067
cnn1d,protected,2,before,Uploading_Attack,0.0,0.0
cnn1d,protected,2,before,Recon-PingSweep,0.0029411764705882353,0.0
cnn1d,protected,2,before,Backdoor_Malware,0.0,0.0
cnn1d,protected,2,before,XSS,-0.0017331022530329295,0.006932409012131715
cnn1d,protected,2,before,SqlInjection,0.013977128335451082,0.03303684879288437
cnn1d,protected,2,before,CommandInjection,0.06674907292954264,0.024752475247524754
cnn1d,protected,2,before,BrowserHijacking,0.003452243958573073,0.13940092165898618
cnn1d,protected,2,before,DictionaryBruteForce,0.034183673469387776,0.26544155181214907
cnn1d,protected,2,before,DDoS-SlowLoris,0.02532726237905525,0.9359704040978941
cnn1d,protected,2,before,DDoS-HTTP_Flood,0.032183375781430934,0.6987031032885596
cnn1d,protected,2,before,DoS-HTTP_Flood,-0.02107619136435701,0.9274456775156207
cnn1d,protected,2,before,Recon-PortScan,0.02176622081914098,0.2832336324360253
cnn1d,protected,2,before,Recon-OSScan,0.003039723661485319,0.08946459412780657
cnn1d,protected,2,before,DDoS-ICMP_Flood,0.0,0.9964250493096647
cnn1d,protected,2,before,DDoS-RSTFINFlood,0.00011891313395573366,0.9923891069092639
cnn1d,protected,2,before,DDoS-TCP_Flood,-0.39142590866728794,0.41003087318692844
cnn1d,protected,2,before,DDoS-SynonymousIP_Flood,0.09041905755520774,0.35926269418038487
cnn1d,protected,2,before,DDoS-UDP_Flood,-0.05250939641830643,0.6502680891050798
cnn1d,protected,2,before,DoS-TCP_Flood,0.40749515399526165,0.8789037260391988
cnn1d,protected,2,before,DDoS-PSHACK_Flood,-0.000310623317457015,0.9806885840020709
cnn1d,protected,2,before,DDoS-SYN_Flood,-0.02950903078097175,0.08634374681998576
cnn1d,protected,2,before,Recon-HostDiscovery,-0.045531702446330535,0.7136295556665002
cnn1d,protected,2,before,DoS-SYN_Flood,0.02210021223585862,0.46569464310432335
cnn1d,protected,2,before,DoS-UDP_Flood,0.029496144880760244,0.9310561233638157
cnn1d,protected,2,before,DNS_Spoofing,-0.10650185603306417,0.6431824270024109
cnn1d,protected,2,before,MITM-ArpSpoofing,0.024631617245770412,0.5815535746770966
cnn1d,protected,2,before,Mirai-udpplain,0.005717255717255787,0.9895006756990887
cnn1d,protected,2,before,Mirai-greeth_flood,-0.022916313019860857,0.96598085149725
cnn1d,protected,2,before,Mirai-greip_flood,0.006352209758075378,0.966752263819435
cnn1d,protected,2,before,DDoS-UDP_Fragmentation,-0.0015397489539749065,0.9844346254267925
cnn1d,protected,2,before,DDoS-ACK_Fragmentation,0.002207505518763808,0.9882600842865743
cnn1d,protected,2,before,VulnerabilityScan,-0.035941156803744545,0.5448679371447677
cnn1d,protected,2,before,DDoS-ICMP_Fragmentation,-0.0029738037957764973,0.989508152900294
cnn1d,protected,2,before,BenignTraffic,-0.052636852476537155,0.7181028724114896
cnn1d,protected,2,after,Uploading_Attack,0.0,0.0
cnn1d,protected,2,after,Recon-PingSweep,0.0029411764705882353,0.0
cnn1d,protected,2,after,Backdoor_Malware,0.0,0.0
cnn1d,protected,2,after,XSS,-0.0017331022530329295,0.006932409012131715
cnn1d,protected,2,after,SqlInjection,0.013977128335451082,0.03303684879288437
cnn1d,protected,2,after,CommandInjection,0.06427688504326329,0.024752475247524754
cnn1d,protected,2,after,BrowserHijacking,0.003452243958573073,0.13940092165898618
cnn1d,protected,2,after,DictionaryBruteForce,0.040306122448979576,0.26544155181214907
cnn1d,protected,2,after,DDoS-SlowLoris,0.0202048947068868,0.9359704040978941
cnn1d,protected,2,after,DDoS-HTTP_Flood,0.011808288955776791,0.6987031032885596
cnn1d,protected,2,after,DoS-HTTP_Flood,-0.014548167490441188,0.9274456775156207
cnn1d,protected,2,after,Recon-PortScan,0.035390878125778846,0.2832336324360253
cnn1d,protected,2,after,Recon-OSScan,0.005388601036269439,0.08946459412780657
cnn1d,protected,2,after,DDoS-ICMP_Flood,0.00018491124260344716,0.9964250493096647
cnn1d,protected,2,after,DDoS-RSTFINFlood,0.00011891313395573366,0.9923891069092639
cnn1d,protected,2,after,DDoS-TCP_Flood,-0.14958061509785653,0.41003087318692844
cnn1d,protected,2,after,DDoS-SynonymousIP_Flood,0.1647249753666029,0.35926269418038487
cnn1d,protected,2,after,DDoS-UDP_Flood,-0.08003537475127132,0.6502680891050798
cnn1d,protected,2,after,DoS-TCP_Flood,0.14058798190824895,0.8789037260391988
cnn1d,protected,2,after,DDoS-PSHACK_Flood,0.0,0.9806885840020709
cnn1d,protected,2,after,DDoS-SYN_Flood,-0.007377257695242917,0.08634374681998576
cnn1d,protected,2,after,Recon-HostDiscovery,-0.1016475287069396,0.7136295556665002
cnn1d,protected,2,after,DoS-SYN_Flood,-0.019931715419396534,0.46569464310432335
cnn1d,protected,2,after,DoS-UDP_Flood,0.05267168728707183,0.9310561233638157
cnn1d,protected,2,after,DNS_Spoofing,-0.08193333588458152,0.6431824270024109
cnn1d,protected,2,after,MITM-ArpSpoofing,0.0358741131526287,0.5815535746770966
cnn1d,protected,2,after,Mirai-udpplain,0.0035689535689535923,0.9895006756990887
cnn1d,protected,2,after,Mirai-greeth_flood,-0.02339161432693948,0.96598085149725
cnn1d,protected,2,after,Mirai-greip_flood,0.006960400054061289,0.966752263819435
cnn1d,protected,2,after,DDoS-UDP_Fragmentation,-0.0016736401673639323,0.9844346254267925
cnn1d,protected,2,after,DDoS-ACK_Fragmentation,0.004782928623988214,0.9882600842865743
cnn1d,protected,2,after,VulnerabilityScan,-0.0664660648612504,0.5448679371447677
cnn1d,protected,2,after,DDoS-ICMP_Fragmentation,-0.00300721732157172,0.989508152900294
cnn1d,protected,2,after,BenignTraffic,-0.03961123542967837,0.7181028724114896
cnn1d,protected,3,before,Uploading_Attack,0.0,0.0
cnn1d,protected,3,before,Recon-PingSweep,0.0029411764705882353,0.0
cnn1d,protected,3,before,Backdoor_Malware,0.022774327122153208,0.04564315352697095
cnn1d,protected,3,before,XSS,0.01386481802426343,0.008665511265164644
cnn1d,protected,3,before,SqlInjection,0.0241423125794155,0.029224904701397714
cnn1d,protected,3,before,CommandInjection,0.048207663782447466,0.007425742574257425
cnn1d,protected,3,before,BrowserHijacking,-0.0011507479861910244,0.13709677419354838
cnn1d,protected,3,before,DictionaryBruteForce,-0.015816326530612212,0.24859622256253192
cnn1d,protected,3,before,DDoS-SlowLoris,-0.0034149117814455954,0.9069436539556062
cnn1d,protected,3,before,DDoS-HTTP_Flood,0.013197499421162329,0.7744326076887448
cnn1d,protected,3,before,DoS-HTTP_Flood,0.00027977245173926857,0.8860393546582114
cnn1d,protected,3,before,Recon-PortScan,-0.04020935449032151,0.21070122964440013
cnn1d,protected,3,before,Recon-OSScan,0.11088082901554405,0.19495682210708118
cnn1d,protected,3,before,DDoS-ICMP_Flood,-6.163708086792674e-05,0.9975961538461539
cnn1d,protected,3,before,DDoS-RSTFINFlood,0.00017836970093354498,0.9924485670115353
cnn1d,protected,3,before,DDoS-TCP_Flood,-0.36917520969245105,0.5135434263412361
cnn1d,protected,3,before,DDoS-SynonymousIP_Flood,-0.437025444850171,0.09065615580802226
cnn1d,protected,3,before,DDoS-UDP_Flood,0.15620163608224624,0.7641921397379913
cnn1d,protected,3,before,DoS-TCP_Flood,0.45525522291621795,0.7857527460693517
cnn1d,protected,3,before,DDoS-PSHACK_Flood,-0.0004659349761855225,0.9491586849598758
cnn1d,protected,3,before,DDoS-SYN_Flood,0.3924701093869244,0.6429225602930702
cnn1d,protected,3,before,Recon-HostDiscovery,-0.024363454817773356,0.7575137294058911
cnn1d,protected,3,before,DoS-SYN_Flood,0.006182522838423937,0.371660591519402
cnn1d,protected,3,before,DoS-UDP_Flood,-0.14192218038371884,0.9154563385332616
cnn1d,protected,3,before,DNS_Spoofing,0.04106233974972251,0.7517507940760016
cnn1d,protected,3,before,MITM-ArpSpoofing,-0.0065854102237584144,0.5083863925777697
cnn1d,protected,3,before,Mirai-udpplain,0.0012127512127512174,0.9897432343463044
cnn1d,protected,3,before,Mirai-greeth_flood,-0.00016975046681377837,0.9810212534800027
cnn1d,protected,3,before,Mirai-greip_flood,0.0004054601973239036,0.9844235707528044
cnn1d,protected,3,before,DDoS-UDP_Fragmentation,0.00040167364016741036,0.9854053692173796
cnn1d,protected,3,before,DDoS-ACK_Fragmentation,-0.10987357013847077,0.988628001873035
cnn1d,protected,3,before,VulnerabilityScan,-0.03788030758943506,0.5707121364092277
cnn1d,protected,3,before,DDoS-ICMP_Fragmentation,-0.00043437583533811885,0.9892074311681368
cnn1d,protected,3,before,BenignTraffic,0.02160916469055807,0.7263527054108216
cnn1d,protected,3,after,Uploading_Attack,0.0,0.0
cnn1d,protected,3,after,Recon-PingSweep,0.0029411764705882353,0.0
cnn1d,protected,3,after,Backdoor_Malware,0.022774327122153208,0.04564315352697095
cnn1d,protected,3,after,XSS,0.01386481802426343,0.008665511265164644
cnn1d,protected,3,after,SqlInjection,0.03811944091486658,0.029224904701397714
cnn1d,protected,3,after,CommandInjection,0.048207663782447466,0.007425742574257425
cnn1d,protected,3,after,BrowserHijacking,0.002301495972382048,0.13709677419354838
cnn1d,protected,3,after,DictionaryBruteForce,-0.04183673469387755,0.24859622256253192
cnn1d,protected,3,after,DDoS-SlowLoris,0.027603870233352312,0.9069436539556062
cnn1d,protected,3,after,DDoS-HTTP_Flood,0.003704561241028026,0.7744326076887448
cnn1d,protected,3,after,DoS-HTTP_Flood,0.014734682458267367,0.8860393546582114
cnn1d,protected,3,after,Recon-PortScan,0.0004153858934950738,0.21070122964440013
cnn1d,protected,3,after,Recon-OSScan,0.13208981001727116,0.19495682210708118
cnn1d,protected,3,after,DDoS-ICMP_Flood,0.0003081854043391896,0.9975961538461539
cnn1d,protected,3,after,DDoS-RSTFINFlood,0.00017836970093354498,0.9924485670115353
cnn1d,protected,3,after,DDoS-TCP_Flood,-0.00867893755824789,0.5135434263412361
cnn1d,protected,3,after,DDoS-SynonymousIP_Flood,0.036341505825073894,0.09065615580802226
cnn1d,protected,3,after,DDoS-UDP_Flood,0.07489498120716331,0.7641921397379913
cnn1d,protected,3,after,DoS-TCP_Flood,0.13418048675425376,0.7857527460693517
cnn1d,protected,3,after,DDoS-PSHACK_Flood,-0.0003623938703665175,0.9491586849598758
cnn1d,protected,3,after,DDoS-SYN_Flood,-0.09972017298397362,0.6429225602930702
cnn1d,protected,3,after,Recon-HostDiscovery,-0.10289565651522714,0.7575137294058911
cnn1d,protected,3,after,DoS-SYN_Flood,0.027682938082495168,0.371660591519402
cnn1d,protected,3,after,DoS-UDP_Flood,-0.08969876277568578,0.9154563385332616
cnn1d,protected,3,after,DNS_Spoofing,0.0917301289655964,0.7517507940760016
cnn1d,protected,3,after,MITM-ArpSpoofing,0.0,0.5083863925777697
cnn1d,protected,3,after,Mirai-udpplain,0.0007276507276507971,0.9897432343463044
cnn1d,protected,3,after,Mirai-greeth_flood,0.009098625021218831,0.9810212534800027
cnn1d,protected,3,after,Mirai-greip_flood,-0.0020948776861738905,0.9844235707528044
cnn1d,protected,3,after,DDoS-UDP_Fragmentation,0.00241004184100424,0.9854053692173796
cnn1d,protected,3,after,DDoS-ACK_Fragmentation,-0.11074319352465045,0.988628001873035
cnn1d,protected,3,after,VulnerabilityScan,-0.028552323637579424,0.5707121364092277
cnn1d,protected,3,after,DDoS-ICMP_Fragmentation,-0.004210104250200519,0.9892074311681368
cnn1d,protected,3,after,BenignTraffic,0.054407000434187225,0.7263527054108216
cnn1d,protected,4,before,Uploading_Attack,-0.005319148936170213,0.015957446808510637
cnn1d,protected,4,before,Recon-PingSweep,0.0,0.0
cnn1d,protected,4,before,Backdoor_Malware,0.006211180124223602,0.002074688796680498
cnn1d,protected,4,before,XSS,-0.008665511265164644,0.005199306759098787
cnn1d,protected,4,before,SqlInjection,0.030495552731893263,0.015247776365946633
cnn1d,protected,4,before,CommandInjection,-0.004944375772558712,0.0049504950495049506
cnn1d,protected,4,before,BrowserHijacking,0.0046029919447640975,0.16589861751152074
cnn1d,protected,4,before,DictionaryBruteForce,-0.01479591836734695,0.2557427258805513
cnn1d,protected,4,before,DDoS-SlowLoris,-0.012521343198634072,0.9297097324985771
cnn1d,protected,4,before,DDoS-HTTP_Flood,0.019912016670525556,0.7607688744789254
cnn1d,protected,4,before,DoS-HTTP_Flood,-0.002704467033479374,0.8855730672386459
cnn1d,protected,4,before,Recon-PortScan,0.012627731162249745,0.2648720505151213
cnn1d,protected,4,before,Recon-OSScan,0.019067357512953367,0.0846286701208981
cnn1d,protected,4,before,DDoS-ICMP_Flood,0.00036982248520711636,0.9977810650887574
cnn1d,protected,4,before,DDoS-RSTFINFlood,5.945656697781132e-05,0.9918539659888215
cnn1d,protected,4,before,DDoS-TCP_Flood,-0.009261416589002813,0.42971981126580067
cnn1d,protected,4,before,DDoS-SynonymousIP_Flood,-0.11829826696806345,0.32778808254115466
cnn1d,protected,4,before,DDoS-UDP_Flood,0.027194340039796594,0.7080868940357083
cnn1d,protected,4,before,DoS-TCP_Flood,0.042267930217531724,0.8618350204609089
cnn1d,protected,4,before,DDoS-PSHACK_Flood,-0.000103541105819005,0.9900595392182242
cnn1d,protected,4,before,DDoS-SYN_Flood,-0.03276519969473417,0.06553373359112649
cnn1d,protected,4,before,Recon-HostDiscovery,0.055916125811283024,0.7879680479281078
cnn1d,protected,4,before,DoS-SYN_Flood,0.0469225800498293,0.5349051815623126
cnn1d,protected,4,before,DoS-UDP_Flood,-0.01869284561592255,0.9250941366325982
cnn1d,protected,4,before,DNS_Spoofing,0.025372163330909636,0.6957253836439478
cnn1d,protected,4,before,MITM-ArpSpoofing,-0.01837365835910497,0.5139894487902492
cnn1d,protected,4,before,Mirai-udpplain,-0.0018018018018018944,0.9879413701098444
cnn1d,protected,4,before,Mirai-greeth_flood,-0.0072653199796299806,0.9742649555238677
cnn1d,protected,4,before,Mirai-greip_flood,0.005541289363427571,0.9790174347884849
cnn1d,protected,4,before,DDoS-UDP_Fragmentation,0.0014393305439330817,0.9864430608555935
cnn1d,protected,4,before,DDoS-ACK_Fragmentation,-0.03144023011572683,0.9885611077664058
cnn1d,protected,4,before,VulnerabilityScan,0.02306920762286857,0.6340688732865263
cnn1d,protected,4,before,DDoS-ICMP_Fragmentation,0.0006348569901095669,0.9899759422614274
cnn1d,protected,4,before,BenignTraffic,-0.05383921712701645,0.6611556446225785
cnn1d,protected,4,after,Uploading_Attack,-0.005319148936170213,0.015957446808510637
cnn1d,protected,4,after,Recon-PingSweep,0.0,0.0
cnn1d,protected,4,after,Backdoor_Malware,0.006211180124223602,0.002074688796680498
cnn1d,protected,4,after,XSS,-0.005199306759098786,0.005199306759098787
cnn1d,protected,4,after,SqlInjection,0.02922490470139771,0.015247776365946633
cnn1d,protected,4,after,CommandInjection,0.002472187886279356,0.0049504950495049506
cnn1d,protected,4,after,BrowserHijacking,0.005753739930955121,0.16589861751152074
cnn1d,protected,4,after,DictionaryBruteForce,0.002551020408163296,0.2557427258805513
cnn1d,protected,4,after,DDoS-SlowLoris,-0.003984063745019917,0.9297097324985771
cnn1d,protected,4,after,DDoS-HTTP_Flood,0.045149340125028914,0.7607688744789254
cnn1d,protected,4,after,DoS-HTTP_Flood,-0.018278466846964436,0.8855730672386459
cnn1d,protected,4,after,Recon-PortScan,0.015701586774113152,0.2648720505151213
cnn1d,protected,4,after,Recon-OSScan,0.022176165803108813,0.0846286701208981
cnn1d,protected,4,after,DDoS-ICMP_Flood,0.00036982248520711636,0.9977810650887574
cnn1d,protected,4,after,DDoS-RSTFINFlood,5.945656697781132e-05,0.9918539659888215
cnn1d,protected,4,after,DDoS-TCP_Flood,-0.026386300093196646,0.42971981126580067
cnn1d,protected,4,after,DDoS-SynonymousIP_Flood,-0.107981220657277,0.32778808254115466
cnn1d,protected,4,after,DDoS-UDP_Flood,0.003537475127127987,0.7080868940357083
cnn1d,protected,4,after,DoS-TCP_Flood,0.12906525953047598,0.8618350204609089
cnn1d,protected,4,after,DDoS-PSHACK_Flood,-0.000103541105819005,0.9900595392182242
cnn1d,protected,4,after,DDoS-SYN_Flood,-0.02360722462477742,0.06553373359112649
cnn1d,protected,4,after,Recon-HostDiscovery,0.04623065401897153,0.7879680479281078
cnn1d,protected,4,after,DoS-SYN_Flood,0.04023253667989296,0.5349051815623126
cnn1d,protected,4,after,DoS-UDP_Flood,-0.0036758113681190085,0.9250941366325982
cnn1d,protected,4,after,DNS_Spoofing,0.015843251310703743,0.6957253836439478
cnn1d,protected,4,after,MITM-ArpSpoofing,-0.023212661451700922,0.5139894487902492
cnn1d,protected,4,after,Mirai-udpplain,-0.0010048510048510373,0.9879413701098444
cnn1d,protected,4,after,Mirai-greeth_flood,-0.006925819046002424,0.9742649555238677
cnn1d,protected,4,after,Mirai-greip_flood,0.005304770914988599,0.9790174347884849
cnn1d,protected,4,after,DDoS-UDP_Fragmentation,0.0011715481171548081,0.9864430608555935
cnn1d,protected,4,after,DDoS-ACK_Fragmentation,-0.03137333600909764,0.9885611077664058
cnn1d,protected,4,after,VulnerabilityScan,0.010565028418589084,0.6340688732865263
cnn1d,protected,4,after,DDoS-ICMP_Fragmentation,0.0007350975674952354,0.9899759422614274
cnn1d,protected,4,after,BenignTraffic,-0.03627133362279156,0.6611556446225785
cnn1d,global80,0,before,Uploading_Attack,0.02127659574468085,0.0
cnn1d,global80,0,before,Recon-PingSweep,0.0,0.0
cnn1d,global80,0,before,Backdoor_Malware,-0.06832298136645963,0.006224066390041493
cnn1d,global80,0,before,XSS,0.02772963604852686,0.022530329289428077
cnn1d,global80,0,before,SqlInjection,0.043202033036848796,0.0241423125794155
cnn1d,global80,0,before,CommandInjection,0.04944375772558714,0.04084158415841584
cnn1d,global80,0,before,BrowserHijacking,0.0,0.14516129032258066
cnn1d,global80,0,before,DictionaryBruteForce,-0.037755102040816335,0.20929045431342522
cnn1d,global80,0,before,DDoS-SlowLoris,0.035571997723392146,0.9430848036425725
cnn1d,global80,0,before,DDoS-HTTP_Flood,-0.07455429497568877,0.7144511347846225
cnn1d,global80,0,before,DoS-HTTP_Flood,0.1370885013522336,0.9177468991886599
cnn1d,global80,0,before,Recon-PortScan,0.12154191243665366,0.3142239946826188
cnn1d,global80,0,before,Recon-OSScan,0.008082901554404137,0.09167530224525043
cnn1d,global80,0,before,DDoS-ICMP_Flood,0.0002465483234713739,0.9974112426035503
cnn1d,global80,0,before,DDoS-RSTFINFlood,0.0,0.9914377452729218
cnn1d,global80,0,before,DDoS-TCP_Flood,-0.11067101584342964,0.6884720685035242
cnn1d,global80,0,before,DDoS-SynonymousIP_Flood,-0.534805541065322,0.17992116856016693
cnn1d,global80,0,before,DDoS-UDP_Flood,0.07240769400840141,0.7134486761373059
cnn1d,global80,0,before,DoS-TCP_Flood,0.05352143010984278,0.5617057936678871
cnn1d,global80,0,before,DDoS-PSHACK_Flood,-0.0001553116587285075,0.85130727413927
cnn1d,global80,0,before,DDoS-SYN_Flood,0.39068939201221065,0.4706929887045894
cnn1d,global80,0,before,Recon-HostDiscovery,-0.09480778831752368,0.7313030454318522
cnn1d,global80,0,before,DoS-SYN_Flood,0.0025376026575620325,0.3801042772112767
cnn1d,global80,0,before,DoS-UDP_Flood,-0.03913394298009687,0.9256320602474448
cnn1d,global80,0,before,DNS_Spoofing,-0.034786269182197405,0.7512915694003292
cnn1d,global80,0,before,MITM-ArpSpoofing,-0.00989630707658723,0.5523012552301255
cnn1d,global80,0,before,Mirai-udpplain,-0.0012127512127512174,0.9892581170518729
cnn1d,global80,0,before,Mirai-greeth_flood,-0.014360889492446183,0.9773205676648333
cnn1d,global80,0,before,Mirai-greip_flood,0.024969590485200754,0.97817272604406
cnn1d,global80,0,before,DDoS-UDP_Fragmentation,0.009774058577405875,0.9857401084555132
cnn1d,global80,0,before,DDoS-ACK_Fragmentation,-0.015285303364773517,0.9883604254465181
cnn1d,global80,0,before,VulnerabilityScan,0.20434637245068543,0.6228017385489802
cnn1d,global80,0,before,DDoS-ICMP_Fragmentation,0.007451216252339021,0.9901764234161988
cnn1d,global80,0,before,BenignTraffic,0.15737617314050967,0.6763193052772211
cnn1d,global80,0,after,Uploading_Attack,0.02127659574468085,0.0
cnn1d,global80,0,after,Recon-PingSweep,0.0,0.0
cnn1d,global80,0,after,Backdoor_Malware,-0.041407867494824016,0.006224066390041493
cnn1d,global80,0,after,XSS,0.022530329289428074,0.022530329289428077
cnn1d,global80,0,after,SqlInjection,0.026683608640406607,0.0241423125794155
cnn1d,global80,0,after,CommandInjection,0.02348578491965389,0.04084158415841584
cnn1d,global80,0,after,BrowserHijacking,0.009205983889528195,0.14516129032258066
cnn1d,global80,0,after,DictionaryBruteForce,-0.05408163265306126,0.20929045431342522
cnn1d,global80,0,after,DDoS-SlowLoris,0.026180990324416675,0.9430848036425725
cnn1d,global80,0,after,DDoS-HTTP_Flood,-0.06969205834683956,0.7144511347846225
cnn1d,global80,0,after,DoS-HTTP_Flood,0.1235661661848364,0.9177468991886599
cnn1d,global80,0,after,Recon-PortScan,0.11639112735731494,0.3142239946826188
cnn1d,global80,0,after,Recon-OSScan,0.02044905008635578,0.09167530224525043
cnn1d,global80,0,after,DDoS-ICMP_Flood,0.00012327416173563144,0.9974112426035503
cnn1d,global80,0,after,DDoS-RSTFINFlood,5.945656697792234e-05,0.9914377452729218
cnn1d,global80,0,after,DDoS-TCP_Flood,0.13641658900279585,0.6884720685035242
cnn1d,global80,0,after,DDoS-SynonymousIP_Flood,-0.543905407755173,0.17992116856016693
cnn1d,global80,0,after,DDoS-UDP_Flood,0.13879062569091305,0.7134486761373059
cnn1d,global80,0,after,DoS-TCP_Flood,-0.32231315959508944,0.5617057936678871
cnn1d,global80,0,after,DDoS-PSHACK_Flood,-0.0001553116587285075,0.85130727413927
cnn1d,global80,0,after,DDoS-SYN_Flood,0.3868226914271178,0.4706929887045894
cnn1d,global80,0,after,Recon-HostDiscovery,-0.101298052920619,0.7313030454318522
cnn1d,global80,0,after,DoS-SYN_Flood,-0.0007382116821998963,0.3801042772112767
cnn1d,global80,0,after,DoS-UDP_Flood,-0.0792989062219831,0.9256320602474448
cnn1d,global80,0,after,DNS_Spoofing,0.02774482415521795,0.7512915694003292
cnn1d,global80,0,after,MITM-ArpSpoofing,0.004839003092595953,0.5523012552301255
cnn1d,global80,0,after,Mirai-udpplain,-0.0005544005544005914,0.9892581170518729
cnn1d,global80,0,after,Mirai-greeth_flood,-0.013444236971651646,0.9773205676648333
cnn1d,global80,0,after,Mirai-greip_flood,0.020948776861738128,0.97817272604406
cnn1d,global80,0,after,DDoS-UDP_Fragmentation,0.005188284518828468,0.9857401084555132
cnn1d,global80,0,after,DDoS-ACK_Fragmentation,-0.012074386246571644,0.9883604254465181
cnn1d,global80,0,after,VulnerabilityScan,0.08448679371447676,0.6228017385489802
cnn1d,global80,0,after,DDoS-ICMP_Fragmentation,0.006482224004277004,0.9901764234161988
cnn1d,global80,0,after,BenignTraffic,0.08399853044320504,0.6763193052772211
cnn1d,global80,1,before,Uploading_Attack,0.07446808510638298,0.031914893617021274
cnn1d,global80,1,before,Recon-PingSweep,0.0029411764705882353,0.0
cnn1d,global80,1,before,Backdoor_Malware,0.031055900621118016,0.016597510373443983
cnn1d,global80,1,before,XSS,0.027729636048526865,0.01733102253032929
cnn1d,global80,1,before,SqlInjection,0.0673443456162643,0.05590851334180432
cnn1d,global80,1,before,CommandInjection,-0.021013597033374534,0.0024752475247524753
cnn1d,global80,1,before,BrowserHijacking,0.013808975834292291,0.16474654377880185
cnn1d,global80,1,before,DictionaryBruteForce,0.057142857142857106,0.27462991322103114
cnn1d,global80,1,before,DDoS-SlowLoris,0.028173022196926523,0.950199203187251
cnn1d,global80,1,before,DDoS-HTTP_Flood,-0.02292197267886087,0.7399258916164891
cnn1d,global80,1,before,DoS-HTTP_Flood,0.08672946003916815,0.9195187913830085
cnn1d,global80,1,before,Recon-PortScan,0.09462490653817397,0.23836822864739116
cnn1d,global80,1,before,Recon-OSScan,0.08580310880829015,0.16704663212435233
cnn1d,global80,1,before,DDoS-ICMP_Flood,0.0002465483234713739,0.9980276134122288
cnn1d,global80,1,before,DDoS-RSTFINFlood,-5.945656697792234e-05,0.9913188250683791
cnn1d,global80,1,before,DDoS-TCP_Flood,-0.06826654240447338,0.6007456165899692
cnn1d,global80,1,before,DDoS-SynonymousIP_Flood,0.06056917637512316,0.3382796197542314
cnn1d,global80,1,before,DDoS-UDP_Flood,-0.01580809197435329,0.6633132496821624
cnn1d,global80,1,before,DoS-TCP_Flood,0.15351066121042428,0.6855481369804006
cnn1d,global80,1,before,DDoS-PSHACK_Flood,-5.17705529095025e-05,0.9542324618172405
cnn1d,global80,1,before,DDoS-SYN_Flood,-0.08354108369371663,0.12887961738068587
cnn1d,global80,1,before,Recon-HostDiscovery,0.015626560159760272,0.7244133799301048
cnn1d,global80,1,before,DoS-SYN_Flood,0.05476607917320292,0.44064042818253124
cnn1d,global80,1,before,DoS-UDP_Flood,0.0065447373139680964,0.9318181818181818
cnn1d,global80,1,before,DNS_Spoofing,0.01706785044583059,0.7313535647315449
cnn1d,global80,1,before,MITM-ArpSpoofing,-0.06338002546843732,0.48888484627978895
cnn1d,global80,1,before,Mirai-udpplain,0.00561330561330553,0.9920995183478291
cnn1d,global80,1,before,Mirai-greeth_flood,0.013342386691563402,0.9867250628098051
cnn1d,global80,1,before,Mirai-greip_flood,0.01101500202730099,0.9769901338018652
cnn1d,global80,1,before,DDoS-UDP_Fragmentation,0.002979079497907877,0.9857401084555132
cnn1d,global80,1,before,DDoS-ACK_Fragmentation,-0.07923606930229443,0.988795237139608
cnn1d,global80,1,before,VulnerabilityScan,0.048077566031427654,0.6428953527248412
cnn1d,global80,1,before,DDoS-ICMP_Fragmentation,0.002806736166800272,0.9890403635391607
cnn1d,global80,1,before,BenignTraffic,0.06429310978257241,0.7691716766867067
cnn1d,global80,1,after,Uploading_Attack,0.07446808510638298,0.031914893617021274
cnn1d,global80,1,after,Recon-PingSweep,0.0029411764705882353,0.0
cnn1d,global80,1,after,Backdoor_Malware,0.033126293995859216,0.016597510373443983
cnn1d,global80,1,after,XSS,0.029462738301559793,0.01733102253032929
cnn1d,global80,1,after,SqlInjection,0.06607369758576875,0.05590851334180432
cnn1d,global80,1,after,CommandInjection,-0.023485784919653897,0.0024752475247524753
cnn1d,global80,1,after,BrowserHijacking,0.009205983889528195,0.16474654377880185
cnn1d,global80,1,after,DictionaryBruteForce,0.057653061224489766,0.27462991322103114
cnn1d,global80,1,after,DDoS-SlowLoris,0.009960159362549792,0.950199203187251
cnn1d,global80,1,after,DDoS-HTTP_Flood,-0.01643899050706188,0.7399258916164891
cnn1d,global80,1,after,DoS-HTTP_Flood,0.10444838198265405,0.9195187913830085
cnn1d,global80,1,after,Recon-PortScan,0.1116557281714713,0.23836822864739116
cnn1d,global80,1,after,Recon-OSScan,0.050639032815198604,0.16704663212435233
cnn1d,global80,1,after,DDoS-ICMP_Flood,0.0002465483234713739,0.9980276134122288
cnn1d,global80,1,after,DDoS-RSTFINFlood,-5.945656697792234e-05,0.9913188250683791
cnn1d,global80,1,after,DDoS-TCP_Flood,-0.1071178937558247,0.6007456165899692
cnn1d,global80,1,after,DDoS-SynonymousIP_Flood,-0.19138700515852325,0.3382796197542314
cnn1d,global80,1,after,DDoS-UDP_Flood,-0.17930577050630114,0.6633132496821624
cnn1d,global80,1,after,DoS-TCP_Flood,0.2029399095412449,0.6855481369804006
cnn1d,global80,1,after,DDoS-PSHACK_Flood,-0.0004659349761855225,0.9542324618172405
cnn1d,global80,1,after,DDoS-SYN_Flood,-0.008598321037903867,0.12887961738068587
cnn1d,global80,1,after,Recon-HostDiscovery,0.03459810284573139,0.7244133799301048
cnn1d,global80,1,after,DoS-SYN_Flood,0.08660145796807235,0.44064042818253124
cnn1d,global80,1,after,DoS-UDP_Flood,0.1976869284561592,0.9318181818181818
cnn1d,global80,1,after,DNS_Spoofing,0.08235429183728132,0.7313535647315449
cnn1d,global80,1,after,MITM-ArpSpoofing,-0.08841186101509915,0.48888484627978895
cnn1d,global80,1,after,Mirai-udpplain,0.003880803880803807,0.9920995183478291
cnn1d,global80,1,after,Mirai-greeth_flood,0.006314717365472733,0.9867250628098051
cnn1d,global80,1,after,Mirai-greip_flood,0.017401000135153333,0.9769901338018652
cnn1d,global80,1,after,DDoS-UDP_Fragmentation,0.0052552301255229805,0.9857401084555132
cnn1d,global80,1,after,DDoS-ACK_Fragmentation,-0.0795036457288113,0.988795237139608
cnn1d,global80,1,after,VulnerabilityScan,0.2286860581745236,0.6428953527248412
cnn1d,global80,1,after,DDoS-ICMP_Fragmentation,0.003274525527933725,0.9890403635391607
cnn1d,global80,1,after,BenignTraffic,0.03597074246017162,0.7691716766867067
cnn1d,global80,2,before,Uploading_Attack,0.0,0.0
cnn1d,global80,2,before,Recon-PingSweep,0.0029411764705882353,0.0
cnn1d,global80,2,before,Backdoor_Malware,-0.006211180124223602,0.0
cnn1d,global80,2,before,XSS,-0.010398613518197573,0.006932409012131715
cnn1d,global80,2,before,SqlInjection,0.03430749682337993,0.03303684879288437
cnn1d,global80,2,before,CommandInjection,0.042027194066749075,0.024752475247524754
cnn1d,global80,2,before,BrowserHijacking,0.003452243958573073,0.13940092165898618
cnn1d,global80,2,before,DictionaryBruteForce,0.06428571428571428,0.26544155181214907
cnn1d,global80,2,before,DDoS-SlowLoris,0.059476380193511647,0.9359704040978941
cnn1d,global80,2,before,DDoS-HTTP_Flood,-0.048390831210928464,0.6987031032885596
cnn1d,global80,2,before,DoS-HTTP_Flood,0.034225496596101745,0.9274456775156207
cnn1d,global80,2,before,Recon-PortScan,-0.011464650660463566,0.2832336324360253
cnn1d,global80,2,before,Recon-OSScan,0.02528497409326426,0.08946459412780657
cnn1d,global80,2,before,DDoS-ICMP_Flood,0.00018491124260344716,0.9964250493096647
cnn1d,global80,2,before,DDoS-RSTFINFlood,0.00011891313395573366,0.9923891069092639
cnn1d,global80,2,before,DDoS-TCP_Flood,-0.42678238583410993,0.41003087318692844
cnn1d,global80,2,before,DDoS-SynonymousIP_Flood,-0.07703008172491743,0.35926269418038487
cnn1d,global80,2,before,DDoS-UDP_Flood,-0.03476674773380506,0.6502680891050798
cnn1d,global80,2,before,DoS-TCP_Flood,0.48072367004092176,0.8789037260391988
cnn1d,global80,2,before,DDoS-PSHACK_Flood,-5.17705529095025e-05,0.9806885840020709
cnn1d,global80,2,before,DDoS-SYN_Flood,-0.011701857033833613,0.08634374681998576
cnn1d,global80,2,before,Recon-HostDiscovery,-0.014428357463804331,0.7136295556665002
cnn1d,global80,2,before,DoS-SYN_Flood,0.06270185475685153,0.46569464310432335
cnn1d,global80,2,before,DoS-UDP_Flood,0.01900663439124972,0.9310561233638157
cnn1d,global80,2,before,DNS_Spoofing,-0.09031418621560594,0.6431824270024109
cnn1d,global80,2,before,MITM-ArpSpoofing,-0.003820265599417866,0.5815535746770966
cnn1d,global80,2,before,Mirai-udpplain,0.00471240471240475,0.9895006756990887
cnn1d,global80,2,before,Mirai-greeth_flood,-0.01571889322695641,0.96598085149725
cnn1d,global80,2,before,Mirai-greip_flood,0.004088390323016555,0.966752263819435
cnn1d,global80,2,before,DDoS-UDP_Fragmentation,-0.000635983263598261,0.9844346254267925
cnn1d,global80,2,before,DDoS-ACK_Fragmentation,0.0015385644524718023,0.9882600842865743
cnn1d,global80,2,before,VulnerabilityScan,-0.06101638248077568,0.5448679371447677
cnn1d,global80,2,before,DDoS-ICMP_Fragmentation,0.00033413525795245036,0.989508152900294
cnn1d,global80,2,before,BenignTraffic,0.039811629538091586,0.7181028724114896
cnn1d,global80,2,after,Uploading_Attack,0.0,0.0
cnn1d,global80,2,after,Recon-PingSweep,0.0029411764705882353,0.0
cnn1d,global80,2,after,Backdoor_Malware,-0.002070393374741201,0.0
cnn1d,global80,2,after,XSS,-0.008665511265164644,0.006932409012131715
cnn1d,global80,2,after,SqlInjection,0.043202033036848796,0.03303684879288437
cnn1d,global80,2,after,CommandInjection,0.049443757725587144,0.024752475247524754
cnn1d,global80,2,after,BrowserHijacking,0.0046029919447640975,0.13940092165898618
cnn1d,global80,2,after,DictionaryBruteForce,0.08265306122448979,0.26544155181214907
cnn1d,global80,2,after,DDoS-SlowLoris,0.03898690950483785,0.9359704040978941
cnn1d,global80,2,after,DDoS-HTTP_Flood,-0.03287798101412365,0.6987031032885596
cnn1d,global80,2,after,DoS-HTTP_Flood,0.02835027510957744,0.9274456775156207
cnn1d,global80,2,after,Recon-PortScan,-0.0102184929799784,0.2832336324360253
cnn1d,global80,2,after,Recon-OSScan,0.03115716753022453,0.08946459412780657
cnn1d,global80,2,after,DDoS-ICMP_Flood,0.00012327416173563144,0.9964250493096647
cnn1d,global80,2,after,DDoS-RSTFINFlood,0.00011891313395573366,0.9923891069092639
cnn1d,global80,2,after,DDoS-TCP_Flood,-0.4164725069897484,0.41003087318692844
cnn1d,global80,2,after,DDoS-SynonymousIP_Flood,-0.02979192024575439,0.35926269418038487
cnn1d,global80,2,after,DDoS-UDP_Flood,-0.04388680079593199,0.6502680891050798
cnn1d,global80,2,after,DoS-TCP_Flood,0.4653779883695886,0.8789037260391988
cnn1d,global80,2,after,DDoS-PSHACK_Flood,-0.0001553116587285075,0.9806885840020709
cnn1d,global80,2,after,DDoS-SYN_Flood,-0.02116509793945559,0.08634374681998576
cnn1d,global80,2,after,Recon-HostDiscovery,-0.01248127808287569,0.7136295556665002
cnn1d,global80,2,after,DoS-SYN_Flood,0.05665774660884007,0.46569464310432335
cnn1d,global80,2,after,DoS-UDP_Flood,0.024430697507620502,0.9310561233638157
cnn1d,global80,2,after,DNS_Spoofing,-0.09042899238452418,0.6431824270024109
cnn1d,global80,2,after,MITM-ArpSpoofing,0.029397853374567934,0.5815535746770966
cnn1d,global80,2,after,Mirai-udpplain,0.005544005544005581,0.9895006756990887
cnn1d,global80,2,after,Mirai-greeth_flood,-0.01670344593447637,0.96598085149725
cnn1d,global80,2,after,Mirai-greip_flood,0.007027976753615328,0.966752263819435
cnn1d,global80,2,after,DDoS-UDP_Fragmentation,0.00060251046025106,0.9844346254267925
cnn1d,global80,2,after,DDoS-ACK_Fragmentation,0.0008361763328651461,0.9882600842865743
cnn1d,global80,2,after,VulnerabilityScan,-0.08365095285857571,0.5448679371447677
cnn1d,global80,2,after,DDoS-ICMP_Fragmentation,0.0014701951349906928,0.989508152900294
cnn1d,global80,2,after,BenignTraffic,-0.020974583347249554,0.7181028724114896
cnn1d,global80,3,before,Uploading_Attack,-0.010638297872340425,0.0
cnn1d,global80,3,before,Recon-PingSweep,0.0029411764705882353,0.0
cnn1d,global80,3,before,Backdoor_Malware,0.018633540372670808,0.04564315352697095
cnn1d,global80,3,before,XSS,0.005199306759098786,0.008665511265164644
cnn1d,global80,3,before,SqlInjection,0.025412960609911054,0.029224904701397714
cnn1d,global80,3,before,CommandInjection,0.018541409147095178,0.007425742574257425
cnn1d,global80,3,before,BrowserHijacking,-0.0011507479861910244,0.13709677419354838
cnn1d,global80,3,before,DictionaryBruteForce,-0.012244897959183654,0.24859622256253192
cnn1d,global80,3,before,DDoS-SlowLoris,-0.021627774615822437,0.9069436539556062
cnn1d,global80,3,before,DDoS-HTTP_Flood,0.010650613567955491,0.7744326076887448
cnn1d,global80,3,before,DoS-HTTP_Flood,0.06229599925394014,0.8860393546582114
cnn1d,global80,3,before,Recon-PortScan,-0.032233945335216396,0.21070122964440013
cnn1d,global80,3,before,Recon-OSScan,0.0898791018998273,0.19495682210708118
cnn1d,global80,3,before,DDoS-ICMP_Flood,6.163708086781572e-05,0.9975961538461539
cnn1d,global80,3,before,DDoS-RSTFINFlood,0.00041619596884479026,0.9924485670115353
cnn1d,global80,3,before,DDoS-TCP_Flood,-0.5471225535880708,0.5135434263412361
cnn1d,global80,3,before,DDoS-SynonymousIP_Flood,-0.5518460557584188,0.09065615580802226
cnn1d,global80,3,before,DDoS-UDP_Flood,0.13237895202299355,0.7641921397379913
cnn1d,global80,3,before,DoS-TCP_Flood,0.6964785698901572,0.7857527460693517
cnn1d,global80,3,before,DDoS-PSHACK_Flood,-0.00062124663491403,0.9491586849598758
cnn1d,global80,3,before,DDoS-SYN_Flood,0.40162808445688114,0.6429225602930702
cnn1d,global80,3,before,Recon-HostDiscovery,0.0029955067398901303,0.7575137294058911
cnn1d,global80,3,before,DoS-SYN_Flood,0.040555504290855415,0.371660591519402
cnn1d,global80,3,before,DoS-UDP_Flood,-0.12466379774072078,0.9154563385332616
cnn1d,global80,3,before,DNS_Spoofing,0.09276338448585963,0.7517507940760016
cnn1d,global80,3,before,MITM-ArpSpoofing,-0.021793705657631432,0.5083863925777697
cnn1d,global80,3,before,Mirai-udpplain,0.0006930006930007115,0.9897432343463044
cnn1d,global80,3,before,Mirai-greeth_flood,0.004345611950432926,0.9810212534800027
cnn1d,global80,3,before,Mirai-greip_flood,0.006960400054061289,0.9844235707528044
cnn1d,global80,3,before,DDoS-UDP_Fragmentation,0.000635983263598372,0.9854053692173796
cnn1d,global80,3,before,DDoS-ACK_Fragmentation,-0.11315138136330183,0.988628001873035
cnn1d,global80,3,before,VulnerabilityScan,0.007221664994984889,0.5707121364092277
cnn1d,global80,3,before,DDoS-ICMP_Fragmentation,0.002606255012028935,0.9892074311681368
cnn1d,global80,3,before,BenignTraffic,0.008216158444941724,0.7263527054108216
cnn1d,global80,3,after,Uploading_Attack,0.0,0.0
cnn1d,global80,3,after,Recon-PingSweep,0.0029411764705882353,0.0
cnn1d,global80,3,after,Backdoor_Malware,0.018633540372670808,0.04564315352697095
cnn1d,global80,3,after,XSS,0.01386481802426343,0.008665511265164644
cnn1d,global80,3,after,SqlInjection,0.020330368487928845,0.029224904701397714
cnn1d,global80,3,after,CommandInjection,0.022249690976514216,0.007425742574257425
cnn1d,global80,3,after,BrowserHijacking,-0.0034522439585730723,0.13709677419354838
cnn1d,global80,3,after,DictionaryBruteForce,-0.023979591836734704,0.24859622256253192
cnn1d,global80,3,after,DDoS-SlowLoris,-0.03016505406943648,0.9069436539556062
cnn1d,global80,3,after,DDoS-HTTP_Flood,0.011808288955776791,0.7744326076887448
cnn1d,global80,3,after,DoS-HTTP_Flood,0.12636389070222886,0.8860393546582114
cnn1d,global80,3,after,Recon-PortScan,-0.02749854614937275,0.21070122964440013
cnn1d,global80,3,after,Recon-OSScan,0.07240069084628671,0.19495682210708118
cnn1d,global80,3,after,DDoS-ICMP_Flood,6.163708086781572e-05,0.9975961538461539
cnn1d,global80,3,after,DDoS-RSTFINFlood,0.0002972828348891676,0.9924485670115353
cnn1d,global80,3,after,DDoS-TCP_Flood,-0.5617427772600185,0.5135434263412361
cnn1d,global80,3,after,DDoS-SynonymousIP_Flood,-0.5668579377499565,0.09065615580802226
cnn1d,global80,3,after,DDoS-UDP_Flood,0.008235684280344824,0.7641921397379913
cnn1d,global80,3,after,DoS-TCP_Flood,0.7229700624596166,0.7857527460693517
cnn1d,global80,3,after,DDoS-PSHACK_Flood,-0.0005694760820045275,0.9491586849598758
cnn1d,global80,3,after,DDoS-SYN_Flood,0.4246247774103281,0.6429225602930702
cnn1d,global80,3,after,Recon-HostDiscovery,-0.023215177234148787,0.7575137294058911
cnn1d,global80,3,after,DoS-SYN_Flood,0.029159361446894905,0.371660591519402
cnn1d,global80,3,after,DoS-UDP_Flood,-0.014344629729245106,0.9154563385332616
cnn1d,global80,3,after,DNS_Spoofing,0.19547663694462514,0.7517507940760016
cnn1d,global80,3,after,MITM-ArpSpoofing,-0.050500272876114236,0.5083863925777697
cnn1d,global80,3,after,Mirai-udpplain,-0.0008316008316008316,0.9897432343463044
cnn1d,global80,3,after,Mirai-greeth_flood,0.006586318112374867,0.9810212534800027
cnn1d,global80,3,after,Mirai-greip_flood,0.005879172861197435,0.9844235707528044
cnn1d,global80,3,after,DDoS-UDP_Fragmentation,0.002979079497907988,0.9854053692173796
cnn1d,global80,3,after,DDoS-ACK_Fragmentation,-0.10830155863268442,0.988628001873035
cnn1d,global80,3,after,VulnerabilityScan,0.0805416248746238,0.5707121364092277
cnn1d,global80,3,after,DDoS-ICMP_Fragmentation,0.00410986367281474,0.9892074311681368
cnn1d,global80,3,after,BenignTraffic,0.046491433151865325,0.7263527054108216
cnn1d,global80,4,before,Uploading_Attack,-0.005319148936170213,0.015957446808510637
cnn1d,global80,4,before,Recon-PingSweep,0.0,0.0
cnn1d,global80,4,before,Backdoor_Malware,0.004140786749482401,0.002074688796680498
cnn1d,global80,4,before,XSS,-0.005199306759098786,0.005199306759098787
cnn1d,global80,4,before,SqlInjection,0.003811944091486656,0.015247776365946633
cnn1d,global80,4,before,CommandInjection,-0.0037082818294190342,0.0049504950495049506
cnn1d,global80,4,before,BrowserHijacking,0.0023014959723820488,0.16589861751152074
cnn1d,global80,4,before,DictionaryBruteForce,0.03316326530612246,0.2557427258805513
cnn1d,global80,4,before,DDoS-SlowLoris,0.00939100739897547,0.9297097324985771
cnn1d,global80,4,before,DDoS-HTTP_Flood,0.015744385274369055,0.7607688744789254
cnn1d,global80,4,before,DoS-HTTP_Flood,0.020423388976965495,0.8855730672386459
cnn1d,global80,4,before,Recon-PortScan,0.04045858602641855,0.2648720505151213
cnn1d,global80,4,before,Recon-OSScan,0.00891191709844559,0.0846286701208981
cnn1d,global80,4,before,DDoS-ICMP_Flood,0.00012327416173574246,0.9977810650887574
cnn1d,global80,4,before,DDoS-RSTFINFlood,0.0,0.9918539659888215
cnn1d,global80,4,before,DDoS-TCP_Flood,-0.0757805219012116,0.42971981126580067
cnn1d,global80,4,before,DDoS-SynonymousIP_Flood,-0.15278502289456908,0.32778808254115466
cnn1d,global80,4,before,DDoS-UDP_Flood,-0.035816935662171145,0.7080868940357083
cnn1d,global80,4,before,DoS-TCP_Flood,0.1378957570536291,0.8618350204609089
cnn1d,global80,4,before,DDoS-PSHACK_Flood,0.0,0.9900595392182242
cnn1d,global80,4,before,DDoS-SYN_Flood,-0.05092851691681506,0.06553373359112649
cnn1d,global80,4,before,Recon-HostDiscovery,0.07234148776834748,0.7879680479281078
cnn1d,global80,4,before,DoS-SYN_Flood,0.05070591492110363,0.5349051815623126
cnn1d,global80,4,before,DoS-UDP_Flood,0.045454545454545525,0.9250941366325982
cnn1d,global80,4,before,DNS_Spoofing,0.008189506716160921,0.6957253836439478
cnn1d,global80,4,before,MITM-ArpSpoofing,-0.03132617791522649,0.5139894487902492
cnn1d,global80,4,before,Mirai-udpplain,0.0022869022869022038,0.9879413701098444
cnn1d,global80,4,before,Mirai-greeth_flood,-0.016363945000848812,0.9742649555238677
cnn1d,global80,4,before,Mirai-greip_flood,0.029294499256656392,0.9790174347884849
cnn1d,global80,4,before,DDoS-UDP_Fragmentation,0.0026778242677824027,0.9864430608555935
cnn1d,global80,4,before,DDoS-ACK_Fragmentation,-0.03368118268780529,0.9885611077664058
cnn1d,global80,4,before,VulnerabilityScan,0.00946171848879973,0.6340688732865263
cnn1d,global80,4,before,DDoS-ICMP_Fragmentation,0.0025394279604383785,0.9899759422614274
cnn1d,global80,4,before,BenignTraffic,-0.0028055175177850167,0.6611556446225785
cnn1d,global80,4,after,Uploading_Attack,-0.005319148936170213,0.015957446808510637
cnn1d,global80,4,after,Recon-PingSweep,0.0,0.0
cnn1d,global80,4,after,Backdoor_Malware,0.0020703933747412,0.002074688796680498
cnn1d,global80,4,after,XSS,0.0,0.005199306759098787
cnn1d,global80,4,after,SqlInjection,0.003811944091486656,0.015247776365946633
cnn1d,global80,4,after,CommandInjection,0.004944375772558712,0.0049504950495049506
cnn1d,global80,4,after,BrowserHijacking,0.0023014959723820488,0.16589861751152074
cnn1d,global80,4,after,DictionaryBruteForce,0.034183673469387776,0.2557427258805513
cnn1d,global80,4,after,DDoS-SlowLoris,0.018497438816163947,0.9297097324985771
cnn1d,global80,4,after,DDoS-HTTP_Flood,0.012271359110905267,0.7607688744789254
cnn1d,global80,4,after,DoS-HTTP_Flood,0.011004383101744009,0.8855730672386459
cnn1d,global80,4,after,Recon-PortScan,0.030738556118634214,0.2648720505151213
cnn1d,global80,4,after,Recon-OSScan,0.010293609671848017,0.0846286701208981
cnn1d,global80,4,after,DDoS-ICMP_Flood,0.00012327416173574246,0.9977810650887574
cnn1d,global80,4,after,DDoS-RSTFINFlood,5.945656697781132e-05,0.9918539659888215
cnn1d,global80,4,after,DDoS-TCP_Flood,-0.11783550792171482,0.42971981126580067
cnn1d,global80,4,after,DDoS-SynonymousIP_Flood,-0.1005622210630035,0.32778808254115466
cnn1d,global80,4,after,DDoS-UDP_Flood,-0.07135750608003533,0.7080868940357083
cnn1d,global80,4,after,DoS-TCP_Flood,0.186140426448417,0.8618350204609089
cnn1d,global80,4,after,DDoS-PSHACK_Flood,0.0,0.9900595392182242
cnn1d,global80,4,after,DDoS-SYN_Flood,-0.05260747901297379,0.06553373359112649
cnn1d,global80,4,after,Recon-HostDiscovery,0.06415376934598094,0.7879680479281078
cnn1d,global80,4,after,DoS-SYN_Flood,0.041063024822367816,0.5349051815623126
cnn1d,global80,4,after,DoS-UDP_Flood,0.08275058275058278,0.9250941366325982
cnn1d,global80,4,after,DNS_Spoofing,0.03153342772951662,0.6957253836439478
cnn1d,global80,4,after,MITM-ArpSpoofing,-0.024449699836274333,0.5139894487902492
cnn1d,global80,4,after,Mirai-udpplain,0.0025987525987525295,0.9879413701098444
cnn1d,global80,4,after,Mirai-greeth_flood,-0.016262094720760456,0.9742649555238677
cnn1d,global80,4,after,Mirai-greip_flood,0.027300986619813505,0.9790174347884849
cnn1d,global80,4,after,DDoS-UDP_Fragmentation,0.0022761506276149923,0.9864430608555935
cnn1d,global80,4,after,DDoS-ACK_Fragmentation,-0.03210917118201895,0.9885611077664058
cnn1d,global80,4,after,VulnerabilityScan,0.00661985957873612,0.6340688732865263
cnn1d,global80,4,after,DDoS-ICMP_Fragmentation,0.0013699545576049132,0.9899759422614274
cnn1d,global80,4,after,BenignTraffic,-0.019571824588357156,0.6611556446225785
cnn1d,gradual_perlayer,0,before,Uploading_Attack,0.015957446808510637,0.0
cnn1d,gradual_perlayer,0,before,Recon-PingSweep,0.0,0.0
cnn1d,gradual_perlayer,0,before,Backdoor_Malware,0.004140786749482402,0.006224066390041493
cnn1d,gradual_perlayer,0,before,XSS,0.02772963604852686,0.022530329289428077
cnn1d,gradual_perlayer,0,before,SqlInjection,0.04701397712833545,0.0241423125794155
cnn1d,gradual_perlayer,0,before,CommandInjection,0.0630407911001236,0.04084158415841584
cnn1d,gradual_perlayer,0,before,BrowserHijacking,0.019562715765247412,0.14516129032258066
cnn1d,gradual_perlayer,0,before,DictionaryBruteForce,0.11836734693877549,0.20929045431342522
cnn1d,gradual_perlayer,0,before,DDoS-SlowLoris,0.04610130904951626,0.9430848036425725
cnn1d,gradual_perlayer,0,before,DDoS-HTTP_Flood,0.3151192405649456,0.7144511347846225
cnn1d,gradual_perlayer,0,before,DoS-HTTP_Flood,0.0659330411265504,0.9177468991886599
cnn1d,gradual_perlayer,0,before,Recon-PortScan,0.0387139652737393,0.3142239946826188
cnn1d,gradual_perlayer,0,before,Recon-OSScan,0.11122625215889465,0.09167530224525043
cnn1d,gradual_perlayer,0,before,DDoS-ICMP_Flood,0.0,0.9974112426035503
cnn1d,gradual_perlayer,0,before,DDoS-RSTFINFlood,0.0005351091028004129,0.9914377452729218
cnn1d,gradual_perlayer,0,before,DDoS-TCP_Flood,-0.3256640260950606,0.6884720685035242
cnn1d,gradual_perlayer,0,before,DDoS-SynonymousIP_Flood,-0.6376282385672057,0.17992116856016693
cnn1d,gradual_perlayer,0,before,DDoS-UDP_Flood,-0.24087994693787318,0.7134486761373059
cnn1d,gradual_perlayer,0,before,DoS-TCP_Flood,0.3302283006676717,0.5617057936678871
cnn1d,gradual_perlayer,0,before,DDoS-PSHACK_Flood,-0.00041416442327602,0.85130727413927
cnn1d,gradual_perlayer,0,before,DDoS-SYN_Flood,0.4913253625031798,0.4706929887045894
cnn1d,gradual_perlayer,0,before,Recon-HostDiscovery,0.2104343484772841,0.7313030454318522
cnn1d,gradual_perlayer,0,before,DoS-SYN_Flood,0.023345944449570888,0.3801042772112767
cnn1d,gradual_perlayer,0,before,DoS-UDP_Flood,0.4569661108122647,0.9256320602474448
cnn1d,gradual_perlayer,0,before,DNS_Spoofing,-0.12062301480999571,0.7512915694003292
cnn1d,gradual_perlayer,0,before,MITM-ArpSpoofing,-0.04413316354375116,0.5523012552301255
cnn1d,gradual_perlayer,0,before,Mirai-udpplain,0.013444213444213426,0.9892581170518729
cnn1d,gradual_perlayer,0,before,Mirai-greeth_flood,-0.017823799015447284,0.9773205676648333
cnn1d,gradual_perlayer,0,before,Mirai-greip_flood,0.4825652115150696,0.97817272604406
cnn1d,gradual_perlayer,0,before,DDoS-UDP_Fragmentation,-0.0003012552301254745,0.9857401084555132
cnn1d,gradual_perlayer,0,before,DDoS-ACK_Fragmentation,0.043313934042410906,0.9883604254465181
cnn1d,gradual_perlayer,0,before,VulnerabilityScan,0.5099632230023404,0.6228017385489802
cnn1d,gradual_perlayer,0,before,DDoS-ICMP_Fragmentation,0.0076182838813152465,0.9901764234161988
cnn1d,gradual_perlayer,0,before,BenignTraffic,0.42720684011890053,0.6763193052772211
cnn1d,gradual_perlayer,0,after,Uploading_Attack,0.02127659574468085,0.0
cnn1d,gradual_perlayer,0,after,Recon-PingSweep,0.0,0.0
cnn1d,gradual_perlayer,0,after,Backdoor_Malware,0.004140786749482402,0.006224066390041493
cnn1d,gradual_perlayer,0,after,XSS,0.02772963604852686,0.022530329289428077
cnn1d,gradual_perlayer,0,after,SqlInjection,0.04701397712833545,0.0241423125794155
cnn1d,gradual_perlayer,0,after,CommandInjection,0.061804697156983925,0.04084158415841584
cnn1d,gradual_perlayer,0,after,BrowserHijacking,0.019562715765247412,0.14516129032258066
cnn1d,gradual_perlayer,0,after,DictionaryBruteForce,0.06479591836734694,0.20929045431342522
cnn1d,gradual_perlayer,0,after,DDoS-SlowLoris,0.09391007398975526,0.9430848036425725
cnn1d,gradual_perlayer,0,after,DDoS-HTTP_Flood,0.01829127112757578,0.7144511347846225
cnn1d,gradual_perlayer,0,after,DoS-HTTP_Flood,0.029469364916534624,0.9177468991886599
cnn1d,gradual_perlayer,0,after,Recon-PortScan,0.13840657971255296,0.3142239946826188
cnn1d,gradual_perlayer,0,after,Recon-OSScan,0.04580310880829015,0.09167530224525043
cnn1d,gradual_perlayer,0,after,DDoS-ICMP_Flood,0.0,0.9974112426035503
cnn1d,gradual_perlayer,0,after,DDoS-RSTFINFlood,0.0002972828348891676,0.9914377452729218
cnn1d,gradual_perlayer,0,after,DDoS-TCP_Flood,0.41070596458527486,0.6884720685035242
cnn1d,gradual_perlayer,0,after,DDoS-SynonymousIP_Flood,0.17811395119689327,0.17992116856016693
cnn1d,gradual_perlayer,0,after,DDoS-UDP_Flood,0.12895202299358832,0.7134486761373059
cnn1d,gradual_perlayer,0,after,DoS-TCP_Flood,-0.49041567951755327,0.5617057936678871
cnn1d,gradual_perlayer,0,after,DDoS-PSHACK_Flood,-0.0001553116587285075,0.85130727413927
cnn1d,gradual_perlayer,0,after,DDoS-SYN_Flood,-0.26100228949376747,0.4706929887045894
cnn1d,gradual_perlayer,0,after,Recon-HostDiscovery,-0.020968547179231134,0.7313030454318522
cnn1d,gradual_perlayer,0,after,DoS-SYN_Flood,0.05471994094306541,0.3801042772112767
cnn1d,gradual_perlayer,0,after,DoS-UDP_Flood,-0.08355746817285281,0.9256320602474448
cnn1d,gradual_perlayer,0,after,DNS_Spoofing,0.16799969385021624,0.7512915694003292
cnn1d,gradual_perlayer,0,after,MITM-ArpSpoofing,0.00036383481899217307,0.5523012552301255
cnn1d,gradual_perlayer,0,after,Mirai-udpplain,0.0018711018711018435,0.9892581170518729
cnn1d,gradual_perlayer,0,after,Mirai-greeth_flood,-0.004549312510609416,0.9773205676648333
cnn1d,gradual_perlayer,0,after,Mirai-greip_flood,0.05287876740100017,0.97817272604406
cnn1d,gradual_perlayer,0,after,DDoS-UDP_Fragmentation,0.0014728033472803936,0.9857401084555132
cnn1d,gradual_perlayer,0,after,DDoS-ACK_Fragmentation,-0.006120810756572337,0.9883604254465181
cnn1d,gradual_perlayer,0,after,VulnerabilityScan,-0.029254429956536265,0.6228017385489802
cnn1d,gradual_perlayer,0,after,DDoS-ICMP_Fragmentation,-0.0025728414862336013,0.9901764234161988
cnn1d,gradual_perlayer,0,after,BenignTraffic,0.07294345546240943,0.6763193052772211
cnn1d,gradual_perlayer,1,before,Uploading_Attack,0.07446808510638298,0.031914893617021274
cnn1d,gradual_perlayer,1,before,Recon-PingSweep,0.0029411764705882353,0.0
cnn1d,gradual_perlayer,1,before,Backdoor_Malware,0.037267080745341616,0.016597510373443983
cnn1d,gradual_perlayer,1,before,XSS,0.03119584055459272,0.01733102253032929
cnn1d,gradual_perlayer,1,before,SqlInjection,0.06861499364675985,0.05590851334180432
cnn1d,gradual_perlayer,1,before,CommandInjection,0.018541409147095178,0.0024752475247524753
cnn1d,gradual_perlayer,1,before,BrowserHijacking,0.009205983889528195,0.16474654377880185
cnn1d,gradual_perlayer,1,before,DictionaryBruteForce,0.43112244897959184,0.27462991322103114
cnn1d,gradual_perlayer,1,before,DDoS-SlowLoris,0.5224815025611838,0.950199203187251
cnn1d,gradual_perlayer,1,before,DDoS-HTTP_Flood,0.039592498263486875,0.7399258916164891
cnn1d,gradual_perlayer,1,before,DoS-HTTP_Flood,0.006901053809568181,0.9195187913830085
cnn1d,gradual_perlayer,1,before,Recon-PortScan,0.18625903464318352,0.23836822864739116
cnn1d,gradual_perlayer,1,before,Recon-OSScan,0.14625215889464593,0.16704663212435233
cnn1d,gradual_perlayer,1,before,DDoS-ICMP_Flood,0.001972386587771102,0.9980276134122288
cnn1d,gradual_perlayer,1,before,DDoS-RSTFINFlood,0.00041619596884467924,0.9913188250683791
cnn1d,gradual_perlayer,1,before,DDoS-TCP_Flood,0.5934878844361604,0.6007456165899692
cnn1d,gradual_perlayer,1,before,DDoS-SynonymousIP_Flood,0.7046310786529878,0.3382796197542314
cnn1d,gradual_perlayer,1,before,DDoS-UDP_Flood,-0.018682290515144806,0.6633132496821624
cnn1d,gradual_perlayer,1,before,DoS-TCP_Flood,-0.4393172517768684,0.6855481369804006
cnn1d,gradual_perlayer,1,before,DDoS-PSHACK_Flood,0.39940981569683165,0.9542324618172405
cnn1d,gradual_perlayer,1,before,DDoS-SYN_Flood,-0.06710760620707198,0.12887961738068587
cnn1d,gradual_perlayer,1,before,Recon-HostDiscovery,-0.2597603594608088,0.7244133799301048
cnn1d,gradual_perlayer,1,before,DoS-SYN_Flood,-0.1738027129279321,0.44064042818253124
cnn1d,gradual_perlayer,1,before,DoS-UDP_Flood,0.07149901380670609,0.9318181818181818
cnn1d,gradual_perlayer,1,before,DNS_Spoofing,-0.05093567027668289,0.7313535647315449
cnn1d,gradual_perlayer,1,before,MITM-ArpSpoofing,0.011606330725850461,0.48888484627978895
cnn1d,gradual_perlayer,1,before,Mirai-udpplain,0.015765765765765716,0.9920995183478291
cnn1d,gradual_perlayer,1,before,Mirai-greeth_flood,0.024308266847733906,0.9867250628098051
cnn1d,gradual_perlayer,1,before,Mirai-greip_flood,0.4842208406541424,0.9769901338018652
cnn1d,gradual_perlayer,1,before,DDoS-UDP_Fragmentation,0.014393305439330484,0.9857401084555132
cnn1d,gradual_perlayer,1,before,DDoS-ACK_Fragmentation,0.32758044016322163,0.988795237139608
cnn1d,gradual_perlayer,1,before,VulnerabilityScan,0.5214978268137747,0.6428953527248412
cnn1d,gradual_perlayer,1,before,DDoS-ICMP_Fragmentation,0.8306936647955092,0.9890403635391607
cnn1d,gradual_perlayer,1,before,BenignTraffic,0.45536221235095686,0.7691716766867067
cnn1d,gradual_perlayer,1,after,Uploading_Attack,0.07446808510638298,0.031914893617021274
cnn1d,gradual_perlayer,1,after,Recon-PingSweep,0.0029411764705882353,0.0
cnn1d,gradual_perlayer,1,after,Backdoor_Malware,0.037267080745341616,0.016597510373443983
cnn1d,gradual_perlayer,1,after,XSS,0.03119584055459272,0.01733102253032929
cnn1d,gradual_perlayer,1,after,SqlInjection,0.06861499364675985,0.05590851334180432
cnn1d,gradual_perlayer,1,after,CommandInjection,0.014833127317676142,0.0024752475247524753
cnn1d,gradual_perlayer,1,after,BrowserHijacking,0.013808975834292291,0.16474654377880185
cnn1d,gradual_perlayer,1,after,DictionaryBruteForce,0.2979591836734694,0.27462991322103114
cnn1d,gradual_perlayer,1,after,DDoS-SlowLoris,0.06402959590210577,0.950199203187251
cnn1d,gradual_perlayer,1,after,DDoS-HTTP_Flood,0.06158833063209068,0.7399258916164891
cnn1d,gradual_perlayer,1,after,DoS-HTTP_Flood,0.057166837638720436,0.9195187913830085
cnn1d,gradual_perlayer,1,after,Recon-PortScan,0.07277560854033396,0.23836822864739116
cnn1d,gradual_perlayer,1,after,Recon-OSScan,0.06328151986183073,0.16704663212435233
cnn1d,gradual_perlayer,1,after,DDoS-ICMP_Flood,0.0003081854043391896,0.9980276134122288
cnn1d,gradual_perlayer,1,after,DDoS-RSTFINFlood,0.0,0.9913188250683791
cnn1d,gradual_perlayer,1,after,DDoS-TCP_Flood,-0.3266542404473438,0.6007456165899692
cnn1d,gradual_perlayer,1,after,DDoS-SynonymousIP_Flood,0.10166347881527849,0.3382796197542314
cnn1d,gradual_perlayer,1,after,DDoS-UDP_Flood,-0.13226840592527078,0.6633132496821624
cnn1d,gradual_perlayer,1,after,DoS-TCP_Flood,0.39182640534137414,0.6855481369804006
cnn1d,gradual_perlayer,1,after,DDoS-PSHACK_Flood,-0.00020708221163801,0.9542324618172405
cnn1d,gradual_perlayer,1,after,DDoS-SYN_Flood,-0.1662172475197151,0.12887961738068587
cnn1d,gradual_perlayer,1,after,Recon-HostDiscovery,0.0746879680479281,0.7244133799301048
cnn1d,gradual_perlayer,1,after,DoS-SYN_Flood,0.08051121158992341,0.44064042818253124
cnn1d,gradual_perlayer,1,after,DoS-UDP_Flood,0.13421194190424957,0.9318181818181818
cnn1d,gradual_perlayer,1,after,DNS_Spoofing,-0.057058665952317233,0.7313535647315449
cnn1d,gradual_perlayer,1,after,MITM-ArpSpoofing,-0.07895215572130254,0.48888484627978895
cnn1d,gradual_perlayer,1,after,Mirai-udpplain,0.005370755370755265,0.9920995183478291
cnn1d,gradual_perlayer,1,after,Mirai-greeth_flood,0.0324902393481582,0.9867250628098051
cnn1d,gradual_perlayer,1,after,Mirai-greip_flood,0.025949452628733605,0.9769901338018652
cnn1d,gradual_perlayer,1,after,DDoS-UDP_Fragmentation,0.004485355648535583,0.9857401084555132
cnn1d,gradual_perlayer,1,after,DDoS-ACK_Fragmentation,-0.08000535152853039,0.988795237139608
cnn1d,gradual_perlayer,1,after,VulnerabilityScan,0.14834503510531594,0.6428953527248412
cnn1d,gradual_perlayer,1,after,DDoS-ICMP_Fragmentation,0.0015704357123763613,0.9890403635391607
cnn1d,gradual_perlayer,1,after,BenignTraffic,0.1586453358271267,0.7691716766867067
cnn1d,gradual_perlayer,2,before,Uploading_Attack,0.0,0.0
cnn1d,gradual_perlayer,2,before,Recon-PingSweep,0.0029411764705882353,0.0
cnn1d,gradual_perlayer,2,before,Backdoor_Malware,0.0,0.0
cnn1d,gradual_perlayer,2,before,XSS,0.0034662045060658577,0.006932409012131715
cnn1d,gradual_perlayer,2,before,SqlInjection,0.052096569250317665,0.03303684879288437
cnn1d,gradual_perlayer,2,before,CommandInjection,0.09147095179233622,0.024752475247524754
cnn1d,gradual_perlayer,2,before,BrowserHijacking,0.00805523590333717,0.13940092165898618
cnn1d,gradual_perlayer,2,before,DictionaryBruteForce,0.39285714285714285,0.26544155181214907
cnn1d,gradual_perlayer,2,before,DDoS-SlowLoris,0.2865680136596471,0.9359704040978941
cnn1d,gradual_perlayer,2,before,DDoS-HTTP_Flood,-0.18708034267191476,0.6987031032885596
cnn1d,gradual_perlayer,2,before,DoS-HTTP_Flood,0.6821784948242096,0.9274456775156207
cnn1d,gradual_perlayer,2,before,Recon-PortScan,0.02575392539669355,0.2832336324360253
cnn1d,gradual_perlayer,2,before,Recon-OSScan,-0.5785837651122625,0.08946459412780657
cnn1d,gradual_perlayer,2,before,DDoS-ICMP_Flood,0.00012327416173563144,0.9964250493096647
cnn1d,gradual_perlayer,2,before,DDoS-RSTFINFlood,0.0011296747725786371,0.9923891069092639
cnn1d,gradual_perlayer,2,before,DDoS-TCP_Flood,-0.4327819198508854,0.41003087318692844
cnn1d,gradual_perlayer,2,before,DDoS-SynonymousIP_Flood,0.7908189880020865,0.35926269418038487
cnn1d,gradual_perlayer,2,before,DDoS-UDP_Flood,0.5804775591421623,0.6502680891050798
cnn1d,gradual_perlayer,2,before,DoS-TCP_Flood,0.5729592935601981,0.8789037260391988
cnn1d,gradual_perlayer,2,before,DDoS-PSHACK_Flood,0.02360737212673436,0.9806885840020709
cnn1d,gradual_perlayer,2,before,DDoS-SYN_Flood,-0.7947596031544136,0.08634374681998576
cnn1d,gradual_perlayer,2,before,Recon-HostDiscovery,0.4411382925611582,0.7136295556665002
cnn1d,gradual_perlayer,2,before,DoS-SYN_Flood,0.1108240287902556,0.46569464310432335
cnn1d,gradual_perlayer,2,before,DoS-UDP_Flood,-0.26712390173928635,0.9310561233638157
cnn1d,gradual_perlayer,2,before,DNS_Spoofing,0.4110443534499254,0.6431824270024109
cnn1d,gradual_perlayer,2,before,MITM-ArpSpoofing,-0.022412224849918144,0.5815535746770966
cnn1d,gradual_perlayer,2,before,Mirai-udpplain,0.004123354123354184,0.9895006756990887
cnn1d,gradual_perlayer,2,before,Mirai-greeth_flood,0.003462909523001101,0.96598085149725
cnn1d,gradual_perlayer,2,before,Mirai-greip_flood,0.056899581024462687,0.966752263819435
cnn1d,gradual_perlayer,2,before,DDoS-UDP_Fragmentation,-0.0010711297071129833,0.9844346254267925
cnn1d,gradual_perlayer,2,before,DDoS-ACK_Fragmentation,0.01642250317747007,0.9882600842865743
cnn1d,gradual_perlayer,2,before,VulnerabilityScan,0.4723169508525577,0.5448679371447677
cnn1d,gradual_perlayer,2,before,DDoS-ICMP_Fragmentation,0.003040630847367054,0.989508152900294
cnn1d,gradual_perlayer,2,before,BenignTraffic,0.6414281420126249,0.7181028724114896
cnn1d,gradual_perlayer,2,after,Uploading_Attack,0.0,0.0
cnn1d,gradual_perlayer,2,after,Recon-PingSweep,0.0029411764705882353,0.0
cnn1d,gradual_perlayer,2,after,Backdoor_Malware,0.0,0.0
cnn1d,gradual_perlayer,2,after,XSS,0.0017331022530329288,0.006932409012131715
cnn1d,gradual_perlayer,2,after,SqlInjection,0.052096569250317665,0.03303684879288437
cnn1d,gradual_perlayer,2,after,CommandInjection,0.08405438813349815,0.024752475247524754
cnn1d,gradual_perlayer,2,after,BrowserHijacking,0.00805523590333717,0.13940092165898618
cnn1d,gradual_perlayer,2,after,DictionaryBruteForce,0.2030612244897959,0.26544155181214907
cnn1d,gradual_perlayer,2,after,DDoS-SlowLoris,0.06260671599317014,0.9359704040978941
cnn1d,gradual_perlayer,2,after,DDoS-HTTP_Flood,0.01968048159296132,0.6987031032885596
cnn1d,gradual_perlayer,2,after,DoS-HTTP_Flood,0.024153688333488743,0.9274456775156207
cnn1d,gradual_perlayer,2,after,Recon-PortScan,0.10824956384481184,0.2832336324360253
cnn1d,gradual_perlayer,2,after,Recon-OSScan,0.01699481865284974,0.08946459412780657
cnn1d,gradual_perlayer,2,after,DDoS-ICMP_Flood,0.00018491124260344716,0.9964250493096647
cnn1d,gradual_perlayer,2,after,DDoS-RSTFINFlood,0.0002378262679113563,0.9923891069092639
cnn1d,gradual_perlayer,2,after,DDoS-TCP_Flood,0.03174510717614165,0.41003087318692844
cnn1d,gradual_perlayer,2,after,DDoS-SynonymousIP_Flood,0.08717324523271308,0.35926269418038487
cnn1d,gradual_perlayer,2,after,DDoS-UDP_Flood,-0.05549414105682071,0.6502680891050798
cnn1d,gradual_perlayer,2,after,DoS-TCP_Flood,0.12222700839974154,0.8789037260391988
cnn1d,gradual_perlayer,2,after,DDoS-PSHACK_Flood,-0.00020708221163801,0.9806885840020709
cnn1d,gradual_perlayer,2,after,DDoS-SYN_Flood,-0.0771813787840244,0.08634374681998576
cnn1d,gradual_perlayer,2,after,Recon-HostDiscovery,-0.038392411382925595,0.7136295556665002
cnn1d,gradual_perlayer,2,after,DoS-SYN_Flood,0.05222847651564086,0.46569464310432335
cnn1d,gradual_perlayer,2,after,DoS-UDP_Flood,0.0407925407925408,0.9310561233638157
cnn1d,gradual_perlayer,2,after,DNS_Spoofing,-0.011289273276950729,0.6431824270024109
cnn1d,gradual_perlayer,2,after,MITM-ArpSpoofing,0.021466254320538475,0.5815535746770966
cnn1d,gradual_perlayer,2,after,Mirai-udpplain,0.003603603603603678,0.9895006756990887
cnn1d,gradual_perlayer,2,after,Mirai-greeth_flood,0.015039891359701185,0.96598085149725
cnn1d,gradual_perlayer,2,after,Mirai-greip_flood,0.0056764427625354275,0.966752263819435
cnn1d,gradual_perlayer,2,after,DDoS-UDP_Fragmentation,-0.00040167364016729934,0.9844346254267925
cnn1d,gradual_perlayer,2,after,DDoS-ACK_Fragmentation,0.0025419760519098666,0.9882600842865743
cnn1d,gradual_perlayer,2,after,VulnerabilityScan,0.015713808090939474,0.5448679371447677
cnn1d,gradual_perlayer,2,after,DDoS-ICMP_Fragmentation,-0.0003675487837476732,0.989508152900294
cnn1d,gradual_perlayer,2,after,BenignTraffic,-0.024815470425169406,0.7181028724114896
cnn1d,gradual_perlayer,3,before,Uploading_Attack,0.0,0.0
cnn1d,gradual_perlayer,3,before,Recon-PingSweep,0.0029411764705882353,0.0
cnn1d,gradual_perlayer,3,before,Backdoor_Malware,0.022774327122153208,0.04564315352697095
cnn1d,gradual_perlayer,3,before,XSS,0.01386481802426343,0.008665511265164644
cnn1d,gradual_perlayer,3,before,SqlInjection,0.05463786531130877,0.029224904701397714
cnn1d,gradual_perlayer,3,before,CommandInjection,0.029666254635352288,0.007425742574257425
cnn1d,gradual_perlayer,3,before,BrowserHijacking,0.0,0.13709677419354838
cnn1d,gradual_perlayer,3,before,DictionaryBruteForce,-0.0923469387755102,0.24859622256253192
cnn1d,gradual_perlayer,3,before,DDoS-SlowLoris,0.15509391007398976,0.9069436539556062
cnn1d,gradual_perlayer,3,before,DDoS-HTTP_Flood,0.07686964575133126,0.7744326076887448
cnn1d,gradual_perlayer,3,before,DoS-HTTP_Flood,0.7517485778233703,0.8860393546582114
cnn1d,gradual_perlayer,3,before,Recon-PortScan,0.08183102101852623,0.21070122964440013
cnn1d,gradual_perlayer,3,before,Recon-OSScan,0.06632124352331609,0.19495682210708118
cnn1d,gradual_perlayer,3,before,DDoS-ICMP_Flood,-0.00036982248520711636,0.9975961538461539
cnn1d,gradual_perlayer,3,before,DDoS-RSTFINFlood,0.0021404364112016516,0.9924485670115353
cnn1d,gradual_perlayer,3,before,DDoS-TCP_Flood,-0.5915074557315936,0.5135434263412361
cnn1d,gradual_perlayer,3,before,DDoS-SynonymousIP_Flood,-0.558975250681041,0.09065615580802226
cnn1d,gradual_perlayer,3,before,DDoS-UDP_Flood,0.6834512491709043,0.7641921397379913
cnn1d,gradual_perlayer,3,before,DoS-TCP_Flood,0.7999676933017446,0.7857527460693517
cnn1d,gradual_perlayer,3,before,DDoS-PSHACK_Flood,-0.00103541105819005,0.9491586849598758
cnn1d,gradual_perlayer,3,before,DDoS-SYN_Flood,0.40066140931060795,0.6429225602930702
cnn1d,gradual_perlayer,3,before,Recon-HostDiscovery,0.050873689465801286,0.7575137294058911
cnn1d,gradual_perlayer,3,before,DoS-SYN_Flood,0.1298791178370398,0.371660591519402
cnn1d,gradual_perlayer,3,before,DoS-UDP_Flood,-0.3888291195983503,0.9154563385332616
cnn1d,gradual_perlayer,3,before,DNS_Spoofing,-0.00918449351345152,0.7517507940760016
cnn1d,gradual_perlayer,3,before,MITM-ArpSpoofing,0.03285428415499363,0.5083863925777697
cnn1d,gradual_perlayer,3,before,Mirai-udpplain,-0.009702009702009629,0.9897432343463044
cnn1d,gradual_perlayer,3,before,Mirai-greeth_flood,-0.0013919538278729382,0.9810212534800027
cnn1d,gradual_perlayer,3,before,Mirai-greip_flood,0.9511420462224625,0.9844235707528044
cnn1d,gradual_perlayer,3,before,DDoS-UDP_Fragmentation,0.04940585774058581,0.9854053692173796
cnn1d,gradual_perlayer,3,before,DDoS-ACK_Fragmentation,0.13893905946886087,0.988628001873035
cnn1d,gradual_perlayer,3,before,VulnerabilityScan,0.3628552323637579,0.5707121364092277
cnn1d,gradual_perlayer,3,before,DDoS-ICMP_Fragmentation,0.013699545576049244,0.9892074311681368
cnn1d,gradual_perlayer,3,before,BenignTraffic,0.2892020974583347,0.7263527054108216
cnn1d,gradual_perlayer,3,after,Uploading_Attack,0.0,0.0
cnn1d,gradual_perlayer,3,after,Recon-PingSweep,0.0029411764705882353,0.0
cnn1d,gradual_perlayer,3,after,Backdoor_Malware,0.022774327122153208,0.04564315352697095
cnn1d,gradual_perlayer,3,after,XSS,0.01386481802426343,0.008665511265164644
cnn1d,gradual_perlayer,3,after,SqlInjection,0.05463786531130877,0.029224904701397714
cnn1d,gradual_perlayer,3,after,CommandInjection,0.04697156983930779,0.007425742574257425
cnn1d,gradual_perlayer,3,after,BrowserHijacking,0.001150747986191024,0.13709677419354838
cnn1d,gradual_perlayer,3,after,DictionaryBruteForce,0.2836734693877551,0.24859622256253192
cnn1d,gradual_perlayer,3,after,DDoS-SlowLoris,0.046385885031303364,0.9069436539556062
cnn1d,gradual_perlayer,3,after,DDoS-HTTP_Flood,0.1238712664968743,0.7744326076887448
cnn1d,gradual_perlayer,3,after,DoS-HTTP_Flood,-0.0065280238739158225,0.8860393546582114
cnn1d,gradual_perlayer,3,after,Recon-PortScan,0.03863088809504031,0.21070122964440013
cnn1d,gradual_perlayer,3,after,Recon-OSScan,0.058031088082901555,0.19495682210708118
cnn1d,gradual_perlayer,3,after,DDoS-ICMP_Flood,0.0002465483234713739,0.9975961538461539
cnn1d,gradual_perlayer,3,after,DDoS-RSTFINFlood,0.0002972828348891676,0.9924485670115353
cnn1d,gradual_perlayer,3,after,DDoS-TCP_Flood,0.09541006523765144,0.5135434263412361
cnn1d,gradual_perlayer,3,after,DDoS-SynonymousIP_Flood,-0.4351127340172724,0.09065615580802226
cnn1d,gradual_perlayer,3,after,DDoS-UDP_Flood,0.0809197435330532,0.7641921397379913
cnn1d,gradual_perlayer,3,after,DoS-TCP_Flood,-0.07430540598750812,0.7857527460693517
cnn1d,gradual_perlayer,3,after,DDoS-PSHACK_Flood,-0.00062124663491403,0.9491586849598758
cnn1d,gradual_perlayer,3,after,DDoS-SYN_Flood,0.2982447214449249,0.6429225602930702
cnn1d,gradual_perlayer,3,after,Recon-HostDiscovery,0.09490763854218676,0.7575137294058911
cnn1d,gradual_perlayer,3,after,DoS-SYN_Flood,0.05522746147457784,0.371660591519402
cnn1d,gradual_perlayer,3,after,DoS-UDP_Flood,-0.09731934731934733,0.9154563385332616
cnn1d,gradual_perlayer,3,after,DNS_Spoofing,0.2502009107956067,0.7517507940760016
cnn1d,gradual_perlayer,3,after,MITM-ArpSpoofing,0.005966891031471702,0.5083863925777697
cnn1d,gradual_perlayer,3,after,Mirai-udpplain,0.0005544005544005914,0.9897432343463044
cnn1d,gradual_perlayer,3,after,Mirai-greeth_flood,0.031132235613647974,0.9810212534800027
cnn1d,gradual_perlayer,3,after,Mirai-greip_flood,0.014866873901878574,0.9844235707528044
cnn1d,gradual_perlayer,3,after,DDoS-UDP_Fragmentation,0.0021757322175732785,0.9854053692173796
cnn1d,gradual_perlayer,3,after,DDoS-ACK_Fragmentation,-0.11867014516021135,0.988628001873035
cnn1d,gradual_perlayer,3,after,VulnerabilityScan,0.09859578736208618,0.5707121364092277
cnn1d,gradual_perlayer,3,after,DDoS-ICMP_Fragmentation,0.00243918738305271,0.9892074311681368
cnn1d,gradual_perlayer,3,after,BenignTraffic,-0.03486857486389905,0.7263527054108216
cnn1d,gradual_perlayer,4,before,Uploading_Attack,0.0,0.015957446808510637
cnn1d,gradual_perlayer,4,before,Recon-PingSweep,0.0,0.0
cnn1d,gradual_perlayer,4,before,Backdoor_Malware,0.006211180124223602,0.002074688796680498
cnn1d,gradual_perlayer,4,before,XSS,0.0034662045060658577,0.005199306759098787
cnn1d,gradual_perlayer,4,before,SqlInjection,0.03939008894536213,0.015247776365946633
cnn1d,gradual_perlayer,4,before,CommandInjection,0.03337453646477132,0.0049504950495049506
cnn1d,gradual_perlayer,4,before,BrowserHijacking,0.00805523590333717,0.16589861751152074
cnn1d,gradual_perlayer,4,before,DictionaryBruteForce,0.3464285714285714,0.2557427258805513
cnn1d,gradual_perlayer,4,before,DDoS-SlowLoris,0.3708025042686397,0.9297097324985771
cnn1d,gradual_perlayer,4,before,DDoS-HTTP_Flood,0.668904839083121,0.7607688744789254
cnn1d,gradual_perlayer,4,before,DoS-HTTP_Flood,0.31017439149491755,0.8855730672386459
cnn1d,gradual_perlayer,4,before,Recon-PortScan,-0.29916092049514,0.2648720505151213
cnn1d,gradual_perlayer,4,before,Recon-OSScan,0.1024525043177893,0.0846286701208981
cnn1d,gradual_perlayer,4,before,DDoS-ICMP_Flood,0.0019107495069033975,0.9977810650887574
cnn1d,gradual_perlayer,4,before,DDoS-RSTFINFlood,0.994946191806885,0.9918539659888215
cnn1d,gradual_perlayer,4,before,DDoS-TCP_Flood,-0.6503378378378379,0.42971981126580067
cnn1d,gradual_perlayer,4,before,DDoS-SynonymousIP_Flood,0.6474236364690199,0.32778808254115466
cnn1d,gradual_perlayer,4,before,DDoS-UDP_Flood,-0.2478443510944064,0.7080868940357083
cnn1d,gradual_perlayer,4,before,DoS-TCP_Flood,0.8430971354727547,0.8618350204609089
cnn1d,gradual_perlayer,4,before,DDoS-PSHACK_Flood,-0.00082832884655204,0.9900595392182242
cnn1d,gradual_perlayer,4,before,DDoS-SYN_Flood,0.09534469600610532,0.06553373359112649
cnn1d,gradual_perlayer,4,before,Recon-HostDiscovery,-0.12401397903145284,0.7879680479281078
cnn1d,gradual_perlayer,4,before,DoS-SYN_Flood,-0.208498661991326,0.5349051815623126
cnn1d,gradual_perlayer,4,before,DoS-UDP_Flood,0.5510579164425319,0.9250941366325982
cnn1d,gradual_perlayer,4,before,DNS_Spoofing,0.5421912670774176,0.6957253836439478
cnn1d,gradual_perlayer,4,before,MITM-ArpSpoofing,0.08222666909223213,0.5139894487902492
cnn1d,gradual_perlayer,4,before,Mirai-udpplain,0.9782397782397781,0.9879413701098444
cnn1d,gradual_perlayer,4,before,Mirai-greeth_flood,-0.004006111016805258,0.9742649555238677
cnn1d,gradual_perlayer,4,before,Mirai-greip_flood,0.9813488309230978,0.9790174347884849
cnn1d,gradual_perlayer,4,before,DDoS-UDP_Fragmentation,0.0004351464435146113,0.9864430608555935
cnn1d,gradual_perlayer,4,before,DDoS-ACK_Fragmentation,-0.017827279416683495,0.9885611077664058
cnn1d,gradual_perlayer,4,before,VulnerabilityScan,0.6985957873620862,0.6340688732865263
cnn1d,gradual_perlayer,4,before,DDoS-ICMP_Fragmentation,0.008019246190858031,0.9899759422614274
cnn1d,gradual_perlayer,4,before,BenignTraffic,0.6677465682508934,0.6611556446225785
cnn1d,gradual_perlayer,4,after,Uploading_Attack,0.0,0.015957446808510637
cnn1d,gradual_perlayer,4,after,Recon-PingSweep,0.0,0.0
cnn1d,gradual_perlayer,4,after,Backdoor_Malware,0.006211180124223602,0.002074688796680498
cnn1d,gradual_perlayer,4,after,XSS,0.0034662045060658577,0.005199306759098787
cnn1d,gradual_perlayer,4,after,SqlInjection,0.03939008894536213,0.015247776365946633
cnn1d,gradual_perlayer,4,after,CommandInjection,0.023485784919653894,0.0049504950495049506
cnn1d,gradual_perlayer,4,after,BrowserHijacking,0.00805523590333717,0.16589861751152074
cnn1d,gradual_perlayer,4,after,DictionaryBruteForce,0.04234693877551021,0.2557427258805513
cnn1d,gradual_perlayer,4,after,DDoS-SlowLoris,0.0341491178144564,0.9297097324985771
cnn1d,gradual_perlayer,4,after,DDoS-HTTP_Flood,0.06320907617504046,0.7607688744789254
cnn1d,gradual_perlayer,4,after,DoS-HTTP_Flood,0.0041965867760888065,0.8855730672386459
cnn1d,gradual_perlayer,4,after,Recon-PortScan,0.11564343274902385,0.2648720505151213
cnn1d,gradual_perlayer,4,after,Recon-OSScan,0.02715025906735752,0.0846286701208981
cnn1d,gradual_perlayer,4,after,DDoS-ICMP_Flood,0.00018491124260355818,0.9977810650887574
cnn1d,gradual_perlayer,4,after,DDoS-RSTFINFlood,0.00011891313395562264,0.9918539659888215
cnn1d,gradual_perlayer,4,after,DDoS-TCP_Flood,0.023066169617893706,0.42971981126580067
cnn1d,gradual_perlayer,4,after,DDoS-SynonymousIP_Flood,0.0648003245812323,0.32778808254115466
cnn1d,gradual_perlayer,4,after,DDoS-UDP_Flood,0.06080035374751269,0.7080868940357083
cnn1d,gradual_perlayer,4,after,DoS-TCP_Flood,-0.017391772560844343,0.8618350204609089
cnn1d,gradual_perlayer,4,after,DDoS-PSHACK_Flood,-5.17705529095025e-05,0.9900595392182242
cnn1d,gradual_perlayer,4,after,DDoS-SYN_Flood,-0.10953955736453828,0.06553373359112649
cnn1d,gradual_perlayer,4,after,Recon-HostDiscovery,0.09101347978032948,0.7879680479281078
cnn1d,gradual_perlayer,4,after,DoS-SYN_Flood,0.04581526252652948,0.5349051815623126
cnn1d,gradual_perlayer,4,after,DoS-UDP_Flood,-0.03962703962703962,0.9250941366325982
cnn1d,gradual_perlayer,4,after,DNS_Spoofing,0.030194022425471645,0.6957253836439478
cnn1d,gradual_perlayer,4,after,MITM-ArpSpoofing,-0.02284882663270875,0.5139894487902492
cnn1d,gradual_perlayer,4,after,Mirai-udpplain,-0.0009009009009010027,0.9879413701098444
cnn1d,gradual_perlayer,4,after,Mirai-greeth_flood,-0.008317772873875362,0.9742649555238677
cnn1d,gradual_perlayer,4,after,Mirai-greip_flood,0.02111771861062306,0.9790174347884849
cnn1d,gradual_perlayer,4,after,DDoS-UDP_Fragmentation,0.001271966527196633,0.9864430608555935
cnn1d,gradual_perlayer,4,after,DDoS-ACK_Fragmentation,-0.03297879456819863,0.9885611077664058
cnn1d,gradual_perlayer,4,after,VulnerabilityScan,0.0833834837846873,0.6340688732865263
cnn1d,gradual_perlayer,4,after,DDoS-ICMP_Fragmentation,0.004343758353381411,0.9899759422614274
cnn1d,gradual_perlayer,4,after,BenignTraffic,-0.00016699509034434623,0.6611556446225785
cnn1d,gradual_global,0,before,Uploading_Attack,0.02127659574468085,0.0
cnn1d,gradual_global,0,before,Recon-PingSweep,0.0,0.0
cnn1d,gradual_global,0,before,Backdoor_Malware,-0.012422360248447206,0.006224066390041493
cnn1d,gradual_global,0,before,XSS,0.020797227036395145,0.022530329289428077
cnn1d,gradual_global,0,before,SqlInjection,0.011435832274459976,0.0241423125794155
cnn1d,gradual_global,0,before,CommandInjection,0.01977750309023485,0.04084158415841584
cnn1d,gradual_global,0,before,BrowserHijacking,0.010356731875719219,0.14516129032258066
cnn1d,gradual_global,0,before,DictionaryBruteForce,-0.07500000000000001,0.20929045431342522
cnn1d,gradual_global,0,before,DDoS-SlowLoris,0.01138303927148554,0.9430848036425725
cnn1d,gradual_global,0,before,DDoS-HTTP_Flood,-0.05464227830516322,0.7144511347846225
cnn1d,gradual_global,0,before,DoS-HTTP_Flood,0.05968478970437385,0.9177468991886599
cnn1d,gradual_global,0,before,Recon-PortScan,0.04220320677909778,0.3142239946826188
cnn1d,gradual_global,0,before,Recon-OSScan,-0.0034542314335060526,0.09167530224525043
cnn1d,gradual_global,0,before,DDoS-ICMP_Flood,-6.163708086792674e-05,0.9974112426035503
cnn1d,gradual_global,0,before,DDoS-RSTFINFlood,5.945656697792234e-05,0.9914377452729218
cnn1d,gradual_global,0,before,DDoS-TCP_Flood,-0.13676607642124883,0.6884720685035242
cnn1d,gradual_global,0,before,DDoS-SynonymousIP_Flood,-0.3435344577754593,0.17992116856016693
cnn1d,gradual_global,0,before,DDoS-UDP_Flood,0.1592969268184833,0.7134486761373059
cnn1d,gradual_global,0,before,DoS-TCP_Flood,0.09772776222270085,0.5617057936678871
cnn1d,gradual_global,0,before,DDoS-PSHACK_Flood,0.00020708221163801,0.85130727413927
cnn1d,gradual_global,0,before,DDoS-SYN_Flood,0.301093869244467,0.4706929887045894
cnn1d,gradual_global,0,before,Recon-HostDiscovery,-0.004692960559161241,0.7313030454318522
cnn1d,gradual_global,0,before,DoS-SYN_Flood,0.01517947771523484,0.3801042772112767
cnn1d,gradual_global,0,before,DoS-UDP_Flood,-0.09256768872153487,0.9256320602474448
cnn1d,gradual_global,0,before,DNS_Spoofing,0.034327044506524795,0.7512915694003292
cnn1d,gradual_global,0,before,MITM-ArpSpoofing,0.027651446243405486,0.5523012552301255
cnn1d,gradual_global,0,before,Mirai-udpplain,-0.0014899514899515687,0.9892581170518729
cnn1d,gradual_global,0,before,Mirai-greeth_flood,-0.012255983703955198,0.9773205676648333
cnn1d,gradual_global,0,before,Mirai-greip_flood,0.012569266117042899,0.97817272604406
cnn1d,gradual_global,0,before,DDoS-UDP_Fragmentation,0.0002677824267782736,0.9857401084555132
cnn1d,gradual_global,0,before,DDoS-ACK_Fragmentation,0.0012709880259549333,0.9883604254465181
cnn1d,gradual_global,0,before,VulnerabilityScan,0.03721163490471424,0.6228017385489802
cnn1d,gradual_global,0,before,DDoS-ICMP_Fragmentation,0.004043036621224294,0.9901764234161988
cnn1d,gradual_global,0,before,BenignTraffic,-0.09896129053805813,0.6763193052772211
cnn1d,gradual_global,0,after,Uploading_Attack,0.02127659574468085,0.0
cnn1d,gradual_global,0,after,Recon-PingSweep,0.0,0.0
cnn1d,gradual_global,0,after,Backdoor_Malware,-0.012422360248447206,0.006224066390041493
cnn1d,gradual_global,0,after,XSS,0.024263431542461005,0.022530329289428077
cnn1d,gradual_global,0,after,SqlInjection,0.012706480304955525,0.0241423125794155
cnn1d,gradual_global,0,after,CommandInjection,0.027194066749072925,0.04084158415841584
cnn1d,gradual_global,0,after,BrowserHijacking,0.011507479861910242,0.14516129032258066
cnn1d,gradual_global,0,after,DictionaryBruteForce,-0.01836734693877551,0.20929045431342522
cnn1d,gradual_global,0,after,DDoS-SlowLoris,0.02077404667046101,0.9430848036425725
cnn1d,gradual_global,0,after,DDoS-HTTP_Flood,-0.06367214633016904,0.7144511347846225
cnn1d,gradual_global,0,after,DoS-HTTP_Flood,0.06304205912524485,0.9177468991886599
cnn1d,gradual_global,0,after,Recon-PortScan,0.06729251474619921,0.3142239946826188
cnn1d,gradual_global,0,after,Recon-OSScan,-0.011606217616580303,0.09167530224525043
cnn1d,gradual_global,0,after,DDoS-ICMP_Flood,6.163708086781572e-05,0.9974112426035503
cnn1d,gradual_global,0,after,DDoS-RSTFINFlood,5.945656697792234e-05,0.9914377452729218
cnn1d,gradual_global,0,after,DDoS-TCP_Flood,-0.12144687791239517,0.6884720685035242
cnn1d,gradual_global,0,after,DDoS-SynonymousIP_Flood,-0.4231148206109083,0.17992116856016693
cnn1d,gradual_global,0,after,DDoS-UDP_Flood,0.014978996241432618,0.7134486761373059
cnn1d,gradual_global,0,after,DoS-TCP_Flood,0.10817359465862586,0.5617057936678871
cnn1d,gradual_global,0,after,DDoS-PSHACK_Flood,0.000103541105819005,0.85130727413927
cnn1d,gradual_global,0,after,DDoS-SYN_Flood,0.33665733909946577,0.4706929887045894
cnn1d,gradual_global,0,after,Recon-HostDiscovery,-0.03225162256615077,0.7313030454318522
cnn1d,gradual_global,0,after,DoS-SYN_Flood,0.017855495063209353,0.3801042772112767
cnn1d,gradual_global,0,after,DoS-UDP_Flood,-0.006589564281871962,0.9256320602474448
cnn1d,gradual_global,0,after,DNS_Spoofing,0.06934292602655856,0.7512915694003292
cnn1d,gradual_global,0,after,MITM-ArpSpoofing,0.05035473894851736,0.5523012552301255
cnn1d,gradual_global,0,after,Mirai-udpplain,-0.0028066528066528207,0.9892581170518729
cnn1d,gradual_global,0,after,Mirai-greeth_flood,-0.010320828382278102,0.9773205676648333
cnn1d,gradual_global,0,after,Mirai-greip_flood,0.008582240843357236,0.97817272604406
cnn1d,gradual_global,0,after,DDoS-UDP_Fragmentation,0.0015732217573222185,0.9857401084555132
cnn1d,gradual_global,0,after,DDoS-ACK_Fragmentation,-0.0018061408789885602,0.9883604254465181
cnn1d,gradual_global,0,after,VulnerabilityScan,0.04152457372116358,0.6228017385489802
cnn1d,gradual_global,0,after,DDoS-ICMP_Fragmentation,0.00554664528201021,0.9901764234161988
cnn1d,gradual_global,0,after,BenignTraffic,-0.16074947396546535,0.6763193052772211
cnn1d,gradual_global,1,before,Uploading_Attack,0.06914893617021277,0.031914893617021274
cnn1d,gradual_global,1,before,Recon-PingSweep,0.0029411764705882353,0.0
cnn1d,gradual_global,1,before,Backdoor_Malware,0.022774327122153208,0.016597510373443983
cnn1d,gradual_global,1,before,XSS,0.025996533795493933,0.01733102253032929
cnn1d,gradual_global,1,before,SqlInjection,0.026683608640406614,0.05590851334180432
cnn1d,gradual_global,1,before,CommandInjection,-0.009888751545117432,0.0024752475247524753
cnn1d,gradual_global,1,before,BrowserHijacking,0.0023014959723820505,0.16474654377880185
cnn1d,gradual_global,1,before,DictionaryBruteForce,0.022959183673469385,0.27462991322103114
cnn1d,gradual_global,1,before,DDoS-SlowLoris,0.00313033579965849,0.950199203187251
cnn1d,gradual_global,1,before,DDoS-HTTP_Flood,-0.005556841861542039,0.7399258916164891
cnn1d,gradual_global,1,before,DoS-HTTP_Flood,0.0659330411265504,0.9195187913830085
cnn1d,gradual_global,1,before,Recon-PortScan,0.05292016283127027,0.23836822864739116
cnn1d,gradual_global,1,before,Recon-OSScan,0.10231433506044904,0.16704663212435233
cnn1d,gradual_global,1,before,DDoS-ICMP_Flood,0.0,0.9980276134122288
cnn1d,gradual_global,1,before,DDoS-RSTFINFlood,-5.945656697792234e-05,0.9913188250683791
cnn1d,gradual_global,1,before,DDoS-TCP_Flood,0.16909366262814546,0.6007456165899692
cnn1d,gradual_global,1,before,DDoS-SynonymousIP_Flood,-0.11580594679186229,0.3382796197542314
cnn1d,gradual_global,1,before,DDoS-UDP_Flood,0.0810855626796374,0.6633132496821624
cnn1d,gradual_global,1,before,DoS-TCP_Flood,-0.13493430971354725,0.6855481369804006
cnn1d,gradual_global,1,before,DDoS-PSHACK_Flood,0.000103541105819005,0.9542324618172405
cnn1d,gradual_global,1,before,DDoS-SYN_Flood,0.05316713304502671,0.12887961738068587
cnn1d,gradual_global,1,before,Recon-HostDiscovery,-0.0003494757863206077,0.7244133799301048
cnn1d,gradual_global,1,before,DoS-SYN_Flood,0.0074743932822737,0.44064042818253124
cnn1d,gradual_global,1,before,DoS-UDP_Flood,-0.04729245113860503,0.9318181818181818
cnn1d,gradual_global,1,before,DNS_Spoofing,-0.024032758026864665,0.7313535647315449
cnn1d,gradual_global,1,before,MITM-ArpSpoofing,-0.06185191922867017,0.48888484627978895
cnn1d,gradual_global,1,before,Mirai-udpplain,0.0077269577269576395,0.9920995183478291
cnn1d,gradual_global,1,before,Mirai-greeth_flood,0.012188083517229664,0.9867250628098051
cnn1d,gradual_global,1,before,Mirai-greip_flood,0.0061494796594133705,0.9769901338018652
cnn1d,gradual_global,1,before,DDoS-UDP_Fragmentation,0.0014728033472802826,0.9857401084555132
cnn1d,gradual_global,1,before,DDoS-ACK_Fragmentation,-0.07836644591611475,0.988795237139608
cnn1d,gradual_global,1,before,VulnerabilityScan,0.10648612504179211,0.6428953527248412
cnn1d,gradual_global,1,before,DDoS-ICMP_Fragmentation,0.002205292702485928,0.9890403635391607
cnn1d,gradual_global,1,before,BenignTraffic,0.0915133095087004,0.7691716766867067
cnn1d,gradual_global,1,after,Uploading_Attack,0.07446808510638298,0.031914893617021274
cnn1d,gradual_global,1,after,Recon-PingSweep,0.0029411764705882353,0.0
cnn1d,gradual_global,1,after,Backdoor_Malware,0.018633540372670808,0.016597510373443983
cnn1d,gradual_global,1,after,XSS,0.01733102253032929,0.01733102253032929
cnn1d,gradual_global,1,after,SqlInjection,0.03176620076238883,0.05590851334180432
cnn1d,gradual_global,1,after,CommandInjection,-0.009888751545117432,0.0024752475247524753
cnn1d,gradual_global,1,after,BrowserHijacking,0.006904487917146146,0.16474654377880185
cnn1d,gradual_global,1,after,DictionaryBruteForce,0.03928571428571426,0.27462991322103114
cnn1d,gradual_global,1,after,DDoS-SlowLoris,-0.005406943653955665,0.950199203187251
cnn1d,gradual_global,1,after,DDoS-HTTP_Flood,0.020838156980782507,0.7399258916164891
cnn1d,gradual_global,1,after,DoS-HTTP_Flood,0.06891728061176905,0.9195187913830085
cnn1d,gradual_global,1,after,Recon-PortScan,0.07186175957464486,0.23836822864739116
cnn1d,gradual_global,1,after,Recon-OSScan,0.0780656303972366,0.16704663212435233
cnn1d,gradual_global,1,after,DDoS-ICMP_Flood,0.0,0.9980276134122288
cnn1d,gradual_global,1,after,DDoS-RSTFINFlood,-5.945656697792234e-05,0.9913188250683791
cnn1d,gradual_global,1,after,DDoS-TCP_Flood,-0.34902143522833173,0.6007456165899692
cnn1d,gradual_global,1,after,DDoS-SynonymousIP_Flood,-0.2021097780096216,0.3382796197542314
cnn1d,gradual_global,1,after,DDoS-UDP_Flood,-0.042283882378951976,0.6633132496821624
cnn1d,gradual_global,1,after,DoS-TCP_Flood,0.42009476631488263,0.6855481369804006
cnn1d,gradual_global,1,after,DDoS-PSHACK_Flood,-0.0002588527645475125,0.9542324618172405
cnn1d,gradual_global,1,after,DDoS-SYN_Flood,0.03551259221572117,0.12887961738068587
cnn1d,gradual_global,1,after,Recon-HostDiscovery,0.0012980529206190194,0.7244133799301048
cnn1d,gradual_global,1,after,DoS-SYN_Flood,0.03137399649349451,0.44064042818253124
cnn1d,gradual_global,1,after,DoS-UDP_Flood,0.02729962345346959,0.9318181818181818
cnn1d,gradual_global,1,after,DNS_Spoofing,0.10975469748574485,0.7313535647315449
cnn1d,gradual_global,1,after,MITM-ArpSpoofing,0.005130070947789708,0.48888484627978895
cnn1d,gradual_global,1,after,Mirai-udpplain,0.006652806652806653,0.9920995183478291
cnn1d,gradual_global,1,after,Mirai-greeth_flood,0.009506026141571922,0.9867250628098051
cnn1d,gradual_global,1,after,Mirai-greip_flood,0.007602378699824275,0.9769901338018652
cnn1d,gradual_global,1,after,DDoS-UDP_Fragmentation,0.003581589958158937,0.9857401084555132
cnn1d,gradual_global,1,after,DDoS-ACK_Fragmentation,-0.08087497491471007,0.988795237139608
cnn1d,gradual_global,1,after,VulnerabilityScan,0.12256770310932796,0.6428953527248412
cnn1d,gradual_global,1,after,DDoS-ICMP_Fragmentation,0.002873563218390829,0.9890403635391607
cnn1d,gradual_global,1,after,BenignTraffic,-0.02468187435289404,0.7691716766867067
cnn1d,gradual_global,2,before,Uploading_Attack,0.0,0.0
cnn1d,gradual_global,2,before,Recon-PingSweep,0.0029411764705882353,0.0
cnn1d,gradual_global,2,before,Backdoor_Malware,-0.010351966873706004,0.0
cnn1d,gradual_global,2,before,XSS,-0.006932409012131716,0.006932409012131715
cnn1d,gradual_global,2,before,SqlInjection,0.017789072426937738,0.03303684879288437
cnn1d,gradual_global,2,before,CommandInjection,0.03337453646477132,0.024752475247524754
cnn1d,gradual_global,2,before,BrowserHijacking,0.0023014959723820488,0.13940092165898618
cnn1d,gradual_global,2,before,DictionaryBruteForce,0.08877551020408164,0.26544155181214907
cnn1d,gradual_global,2,before,DDoS-SlowLoris,0.009960159362549792,0.9359704040978941
cnn1d,gradual_global,2,before,DDoS-HTTP_Flood,0.007872192637184527,0.6987031032885596
cnn1d,gradual_global,2,before,DoS-HTTP_Flood,0.004010071808262516,0.9274456775156207
cnn1d,gradual_global,2,before,Recon-PortScan,0.034393951981390725,0.2832336324360253
cnn1d,gradual_global,2,before,Recon-OSScan,0.00027633851468049364,0.08946459412780657
cnn1d,gradual_global,2,before,DDoS-ICMP_Flood,6.163708086781572e-05,0.9964250493096647
cnn1d,gradual_global,2,before,DDoS-RSTFINFlood,0.0,0.9923891069092639
cnn1d,gradual_global,2,before,DDoS-TCP_Flood,-0.19373252562907733,0.41003087318692844
cnn1d,gradual_global,2,before,DDoS-SynonymousIP_Flood,0.09864951023010482,0.35926269418038487
cnn1d,gradual_global,2,before,DDoS-UDP_Flood,0.03824894981207161,0.6502680891050798
cnn1d,gradual_global,2,before,DoS-TCP_Flood,0.2609304329097566,0.8789037260391988
cnn1d,gradual_global,2,before,DDoS-PSHACK_Flood,-0.0003623938703665175,0.9806885840020709
cnn1d,gradual_global,2,before,DDoS-SYN_Flood,-0.014194861358432953,0.08634374681998576
cnn1d,gradual_global,2,before,Recon-HostDiscovery,-0.036844732900649046,0.7136295556665002
cnn1d,gradual_global,2,before,DoS-SYN_Flood,0.030128264279782213,0.46569464310432335
cnn1d,gradual_global,2,before,DoS-UDP_Flood,-0.02223417608032996,0.9310561233638157
cnn1d,gradual_global,2,before,DNS_Spoofing,-0.0834640848034901,0.6431824270024109
cnn1d,gradual_global,2,before,MITM-ArpSpoofing,-0.01626341640895035,0.5815535746770966
cnn1d,gradual_global,2,before,Mirai-udpplain,-0.00024255024255015467,0.9895006756990887
cnn1d,gradual_global,2,before,Mirai-greeth_flood,-0.008996774741130587,0.96598085149725
cnn1d,gradual_global,2,before,Mirai-greip_flood,0.0022300310852817473,0.966752263819435
cnn1d,gradual_global,2,before,DDoS-UDP_Fragmentation,-0.001238493723849321,0.9844346254267925
cnn1d,gradual_global,2,before,DDoS-ACK_Fragmentation,0.003846411131179339,0.9882600842865743
cnn1d,gradual_global,2,before,VulnerabilityScan,-0.07709796054831153,0.5448679371447677
cnn1d,gradual_global,2,before,DDoS-ICMP_Fragmentation,-0.003040630847366943,0.989508152900294
cnn1d,gradual_global,2,before,BenignTraffic,0.025316455696202556,0.7181028724114896
cnn1d,gradual_global,2,after,Uploading_Attack,0.0,0.0
cnn1d,gradual_global,2,after,Recon-PingSweep,0.0029411764705882353,0.0
cnn1d,gradual_global,2,after,Backdoor_Malware,-0.010351966873706004,0.0
cnn1d,gradual_global,2,after,XSS,-0.006932409012131716,0.006932409012131715
cnn1d,gradual_global,2,after,SqlInjection,0.017789072426937738,0.03303684879288437
cnn1d,gradual_global,2,after,CommandInjection,0.02224969097651422,0.024752475247524754
cnn1d,gradual_global,2,after,BrowserHijacking,0.0023014959723820488,0.13940092165898618
cnn1d,gradual_global,2,after,DictionaryBruteForce,0.09693877551020408,0.26544155181214907
cnn1d,gradual_global,2,after,DDoS-SlowLoris,0.009106431417188365,0.9359704040978941
cnn1d,gradual_global,2,after,DDoS-HTTP_Flood,0.011345218800648316,0.6987031032885596
cnn1d,gradual_global,2,after,DoS-HTTP_Flood,0.009978550778699913,0.9274456775156207
cnn1d,gradual_global,2,after,Recon-PortScan,0.03888011963113733,0.2832336324360253
cnn1d,gradual_global,2,after,Recon-OSScan,0.013126079447322983,0.08946459412780657
cnn1d,gradual_global,2,after,DDoS-ICMP_Flood,6.163708086781572e-05,0.9964250493096647
cnn1d,gradual_global,2,after,DDoS-RSTFINFlood,-5.945656697781132e-05,0.9923891069092639
cnn1d,gradual_global,2,after,DDoS-TCP_Flood,-0.3092381174277726,0.41003087318692844
cnn1d,gradual_global,2,after,DDoS-SynonymousIP_Flood,-0.034196951254854224,0.35926269418038487
cnn1d,gradual_global,2,after,DDoS-UDP_Flood,-0.018848109661729007,0.6502680891050798
cnn1d,gradual_global,2,after,DoS-TCP_Flood,0.36474262330389834,0.8789037260391988
cnn1d,gradual_global,2,after,DDoS-PSHACK_Flood,-0.0003623938703665175,0.9806885840020709
cnn1d,gradual_global,2,after,DDoS-SYN_Flood,-0.003866700585092836,0.08634374681998576
cnn1d,gradual_global,2,after,Recon-HostDiscovery,-0.05247129306040943,0.7136295556665002
cnn1d,gradual_global,2,after,DoS-SYN_Flood,0.045215465534742066,0.46569464310432335
cnn1d,gradual_global,2,after,DoS-UDP_Flood,0.010489510489510412,0.9310561233638157
cnn1d,gradual_global,2,after,DNS_Spoofing,-0.09846542420879412,0.6431824270024109
cnn1d,gradual_global,2,after,MITM-ArpSpoofing,-0.015608513734764434,0.5815535746770966
cnn1d,gradual_global,2,after,Mirai-udpplain,-0.0004158004158003603,0.9895006756990887
cnn1d,gradual_global,2,after,Mirai-greeth_flood,-0.010660329315905659,0.96598085149725
cnn1d,gradual_global,2,after,Mirai-greip_flood,0.004020813623462627,0.966752263819435
cnn1d,gradual_global,2,after,DDoS-UDP_Fragmentation,-0.0011046025104601842,0.9844346254267925
cnn1d,gradual_global,2,after,DDoS-ACK_Fragmentation,0.001638905612415531,0.9882600842865743
cnn1d,gradual_global,2,after,VulnerabilityScan,-0.07288532263457037,0.5448679371447677
cnn1d,gradual_global,2,after,DDoS-ICMP_Fragmentation,-0.002606255012028824,0.989508152900294
cnn1d,gradual_global,2,after,BenignTraffic,0.035102367990381134,0.7181028724114896
cnn1d,gradual_global,3,before,Uploading_Attack,-0.005319148936170213,0.0
cnn1d,gradual_global,3,before,Recon-PingSweep,0.0029411764705882353,0.0
cnn1d,gradual_global,3,before,Backdoor_Malware,0.010351966873706004,0.04564315352697095
cnn1d,gradual_global,3,before,XSS,0.010398613518197573,0.008665511265164644
cnn1d,gradual_global,3,before,SqlInjection,0.007623888182973319,0.029224904701397714
cnn1d,gradual_global,3,before,CommandInjection,0.024721878862793572,0.007425742574257425
cnn1d,gradual_global,3,before,BrowserHijacking,-0.006904487917146145,0.13709677419354838
cnn1d,gradual_global,3,before,DictionaryBruteForce,0.015816326530612268,0.24859622256253192
cnn1d,gradual_global,3,before,DDoS-SlowLoris,0.005122367672168449,0.9069436539556062
cnn1d,gradual_global,3,before,DDoS-HTTP_Flood,0.044917805047464676,0.7744326076887448
cnn1d,gradual_global,3,before,DoS-HTTP_Flood,-0.016226802200876578,0.8860393546582114
cnn1d,gradual_global,3,before,Recon-PortScan,-0.0410401262773116,0.21070122964440013
cnn1d,gradual_global,3,before,Recon-OSScan,0.07081174438687393,0.19495682210708118
cnn1d,gradual_global,3,before,DDoS-ICMP_Flood,-0.0002465483234714849,0.9975961538461539
cnn1d,gradual_global,3,before,DDoS-RSTFINFlood,0.00017836970093354498,0.9924485670115353
cnn1d,gradual_global,3,before,DDoS-TCP_Flood,-0.14142590866728794,0.5135434263412361
cnn1d,gradual_global,3,before,DDoS-SynonymousIP_Flood,-0.6096910682200196,0.09065615580802226
cnn1d,gradual_global,3,before,DDoS-UDP_Flood,0.07003095290736228,0.7641921397379913
cnn1d,gradual_global,3,before,DoS-TCP_Flood,0.32995907818220976,0.7857527460693517
cnn1d,gradual_global,3,before,DDoS-PSHACK_Flood,-0.0002588527645475125,0.9491586849598758
cnn1d,gradual_global,3,before,DDoS-SYN_Flood,0.4452302213177308,0.6429225602930702
cnn1d,gradual_global,3,before,Recon-HostDiscovery,-0.0287069395906141,0.7575137294058911
cnn1d,gradual_global,3,before,DoS-SYN_Flood,0.02394574144135833,0.371660591519402
cnn1d,gradual_global,3,before,DoS-UDP_Flood,-0.08902635825712746,0.9154563385332616
cnn1d,gradual_global,3,before,DNS_Spoofing,0.07588687765489266,0.7517507940760016
cnn1d,gradual_global,3,before,MITM-ArpSpoofing,0.00378388211751865,0.5083863925777697
cnn1d,gradual_global,3,before,Mirai-udpplain,0.0003811503811503858,0.9897432343463044
cnn1d,gradual_global,3,before,Mirai-greeth_flood,-0.004006111016805258,0.9810212534800027
cnn1d,gradual_global,3,before,Mirai-greip_flood,0.004020813623462627,0.9844235707528044
cnn1d,gradual_global,3,before,DDoS-UDP_Fragmentation,0.0,0.9854053692173796
cnn1d,gradual_global,3,before,DDoS-ACK_Fragmentation,-0.054384908689544376,0.988628001873035
cnn1d,gradual_global,3,before,VulnerabilityScan,-0.03507188231360747,0.5707121364092277
cnn1d,gradual_global,3,before,DDoS-ICMP_Fragmentation,-0.0005346164127238984,0.9892074311681368
cnn1d,gradual_global,3,before,BenignTraffic,0.0018703450118566778,0.7263527054108216
cnn1d,gradual_global,3,after,Uploading_Attack,0.0,0.0
cnn1d,gradual_global,3,after,Recon-PingSweep,0.0029411764705882353,0.0
cnn1d,gradual_global,3,after,Backdoor_Malware,-0.0020703933747412,0.04564315352697095
cnn1d,gradual_global,3,after,XSS,0.010398613518197573,0.008665511265164644
cnn1d,gradual_global,3,after,SqlInjection,0.006353240152477763,0.029224904701397714
cnn1d,gradual_global,3,after,CommandInjection,0.028430160692212606,0.007425742574257425
cnn1d,gradual_global,3,after,BrowserHijacking,-0.010356731875719217,0.13709677419354838
cnn1d,gradual_global,3,after,DictionaryBruteForce,0.010204081632653073,0.24859622256253192
cnn1d,gradual_global,3,after,DDoS-SlowLoris,-0.0005691519635742104,0.9069436539556062
cnn1d,gradual_global,3,after,DDoS-HTTP_Flood,0.025237323454503358,0.7744326076887448
cnn1d,gradual_global,3,after,DoS-HTTP_Flood,0.012869532780005688,0.8860393546582114
cnn1d,gradual_global,3,after,Recon-PortScan,-0.05076015618509594,0.21070122964440013
cnn1d,gradual_global,3,after,Recon-OSScan,0.06818652849740933,0.19495682210708118
cnn1d,gradual_global,3,after,DDoS-ICMP_Flood,-0.0002465483234714849,0.9975961538461539
cnn1d,gradual_global,3,after,DDoS-RSTFINFlood,0.00011891313395562264,0.9924485670115353
cnn1d,gradual_global,3,after,DDoS-TCP_Flood,-0.0581314072693383,0.5135434263412361
cnn1d,gradual_global,3,after,DDoS-SynonymousIP_Flood,-0.35831449602967597,0.09065615580802226
cnn1d,gradual_global,3,after,DDoS-UDP_Flood,0.05306212690692014,0.7641921397379913
cnn1d,gradual_global,3,after,DoS-TCP_Flood,0.2286237346543183,0.7857527460693517
cnn1d,gradual_global,3,after,DDoS-PSHACK_Flood,-0.0003623938703665175,0.9491586849598758
cnn1d,gradual_global,3,after,DDoS-SYN_Flood,0.2019842279318239,0.6429225602930702
cnn1d,gradual_global,3,after,Recon-HostDiscovery,-0.003195207189216176,0.7575137294058911
cnn1d,gradual_global,3,after,DoS-SYN_Flood,0.06108701670203932,0.371660591519402
cnn1d,gradual_global,3,after,DoS-UDP_Flood,-0.07539896001434454,0.9154563385332616
cnn1d,gradual_global,3,after,DNS_Spoofing,0.10290459607362895,0.7517507940760016
cnn1d,gradual_global,3,after,MITM-ArpSpoofing,0.013862106603601959,0.5083863925777697
cnn1d,gradual_global,3,after,Mirai-udpplain,-0.0015592515592515177,0.9897432343463044
cnn1d,gradual_global,3,after,Mirai-greeth_flood,-0.002614157188932209,0.9810212534800027
cnn1d,gradual_global,3,after,Mirai-greip_flood,0.002939586430598662,0.9844235707528044
cnn1d,gradual_global,3,after,DDoS-UDP_Fragmentation,0.001841004184100492,0.9854053692173796
cnn1d,gradual_global,3,after,DDoS-ACK_Fragmentation,-0.06264633085825133,0.988628001873035
cnn1d,gradual_global,3,after,VulnerabilityScan,-0.0057840187228351825,0.5707121364092277
cnn1d,gradual_global,3,after,DDoS-ICMP_Fragmentation,0.000801924619085792,0.9892074311681368
cnn1d,gradual_global,3,after,BenignTraffic,-0.024481480244480824,0.7263527054108216
cnn1d,gradual_global,4,before,Uploading_Attack,0.0,0.015957446808510637
cnn1d,gradual_global,4,before,Recon-PingSweep,0.0,0.0
cnn1d,gradual_global,4,before,Backdoor_Malware,0.004140786749482401,0.002074688796680498
cnn1d,gradual_global,4,before,XSS,0.0034662045060658577,0.005199306759098787
cnn1d,gradual_global,4,before,SqlInjection,0.03939008894536213,0.015247776365946633
cnn1d,gradual_global,4,before,CommandInjection,0.03337453646477132,0.0049504950495049506
cnn1d,gradual_global,4,before,BrowserHijacking,0.0069044879171461454,0.16589861751152074
cnn1d,gradual_global,4,before,DictionaryBruteForce,0.2336734693877551,0.2557427258805513
cnn1d,gradual_global,4,before,DDoS-SlowLoris,0.1465566306203756,0.9297097324985771
cnn1d,gradual_global,4,before,DDoS-HTTP_Flood,0.06482982171799023,0.7607688744789254
cnn1d,gradual_global,4,before,DoS-HTTP_Flood,0.10752587895178589,0.8855730672386459
cnn1d,gradual_global,4,before,Recon-PortScan,0.22796377835008724,0.2648720505151213
cnn1d,gradual_global,4,before,Recon-OSScan,0.09333333333333334,0.0846286701208981
cnn1d,gradual_global,4,before,DDoS-ICMP_Flood,0.0006163708086784903,0.9977810650887574
cnn1d,gradual_global,4,before,DDoS-RSTFINFlood,-0.0002378262679113563,0.9918539659888215
cnn1d,gradual_global,4,before,DDoS-TCP_Flood,0.3466332712022367,0.42971981126580067
cnn1d,gradual_global,4,before,DDoS-SynonymousIP_Flood,-0.31878513881643766,0.32778808254115466
cnn1d,gradual_global,4,before,DDoS-UDP_Flood,-0.1516692460756135,0.7080868940357083
cnn1d,gradual_global,4,before,DoS-TCP_Flood,-0.09799698470816287,0.8618350204609089
cnn1d,gradual_global,4,before,DDoS-PSHACK_Flood,0.002070822116380211,0.9900595392182242
cnn1d,gradual_global,4,before,DDoS-SYN_Flood,-0.05230221317730856,0.06553373359112649
cnn1d,gradual_global,4,before,Recon-HostDiscovery,0.7303544682975536,0.7879680479281078
cnn1d,gradual_global,4,before,DoS-SYN_Flood,0.12046691888899143,0.5349051815623126
cnn1d,gradual_global,4,before,DoS-UDP_Flood,0.22870719024565178,0.9250941366325982
cnn1d,gradual_global,4,before,DNS_Spoofing,0.5089740155371015,0.6957253836439478
cnn1d,gradual_global,4,before,MITM-ArpSpoofing,0.07509550663998545,0.5139894487902492
cnn1d,gradual_global,4,before,Mirai-udpplain,-0.0003811503811503858,0.9879413701098444
cnn1d,gradual_global,4,before,Mirai-greeth_flood,0.057986759463588555,0.9742649555238677
cnn1d,gradual_global,4,before,Mirai-greip_flood,0.07146235977834847,0.9790174347884849
cnn1d,gradual_global,4,before,DDoS-UDP_Fragmentation,0.007665271966527221,0.9864430608555935
cnn1d,gradual_global,4,before,DDoS-ACK_Fragmentation,-0.01839587932303166,0.9885611077664058
cnn1d,gradual_global,4,before,VulnerabilityScan,0.508960213975259,0.6340688732865263
cnn1d,gradual_global,4,before,DDoS-ICMP_Fragmentation,0.0065824645816625615,0.9899759422614274
cnn1d,gradual_global,4,before,BenignTraffic,0.2397047526802712,0.6611556446225785
cnn1d,gradual_global,4,after,Uploading_Attack,0.0,0.015957446808510637
cnn1d,gradual_global,4,after,Recon-PingSweep,0.0,0.0
cnn1d,gradual_global,4,after,Backdoor_Malware,0.0,0.002074688796680498
cnn1d,gradual_global,4,after,XSS,0.0034662045060658577,0.005199306759098787
cnn1d,gradual_global,4,after,SqlInjection,0.0,0.015247776365946633
cnn1d,gradual_global,4,after,CommandInjection,0.002472187886279356,0.0049504950495049506
cnn1d,gradual_global,4,after,BrowserHijacking,0.003452243958573073,0.16589861751152074
cnn1d,gradual_global,4,after,DictionaryBruteForce,0.025000000000000022,0.2557427258805513
cnn1d,gradual_global,4,after,DDoS-SlowLoris,0.009106431417188365,0.9297097324985771
cnn1d,gradual_global,4,after,DDoS-HTTP_Flood,0.02940495485065986,0.7607688744789254
cnn1d,gradual_global,4,after,DoS-HTTP_Flood,-0.011657185489135413,0.8855730672386459
cnn1d,gradual_global,4,after,Recon-PortScan,0.05084323336379498,0.2648720505151213
cnn1d,gradual_global,4,after,Recon-OSScan,-0.020725388601036274,0.0846286701208981
cnn1d,gradual_global,4,after,DDoS-ICMP_Flood,-6.163708086781572e-05,0.9977810650887574
cnn1d,gradual_global,4,after,DDoS-RSTFINFlood,0.0,0.9918539659888215
cnn1d,gradual_global,4,after,DDoS-TCP_Flood,0.052073625349487396,0.42971981126580067
cnn1d,gradual_global,4,after,DDoS-SynonymousIP_Flood,-0.09951892424505882,0.32778808254115466
cnn1d,gradual_global,4,after,DDoS-UDP_Flood,0.07765863365023218,0.7080868940357083
cnn1d,gradual_global,4,after,DoS-TCP_Flood,-0.037045013999569276,0.8618350204609089
cnn1d,gradual_global,4,after,DDoS-PSHACK_Flood,-0.00020708221163801,0.9900595392182242
cnn1d,gradual_global,4,after,DDoS-SYN_Flood,-0.053167133045026696,0.06553373359112649
cnn1d,gradual_global,4,after,Recon-HostDiscovery,0.07723414877683465,0.7879680479281078
cnn1d,gradual_global,4,after,DoS-SYN_Flood,0.06574697794592602,0.5349051815623126
cnn1d,gradual_global,4,after,DoS-UDP_Flood,-0.047920028689259486,0.9250941366325982
cnn1d,gradual_global,4,after,DNS_Spoofing,0.00841911905399717,0.6957253836439478
cnn1d,gradual_global,4,after,MITM-ArpSpoofing,-0.014407858832090226,0.5139894487902492
cnn1d,gradual_global,4,after,Mirai-udpplain,-0.0028413028413029062,0.9879413701098444
cnn1d,gradual_global,4,after,Mirai-greeth_flood,-0.012391784077406265,0.9742649555238677
cnn1d,gradual_global,4,after,Mirai-greip_flood,0.016961751588052465,0.9790174347884849
cnn1d,gradual_global,4,after,DDoS-UDP_Fragmentation,0.0005355648535564361,0.9864430608555935
cnn1d,gradual_global,4,after,DDoS-ACK_Fragmentation,-0.034149441434209726,0.9885611077664058
cnn1d,gradual_global,4,after,VulnerabilityScan,0.06268806419257766,0.6340688732865263
cnn1d,gradual_global,4,after,DDoS-ICMP_Fragmentation,0.001236300454423911,0.9899759422614274
cnn1d,gradual_global,4,after,BenignTraffic,-0.09385124077352125,0.6611556446225785
cnn1d,starved_densehead,0,before,Uploading_Attack,0.02127659574468085,0.0
cnn1d,starved_densehead,0,before,Recon-PingSweep,0.0,0.0
cnn1d,starved_densehead,0,before,Backdoor_Malware,0.004140786749482402,0.006224066390041493
cnn1d,starved_densehead,0,before,XSS,0.02772963604852686,0.022530329289428077
cnn1d,starved_densehead,0,before,SqlInjection,0.0457433290978399,0.0241423125794155
cnn1d,starved_densehead,0,before,CommandInjection,0.0630407911001236,0.04084158415841584
cnn1d,starved_densehead,0,before,BrowserHijacking,0.019562715765247412,0.14516129032258066
cnn1d,starved_densehead,0,before,DictionaryBruteForce,0.23010204081632651,0.20929045431342522
cnn1d,starved_densehead,0,before,DDoS-SlowLoris,0.9146272054638589,0.9430848036425725
cnn1d,starved_densehead,0,before,DDoS-HTTP_Flood,0.009029868025005827,0.7144511347846225
cnn1d,starved_densehead,0,before,DoS-HTTP_Flood,0.5948894898815631,0.9177468991886599
cnn1d,starved_densehead,0,before,Recon-PortScan,0.19838830273323918,0.3142239946826188
cnn1d,starved_densehead,0,before,Recon-OSScan,0.11364421416234888,0.09167530224525043
cnn1d,starved_densehead,0,before,DDoS-ICMP_Flood,0.001356015779092612,0.9974112426035503
cnn1d,starved_densehead,0,before,DDoS-RSTFINFlood,0.007669897140139215,0.9914377452729218
cnn1d,starved_densehead,0,before,DDoS-TCP_Flood,0.24365097856477164,0.6884720685035242
cnn1d,starved_densehead,0,before,DDoS-SynonymousIP_Flood,0.34167970787689095,0.17992116856016693
cnn1d,starved_densehead,0,before,DDoS-UDP_Flood,0.5540017687375636,0.7134486761373059
cnn1d,starved_densehead,0,before,DoS-TCP_Flood,0.41158733577428386,0.5617057936678871
cnn1d,starved_densehead,0,before,DDoS-PSHACK_Flood,0.34670739283495544,0.85130727413927
cnn1d,starved_densehead,0,before,DDoS-SYN_Flood,0.5220554566268125,0.4706929887045894
cnn1d,starved_densehead,0,before,Recon-HostDiscovery,-0.17968047928107833,0.7313030454318522
cnn1d,starved_densehead,0,before,DoS-SYN_Flood,0.16439051397988372,0.3801042772112767
cnn1d,starved_densehead,0,before,DoS-UDP_Flood,-0.2873856912318451,0.9256320602474448
cnn1d,starved_densehead,0,before,DNS_Spoofing,0.29401859859936474,0.7512915694003292
cnn1d,starved_densehead,0,before,MITM-ArpSpoofing,0.12195743132617791,0.5523012552301255
cnn1d,starved_densehead,0,before,Mirai-udpplain,0.1395356895356895,0.9892581170518729
cnn1d,starved_densehead,0,before,Mirai-greeth_flood,0.9728059752164319,0.9773205676648333
cnn1d,starved_densehead,0,before,Mirai-greip_flood,0.0033112582781457123,0.97817272604406
cnn1d,starved_densehead,0,before,DDoS-UDP_Fragmentation,-0.009707112970711251,0.9857401084555132
cnn1d,starved_densehead,0,before,DDoS-ACK_Fragmentation,0.9651481704461837,0.9883604254465181
cnn1d,starved_densehead,0,before,VulnerabilityScan,0.666867268472083,0.6228017385489802
cnn1d,starved_densehead,0,before,DDoS-ICMP_Fragmentation,0.4586340550654906,0.9901764234161988
cnn1d,starved_densehead,0,before,BenignTraffic,0.6102000601182326,0.6763193052772211
cnn1d,starved_densehead,0,after,Uploading_Attack,0.02127659574468085,0.0
cnn1d,starved_densehead,0,after,Recon-PingSweep,0.0,0.0
cnn1d,starved_densehead,0,after,Backdoor_Malware,0.004140786749482402,0.006224066390041493
cnn1d,starved_densehead,0,after,XSS,0.02772963604852686,0.022530329289428077
cnn1d,starved_densehead,0,after,SqlInjection,0.04701397712833545,0.0241423125794155
cnn1d,starved_densehead,0,after,CommandInjection,0.03955500618046971,0.04084158415841584
cnn1d,starved_densehead,0,after,BrowserHijacking,0.018411967779056387,0.14516129032258066
cnn1d,starved_densehead,0,after,DictionaryBruteForce,-0.08316326530612245,0.20929045431342522
cnn1d,starved_densehead,0,after,DDoS-SlowLoris,0.0509391007398976,0.9430848036425725
cnn1d,starved_densehead,0,after,DDoS-HTTP_Flood,0.03334105116925212,0.7144511347846225
cnn1d,starved_densehead,0,after,DoS-HTTP_Flood,0.009792035810873845,0.9177468991886599
cnn1d,starved_densehead,0,after,Recon-PortScan,0.12129268090055662,0.3142239946826188
cnn1d,starved_densehead,0,after,Recon-OSScan,0.02535405872193436,0.09167530224525043
cnn1d,starved_densehead,0,after,DDoS-ICMP_Flood,0.0002465483234713739,0.9974112426035503
cnn1d,starved_densehead,0,after,DDoS-RSTFINFlood,0.00011891313395573366,0.9914377452729218
cnn1d,starved_densehead,0,after,DDoS-TCP_Flood,0.3496621621621621,0.6884720685035242
cnn1d,starved_densehead,0,after,DDoS-SynonymousIP_Flood,-0.5596128209586739,0.17992116856016693
cnn1d,starved_densehead,0,after,DDoS-UDP_Flood,0.0019345567101480832,0.7134486761373059
cnn1d,starved_densehead,0,after,DoS-TCP_Flood,-0.4692009476631488,0.5617057936678871
cnn1d,starved_densehead,0,after,DDoS-PSHACK_Flood,0.0001553116587285075,0.85130727413927
cnn1d,starved_densehead,0,after,DDoS-SYN_Flood,0.40788603408801827,0.4706929887045894
cnn1d,starved_densehead,0,after,Recon-HostDiscovery,-0.09685471792311529,0.7313030454318522
cnn1d,starved_densehead,0,after,DoS-SYN_Flood,-0.015271754175509855,0.3801042772112767
cnn1d,starved_densehead,0,after,DoS-UDP_Flood,0.0,0.9256320602474448
cnn1d,starved_densehead,0,after,DNS_Spoofing,0.19195591443113547,0.7512915694003292
cnn1d,starved_densehead,0,after,MITM-ArpSpoofing,0.018155357467709646,0.5523012552301255
cnn1d,starved_densehead,0,after,Mirai-udpplain,0.0015592515592515177,0.9892581170518729
cnn1d,starved_densehead,0,after,Mirai-greeth_flood,-0.019113902563232088,0.9773205676648333
cnn1d,starved_densehead,0,after,Mirai-greip_flood,0.12150290579808087,0.97817272604406
cnn1d,starved_densehead,0,after,DDoS-UDP_Fragmentation,0.0021087866108786546,0.9857401084555132
cnn1d,starved_densehead,0,after,DDoS-ACK_Fragmentation,0.007993845742190198,0.9883604254465181
cnn1d,starved_densehead,0,after,VulnerabilityScan,0.10090270812437319,0.6228017385489802
cnn1d,starved_densehead,0,after,DDoS-ICMP_Fragmentation,0.004210104250200519,0.9901764234161988
cnn1d,starved_densehead,0,after,BenignTraffic,-0.007381182993219992,0.6763193052772211
cnn1d,starved_densehead,1,before,Uploading_Attack,0.07446808510638298,0.031914893617021274
cnn1d,starved_densehead,1,before,Recon-PingSweep,0.0029411764705882353,0.0
cnn1d,starved_densehead,1,before,Backdoor_Malware,0.028985507246376812,0.016597510373443983
cnn1d,starved_densehead,1,before,XSS,0.03119584055459272,0.01733102253032929
cnn1d,starved_densehead,1,before,SqlInjection,0.06861499364675985,0.05590851334180432
cnn1d,starved_densehead,1,before,CommandInjection,0.0173053152039555,0.0024752475247524753
cnn1d,starved_densehead,1,before,BrowserHijacking,-0.008055235903337166,0.16474654377880185
cnn1d,starved_densehead,1,before,DictionaryBruteForce,0.10714285714285715,0.27462991322103114
cnn1d,starved_densehead,1,before,DDoS-SlowLoris,0.30079681274900394,0.950199203187251
cnn1d,starved_densehead,1,before,DDoS-HTTP_Flood,0.15373929150266263,0.7399258916164891
cnn1d,starved_densehead,1,before,DoS-HTTP_Flood,-0.055488202928285046,0.9195187913830085
cnn1d,starved_densehead,1,before,Recon-PortScan,0.07244329982553793,0.23836822864739116
cnn1d,starved_densehead,1,before,Recon-OSScan,0.09768566493955094,0.16704663212435233
cnn1d,starved_densehead,1,before,DDoS-ICMP_Flood,-6.163708086792674e-05,0.9980276134122288
cnn1d,starved_densehead,1,before,DDoS-RSTFINFlood,0.00041619596884467924,0.9913188250683791
cnn1d,starved_densehead,1,before,DDoS-TCP_Flood,0.038851351351351426,0.6007456165899692
cnn1d,starved_densehead,1,before,DDoS-SynonymousIP_Flood,0.7046890395873181,0.3382796197542314
cnn1d,starved_densehead,1,before,DDoS-UDP_Flood,0.15100596948927703,0.6633132496821624
cnn1d,starved_densehead,1,before,DoS-TCP_Flood,0.04059875080766745,0.6855481369804006
cnn1d,starved_densehead,1,before,DDoS-PSHACK_Flood,0.060882170221577936,0.9542324618172405
cnn1d,starved_densehead,1,before,DDoS-SYN_Flood,0.19333502925464258,0.12887961738068587
cnn1d,starved_densehead,1,before,Recon-HostDiscovery,0.22356465302046924,0.7244133799301048
cnn1d,starved_densehead,1,before,DoS-SYN_Flood,-0.3074651656362462,0.44064042818253124
cnn1d,starved_densehead,1,before,DoS-UDP_Flood,-0.08647122108660565,0.9318181818181818
cnn1d,starved_densehead,1,before,DNS_Spoofing,-0.31127779266005895,0.7313535647315449
cnn1d,starved_densehead,1,before,MITM-ArpSpoofing,0.004074949972712391,0.48888484627978895
cnn1d,starved_densehead,1,before,Mirai-udpplain,0.009840609840609749,0.9920995183478291
cnn1d,starved_densehead,1,before,Mirai-greeth_flood,0.07669326090646755,0.9867250628098051
cnn1d,starved_densehead,1,before,Mirai-greip_flood,0.016590079740505415,0.9769901338018652
cnn1d,starved_densehead,1,before,DDoS-UDP_Fragmentation,0.03206694560669454,0.9857401084555132
cnn1d,starved_densehead,1,before,DDoS-ACK_Fragmentation,0.13181483711285036,0.988795237139608
cnn1d,starved_densehead,1,before,VulnerabilityScan,0.266934135740555,0.6428953527248412
cnn1d,starved_densehead,1,before,DDoS-ICMP_Fragmentation,0.006682705159048341,0.9890403635391607
cnn1d,starved_densehead,1,before,BenignTraffic,0.49196753615443706,0.7691716766867067
cnn1d,starved_densehead,1,after,Uploading_Attack,0.07446808510638298,0.031914893617021274
cnn1d,starved_densehead,1,after,Recon-PingSweep,0.0029411764705882353,0.0
cnn1d,starved_densehead,1,after,Backdoor_Malware,0.033126293995859216,0.016597510373443983
cnn1d,starved_densehead,1,after,XSS,0.027729636048526865,0.01733102253032929
cnn1d,starved_densehead,1,after,SqlInjection,0.06861499364675985,0.05590851334180432
cnn1d,starved_densehead,1,after,CommandInjection,0.012360939431396784,0.0024752475247524753
cnn1d,starved_densehead,1,after,BrowserHijacking,0.012658227848101267,0.16474654377880185
cnn1d,starved_densehead,1,after,DictionaryBruteForce,0.07346938775510203,0.27462991322103114
cnn1d,starved_densehead,1,after,DDoS-SlowLoris,0.05549231644849173,0.950199203187251
cnn1d,starved_densehead,1,after,DDoS-HTTP_Flood,0.06645056726094001,0.7399258916164891
cnn1d,starved_densehead,1,after,DoS-HTTP_Flood,0.048400634150890576,0.9195187913830085
cnn1d,starved_densehead,1,after,Recon-PortScan,0.08424025920079754,0.23836822864739116
cnn1d,starved_densehead,1,after,Recon-OSScan,0.007184801381692557,0.16704663212435233
cnn1d,starved_densehead,1,after,DDoS-ICMP_Flood,-0.00012327416173574246,0.9980276134122288
cnn1d,starved_densehead,1,after,DDoS-RSTFINFlood,0.0005351091028003019,0.9913188250683791
cnn1d,starved_densehead,1,after,DDoS-TCP_Flood,0.14352283317800563,0.6007456165899692
cnn1d,starved_densehead,1,after,DDoS-SynonymousIP_Flood,-0.18924245058830358,0.3382796197542314
cnn1d,starved_densehead,1,after,DDoS-UDP_Flood,-0.11137519345567104,0.6633132496821624
cnn1d,starved_densehead,1,after,DoS-TCP_Flood,-0.08372819297867762,0.6855481369804006
cnn1d,starved_densehead,1,after,DDoS-PSHACK_Flood,0.0003623938703665175,0.9542324618172405
cnn1d,starved_densehead,1,after,DDoS-SYN_Flood,0.0056474179598066665,0.12887961738068587
cnn1d,starved_densehead,1,after,Recon-HostDiscovery,-0.06694957563654524,0.7244133799301048
cnn1d,starved_densehead,1,after,DoS-SYN_Flood,0.04544615668542956,0.44064042818253124
cnn1d,starved_densehead,1,after,DoS-UDP_Flood,0.11005020620405237,0.9318181818181818
cnn1d,starved_densehead,1,after,DNS_Spoofing,0.08101488653323635,0.7313535647315449
cnn1d,starved_densehead,1,after,MITM-ArpSpoofing,-0.07804256867382209,0.48888484627978895
cnn1d,starved_densehead,1,after,Mirai-udpplain,0.00505890505890505,0.9920995183478291
cnn1d,starved_densehead,1,after,Mirai-greeth_flood,0.07910371753522327,0.9867250628098051
cnn1d,starved_densehead,1,after,Mirai-greip_flood,0.008007838897148178,0.9769901338018652
cnn1d,starved_densehead,1,after,DDoS-UDP_Fragmentation,0.005054393305439331,0.9857401084555132
cnn1d,starved_densehead,1,after,DDoS-ACK_Fragmentation,-0.06990434142752022,0.988795237139608
cnn1d,starved_densehead,1,after,VulnerabilityScan,0.23286526245402878,0.6428953527248412
cnn1d,starved_densehead,1,after,DDoS-ICMP_Fragmentation,0.003241112002138502,0.9890403635391607
cnn1d,starved_densehead,1,after,BenignTraffic,0.18399519054139812,0.7691716766867067
cnn1d,starved_densehead,2,before,Uploading_Attack,0.0,0.0
cnn1d,starved_densehead,2,before,Recon-PingSweep,0.0029411764705882353,0.0
cnn1d,starved_densehead,2,before,Backdoor_Malware,0.0,0.0
cnn1d,starved_densehead,2,before,XSS,0.0034662045060658577,0.006932409012131715
cnn1d,starved_densehead,2,before,SqlInjection,0.052096569250317665,0.03303684879288437
cnn1d,starved_densehead,2,before,CommandInjection,-0.24969097651421507,0.024752475247524754
cnn1d,starved_densehead,2,before,BrowserHijacking,-0.005753739930955119,0.13940092165898618
cnn1d,starved_densehead,2,before,DictionaryBruteForce,0.039795918367346916,0.26544155181214907
cnn1d,starved_densehead,2,before,DDoS-SlowLoris,0.7205463858850313,0.9359704040978941
cnn1d,starved_densehead,2,before,DDoS-HTTP_Flood,0.7161379949062283,0.6987031032885596
cnn1d,starved_densehead,2,before,DoS-HTTP_Flood,-0.03198731698218782,0.9274456775156207
cnn1d,starved_densehead,2,before,Recon-PortScan,-0.03630472709146795,0.2832336324360253
cnn1d,starved_densehead,2,before,Recon-OSScan,-0.2129879101899827,0.08946459412780657
cnn1d,starved_densehead,2,before,DDoS-ICMP_Flood,0.0,0.9964250493096647
cnn1d,starved_densehead,2,before,DDoS-RSTFINFlood,-0.0003567394018668679,0.9923891069092639
cnn1d,starved_densehead,2,before,DDoS-TCP_Flood,0.41816169617893756,0.41003087318692844
cnn1d,starved_densehead,2,before,DDoS-SynonymousIP_Flood,0.29079000753492146,0.35926269418038487
cnn1d,starved_densehead,2,before,DDoS-UDP_Flood,-0.31975458766305553,0.6502680891050798
cnn1d,starved_densehead,2,before,DoS-TCP_Flood,-0.2611996553952186,0.8789037260391988
cnn1d,starved_densehead,2,before,DDoS-PSHACK_Flood,0.0006730171878235325,0.9806885840020709
cnn1d,starved_densehead,2,before,DDoS-SYN_Flood,-0.19481048079369115,0.08634374681998576
cnn1d,starved_densehead,2,before,Recon-HostDiscovery,0.6627558662006989,0.7136295556665002
cnn1d,starved_densehead,2,before,DoS-SYN_Flood,0.19110454922949155,0.46569464310432335
cnn1d,starved_densehead,2,before,DoS-UDP_Flood,0.5789851174466558,0.9310561233638157
cnn1d,starved_densehead,2,before,DNS_Spoofing,0.4980674294898779,0.6431824270024109
cnn1d,starved_densehead,2,before,MITM-ArpSpoofing,0.11602692377660541,0.5815535746770966
cnn1d,starved_densehead,2,before,Mirai-udpplain,0.0008316008316008316,0.9895006756990887
cnn1d,starved_densehead,2,before,Mirai-greeth_flood,0.9647258529960957,0.96598085149725
cnn1d,starved_densehead,2,before,Mirai-greip_flood,0.07102311123124738,0.966752263819435
cnn1d,starved_densehead,2,before,DDoS-UDP_Fragmentation,0.862794979079498,0.9844346254267925
cnn1d,starved_densehead,2,before,DDoS-ACK_Fragmentation,0.05140812094454483,0.9882600842865743
cnn1d,starved_densehead,2,before,VulnerabilityScan,-0.16031427616181881,0.5448679371447677
cnn1d,starved_densehead,2,before,DDoS-ICMP_Fragmentation,-0.008921411387329603,0.989508152900294
cnn1d,starved_densehead,2,before,BenignTraffic,0.19304632443806158,0.7181028724114896
cnn1d,starved_densehead,2,after,Uploading_Attack,0.0,0.0
cnn1d,starved_densehead,2,after,Recon-PingSweep,0.0029411764705882353,0.0
cnn1d,starved_densehead,2,after,Backdoor_Malware,-0.002070393374741201,0.0
cnn1d,starved_densehead,2,after,XSS,-0.0017331022530329295,0.006932409012131715
cnn1d,starved_densehead,2,after,SqlInjection,0.03430749682337993,0.03303684879288437
cnn1d,starved_densehead,2,after,CommandInjection,0.06551297898640297,0.024752475247524754
cnn1d,starved_densehead,2,after,BrowserHijacking,0.0023014959723820488,0.13940092165898618
cnn1d,starved_densehead,2,after,DictionaryBruteForce,0.04642857142857143,0.26544155181214907
cnn1d,starved_densehead,2,after,DDoS-SlowLoris,0.06317586795674446,0.9359704040978941
cnn1d,starved_densehead,2,after,DDoS-HTTP_Flood,-0.010650613567955602,0.6987031032885596
cnn1d,starved_densehead,2,after,DoS-HTTP_Flood,0.02629861046348969,0.9274456775156207
cnn1d,starved_densehead,2,after,Recon-PortScan,0.07003406164326662,0.2832336324360253
cnn1d,starved_densehead,2,after,Recon-OSScan,0.023005181347150266,0.08946459412780657
cnn1d,starved_densehead,2,after,DDoS-ICMP_Flood,0.0,0.9964250493096647
cnn1d,starved_densehead,2,after,DDoS-RSTFINFlood,0.0002972828348891676,0.9923891069092639
cnn1d,starved_densehead,2,after,DDoS-TCP_Flood,-0.3489631873252563,0.41003087318692844
cnn1d,starved_densehead,2,after,DDoS-SynonymousIP_Flood,0.13255665681330775,0.35926269418038487
cnn1d,starved_densehead,2,after,DDoS-UDP_Flood,-0.07213132876409467,0.6502680891050798
cnn1d,starved_densehead,2,after,DoS-TCP_Flood,0.37933448201593795,0.8789037260391988
cnn1d,starved_densehead,2,after,DDoS-PSHACK_Flood,-0.000310623317457015,0.9806885840020709
cnn1d,starved_densehead,2,after,DDoS-SYN_Flood,-0.07306029000254388,0.08634374681998576
cnn1d,starved_densehead,2,after,Recon-HostDiscovery,-0.055317024463305,0.7136295556665002
cnn1d,starved_densehead,2,after,DoS-SYN_Flood,0.04429270093199225,0.46569464310432335
cnn1d,starved_densehead,2,after,DoS-UDP_Flood,0.056795768334229835,0.9310561233638157
cnn1d,starved_densehead,2,after,DNS_Spoofing,-0.08143584248593627,0.6431824270024109
cnn1d,starved_densehead,2,after,MITM-ArpSpoofing,0.004220483900309255,0.5815535746770966
cnn1d,starved_densehead,2,after,Mirai-udpplain,0.0029106029106029663,0.9895006756990887
cnn1d,starved_densehead,2,after,Mirai-greeth_flood,0.0012222033610591598,0.96598085149725
cnn1d,starved_densehead,2,after,Mirai-greip_flood,0.0036491417759155764,0.966752263819435
cnn1d,starved_densehead,2,after,DDoS-UDP_Fragmentation,-0.0005690376569037481,0.9844346254267925
cnn1d,starved_densehead,2,after,DDoS-ACK_Fragmentation,0.004281222824269237,0.9882600842865743
cnn1d,starved_densehead,2,after,VulnerabilityScan,-0.04697425610163819,0.5448679371447677
cnn1d,starved_densehead,2,after,DDoS-ICMP_Fragmentation,-0.0001002405773856685,0.989508152900294
cnn1d,starved_densehead,2,after,BenignTraffic,0.050900103536956065,0.7181028724114896
cnn1d,starved_densehead,3,before,Uploading_Attack,0.0,0.0
cnn1d,starved_densehead,3,before,Recon-PingSweep,0.0029411764705882353,0.0
cnn1d,starved_densehead,3,before,Backdoor_Malware,0.008281573498964802,0.04564315352697095
cnn1d,starved_densehead,3,before,XSS,0.012131715771230503,0.008665511265164644
cnn1d,starved_densehead,3,before,SqlInjection,0.05590851334180432,0.029224904701397714
cnn1d,starved_densehead,3,before,CommandInjection,0.016069221260815822,0.007425742574257425
cnn1d,starved_densehead,3,before,BrowserHijacking,0.0034522439585730723,0.13709677419354838
cnn1d,starved_densehead,3,before,DictionaryBruteForce,0.1673469387755102,0.24859622256253192
cnn1d,starved_densehead,3,before,DDoS-SlowLoris,0.3574274331246443,0.9069436539556062
cnn1d,starved_densehead,3,before,DDoS-HTTP_Flood,0.4954850659874971,0.7744326076887448
cnn1d,starved_densehead,3,before,DoS-HTTP_Flood,0.08626317261960281,0.8860393546582114
cnn1d,starved_densehead,3,before,Recon-PortScan,-0.09537260114646506,0.21070122964440013
cnn1d,starved_densehead,3,before,Recon-OSScan,-0.07744386873920553,0.19495682210708118
cnn1d,starved_densehead,3,before,DDoS-ICMP_Flood,0.007704635108481184,0.9975961538461539
cnn1d,starved_densehead,3,before,DDoS-RSTFINFlood,0.9985730423925323,0.9924485670115353
cnn1d,starved_densehead,3,before,DDoS-TCP_Flood,-0.2707362534948741,0.5135434263412361
cnn1d,starved_densehead,3,before,DDoS-SynonymousIP_Flood,0.1766069669043065,0.09065615580802226
cnn1d,starved_densehead,3,before,DDoS-UDP_Flood,0.8059363254477117,0.7641921397379913
cnn1d,starved_densehead,3,before,DoS-TCP_Flood,0.8012599612319621,0.7857527460693517
cnn1d,starved_densehead,3,before,DDoS-PSHACK_Flood,0.24725616069579626,0.9491586849598758
cnn1d,starved_densehead,3,before,DDoS-SYN_Flood,-0.31981684049860093,0.6429225602930702
cnn1d,starved_densehead,3,before,Recon-HostDiscovery,0.4304043934098852,0.7575137294058911
cnn1d,starved_densehead,3,before,DoS-SYN_Flood,0.1538248592783981,0.371660591519402
cnn1d,starved_densehead,3,before,DoS-UDP_Flood,0.5988434642280797,0.9154563385332616
cnn1d,starved_densehead,3,before,DNS_Spoofing,0.4557422218820557,0.7517507940760016
cnn1d,starved_densehead,3,before,MITM-ArpSpoofing,0.10565763143532836,0.5083863925777697
cnn1d,starved_densehead,3,before,Mirai-udpplain,0.9876299376299377,0.9897432343463044
cnn1d,starved_densehead,3,before,Mirai-greeth_flood,0.9797996944491598,0.9810212534800027
cnn1d,starved_densehead,3,before,Mirai-greip_flood,0.03730233815380457,0.9844235707528044
cnn1d,starved_densehead,3,before,DDoS-UDP_Fragmentation,0.5831297071129707,0.9854053692173796
cnn1d,starved_densehead,3,before,DDoS-ACK_Fragmentation,0.37872098468124965,0.988628001873035
cnn1d,starved_densehead,3,before,VulnerabilityScan,0.6292544299565362,0.5707121364092277
cnn1d,starved_densehead,3,before,DDoS-ICMP_Fragmentation,0.0118952151831061,0.9892074311681368
cnn1d,starved_densehead,3,before,BenignTraffic,0.730469924184229,0.7263527054108216
cnn1d,starved_densehead,3,after,Uploading_Attack,0.0,0.0
cnn1d,starved_densehead,3,after,Recon-PingSweep,0.0029411764705882353,0.0
cnn1d,starved_densehead,3,after,Backdoor_Malware,0.022774327122153208,0.04564315352697095
cnn1d,starved_densehead,3,after,XSS,0.008665511265164644,0.008665511265164644
cnn1d,starved_densehead,3,after,SqlInjection,0.03811944091486658,0.029224904701397714
cnn1d,starved_densehead,3,after,CommandInjection,0.0074165636588380685,0.007425742574257425
cnn1d,starved_densehead,3,after,BrowserHijacking,-0.0011507479861910244,0.13709677419354838
cnn1d,starved_densehead,3,after,DictionaryBruteForce,0.03367346938775512,0.24859622256253192
cnn1d,starved_densehead,3,after,DDoS-SlowLoris,0.0008537279453614266,0.9069436539556062
cnn1d,starved_densehead,3,after,DDoS-HTTP_Flood,0.0379717527205371,0.7744326076887448
cnn1d,starved_densehead,3,after,DoS-HTTP_Flood,0.0440175324069757,0.8860393546582114
cnn1d,starved_densehead,3,after,Recon-PortScan,0.028080086400265852,0.21070122964440013
cnn1d,starved_densehead,3,after,Recon-OSScan,0.07854922279792748,0.19495682210708118
cnn1d,starved_densehead,3,after,DDoS-ICMP_Flood,0.0002465483234713739,0.9975961538461539
cnn1d,starved_densehead,3,after,DDoS-RSTFINFlood,0.00011891313395562264,0.9924485670115353
cnn1d,starved_densehead,3,after,DDoS-TCP_Flood,0.00914492078285184,0.5135434263412361
cnn1d,starved_densehead,3,after,DDoS-SynonymousIP_Flood,-0.5469773372746769,0.09065615580802226
cnn1d,starved_densehead,3,after,DDoS-UDP_Flood,0.11529957992482864,0.7641921397379913
cnn1d,starved_densehead,3,after,DoS-TCP_Flood,0.03839112642687914,0.7857527460693517
cnn1d,starved_densehead,3,after,DDoS-PSHACK_Flood,0.0001553116587285075,0.9491586849598758
cnn1d,starved_densehead,3,after,DDoS-SYN_Flood,0.47565504960569827,0.6429225602930702
cnn1d,starved_densehead,3,after,Recon-HostDiscovery,0.07029455816275587,0.7575137294058911
cnn1d,starved_densehead,3,after,DoS-SYN_Flood,0.005813416997323989,0.371660591519402
cnn1d,starved_densehead,3,after,DoS-UDP_Flood,-0.11574323112784646,0.9154563385332616
cnn1d,starved_densehead,3,after,DNS_Spoofing,0.11419386935057974,0.7517507940760016
cnn1d,starved_densehead,3,after,MITM-ArpSpoofing,0.023321811897398584,0.5083863925777697
cnn1d,starved_densehead,3,after,Mirai-udpplain,0.0027373527373527606,0.9897432343463044
cnn1d,starved_densehead,3,after,Mirai-greeth_flood,0.014564590052622672,0.9810212534800027
cnn1d,starved_densehead,3,after,Mirai-greip_flood,0.018516015677794262,0.9844235707528044
cnn1d,starved_densehead,3,after,DDoS-UDP_Fragmentation,0.0023096234309624153,0.9854053692173796
cnn1d,starved_densehead,3,after,DDoS-ACK_Fragmentation,-0.10826811157936977,0.988628001873035
cnn1d,starved_densehead,3,after,VulnerabilityScan,0.020561685055165424,0.5707121364092277
cnn1d,starved_densehead,3,after,DDoS-ICMP_Fragmentation,0.003040630847367054,0.9892074311681368
cnn1d,starved_densehead,3,after,BenignTraffic,-0.03526936308072548,0.7263527054108216
cnn1d,starved_densehead,4,before,Uploading_Attack,0.0,0.015957446808510637
cnn1d,starved_densehead,4,before,Recon-PingSweep,0.0,0.0
cnn1d,starved_densehead,4,before,Backdoor_Malware,0.006211180124223602,0.002074688796680498
cnn1d,starved_densehead,4,before,XSS,-0.01386481802426343,0.005199306759098787
cnn1d,starved_densehead,4,before,SqlInjection,0.03939008894536213,0.015247776365946633
cnn1d,starved_densehead,4,before,CommandInjection,-0.00618046971569839,0.0049504950495049506
cnn1d,starved_densehead,4,before,BrowserHijacking,-0.0034522439585730723,0.16589861751152074
cnn1d,starved_densehead,4,before,DictionaryBruteForce,0.17755102040816328,0.2557427258805513
cnn1d,starved_densehead,4,before,DDoS-SlowLoris,0.3881616391576551,0.9297097324985771
cnn1d,starved_densehead,4,before,DDoS-HTTP_Flood,0.16925214169946745,0.7607688744789254
cnn1d,starved_densehead,4,before,DoS-HTTP_Flood,0.7644315956355499,0.8855730672386459
cnn1d,starved_densehead,4,before,Recon-PortScan,0.23004070781756253,0.2648720505151213
cnn1d,starved_densehead,4,before,Recon-OSScan,0.10411053540587219,0.0846286701208981
cnn1d,starved_densehead,4,before,DDoS-ICMP_Flood,-6.163708086781572e-05,0.9977810650887574
cnn1d,starved_densehead,4,before,DDoS-RSTFINFlood,-0.0002972828348891676,0.9918539659888215
cnn1d,starved_densehead,4,before,DDoS-TCP_Flood,0.3459925442684063,0.42971981126580067
cnn1d,starved_densehead,4,before,DDoS-SynonymousIP_Flood,0.04555729438358547,0.32778808254115466
cnn1d,starved_densehead,4,before,DDoS-UDP_Flood,-0.22667477338049968,0.7080868940357083
cnn1d,starved_densehead,4,before,DoS-TCP_Flood,-0.13811113504199868,0.8618350204609089
cnn1d,starved_densehead,4,before,DDoS-PSHACK_Flood,0.9974632429074343,0.9900595392182242
cnn1d,starved_densehead,4,before,DDoS-SYN_Flood,0.10653777664716357,0.06553373359112649
cnn1d,starved_densehead,4,before,Recon-HostDiscovery,0.792161757363954,0.7879680479281078
cnn1d,starved_densehead,4,before,DoS-SYN_Flood,0.2365968441450586,0.5349051815623126
cnn1d,starved_densehead,4,before,DoS-UDP_Flood,0.3858257127487897,0.9250941366325982
cnn1d,starved_densehead,4,before,DNS_Spoofing,0.20328345643105888,0.6957253836439478
cnn1d,starved_densehead,4,before,MITM-ArpSpoofing,0.07454975441149718,0.5139894487902492
cnn1d,starved_densehead,4,before,Mirai-udpplain,0.045148995148995064,0.9879413701098444
cnn1d,starved_densehead,4,before,Mirai-greeth_flood,0.9686980139195382,0.9742649555238677
cnn1d,starved_densehead,4,before,Mirai-greip_flood,-0.00621705635896741,0.9790174347884849
cnn1d,starved_densehead,4,before,DDoS-UDP_Fragmentation,-0.006058577405857801,0.9864430608555935
cnn1d,starved_densehead,4,before,DDoS-ACK_Fragmentation,0.9242758712957387,0.9885611077664058
cnn1d,starved_densehead,4,before,VulnerabilityScan,-0.1551320628552324,0.6340688732865263
cnn1d,starved_densehead,4,before,DDoS-ICMP_Fragmentation,0.03408179631114672,0.9899759422614274
cnn1d,starved_densehead,4,before,BenignTraffic,0.16879863732006278,0.6611556446225785
cnn1d,starved_densehead,4,after,Uploading_Attack,0.0,0.015957446808510637
cnn1d,starved_densehead,4,after,Recon-PingSweep,0.0,0.0
cnn1d,starved_densehead,4,after,Backdoor_Malware,0.006211180124223602,0.002074688796680498
cnn1d,starved_densehead,4,after,XSS,-0.0017331022530329295,0.005199306759098787
cnn1d,starved_densehead,4,after,SqlInjection,0.02033036848792884,0.015247776365946633
cnn1d,starved_densehead,4,after,CommandInjection,0.00865265760197775,0.0049504950495049506
cnn1d,starved_densehead,4,after,BrowserHijacking,-0.006904487917146145,0.16589861751152074
cnn1d,starved_densehead,4,after,DictionaryBruteForce,0.01734693877551019,0.2557427258805513
cnn1d,starved_densehead,4,after,DDoS-SlowLoris,0.027319294251565096,0.9297097324985771
cnn1d,starved_densehead,4,after,DDoS-HTTP_Flood,0.03982403334105111,0.7607688744789254
cnn1d,starved_densehead,4,after,DoS-HTTP_Flood,0.010444838198265471,0.8855730672386459
cnn1d,starved_densehead,4,after,Recon-PortScan,0.09595414139735814,0.2648720505151213
cnn1d,starved_densehead,4,after,Recon-OSScan,0.012297063903281516,0.0846286701208981
cnn1d,starved_densehead,4,after,DDoS-ICMP_Flood,0.00012327416173574246,0.9977810650887574
cnn1d,starved_densehead,4,after,DDoS-RSTFINFlood,5.945656697781132e-05,0.9918539659888215
cnn1d,starved_densehead,4,after,DDoS-TCP_Flood,-0.04333643988816405,0.42971981126580067
cnn1d,starved_densehead,4,after,DDoS-SynonymousIP_Flood,-0.07291485538746878,0.32778808254115466
cnn1d,starved_densehead,4,after,DDoS-UDP_Flood,-0.09214017245191242,0.7080868940357083
cnn1d,starved_densehead,4,after,DoS-TCP_Flood,0.056590566444109425,0.8618350204609089
cnn1d,starved_densehead,4,after,DDoS-PSHACK_Flood,-0.000103541105819005,0.9900595392182242
cnn1d,starved_densehead,4,after,DDoS-SYN_Flood,-0.079318239633681,0.06553373359112649
cnn1d,starved_densehead,4,after,Recon-HostDiscovery,0.09216175736395404,0.7879680479281078
cnn1d,starved_densehead,4,after,DoS-SYN_Flood,0.050013841469041254,0.5349051815623126
cnn1d,starved_densehead,4,after,DoS-UDP_Flood,0.11605701990317374,0.9250941366325982
cnn1d,starved_densehead,4,after,DNS_Spoofing,0.0608472695266159,0.6957253836439478
cnn1d,starved_densehead,4,after,MITM-ArpSpoofing,-0.02721484446061488,0.5139894487902492
cnn1d,starved_densehead,4,after,Mirai-udpplain,-0.00027720027720035123,0.9879413701098444
cnn1d,starved_densehead,4,after,Mirai-greeth_flood,-0.008148022407061584,0.9742649555238677
cnn1d,starved_densehead,4,after,Mirai-greip_flood,0.01219759426949596,0.9790174347884849
cnn1d,starved_densehead,4,after,DDoS-UDP_Fragmentation,0.0016066945606694194,0.9864430608555935
cnn1d,starved_densehead,4,after,DDoS-ACK_Fragmentation,-0.03210917118201895,0.9885611077664058
cnn1d,starved_densehead,4,after,VulnerabilityScan,0.03804747576061518,0.6340688732865263
cnn1d,starved_densehead,4,after,DDoS-ICMP_Fragmentation,0.0027399091152098265,0.9899759422614274
cnn1d,starved_densehead,4,after,BenignTraffic,-0.03343241708693767,0.6611556446225785
cnn1d,f128_uniform80,0,before,Uploading_Attack,0.010638297872340425,0.0
cnn1d,f128_uniform80,0,before,Recon-PingSweep,0.0,0.0
cnn1d,f128_uniform80,0,before,Backdoor_Malware,0.024844720496894408,0.024896265560165973
cnn1d,f128_uniform80,0,before,XSS,0.006932409012131715,0.0034662045060658577
cnn1d,f128_uniform80,0,before,SqlInjection,0.05844980940279543,0.04193138500635324
cnn1d,f128_uniform80,0,before,CommandInjection,0.034610630407911,0.009900990099009901
cnn1d,f128_uniform80,0,before,BrowserHijacking,0.004602991944764097,0.11635944700460829
cnn1d,f128_uniform80,0,before,DictionaryBruteForce,0.07346938775510203,0.23226135783563043
cnn1d,f128_uniform80,0,before,DDoS-SlowLoris,-0.00939100739897547,0.9103585657370518
cnn1d,f128_uniform80,0,before,DDoS-HTTP_Flood,-0.0817318823801807,0.7339045854562297
cnn1d,f128_uniform80,0,before,DoS-HTTP_Flood,0.48279399421803604,0.9331343840343188
cnn1d,f128_uniform80,0,before,Recon-PortScan,-0.0023261610035723024,0.20081422399468263
cnn1d,f128_uniform80,0,before,Recon-OSScan,0.018238341968911914,0.1269775474956822
cnn1d,f128_uniform80,0,before,DDoS-ICMP_Flood,0.0015409270216961701,0.9984590729783037
cnn1d,f128_uniform80,0,before,DDoS-RSTFINFlood,0.0008323919376894695,0.9924485670115353
cnn1d,f128_uniform80,0,before,DDoS-TCP_Flood,0.5005824790307549,0.6052309663890022
cnn1d,f128_uniform80,0,before,DDoS-SynonymousIP_Flood,-0.7654900596997624,0.08729422675631811
cnn1d,f128_uniform80,0,before,DDoS-UDP_Flood,-0.3273269953570639,0.6455143441490244
cnn1d,f128_uniform80,0,before,DoS-TCP_Flood,-0.3766961016584105,0.6828559121257808
cnn1d,f128_uniform80,0,before,DDoS-PSHACK_Flood,-0.0003623938703665175,0.9592544654413668
cnn1d,f128_uniform80,0,before,DDoS-SYN_Flood,0.10847112693971,0.31301516230792714
cnn1d,f128_uniform80,0,before,Recon-HostDiscovery,0.02116824762855718,0.7350973539690464
cnn1d,f128_uniform80,0,before,DoS-SYN_Flood,0.2188797637722617,0.744243990218244
cnn1d,f128_uniform80,0,before,DoS-UDP_Flood,0.6198224852071006,0.9339250493096647
cnn1d,f128_uniform80,0,before,DNS_Spoofing,-0.05089740155371014,0.6976388197925836
cnn1d,f128_uniform80,0,before,MITM-ArpSpoofing,-0.03947607786065127,0.5822448608331817
cnn1d,f128_uniform80,0,before,Mirai-udpplain,0.02311157311157308,0.9895006756990887
cnn1d,f128_uniform80,0,before,Mirai-greeth_flood,-0.007095569512816091,0.9875059414680519
cnn1d,f128_uniform80,0,before,Mirai-greip_flood,0.9799972969320178,0.968171374510069
cnn1d,f128_uniform80,0,before,DDoS-UDP_Fragmentation,0.011983263598326355,0.9856062127602597
cnn1d,f128_uniform80,0,before,DDoS-ACK_Fragmentation,0.04756170981336538,0.9912034249782594
cnn1d,f128_uniform80,0,before,VulnerabilityScan,0.5840521564694082,0.6256435974590437
cnn1d,f128_uniform80,0,before,DDoS-ICMP_Fragmentation,0.008319967923015259,0.9922146484897086
cnn1d,f128_uniform80,0,before,BenignTraffic,0.0576801042049363,0.750501002004008
cnn1d,f128_uniform80,0,after,Uploading_Attack,0.010638297872340425,0.0
cnn1d,f128_uniform80,0,after,Recon-PingSweep,0.0,0.0
cnn1d,f128_uniform80,0,after,Backdoor_Malware,0.024844720496894408,0.024896265560165973
cnn1d,f128_uniform80,0,after,XSS,0.006932409012131715,0.0034662045060658577
cnn1d,f128_uniform80,0,after,SqlInjection,0.05844980940279543,0.04193138500635324
cnn1d,f128_uniform80,0,after,CommandInjection,0.027194066749072928,0.009900990099009901
cnn1d,f128_uniform80,0,after,BrowserHijacking,0.0023014959723820483,0.11635944700460829
cnn1d,f128_uniform80,0,after,DictionaryBruteForce,0.027551020408163263,0.23226135783563043
cnn1d,f128_uniform80,0,after,DDoS-SlowLoris,0.005406943653955665,0.9103585657370518
cnn1d,f128_uniform80,0,after,DDoS-HTTP_Flood,0.07432275989812454,0.7339045854562297
cnn1d,f128_uniform80,0,after,DoS-HTTP_Flood,0.07283409493611859,0.9331343840343188
cnn1d,f128_uniform80,0,after,Recon-PortScan,0.04668937442884441,0.20081422399468263
cnn1d,f128_uniform80,0,after,Recon-OSScan,0.10162348877374783,0.1269775474956822
cnn1d,f128_uniform80,0,after,DDoS-ICMP_Flood,0.0002465483234713739,0.9984590729783037
cnn1d,f128_uniform80,0,after,DDoS-RSTFINFlood,0.00017836970093343396,0.9924485670115353
cnn1d,f128_uniform80,0,after,DDoS-TCP_Flood,0.3157618825722274,0.6052309663890022
cnn1d,f128_uniform80,0,after,DDoS-SynonymousIP_Flood,-0.4318089607604475,0.08729422675631811
cnn1d,f128_uniform80,0,after,DDoS-UDP_Flood,-0.2626022551403935,0.6455143441490244
cnn1d,f128_uniform80,0,after,DoS-TCP_Flood,-0.3265130303682964,0.6828559121257808
cnn1d,f128_uniform80,0,after,DDoS-PSHACK_Flood,0.0,0.9592544654413668
cnn1d,f128_uniform80,0,after,DDoS-SYN_Flood,0.23215466802340373,0.31301516230792714
cnn1d,f128_uniform80,0,after,Recon-HostDiscovery,0.003944083874188764,0.7350973539690464
cnn1d,f128_uniform80,0,after,DoS-SYN_Flood,0.026760173479745297,0.744243990218244
cnn1d,f128_uniform80,0,after,DoS-UDP_Flood,0.32114039806347494,0.9339250493096647
cnn1d,f128_uniform80,0,after,DNS_Spoofing,-0.03509241896597903,0.6976388197925836
cnn1d,f128_uniform80,0,after,MITM-ArpSpoofing,-0.01928324540658541,0.5822448608331817
cnn1d,f128_uniform80,0,after,Mirai-udpplain,0.001905751905751929,0.9895006756990887
cnn1d,f128_uniform80,0,after,Mirai-greeth_flood,-0.0050246138176879285,0.9875059414680519
cnn1d,f128_uniform80,0,after,Mirai-greip_flood,0.13572780105419646,0.968171374510069
cnn1d,f128_uniform80,0,after,DDoS-UDP_Fragmentation,0.0035815899581590482,0.9856062127602597
cnn1d,f128_uniform80,0,after,DDoS-ACK_Fragmentation,0.00923138671483037,0.9912034249782594
cnn1d,f128_uniform80,0,after,VulnerabilityScan,0.06904045469742559,0.6256435974590437
cnn1d,f128_uniform80,0,after,DDoS-ICMP_Fragmentation,0.007451216252339021,0.9922146484897086
cnn1d,f128_uniform80,0,after,BenignTraffic,0.08616946661768143,0.750501002004008
cnn1d,f128_uniform80,1,before,Uploading_Attack,0.005319148936170213,0.005319148936170213
cnn1d,f128_uniform80,1,before,Recon-PingSweep,0.0,0.0
cnn1d,f128_uniform80,1,before,Backdoor_Malware,0.002070393374741201,0.002074688796680498
cnn1d,f128_uniform80,1,before,XSS,0.012131715771230503,0.008665511265164644
cnn1d,f128_uniform80,1,before,SqlInjection,0.052096569250317665,0.044472681067344345
cnn1d,f128_uniform80,1,before,CommandInjection,0.042027194066749075,0.008663366336633664
cnn1d,f128_uniform80,1,before,BrowserHijacking,0.005753739930955121,0.16013824884792627
cnn1d,f128_uniform80,1,before,DictionaryBruteForce,0.13724489795918365,0.2026544155181215
cnn1d,f128_uniform80,1,before,DDoS-SlowLoris,-0.01707455890722831,0.9391007398975526
cnn1d,f128_uniform80,1,before,DDoS-HTTP_Flood,0.6652002778420931,0.7663270032422418
cnn1d,f128_uniform80,1,before,DoS-HTTP_Flood,0.2817308589014269,0.8685069476825515
cnn1d,f128_uniform80,1,before,Recon-PortScan,0.1859267259283875,0.3135593220338983
cnn1d,f128_uniform80,1,before,Recon-OSScan,0.09892918825561313,0.08780656303972366
cnn1d,f128_uniform80,1,before,DDoS-ICMP_Flood,0.002034023668639029,0.997103057199211
cnn1d,f128_uniform80,1,before,DDoS-RSTFINFlood,0.0012485879065342598,0.9879295992389107
cnn1d,f128_uniform80,1,before,DDoS-TCP_Flood,-0.0729263746505126,0.3011009494961263
cnn1d,f128_uniform80,1,before,DDoS-SynonymousIP_Flood,-0.8331304700631774,0.06920936702990958
cnn1d,f128_uniform80,1,before,DDoS-UDP_Flood,0.7651448153880168,0.7601569841357582
cnn1d,f128_uniform80,1,before,DoS-TCP_Flood,0.17644841697178548,0.9457785914279561
cnn1d,f128_uniform80,1,before,DDoS-PSHACK_Flood,0.19781528266721882,0.9872637846233497
cnn1d,f128_uniform80,1,before,DDoS-SYN_Flood,0.16489442889849912,0.11427699196092399
cnn1d,f128_uniform80,1,before,Recon-HostDiscovery,0.16729905142286572,0.7403894158761857
cnn1d,f128_uniform80,1,before,DoS-SYN_Flood,0.39392820891390606,0.9276057767729433
cnn1d,f128_uniform80,1,before,DoS-UDP_Flood,-0.26214810830195445,0.911601219293527
cnn1d,f128_uniform80,1,before,DNS_Spoofing,0.3265087444031992,0.7042975775898358
cnn1d,f128_uniform80,1,before,MITM-ArpSpoofing,-0.3825359286883755,0.54604329634346
cnn1d,f128_uniform80,1,before,Mirai-udpplain,0.06801801801801799,0.9890155584046572
cnn1d,f128_uniform80,1,before,Mirai-greeth_flood,0.935936173824478,0.9827527670265499
cnn1d,f128_uniform80,1,before,Mirai-greip_flood,0.0016556291390729116,0.9805041221786728
cnn1d,f128_uniform80,1,before,DDoS-UDP_Fragmentation,0.02393305439330551,0.9854723170650064
cnn1d,f128_uniform80,1,before,DDoS-ACK_Fragmentation,-0.07997190447521574,0.9893303899926417
cnn1d,f128_uniform80,1,before,VulnerabilityScan,0.5655299231026413,0.651654964894684
cnn1d,f128_uniform80,1,before,DDoS-ICMP_Fragmentation,0.03134188719593689,0.9903769045709703
cnn1d,f128_uniform80,1,before,BenignTraffic,0.6527504091379713,0.7126586506346025
cnn1d,f128_uniform80,1,after,Uploading_Attack,0.005319148936170213,0.005319148936170213
cnn1d,f128_uniform80,1,after,Recon-PingSweep,0.0,0.0
cnn1d,f128_uniform80,1,after,Backdoor_Malware,0.002070393374741201,0.002074688796680498
cnn1d,f128_uniform80,1,after,XSS,0.012131715771230503,0.008665511265164644
cnn1d,f128_uniform80,1,after,SqlInjection,0.052096569250317665,0.044472681067344345
cnn1d,f128_uniform80,1,after,CommandInjection,0.032138442521631644,0.008663366336633664
cnn1d,f128_uniform80,1,after,BrowserHijacking,0.010356731875719219,0.16013824884792627
cnn1d,f128_uniform80,1,after,DictionaryBruteForce,-0.02551020408163268,0.2026544155181215
cnn1d,f128_uniform80,1,after,DDoS-SlowLoris,0.03471826977803072,0.9391007398975526
cnn1d,f128_uniform80,1,after,DDoS-HTTP_Flood,0.060199120166705256,0.7663270032422418
cnn1d,f128_uniform80,1,after,DoS-HTTP_Flood,0.01436165252261501,0.8685069476825515
cnn1d,f128_uniform80,1,after,Recon-PortScan,0.13333887181191328,0.3135593220338983
cnn1d,f128_uniform80,1,after,Recon-OSScan,0.005803108808290158,0.08780656303972366
cnn1d,f128_uniform80,1,after,DDoS-ICMP_Flood,0.00036982248520711636,0.997103057199211
cnn1d,f128_uniform80,1,after,DDoS-RSTFINFlood,0.00011891313395562264,0.9879295992389107
cnn1d,f128_uniform80,1,after,DDoS-TCP_Flood,-0.7085857409133272,0.3011009494961263
cnn1d,f128_uniform80,1,after,DDoS-SynonymousIP_Flood,-0.6134005680171564,0.06920936702990958
cnn1d,f128_uniform80,1,after,DDoS-UDP_Flood,0.008843687817819967,0.7601569841357582
cnn1d,f128_uniform80,1,after,DoS-TCP_Flood,0.8100366142580228,0.9457785914279561
cnn1d,f128_uniform80,1,after,DDoS-PSHACK_Flood,0.0,0.9872637846233497
cnn1d,f128_uniform80,1,after,DDoS-SYN_Flood,-0.1834647672348003,0.11427699196092399
cnn1d,f128_uniform80,1,after,Recon-HostDiscovery,-0.019820269595606566,0.7403894158761857
cnn1d,f128_uniform80,1,after,DoS-SYN_Flood,0.2851804004798376,0.9276057767729433
cnn1d,f128_uniform80,1,after,DoS-UDP_Flood,-0.008024027254796562,0.911601219293527
cnn1d,f128_uniform80,1,after,DNS_Spoofing,0.19367800696490756,0.7042975775898358
cnn1d,f128_uniform80,1,after,MITM-ArpSpoofing,0.012006549026741864,0.54604329634346
cnn1d,f128_uniform80,1,after,Mirai-udpplain,-0.000589050589050566,0.9890155584046572
cnn1d,f128_uniform80,1,after,Mirai-greeth_flood,-0.0008487523340688918,0.9827527670265499
cnn1d,f128_uniform80,1,after,Mirai-greip_flood,0.014934450601432614,0.9805041221786728
cnn1d,f128_uniform80,1,after,DDoS-UDP_Fragmentation,0.001907949790795005,0.9854723170650064
cnn1d,f128_uniform80,1,after,DDoS-ACK_Fragmentation,-0.06732891832229582,0.9893303899926417
cnn1d,f128_uniform80,1,after,VulnerabilityScan,0.039317953861584765,0.651654964894684
cnn1d,f128_uniform80,1,after,DDoS-ICMP_Fragmentation,0.0017040898155573636,0.9903769045709703
cnn1d,f128_uniform80,1,after,BenignTraffic,0.008416552553354939,0.7126586506346025
cnn1d,f128_uniform80,2,before,Uploading_Attack,0.0425531914893617,0.031914893617021274
cnn1d,f128_uniform80,2,before,Recon-PingSweep,0.0,0.0
cnn1d,f128_uniform80,2,before,Backdoor_Malware,0.014492753623188406,0.012448132780082987
cnn1d,f128_uniform80,2,before,XSS,0.0034662045060658577,0.0
cnn1d,f128_uniform80,2,before,SqlInjection,0.04955527318932656,0.04193138500635324
cnn1d,f128_uniform80,2,before,CommandInjection,0.05315203955500618,0.009900990099009901
cnn1d,f128_uniform80,2,before,BrowserHijacking,0.006904487917146145,0.1693548387096774
cnn1d,f128_uniform80,2,before,DictionaryBruteForce,0.04285714285714287,0.2307299642674834
cnn1d,f128_uniform80,2,before,DDoS-SlowLoris,0.8383608423449062,0.9351166761525327
cnn1d,f128_uniform80,2,before,DDoS-HTTP_Flood,0.06181986570965503,0.7334414080592867
cnn1d,f128_uniform80,2,before,DoS-HTTP_Flood,0.1226335913457055,0.9144828872517019
cnn1d,f128_uniform80,2,before,Recon-PortScan,-0.27548392456592175,0.26678298438019277
cnn1d,f128_uniform80,2,before,Recon-OSScan,0.07813471502590674,0.06639032815198619
cnn1d,f128_uniform80,2,before,DDoS-ICMP_Flood,0.011895956607495095,0.9978427021696252
cnn1d,f128_uniform80,2,before,DDoS-RSTFINFlood,0.039419703906296344,0.9913188250683791
cnn1d,f128_uniform80,2,before,DDoS-TCP_Flood,0.4782735321528425,0.6044154482437234
cnn1d,f128_uniform80,2,before,DDoS-SynonymousIP_Flood,-0.7886164724975367,0.09981451425921632
cnn1d,f128_uniform80,2,before,DDoS-UDP_Flood,0.7421512270616847,0.7140014371787077
cnn1d,f128_uniform80,2,before,DoS-TCP_Flood,0.6744561705793668,0.6686409648933879
cnn1d,f128_uniform80,2,before,DDoS-PSHACK_Flood,0.001138952164009055,0.9758219000776599
cnn1d,f128_uniform80,2,before,DDoS-SYN_Flood,0.13314678198931568,0.1361554899765951
cnn1d,f128_uniform80,2,before,Recon-HostDiscovery,0.45082376435346977,0.7689465801298053
cnn1d,f128_uniform80,2,before,DoS-SYN_Flood,0.3653225062286611,0.8523047109306511
cnn1d,f128_uniform80,2,before,DoS-UDP_Flood,0.6747355208893671,0.9221355567509414
cnn1d,f128_uniform80,2,before,DNS_Spoofing,-0.40136236653782864,0.7745972216907122
cnn1d,f128_uniform80,2,before,MITM-ArpSpoofing,0.08193560123703839,0.5055120975077315
cnn1d,f128_uniform80,2,before,Mirai-udpplain,0.9544698544698544,0.9920995183478291
cnn1d,f128_uniform80,2,before,Mirai-greeth_flood,-0.0006111016805295799,0.9915121884973178
cnn1d,f128_uniform80,2,before,Mirai-greip_flood,0.06335315583186918,0.9016083254493851
cnn1d,f128_uniform80,2,before,DDoS-UDP_Fragmentation,-0.00033472803347278646,0.9863091651603401
cnn1d,f128_uniform80,2,before,DDoS-ACK_Fragmentation,0.28309585925479963,0.9882266372332598
cnn1d,f128_uniform80,2,before,VulnerabilityScan,0.6213306586425944,0.6099966566365764
cnn1d,f128_uniform80,2,before,DDoS-ICMP_Fragmentation,0.9214113873295909,0.9898422881582465
cnn1d,f128_uniform80,2,before,BenignTraffic,0.6653418389499348,0.7685370741482966
cnn1d,f128_uniform80,2,after,Uploading_Attack,0.0425531914893617,0.031914893617021274
cnn1d,f128_uniform80,2,after,Recon-PingSweep,0.0,0.0
cnn1d,f128_uniform80,2,after,Backdoor_Malware,0.014492753623188406,0.012448132780082987
cnn1d,f128_uniform80,2,after,XSS,0.0034662045060658577,0.0
cnn1d,f128_uniform80,2,after,SqlInjection,0.04955527318932656,0.04193138500635324
cnn1d,f128_uniform80,2,after,CommandInjection,0.05315203955500618,0.009900990099009901
cnn1d,f128_uniform80,2,after,BrowserHijacking,0.0034522439585730723,0.1693548387096774
cnn1d,f128_uniform80,2,after,DictionaryBruteForce,-0.025000000000000022,0.2307299642674834
cnn1d,f128_uniform80,2,after,DDoS-SlowLoris,0.023619806488332395,0.9351166761525327
cnn1d,f128_uniform80,2,after,DDoS-HTTP_Flood,0.0034730261634637882,0.7334414080592867
cnn1d,f128_uniform80,2,after,DoS-HTTP_Flood,0.036090646274363536,0.9144828872517019
cnn1d,f128_uniform80,2,after,Recon-PortScan,0.11938190579047935,0.26678298438019277
cnn1d,f128_uniform80,2,after,Recon-OSScan,-0.006839378238341964,0.06639032815198619
cnn1d,f128_uniform80,2,after,DDoS-ICMP_Flood,0.0004930966469428588,0.9978427021696252
cnn1d,f128_uniform80,2,after,DDoS-RSTFINFlood,0.00023782626791124528,0.9913188250683791
cnn1d,f128_uniform80,2,after,DDoS-TCP_Flood,0.017707362534948756,0.6044154482437234
cnn1d,f128_uniform80,2,after,DDoS-SynonymousIP_Flood,-0.43001217179620943,0.09981451425921632
cnn1d,f128_uniform80,2,after,DDoS-UDP_Flood,0.06323236789741316,0.7140014371787077
cnn1d,f128_uniform80,2,after,DoS-TCP_Flood,0.034945078612965697,0.6686409648933879
cnn1d,f128_uniform80,2,after,DDoS-PSHACK_Flood,0.0001553116587285075,0.9758219000776599
cnn1d,f128_uniform80,2,after,DDoS-SYN_Flood,-0.011956245230221318,0.1361554899765951
cnn1d,f128_uniform80,2,after,Recon-HostDiscovery,0.03719420868696954,0.7689465801298053
cnn1d,f128_uniform80,2,after,DoS-SYN_Flood,0.14418196917966228,0.8523047109306511
cnn1d,f128_uniform80,2,after,DoS-UDP_Flood,-0.0434821588667742,0.9221355567509414
cnn1d,f128_uniform80,2,after,DNS_Spoofing,0.034403581952470286,0.7745972216907122
cnn1d,f128_uniform80,2,after,MITM-ArpSpoofing,-0.04111333454611606,0.5055120975077315
cnn1d,f128_uniform80,2,after,Mirai-udpplain,0.00547470547470541,0.9920995183478291
cnn1d,f128_uniform80,2,after,Mirai-greeth_flood,0.020437956204379604,0.9915121884973178
cnn1d,f128_uniform80,2,after,Mirai-greip_flood,-0.037268549804027606,0.9016083254493851
cnn1d,f128_uniform80,2,after,DDoS-UDP_Fragmentation,0.0029121338912133643,0.9863091651603401
cnn1d,f128_uniform80,2,after,DDoS-ACK_Fragmentation,-0.017024550137132888,0.9882266372332598
cnn1d,f128_uniform80,2,after,VulnerabilityScan,-0.01313941825476439,0.6099966566365764
cnn1d,f128_uniform80,2,after,DDoS-ICMP_Fragmentation,0.003040630847366943,0.9898422881582465
cnn1d,f128_uniform80,2,after,BenignTraffic,0.0927156741591797,0.7685370741482966
cnn1d,f128_uniform80,3,before,Uploading_Attack,0.02127659574468085,0.010638297872340425
cnn1d,f128_uniform80,3,before,Recon-PingSweep,0.0,0.0
cnn1d,f128_uniform80,3,before,Backdoor_Malware,0.008281573498964804,0.006224066390041493
cnn1d,f128_uniform80,3,before,XSS,0.005199306759098787,0.0017331022530329288
cnn1d,f128_uniform80,3,before,SqlInjection,0.05082592121982211,0.029224904701397714
cnn1d,f128_uniform80,3,before,CommandInjection,0.027194066749072928,0.008663366336633664
cnn1d,f128_uniform80,3,before,BrowserHijacking,0.012658227848101266,0.15898617511520738
cnn1d,f128_uniform80,3,before,DictionaryBruteForce,0.37295918367346936,0.2470648289943849
cnn1d,f128_uniform80,3,before,DDoS-SlowLoris,0.6192373363688105,0.9285714285714286
cnn1d,f128_uniform80,3,before,DDoS-HTTP_Flood,-0.18870108821486464,0.7167670217693377
cnn1d,f128_uniform80,3,before,DoS-HTTP_Flood,0.8355870558612329,0.9325748391308403
cnn1d,f128_uniform80,3,before,Recon-PortScan,0.13824042535515493,0.23462944499833832
cnn1d,f128_uniform80,3,before,Recon-OSScan,0.14832469775474957,0.1282210708117444
cnn1d,f128_uniform80,3,before,DDoS-ICMP_Flood,0.0,0.9978427021696252
cnn1d,f128_uniform80,3,before,DDoS-RSTFINFlood,0.001664783875378939,0.9894755618979665
cnn1d,f128_uniform80,3,before,DDoS-TCP_Flood,0.5672180801491147,0.641405021261723
cnn1d,f128_uniform80,3,before,DDoS-SynonymousIP_Flood,0.5953747174404451,0.32158590308370044
cnn1d,f128_uniform80,3,before,DDoS-UDP_Flood,-0.14321246959982303,0.7162124813443148
cnn1d,f128_uniform80,3,before,DoS-TCP_Flood,-0.41244884772776225,0.624326943786345
cnn1d,f128_uniform80,3,before,DDoS-PSHACK_Flood,0.2852039759784635,0.9844162567952368
cnn1d,f128_uniform80,3,before,DDoS-SYN_Flood,0.04365301450012721,0.18973237000101761
cnn1d,f128_uniform80,3,before,Recon-HostDiscovery,0.7486270594108837,0.7700948577134299
cnn1d,f128_uniform80,3,before,DoS-SYN_Flood,-0.17666328319645658,0.3832418216213722
cnn1d,f128_uniform80,3,before,DoS-UDP_Flood,0.1918145956607495,0.9237493275954815
cnn1d,f128_uniform80,3,before,DNS_Spoofing,0.40629903180130883,0.7934254333932876
cnn1d,f128_uniform80,3,before,MITM-ArpSpoofing,0.07913407313079862,0.5035837729670729
cnn1d,f128_uniform80,3,before,Mirai-udpplain,0.016701316701316693,0.9880799750511106
cnn1d,f128_uniform80,3,before,Mirai-greeth_flood,-0.018672551349516175,0.9680179262578936
cnn1d,f128_uniform80,3,before,Mirai-greip_flood,0.9285038518718746,0.9776996891471821
cnn1d,f128_uniform80,3,before,DDoS-UDP_Fragmentation,0.01529707112970713,0.9850706299792462
cnn1d,f128_uniform80,3,before,DDoS-ACK_Fragmentation,0.8806943608268112,0.9893303899926417
cnn1d,f128_uniform80,3,before,VulnerabilityScan,-0.27251755265797395,0.620127047810097
cnn1d,f128_uniform80,3,before,DDoS-ICMP_Fragmentation,0.025360866078588562,0.9903769045709703
cnn1d,f128_uniform80,3,before,BenignTraffic,0.6140743462142213,0.7317969271877087
cnn1d,f128_uniform80,3,after,Uploading_Attack,0.02127659574468085,0.010638297872340425
cnn1d,f128_uniform80,3,after,Recon-PingSweep,0.0,0.0
cnn1d,f128_uniform80,3,after,Backdoor_Malware,0.008281573498964804,0.006224066390041493
cnn1d,f128_uniform80,3,after,XSS,0.005199306759098787,0.0017331022530329288
cnn1d,f128_uniform80,3,after,SqlInjection,0.05082592121982211,0.029224904701397714
cnn1d,f128_uniform80,3,after,CommandInjection,0.027194066749072928,0.008663366336633664
cnn1d,f128_uniform80,3,after,BrowserHijacking,0.012658227848101266,0.15898617511520738
cnn1d,f128_uniform80,3,after,DictionaryBruteForce,0.021428571428571408,0.2470648289943849
cnn1d,f128_uniform80,3,after,DDoS-SlowLoris,0.021058622652248116,0.9285714285714286
cnn1d,f128_uniform80,3,after,DDoS-HTTP_Flood,0.10303310951609168,0.7167670217693377
cnn1d,f128_uniform80,3,after,DoS-HTTP_Flood,0.012683017812179509,0.9325748391308403
cnn1d,f128_uniform80,3,after,Recon-PortScan,0.022015452355238024,0.23462944499833832
cnn1d,f128_uniform80,3,after,Recon-OSScan,0.03972366148531953,0.1282210708117444
cnn1d,f128_uniform80,3,after,DDoS-ICMP_Flood,0.00012327416173563144,0.9978427021696252
cnn1d,f128_uniform80,3,after,DDoS-RSTFINFlood,0.0002972828348890566,0.9894755618979665
cnn1d,f128_uniform80,3,after,DDoS-TCP_Flood,0.15493942218080153,0.641405021261723
cnn1d,f128_uniform80,3,after,DDoS-SynonymousIP_Flood,-0.3332174114646729,0.32158590308370044
cnn1d,f128_uniform80,3,after,DDoS-UDP_Flood,-0.018571744417422043,0.7162124813443148
cnn1d,f128_uniform80,3,after,DoS-TCP_Flood,-0.2624380788283438,0.624326943786345
cnn1d,f128_uniform80,3,after,DDoS-PSHACK_Flood,-0.000103541105819005,0.9844162567952368
cnn1d,f128_uniform80,3,after,DDoS-SYN_Flood,0.19816840498600868,0.18973237000101761
cnn1d,f128_uniform80,3,after,Recon-HostDiscovery,0.07883175237144291,0.7700948577134299
cnn1d,f128_uniform80,3,after,DoS-SYN_Flood,-0.0025376026575620325,0.3832418216213722
cnn1d,f128_uniform80,3,after,DoS-UDP_Flood,0.014568764568764547,0.9237493275954815
cnn1d,f128_uniform80,3,after,DNS_Spoofing,0.014809995790440511,0.7934254333932876
cnn1d,f128_uniform80,3,after,MITM-ArpSpoofing,-0.05828633800254683,0.5035837729670729
cnn1d,f128_uniform80,3,after,Mirai-udpplain,0.0033957033957033866,0.9880799750511106
cnn1d,f128_uniform80,3,after,Mirai-greeth_flood,-0.021660159565438764,0.9680179262578936
cnn1d,f128_uniform80,3,after,Mirai-greip_flood,0.035612920664954695,0.9776996891471821
cnn1d,f128_uniform80,3,after,DDoS-UDP_Fragmentation,-0.00016736401673644874,0.9850706299792462
cnn1d,f128_uniform80,3,after,DDoS-ACK_Fragmentation,-0.024316007759716318,0.9893303899926417
cnn1d,f128_uniform80,3,after,VulnerabilityScan,0.08164493480441326,0.620127047810097
cnn1d,f128_uniform80,3,after,DDoS-ICMP_Fragmentation,0.003475006682705173,0.9903769045709703
cnn1d,f128_uniform80,3,after,BenignTraffic,0.14077686116028187,0.7317969271877087
cnn1d,f128_uniform80,4,before,Uploading_Attack,0.0,0.0
cnn1d,f128_uniform80,4,before,Recon-PingSweep,0.0,0.0
cnn1d,f128_uniform80,4,before,Backdoor_Malware,0.002070393374741201,0.0
cnn1d,f128_uniform80,4,before,XSS,0.0017331022530329288,0.0034662045060658577
cnn1d,f128_uniform80,4,before,SqlInjection,0.043202033036848796,0.017789072426937738
cnn1d,f128_uniform80,4,before,CommandInjection,0.024721878862793572,0.0037128712871287127
cnn1d,f128_uniform80,4,before,BrowserHijacking,0.00805523590333717,0.13940092165898618
cnn1d,f128_uniform80,4,before,DictionaryBruteForce,-0.17704081632653063,0.23940786115364981
cnn1d,f128_uniform80,4,before,DDoS-SlowLoris,0.34803642572566873,0.8503130335799659
cnn1d,f128_uniform80,4,before,DDoS-HTTP_Flood,0.03774021764297286,0.7799907364520612
cnn1d,f128_uniform80,4,before,DoS-HTTP_Flood,0.7753427212533806,0.8743821691690759
cnn1d,f128_uniform80,4,before,Recon-PortScan,-0.21483758411564344,0.25108009305417084
cnn1d,f128_uniform80,4,before,Recon-OSScan,-0.01789291882556132,0.05319516407599309
cnn1d,f128_uniform80,4,before,DDoS-ICMP_Flood,0.0020956607495069557,0.996301775147929
cnn1d,f128_uniform80,4,before,DDoS-RSTFINFlood,-0.00023782626791124528,0.988464740159353
cnn1d,f128_uniform80,4,before,DDoS-TCP_Flood,-0.5767124883504194,0.4831362497815576
cnn1d,f128_uniform80,4,before,DDoS-SynonymousIP_Flood,0.1422361328464615,0.07541154648736378
cnn1d,f128_uniform80,4,before,DDoS-UDP_Flood,0.5891001547645368,0.7796694488972418
cnn1d,f128_uniform80,4,before,DoS-TCP_Flood,0.7361081197501615,0.8084212793452509
cnn1d,f128_uniform80,4,before,DDoS-PSHACK_Flood,-0.00062124663491403,0.9891793942531711
cnn1d,f128_uniform80,4,before,DDoS-SYN_Flood,-0.3939455609259731,0.5608018723923883
cnn1d,f128_uniform80,4,before,Recon-HostDiscovery,0.16510234648027966,0.7433349975037444
cnn1d,f128_uniform80,4,before,DoS-SYN_Flood,0.21611146996401218,0.5214783371014626
cnn1d,f128_uniform80,4,before,DoS-UDP_Flood,-0.37744306975076203,0.9016496324188632
cnn1d,f128_uniform80,4,before,DNS_Spoofing,-0.25253530289694237,0.7820213539474188
cnn1d,f128_uniform80,4,before,MITM-ArpSpoofing,0.026341640895033658,0.4780061851919229
cnn1d,f128_uniform80,4,before,Mirai-udpplain,0.9638600138600139,0.9878027651685782
cnn1d,f128_uniform80,4,before,Mirai-greeth_flood,0.9646579528093703,0.9686629999320975
cnn1d,f128_uniform80,4,before,Mirai-greip_flood,0.00047303689687805406,0.9731720502770644
cnn1d,f128_uniform80,4,before,DDoS-UDP_Fragmentation,0.03246861924686195,0.9849367342839928
cnn1d,f128_uniform80,4,before,DDoS-ACK_Fragmentation,-0.1366981068967824,0.987624590273597
cnn1d,f128_uniform80,4,before,VulnerabilityScan,0.7748244734202607,0.7412571046472751
cnn1d,f128_uniform80,4,before,DDoS-ICMP_Fragmentation,0.006081261694734108,0.9893076717455226
cnn1d,f128_uniform80,4,before,BenignTraffic,0.5779366086637053,0.5819639278557114
cnn1d,f128_uniform80,4,after,Uploading_Attack,0.0,0.0
cnn1d,f128_uniform80,4,after,Recon-PingSweep,0.0,0.0
cnn1d,f128_uniform80,4,after,Backdoor_Malware,0.002070393374741201,0.0
cnn1d,f128_uniform80,4,after,XSS,0.0,0.0034662045060658577
cnn1d,f128_uniform80,4,after,SqlInjection,0.043202033036848796,0.017789072426937738
cnn1d,f128_uniform80,4,after,CommandInjection,0.022249690976514216,0.0037128712871287127
cnn1d,f128_uniform80,4,after,BrowserHijacking,0.0069044879171461454,0.13940092165898618
cnn1d,f128_uniform80,4,after,DictionaryBruteForce,-0.04285714285714287,0.23940786115364981
cnn1d,f128_uniform80,4,after,DDoS-SlowLoris,-0.029880478087649376,0.8503130335799659
cnn1d,f128_uniform80,4,after,DDoS-HTTP_Flood,0.06297754109747622,0.7799907364520612
cnn1d,f128_uniform80,4,after,DoS-HTTP_Flood,0.002144922130000948,0.8743821691690759
cnn1d,f128_uniform80,4,after,Recon-PortScan,0.0351416465896818,0.25108009305417084
cnn1d,f128_uniform80,4,after,Recon-OSScan,-0.008842832469775477,0.05319516407599309
cnn1d,f128_uniform80,4,after,DDoS-ICMP_Flood,0.0002465483234714849,0.996301775147929
cnn1d,f128_uniform80,4,after,DDoS-RSTFINFlood,-0.00017836970093343396,0.988464740159353
cnn1d,f128_uniform80,4,after,DDoS-TCP_Flood,0.021260484622553588,0.4831362497815576
cnn1d,f128_uniform80,4,after,DDoS-SynonymousIP_Flood,-0.34915666840549464,0.07541154648736378
cnn1d,f128_uniform80,4,after,DDoS-UDP_Flood,0.11651558699977893,0.7796694488972418
cnn1d,f128_uniform80,4,after,DoS-TCP_Flood,-0.08168210208916649,0.8084212793452509
cnn1d,f128_uniform80,4,after,DDoS-PSHACK_Flood,-0.000103541105819005,0.9891793942531711
cnn1d,f128_uniform80,4,after,DDoS-SYN_Flood,0.3698804375476977,0.5608018723923883
cnn1d,f128_uniform80,4,after,Recon-HostDiscovery,-0.016824762855716435,0.7433349975037444
cnn1d,f128_uniform80,4,after,DoS-SYN_Flood,-0.023438220909845903,0.5214783371014626
cnn1d,f128_uniform80,4,after,DoS-UDP_Flood,-0.1219293526985834,0.9016496324188632
cnn1d,f128_uniform80,4,after,DNS_Spoofing,0.0773793578508285,0.7820213539474188
cnn1d,f128_uniform80,4,after,MITM-ArpSpoofing,-0.0009459705293796555,0.4780061851919229
cnn1d,f128_uniform80,4,after,Mirai-udpplain,0.0009355509355508662,0.9878027651685782
cnn1d,f128_uniform80,4,after,Mirai-greeth_flood,-0.020913257511458117,0.9686629999320975
cnn1d,f128_uniform80,4,after,Mirai-greip_flood,0.0397688876875254,0.9731720502770644
cnn1d,f128_uniform80,4,after,DDoS-UDP_Fragmentation,0.00016736401673644874,0.9849367342839928
cnn1d,f128_uniform80,4,after,DDoS-ACK_Fragmentation,-0.11763328650745875,0.987624590273597
cnn1d,f128_uniform80,4,after,VulnerabilityScan,0.1472751588097626,0.7412571046472751
cnn1d,f128_uniform80,4,after,DDoS-ICMP_Fragmentation,0.0018711574445335888,0.9893076717455226
cnn1d,f128_uniform80,4,after,BenignTraffic,-0.14087705821448848,0.5819639278557114
mlp,mlp_38w,0,before,Uploading_Attack,0.010638297872340425,0.0425531914893617
mlp,mlp_38w,0,before,Recon-PingSweep,0.008823529411764706,0.011799410029498525
mlp,mlp_38w,0,before,Backdoor_Malware,0.041407867494824016,0.035269709543568464
mlp,mlp_38w,0,before,XSS,0.02772963604852686,0.02772963604852686
mlp,mlp_38w,0,before,SqlInjection,0.06480304955527319,0.05717916137229987
mlp,mlp_38w,0,before,CommandInjection,0.08034610630407911,0.018564356435643563
mlp,mlp_38w,0,before,BrowserHijacking,0.02991944764096663,0.2534562211981567
mlp,mlp_38w,0,before,DictionaryBruteForce,0.44642857142857145,0.27411944869831545
mlp,mlp_38w,0,before,DDoS-SlowLoris,0.45048377916903815,0.9723961297666477
mlp,mlp_38w,0,before,DDoS-HTTP_Flood,0.16438990507061813,0.7841593330245484
mlp,mlp_38w,0,before,DoS-HTTP_Flood,0.30840249930056884,0.9296838571295346
mlp,mlp_38w,0,before,Recon-PortScan,0.1497881531943175,0.2528248587570621
mlp,mlp_38w,0,before,Recon-OSScan,0.14853195164075994,0.14936096718480138
mlp,mlp_38w,0,before,DDoS-ICMP_Flood,0.0030202169625246356,0.9988905325443787
mlp,mlp_38w,0,before,DDoS-RSTFINFlood,0.34169689042154705,0.9944107503864906
mlp,mlp_38w,0,before,DDoS-TCP_Flood,0.3937558247903075,0.6836954622240344
mlp,mlp_38w,0,before,DDoS-SynonymousIP_Flood,-0.23590100272416392,0.3232089033155576
mlp,mlp_38w,0,before,DDoS-UDP_Flood,-0.45920848994030505,0.4722790337736996
mlp,mlp_38w,0,before,DoS-TCP_Flood,0.543667887141934,0.5830820590135688
mlp,mlp_38w,0,before,DDoS-PSHACK_Flood,0.31512735556015736,0.9727155060833549
mlp,mlp_38w,0,before,DDoS-SYN_Flood,0.15970490969219028,0.19339574641294394
mlp,mlp_38w,0,before,Recon-HostDiscovery,0.38177733399900154,0.7852720918622067
mlp,mlp_38w,0,before,DoS-SYN_Flood,-0.0067823198302112975,0.3985604208000738
mlp,mlp_38w,0,before,DoS-UDP_Flood,0.6053433745741438,0.9578626501703424
mlp,mlp_38w,0,before,DNS_Spoofing,0.05954613294554367,0.6636179250698404
mlp,mlp_38w,0,before,MITM-ArpSpoofing,-0.3440422048390031,0.5919956339821721
mlp,mlp_38w,0,before,Mirai-udpplain,0.05367290367290378,0.9933816140545411
mlp,mlp_38w,0,before,Mirai-greeth_flood,0.9900526226447123,0.9906634073470496
mlp,mlp_38w,0,before,Mirai-greip_flood,0.03784295175023644,0.9879713474793891
mlp,mlp_38w,0,before,DDoS-UDP_Fragmentation,0.7812217573221758,0.989087500836848
mlp,mlp_38w,0,before,DDoS-ACK_Fragmentation,0.49387918924342766,0.9902000133788214
mlp,mlp_38w,0,before,VulnerabilityScan,0.5406887328652625,0.6602808425275828
mlp,mlp_38w,0,before,DDoS-ICMP_Fragmentation,0.005513231756214987,0.9921812349639134
mlp,mlp_38w,0,before,BenignTraffic,0.27003106108680397,0.7954575818303273
mlp,mlp_38w,0,after,Uploading_Attack,0.010638297872340425,0.0425531914893617
mlp,mlp_38w,0,after,Recon-PingSweep,0.008823529411764706,0.011799410029498525
mlp,mlp_38w,0,after,Backdoor_Malware,0.041407867494824016,0.035269709543568464
mlp,mlp_38w,0,after,XSS,0.02772963604852686,0.02772963604852686
mlp,mlp_38w,0,after,SqlInjection,0.06480304955527319,0.05717916137229987
mlp,mlp_38w,0,after,CommandInjection,0.08034610630407911,0.018564356435643563
mlp,mlp_38w,0,after,BrowserHijacking,0.02991944764096663,0.2534562211981567
mlp,mlp_38w,0,after,DictionaryBruteForce,0.44642857142857145,0.27411944869831545
mlp,mlp_38w,0,after,DDoS-SlowLoris,0.35258964143426297,0.9723961297666477
mlp,mlp_38w,0,after,DDoS-HTTP_Flood,0.15072933549432732,0.7841593330245484
mlp,mlp_38w,0,after,DoS-HTTP_Flood,0.30896204420404727,0.9296838571295346
mlp,mlp_38w,0,after,Recon-PortScan,0.1490404585860264,0.2528248587570621
mlp,mlp_38w,0,after,Recon-OSScan,0.1427979274611399,0.14936096718480138
mlp,mlp_38w,0,after,DDoS-ICMP_Flood,0.004006410256410242,0.9988905325443787
mlp,mlp_38w,0,after,DDoS-RSTFINFlood,0.34163743385456924,0.9944107503864906
mlp,mlp_38w,0,after,DDoS-TCP_Flood,0.5583643988816402,0.6836954622240344
mlp,mlp_38w,0,after,DDoS-SynonymousIP_Flood,-0.11916768098301744,0.3232089033155576
mlp,mlp_38w,0,after,DDoS-UDP_Flood,-0.09794384258235678,0.4722790337736996
mlp,mlp_38w,0,after,DoS-TCP_Flood,0.30556752099935386,0.5830820590135688
mlp,mlp_38w,0,after,DDoS-PSHACK_Flood,0.3105715469041209,0.9727155060833549
mlp,mlp_38w,0,after,DDoS-SYN_Flood,0.10964131264309335,0.19339574641294394
mlp,mlp_38w,0,after,Recon-HostDiscovery,0.20004992511233155,0.7852720918622067
mlp,mlp_38w,0,after,DoS-SYN_Flood,-0.13675371412752607,0.3985604208000738
mlp,mlp_38w,0,after,DoS-UDP_Flood,0.16890801506186115,0.9578626501703424
mlp,mlp_38w,0,after,DNS_Spoofing,0.013661934101259043,0.6636179250698404
mlp,mlp_38w,0,after,MITM-ArpSpoofing,-0.37871566308895765,0.5919956339821721
mlp,mlp_38w,0,after,Mirai-udpplain,0.07099792099792102,0.9933816140545411
mlp,mlp_38w,0,after,Mirai-greeth_flood,0.14992361228993378,0.9906634073470496
mlp,mlp_38w,0,after,Mirai-greip_flood,0.3346060278416002,0.9879713474793891
mlp,mlp_38w,0,after,DDoS-UDP_Fragmentation,0.5968535564853557,0.989087500836848
mlp,mlp_38w,0,after,DDoS-ACK_Fragmentation,0.5566593083149375,0.9902000133788214
mlp,mlp_38w,0,after,VulnerabilityScan,0.1717820127047811,0.6602808425275828
mlp,mlp_38w,0,after,DDoS-ICMP_Fragmentation,0.00821972734562959,0.9921812349639134
mlp,mlp_38w,0,after,BenignTraffic,0.10878060185030558,0.7954575818303273
mlp,mlp_38w,1,before,Uploading_Attack,0.02127659574468085,0.047872340425531915
mlp,mlp_38w,1,before,Recon-PingSweep,0.011764705882352941,0.011799410029498525
mlp,mlp_38w,1,before,Backdoor_Malware,0.057971014492753624,0.04149377593360996
mlp,mlp_38w,1,before,XSS,0.008665511265164644,0.01386481802426343
mlp,mlp_38w,1,before,SqlInjection,0.07623888182973317,0.07115628970775095
mlp,mlp_38w,1,before,CommandInjection,0.06427688504326329,0.017326732673267328
mlp,mlp_38w,1,before,BrowserHijacking,0.019562715765247412,0.22465437788018433
mlp,mlp_38w,1,before,DictionaryBruteForce,0.49387755102040815,0.3118938233792751
mlp,mlp_38w,1,before,DDoS-SlowLoris,0.6923733636881048,0.9695503699487763
mlp,mlp_38w,1,before,DDoS-HTTP_Flood,0.13706876591803663,0.7948124131542381
mlp,mlp_38w,1,before,DoS-HTTP_Flood,0.3551244987410239,0.9193322764151823
mlp,mlp_38w,1,before,Recon-PortScan,0.25679155935864423,0.29411764705882354
mlp,mlp_38w,1,before,Recon-OSScan,0.06514680483592401,0.11474956822107081
mlp,mlp_38w,1,before,DDoS-ICMP_Flood,0.014977810650887546,0.9988905325443787
mlp,mlp_38w,1,before,DDoS-RSTFINFlood,0.3386646055056781,0.9921512665001784
mlp,mlp_38w,1,before,DDoS-TCP_Flood,0.2455149114631873,0.42022485000291254
mlp,mlp_38w,1,before,DDoS-SynonymousIP_Flood,-0.32759520083463745,0.09210526315789473
mlp,mlp_38w,1,before,DDoS-UDP_Flood,0.5777139066990935,0.5900171355922834
mlp,mlp_38w,1,before,DoS-TCP_Flood,0.8235515830282145,0.8593043290975663
mlp,mlp_38w,1,before,DDoS-PSHACK_Flood,0.06217643404431561,0.5898006730520321
mlp,mlp_38w,1,before,DDoS-SYN_Flood,0.12266598829814296,0.21018622163427292
mlp,mlp_38w,1,before,Recon-HostDiscovery,0.21213180229655526,0.7644033949076385
mlp,mlp_38w,1,before,DoS-SYN_Flood,0.3111100858171081,0.8667005029299127
mlp,mlp_38w,1,before,DoS-UDP_Flood,0.7480724403801327,0.9445938676707908
mlp,mlp_38w,1,before,DNS_Spoofing,0.029352110520071917,0.7754391335961119
mlp,mlp_38w,1,before,MITM-ArpSpoofing,0.12606876478078952,0.5812988903038021
mlp,mlp_38w,1,before,Mirai-udpplain,0.07754677754677752,0.9939706850549223
mlp,mlp_38w,1,before,Mirai-greeth_flood,0.9862502121880836,0.9884226251103415
mlp,mlp_38w,1,before,Mirai-greip_flood,0.956750912285444,0.9872280037842952
mlp,mlp_38w,1,before,DDoS-UDP_Fragmentation,0.9916652719665272,0.9871460132556739
mlp,mlp_38w,1,before,DDoS-ACK_Fragmentation,0.02588801926550277,0.9898655428456753
mlp,mlp_38w,1,before,VulnerabilityScan,0.1674022066198596,0.6243062520896021
mlp,mlp_38w,1,before,DDoS-ICMP_Fragmentation,0.007584870355519913,0.9913793103448276
mlp,mlp_38w,1,before,BenignTraffic,0.29608229518052176,0.798062792251169
mlp,mlp_38w,1,after,Uploading_Attack,0.02127659574468085,0.047872340425531915
mlp,mlp_38w,1,after,Recon-PingSweep,0.011764705882352941,0.011799410029498525
mlp,mlp_38w,1,after,Backdoor_Malware,0.057971014492753624,0.04149377593360996
mlp,mlp_38w,1,after,XSS,0.008665511265164644,0.01386481802426343
mlp,mlp_38w,1,after,SqlInjection,0.07750952986022872,0.07115628970775095
mlp,mlp_38w,1,after,CommandInjection,0.06427688504326329,0.017326732673267328
mlp,mlp_38w,1,after,BrowserHijacking,0.019562715765247412,0.22465437788018433
mlp,mlp_38w,1,after,DictionaryBruteForce,0.49387755102040815,0.3118938233792751
mlp,mlp_38w,1,after,DDoS-SlowLoris,0.5182128628343768,0.9695503699487763
mlp,mlp_38w,1,after,DDoS-HTTP_Flood,0.10094929381801343,0.7948124131542381
mlp,mlp_38w,1,after,DoS-HTTP_Flood,0.37871864217103424,0.9193322764151823
mlp,mlp_38w,1,after,Recon-PortScan,0.1802774777768547,0.29411764705882354
mlp,mlp_38w,1,after,Recon-OSScan,0.0991364421416235,0.11474956822107081
mlp,mlp_38w,1,after,DDoS-ICMP_Flood,0.003390039447731752,0.9988905325443787
mlp,mlp_38w,1,after,DDoS-RSTFINFlood,0.3413401510196802,0.9921512665001784
mlp,mlp_38w,1,after,DDoS-TCP_Flood,0.23759319664492076,0.42022485000291254
mlp,mlp_38w,1,after,DDoS-SynonymousIP_Flood,-0.5883034834521532,0.09210526315789473
mlp,mlp_38w,1,after,DDoS-UDP_Flood,-0.04316825116073397,0.5900171355922834
mlp,mlp_38w,1,after,DoS-TCP_Flood,0.7901679948309284,0.8593043290975663
mlp,mlp_38w,1,after,DDoS-PSHACK_Flood,0.5640401739490578,0.5898006730520321
mlp,mlp_38w,1,after,DDoS-SYN_Flood,0.08649198677181377,0.21018622163427292
mlp,mlp_38w,1,after,Recon-HostDiscovery,0.13464802795806297,0.7644033949076385
mlp,mlp_38w,1,after,DoS-SYN_Flood,0.024360985512595745,0.8667005029299127
mlp,mlp_38w,1,after,DoS-UDP_Flood,0.17307692307692302,0.9445938676707908
mlp,mlp_38w,1,after,DNS_Spoofing,0.0885538249588611,0.7754391335961119
mlp,mlp_38w,1,after,MITM-ArpSpoofing,-0.4692377660542114,0.5812988903038021
mlp,mlp_38w,1,after,Mirai-udpplain,0.06628551628551627,0.9939706850549223
mlp,mlp_38w,1,after,Mirai-greeth_flood,0.15932778815141746,0.9884226251103415
mlp,mlp_38w,1,after,Mirai-greip_flood,0.07619272874712801,0.9872280037842952
mlp,mlp_38w,1,after,DDoS-UDP_Fragmentation,0.49787447698744774,0.9871460132556739
mlp,mlp_38w,1,after,DDoS-ACK_Fragmentation,0.6661984079202623,0.9898655428456753
mlp,mlp_38w,1,after,VulnerabilityScan,0.08900033433634236,0.6243062520896021
mlp,mlp_38w,1,after,DDoS-ICMP_Fragmentation,0.00755145682972469,0.9913793103448276
mlp,mlp_38w,1,after,BenignTraffic,0.2619818977322067,0.798062792251169
mlp,mlp_38w,2,before,Uploading_Attack,0.06382978723404255,0.11170212765957446
mlp,mlp_38w,2,before,Recon-PingSweep,0.0029411764705882353,0.0029498525073746312
mlp,mlp_38w,2,before,Backdoor_Malware,0.008281573498964804,0.002074688796680498
mlp,mlp_38w,2,before,XSS,0.053726169844020795,0.058925476603119586
mlp,mlp_38w,2,before,SqlInjection,0.06734434561626429,0.062261753494282084
mlp,mlp_38w,2,before,CommandInjection,0.048207663782447466,0.008663366336633664
mlp,mlp_38w,2,before,BrowserHijacking,0.01726121979286536,0.20046082949308755
mlp,mlp_38w,2,before,DictionaryBruteForce,0.4627551020408163,0.28637059724349156
mlp,mlp_38w,2,before,DDoS-SlowLoris,0.7208309618668185,0.9755264655663062
mlp,mlp_38w,2,before,DDoS-HTTP_Flood,0.28779810141236395,0.777674849467346
mlp,mlp_38w,2,before,DoS-HTTP_Flood,0.8742889116851628,0.9248344679660543
mlp,mlp_38w,2,before,Recon-PortScan,0.23261610035723185,0.3156364240611499
mlp,mlp_38w,2,before,Recon-OSScan,0.07571675302245251,0.08248704663212435
mlp,mlp_38w,2,before,DDoS-ICMP_Flood,0.011464497041420163,0.9986439842209073
mlp,mlp_38w,2,before,DDoS-RSTFINFlood,0.984600749152744,0.9934593887501486
mlp,mlp_38w,2,before,DDoS-TCP_Flood,-0.401794035414725,0.6846274829614959
mlp,mlp_38w,2,before,DDoS-SynonymousIP_Flood,0.6697965571205008,0.32935311847901694
mlp,mlp_38w,2,before,DDoS-UDP_Flood,0.75884368781782,0.7421369741860594
mlp,mlp_38w,2,before,DoS-TCP_Flood,0.5589597243161749,0.5687594227869912
mlp,mlp_38w,2,before,DDoS-PSHACK_Flood,0.597173327811141,0.7754594874449909
mlp,mlp_38w,2,before,DDoS-SYN_Flood,0.03169676926990589,0.10766256232827923
mlp,mlp_38w,2,before,Recon-HostDiscovery,0.30918622066899654,0.7482775836245632
mlp,mlp_38w,2,before,DoS-SYN_Flood,-0.5815723908830858,0.46970885433488674
mlp,mlp_38w,2,before,DoS-UDP_Flood,0.438721534875381,0.9211493634570558
mlp,mlp_38w,2,before,DNS_Spoofing,0.11541846848570664,0.6951130840763844
mlp,mlp_38w,2,before,MITM-ArpSpoofing,-0.17940694924504272,0.5976350736765509
mlp,mlp_38w,2,before,Mirai-udpplain,0.6275467775467776,0.9921341695831456
mlp,mlp_38w,2,before,Mirai-greeth_flood,0.989814971991173,0.9915461397433286
mlp,mlp_38w,2,before,Mirai-greip_flood,0.044972293553182885,0.9799972969320179
mlp,mlp_38w,2,before,DDoS-UDP_Fragmentation,0.5973891213389121,0.9877150699605007
mlp,mlp_38w,2,before,DDoS-ACK_Fragmentation,0.6501772693825674,0.9815372265703391
mlp,mlp_38w,2,before,VulnerabilityScan,-0.05780675359411569,0.6568706118355065
mlp,mlp_38w,2,before,DDoS-ICMP_Fragmentation,0.006515637530072227,0.99101176156108
mlp,mlp_38w,2,before,BenignTraffic,0.5093684245683177,0.7772879091516366
mlp,mlp_38w,2,after,Uploading_Attack,0.06382978723404255,0.11170212765957446
mlp,mlp_38w,2,after,Recon-PingSweep,0.0029411764705882353,0.0029498525073746312
mlp,mlp_38w,2,after,Backdoor_Malware,0.008281573498964804,0.002074688796680498
mlp,mlp_38w,2,after,XSS,0.053726169844020795,0.058925476603119586
mlp,mlp_38w,2,after,SqlInjection,0.06734434561626429,0.062261753494282084
mlp,mlp_38w,2,after,CommandInjection,0.048207663782447466,0.008663366336633664
mlp,mlp_38w,2,after,BrowserHijacking,0.01726121979286536,0.20046082949308755
mlp,mlp_38w,2,after,DictionaryBruteForce,0.4627551020408163,0.28637059724349156
mlp,mlp_38w,2,after,DDoS-SlowLoris,0.6217985202048948,0.9755264655663062
mlp,mlp_38w,2,after,DDoS-HTTP_Flood,0.31859226672840935,0.777674849467346
mlp,mlp_38w,2,after,DoS-HTTP_Flood,0.3434673132518885,0.9248344679660543
mlp,mlp_38w,2,after,Recon-PortScan,0.20810833264102352,0.3156364240611499
mlp,mlp_38w,2,after,Recon-OSScan,0.07212435233160622,0.08248704663212435
mlp,mlp_38w,2,after,DDoS-ICMP_Flood,0.003143491124260378,0.9986439842209073
mlp,mlp_38w,2,after,DDoS-RSTFINFlood,0.009513050716451699,0.9934593887501486
mlp,mlp_38w,2,after,DDoS-TCP_Flood,0.5516076421248836,0.6846274829614959
mlp,mlp_38w,2,after,DDoS-SynonymousIP_Flood,-0.027241639135222928,0.32935311847901694
mlp,mlp_38w,2,after,DDoS-UDP_Flood,0.1633871324342251,0.7421369741860594
mlp,mlp_38w,2,after,DoS-TCP_Flood,0.44992461770407066,0.5687594227869912
mlp,mlp_38w,2,after,DDoS-PSHACK_Flood,0.6212466349140608,0.7754594874449909
mlp,mlp_38w,2,after,DDoS-SYN_Flood,-0.07809717629102009,0.10766256232827923
mlp,mlp_38w,2,after,Recon-HostDiscovery,0.09850224663005491,0.7482775836245632
mlp,mlp_38w,2,after,DoS-SYN_Flood,0.003829473101411851,0.46970885433488674
mlp,mlp_38w,2,after,DoS-UDP_Flood,0.010668818361125987,0.9211493634570558
mlp,mlp_38w,2,after,DNS_Spoofing,0.09930733611419384,0.6951130840763844
mlp,mlp_38w,2,after,MITM-ArpSpoofing,-0.23612879752592322,0.5976350736765509
mlp,mlp_38w,2,after,Mirai-udpplain,0.07089397089397087,0.9921341695831456
mlp,mlp_38w,2,after,Mirai-greeth_flood,0.0393821083007978,0.9915461397433286
mlp,mlp_38w,2,after,Mirai-greip_flood,0.07984187052304359,0.9799972969320179
mlp,mlp_38w,2,after,DDoS-UDP_Fragmentation,0.6145271966527197,0.9877150699605007
mlp,mlp_38w,2,after,DDoS-ACK_Fragmentation,-0.024583584186233187,0.9815372265703391
mlp,mlp_38w,2,after,VulnerabilityScan,0.25549983283182887,0.6568706118355065
mlp,mlp_38w,2,after,DDoS-ICMP_Fragmentation,0.005680299385191101,0.99101176156108
mlp,mlp_38w,2,after,BenignTraffic,0.24945726595638096,0.7772879091516366
mlp,mlp_38w,3,before,Uploading_Attack,0.03723404255319149,0.11170212765957446
mlp,mlp_38w,3,before,Recon-PingSweep,0.011764705882352941,0.02064896755162242
mlp,mlp_38w,3,before,Backdoor_Malware,-0.010351966873706007,0.05186721991701245
mlp,mlp_38w,3,before,XSS,0.07452339688041594,0.0658578856152513
mlp,mlp_38w,3,before,SqlInjection,0.07496823379923762,0.07369758576874205
mlp,mlp_38w,3,before,CommandInjection,0.05562422744128554,0.017326732673267328
mlp,mlp_38w,3,before,BrowserHijacking,0.02531645569620253,0.2626728110599078
mlp,mlp_38w,3,before,DictionaryBruteForce,0.463265306122449,0.28586013272077593
mlp,mlp_38w,3,before,DDoS-SlowLoris,0.20546385885031304,0.9769493454752419
mlp,mlp_38w,3,before,DDoS-HTTP_Flood,0.8798332947441537,0.785780453913849
mlp,mlp_38w,3,before,DoS-HTTP_Flood,0.852466660449501,0.9247412104821412
mlp,mlp_38w,3,before,Recon-PortScan,0.24424690537509347,0.3014290461947491
mlp,mlp_38w,3,before,Recon-OSScan,0.15440414507772018,0.14922279792746113
mlp,mlp_38w,3,before,DDoS-ICMP_Flood,0.0018491124260354708,0.9989521696252466
mlp,mlp_38w,3,before,DDoS-RSTFINFlood,0.3468101551816398,0.9917945058865502
mlp,mlp_38w,3,before,DDoS-TCP_Flood,0.5908667287977633,0.7215005533873129
mlp,mlp_38w,3,before,DDoS-SynonymousIP_Flood,0.32243667767924417,0.1277533039647577
mlp,mlp_38w,3,before,DDoS-UDP_Flood,0.7450806986513376,0.715328063678072
mlp,mlp_38w,3,before,DoS-TCP_Flood,-0.24870773206978247,0.5305836743484816
mlp,mlp_38w,3,before,DDoS-PSHACK_Flood,0.9983951128598053,0.9418068858400207
mlp,mlp_38w,3,before,DDoS-SYN_Flood,-0.37176291020096663,0.3879108578406431
mlp,mlp_38w,3,before,Recon-HostDiscovery,0.24882675986020975,0.7693959061407888
mlp,mlp_38w,3,before,DoS-SYN_Flood,0.2565746977945926,0.6501637982743506
mlp,mlp_38w,3,before,DoS-UDP_Flood,0.4940380132687825,0.9251837905684059
mlp,mlp_38w,3,before,DNS_Spoofing,0.44433814243618697,0.6678657533198117
mlp,mlp_38w,3,before,MITM-ArpSpoofing,-0.18133527378570133,0.6116790976896489
mlp,mlp_38w,3,before,Mirai-udpplain,0.9812196812196812,0.994282546172771
mlp,mlp_38w,3,before,Mirai-greeth_flood,0.7714479714819216,0.9906634073470496
mlp,mlp_38w,3,before,Mirai-greip_flood,0.07436815785917017,0.989525611569131
mlp,mlp_38w,3,before,DDoS-UDP_Fragmentation,0.9823598326359833,0.9863761130079668
mlp,mlp_38w,3,before,DDoS-ACK_Fragmentation,0.37862064352130576,0.9903338015920797
mlp,mlp_38w,3,before,VulnerabilityScan,0.4595787362086258,0.6411902373788031
mlp,mlp_38w,3,before,DDoS-ICMP_Fragmentation,0.14638465650895482,0.9916132050253943
mlp,mlp_38w,3,before,BenignTraffic,0.5170835977422263,0.7854041416165665
mlp,mlp_38w,3,after,Uploading_Attack,0.03723404255319149,0.11170212765957446
mlp,mlp_38w,3,after,Recon-PingSweep,0.011764705882352941,0.02064896755162242
mlp,mlp_38w,3,after,Backdoor_Malware,0.041407867494824016,0.05186721991701245
mlp,mlp_38w,3,after,XSS,0.07452339688041594,0.0658578856152513
mlp,mlp_38w,3,after,SqlInjection,0.07496823379923762,0.07369758576874205
mlp,mlp_38w,3,after,CommandInjection,0.05562422744128554,0.017326732673267328
mlp,mlp_38w,3,after,BrowserHijacking,0.02416570771001151,0.2626728110599078
mlp,mlp_38w,3,after,DictionaryBruteForce,0.46224489795918366,0.28586013272077593
mlp,mlp_38w,3,after,DDoS-SlowLoris,0.487478656801366,0.9769493454752419
mlp,mlp_38w,3,after,DDoS-HTTP_Flood,0.25931928687196104,0.785780453913849
mlp,mlp_38w,3,after,DoS-HTTP_Flood,0.37536137275016324,0.9247412104821412
mlp,mlp_38w,3,after,Recon-PortScan,0.24366536512420037,0.3014290461947491
mlp,mlp_38w,3,after,Recon-OSScan,0.14715025906735751,0.14922279792746113
mlp,mlp_38w,3,after,DDoS-ICMP_Flood,0.0017258382642997283,0.9989521696252466
mlp,mlp_38w,3,after,DDoS-RSTFINFlood,0.34698852488257337,0.9917945058865502
mlp,mlp_38w,3,after,DDoS-TCP_Flood,0.3295666356011183,0.7215005533873129
mlp,mlp_38w,3,after,DDoS-SynonymousIP_Flood,-0.3932069784964934,0.1277533039647577
mlp,mlp_38w,3,after,DDoS-UDP_Flood,0.021169577713906707,0.715328063678072
mlp,mlp_38w,3,after,DoS-TCP_Flood,0.49703855265991814,0.5305836743484816
mlp,mlp_38w,3,after,DDoS-PSHACK_Flood,0.9812072892938496,0.9418068858400207
mlp,mlp_38w,3,after,DDoS-SYN_Flood,0.12617654540829304,0.3879108578406431
mlp,mlp_38w,3,after,Recon-HostDiscovery,0.09635546679980034,0.7693959061407888
mlp,mlp_38w,3,after,DoS-SYN_Flood,0.07908092645566114,0.6501637982743506
mlp,mlp_38w,3,after,DoS-UDP_Flood,0.36000537923614845,0.9251837905684059
mlp,mlp_38w,3,after,DNS_Spoofing,0.08832421262102486,0.6678657533198117
mlp,mlp_38w,3,after,MITM-ArpSpoofing,-0.05064580680371114,0.6116790976896489
mlp,mlp_38w,3,after,Mirai-udpplain,0.07061677061677063,0.994282546172771
mlp,mlp_38w,3,after,Mirai-greeth_flood,0.012561534544220043,0.9906634073470496
mlp,mlp_38w,3,after,Mirai-greip_flood,0.08190295985944052,0.989525611569131
mlp,mlp_38w,3,after,DDoS-UDP_Fragmentation,0.5365690376569037,0.9863761130079668
mlp,mlp_38w,3,after,DDoS-ACK_Fragmentation,0.6106762994180213,0.9903338015920797
mlp,mlp_38w,3,after,VulnerabilityScan,0.20137077900367767,0.6411902373788031
mlp,mlp_38w,3,after,DDoS-ICMP_Fragmentation,0.008520449077786596,0.9916132050253943
mlp,mlp_38w,3,after,BenignTraffic,0.1692662235730269,0.7854041416165665
mlp,mlp_38w,4,before,Uploading_Attack,0.0,0.0
mlp,mlp_38w,4,before,Recon-PingSweep,0.0,0.0
mlp,mlp_38w,4,before,Backdoor_Malware,-0.10351966873706005,0.01867219917012448
mlp,mlp_38w,4,before,XSS,0.01559792027729636,0.01386481802426343
mlp,mlp_38w,4,before,SqlInjection,0.0724269377382465,0.06353240152477764
mlp,mlp_38w,4,before,CommandInjection,0.049443757725587144,0.01485148514851485
mlp,mlp_38w,4,before,BrowserHijacking,0.00805523590333717,0.15207373271889402
mlp,mlp_38w,4,before,DictionaryBruteForce,0.23010204081632651,0.2833078101071976
mlp,mlp_38w,4,before,DDoS-SlowLoris,0.9223107569721116,0.9780876494023905
mlp,mlp_38w,4,before,DDoS-HTTP_Flood,0.10812688122250524,0.7582213987957388
mlp,mlp_38w,4,before,DoS-HTTP_Flood,0.9083278933134384,0.9384500606173646
mlp,mlp_38w,4,before,Recon-PortScan,0.048101686466727606,0.31414091060152877
mlp,mlp_38w,4,before,Recon-OSScan,-0.14694300518134715,0.10224525043177893
mlp,mlp_38w,4,before,DDoS-ICMP_Flood,0.0016025641025640969,0.9986439842209073
mlp,mlp_38w,4,before,DDoS-RSTFINFlood,0.9992270646292883,0.9932810084433346
mlp,mlp_38w,4,before,DDoS-TCP_Flood,-0.5942451071761417,0.5022426748995165
mlp,mlp_38w,4,before,DDoS-SynonymousIP_Flood,-0.18935837245696396,0.3928240204034315
mlp,mlp_38w,4,before,DDoS-UDP_Flood,0.7391112093743091,0.7108506992427174
mlp,mlp_38w,4,before,DoS-TCP_Flood,0.7783760499676933,0.7983523583889727
mlp,mlp_38w,4,before,DDoS-PSHACK_Flood,0.974373576309795,0.9649495210975926
mlp,mlp_38w,4,before,DDoS-SYN_Flood,0.17283134062579497,0.10018316882059632
mlp,mlp_38w,4,before,Recon-HostDiscovery,0.7520219670494258,0.7566150773839241
mlp,mlp_38w,4,before,DoS-SYN_Flood,0.15068745962904864,0.34046970885433486
mlp,mlp_38w,4,before,DoS-UDP_Flood,0.5346960731576117,0.9266182535413304
mlp,mlp_38w,4,before,DNS_Spoofing,0.12957789598561092,0.7101909609276339
mlp,mlp_38w,4,before,MITM-ArpSpoofing,-0.25250136438057125,0.5957067491358923
mlp,mlp_38w,4,before,Mirai-udpplain,0.8945252945252945,0.9910253300530164
mlp,mlp_38w,4,before,Mirai-greeth_flood,0.9877100662026821,0.9887621375704488
mlp,mlp_38w,4,before,Mirai-greip_flood,0.9593864035680497,0.9836126503581565
mlp,mlp_38w,4,before,DDoS-UDP_Fragmentation,0.992,0.9882841266653277
mlp,mlp_38w,4,before,DDoS-ACK_Fragmentation,0.9420028095524784,0.9893303899926417
mlp,mlp_38w,4,before,VulnerabilityScan,0.6765295887662989,0.6341023069207623
mlp,mlp_38w,4,before,DDoS-ICMP_Fragmentation,0.025962309542903017,0.9894747393744988
mlp,mlp_38w,4,before,BenignTraffic,0.7947630339668014,0.7910153640614562
mlp,mlp_38w,4,after,Uploading_Attack,0.0,0.0
mlp,mlp_38w,4,after,Recon-PingSweep,0.0,0.0
mlp,mlp_38w,4,after,Backdoor_Malware,0.028985507246376812,0.01867219917012448
mlp,mlp_38w,4,after,XSS,0.01559792027729636,0.01386481802426343
mlp,mlp_38w,4,after,SqlInjection,0.0724269377382465,0.06353240152477764
mlp,mlp_38w,4,after,CommandInjection,0.037082818294190356,0.01485148514851485
mlp,mlp_38w,4,after,BrowserHijacking,0.00805523590333717,0.15207373271889402
mlp,mlp_38w,4,after,DictionaryBruteForce,-0.010204081632653073,0.2833078101071976
mlp,mlp_38w,4,after,DDoS-SlowLoris,0.5207740466704611,0.9780876494023905
mlp,mlp_38w,4,after,DDoS-HTTP_Flood,0.17272516786293124,0.7582213987957388
mlp,mlp_38w,4,after,DoS-HTTP_Flood,0.33712580434579875,0.9384500606173646
mlp,mlp_38w,4,after,Recon-PortScan,0.2510592340284124,0.31414091060152877
mlp,mlp_38w,4,after,Recon-OSScan,0.05347150259067358,0.10224525043177893
mlp,mlp_38w,4,after,DDoS-ICMP_Flood,0.003143491124260267,0.9986439842209073
mlp,mlp_38w,4,after,DDoS-RSTFINFlood,0.0012485879065342598,0.9932810084433346
mlp,mlp_38w,4,after,DDoS-TCP_Flood,0.3950955265610438,0.5022426748995165
mlp,mlp_38w,4,after,DDoS-SynonymousIP_Flood,0.00115921868660529,0.3928240204034315
mlp,mlp_38w,4,after,DDoS-UDP_Flood,0.4605350431129781,0.7108506992427174
mlp,mlp_38w,4,after,DoS-TCP_Flood,0.6673486969631703,0.7983523583889727
mlp,mlp_38w,4,after,DDoS-PSHACK_Flood,0.41649409815696836,0.9649495210975926
mlp,mlp_38w,4,after,DDoS-SYN_Flood,-0.06690409564996183,0.10018316882059632
mlp,mlp_38w,4,after,Recon-HostDiscovery,0.08602096854717922,0.7566150773839241
mlp,mlp_38w,4,after,DoS-SYN_Flood,-0.12185106579311614,0.34046970885433486
mlp,mlp_38w,4,after,DoS-UDP_Flood,0.3487986372601758,0.9266182535413304
mlp,mlp_38w,4,after,DNS_Spoofing,0.05327006237801846,0.7101909609276339
mlp,mlp_38w,4,after,MITM-ArpSpoofing,-0.21906494451519012,0.5957067491358923
mlp,mlp_38w,4,after,Mirai-udpplain,0.7608454608454608,0.9910253300530164
mlp,mlp_38w,4,after,Mirai-greeth_flood,0.7501612629434731,0.9887621375704488
mlp,mlp_38w,4,after,Mirai-greip_flood,0.7313826192728747,0.9836126503581565
mlp,mlp_38w,4,after,DDoS-UDP_Fragmentation,0.5900585774058578,0.9882841266653277
mlp,mlp_38w,4,after,DDoS-ACK_Fragmentation,0.6995451200749214,0.9893303899926417
mlp,mlp_38w,4,after,VulnerabilityScan,0.13610832497492475,0.6341023069207623
mlp,mlp_38w,4,after,DDoS-ICMP_Fragmentation,0.0015036086607859156,0.9894747393744988
mlp,mlp_38w,4,after,BenignTraffic,0.25022544337196484,0.7910153640614562
mlp,mlp_96w,0,before,Uploading_Attack,0.010638297872340425,0.0425531914893617
mlp,mlp_96w,0,before,Recon-PingSweep,0.008823529411764706,0.011799410029498525
mlp,mlp_96w,0,before,Backdoor_Malware,0.041407867494824016,0.035269709543568464
mlp,mlp_96w,0,before,XSS,0.02772963604852686,0.02772963604852686
mlp,mlp_96w,0,before,SqlInjection,0.05844980940279543,0.05717916137229987
mlp,mlp_96w,0,before,CommandInjection,0.08034610630407911,0.018564356435643563
mlp,mlp_96w,0,before,BrowserHijacking,0.02991944764096663,0.2534562211981567
mlp,mlp_96w,0,before,DictionaryBruteForce,0.42653061224489797,0.27411944869831545
mlp,mlp_96w,0,before,DDoS-SlowLoris,0.2418895845190666,0.9723961297666477
mlp,mlp_96w,0,before,DDoS-HTTP_Flood,0.1261866172725168,0.7841593330245484
mlp,mlp_96w,0,before,DoS-HTTP_Flood,0.209829338804439,0.9296838571295346
mlp,mlp_96w,0,before,Recon-PortScan,0.09960953726011464,0.2528248587570621
mlp,mlp_96w,0,before,Recon-OSScan,0.13630397236614855,0.14936096718480138
mlp,mlp_96w,0,before,DDoS-ICMP_Flood,0.00449950690335299,0.9988905325443787
mlp,mlp_96w,0,before,DDoS-RSTFINFlood,0.3418752601224806,0.9944107503864906
mlp,mlp_96w,0,before,DDoS-TCP_Flood,0.6632688723205964,0.6836954622240344
mlp,mlp_96w,0,before,DDoS-SynonymousIP_Flood,-0.32736335709731634,0.3232089033155576
mlp,mlp_96w,0,before,DDoS-UDP_Flood,0.3803891222639841,0.4722790337736996
mlp,mlp_96w,0,before,DoS-TCP_Flood,0.5397910833512815,0.5830820590135688
mlp,mlp_96w,0,before,DDoS-PSHACK_Flood,0.3123835162559536,0.9727155060833549
mlp,mlp_96w,0,before,DDoS-SYN_Flood,0.26532688883235817,0.19339574641294394
mlp,mlp_96w,0,before,Recon-HostDiscovery,0.09895157264103849,0.7852720918622067
mlp,mlp_96w,0,before,DoS-SYN_Flood,-0.018270739134446795,0.3985604208000738
mlp,mlp_96w,0,before,DoS-UDP_Flood,-0.14461179845795236,0.9578626501703424
mlp,mlp_96w,0,before,DNS_Spoofing,-0.030347097317362515,0.6636179250698404
mlp,mlp_96w,0,before,MITM-ArpSpoofing,0.12184828088048026,0.5919956339821721
mlp,mlp_96w,0,before,Mirai-udpplain,0.9735620235620236,0.9933816140545411
mlp,mlp_96w,0,before,Mirai-greeth_flood,0.9667628585978612,0.9906634073470496
mlp,mlp_96w,0,before,Mirai-greip_flood,0.04064738478172725,0.9879713474793891
mlp,mlp_96w,0,before,DDoS-UDP_Fragmentation,0.10430125523012557,0.989087500836848
mlp,mlp_96w,0,before,DDoS-ACK_Fragmentation,0.8485851896447923,0.9902000133788214
mlp,mlp_96w,0,before,VulnerabilityScan,0.2543296556335674,0.6602808425275828
mlp,mlp_96w,0,before,DDoS-ICMP_Fragmentation,0.0015036086607859156,0.9921812349639134
mlp,mlp_96w,0,before,BenignTraffic,0.05517517784977122,0.7954575818303273
mlp,mlp_96w,0,after,Uploading_Attack,0.010638297872340425,0.0425531914893617
mlp,mlp_96w,0,after,Recon-PingSweep,0.008823529411764706,0.011799410029498525
mlp,mlp_96w,0,after,Backdoor_Malware,0.041407867494824016,0.035269709543568464
mlp,mlp_96w,0,after,XSS,0.02772963604852686,0.02772963604852686
mlp,mlp_96w,0,after,SqlInjection,0.04701397712833545,0.05717916137229987
mlp,mlp_96w,0,after,CommandInjection,0.08034610630407911,0.018564356435643563
mlp,mlp_96w,0,after,BrowserHijacking,0.028768699654775604,0.2534562211981567
mlp,mlp_96w,0,after,DictionaryBruteForce,0.43214285714285716,0.27411944869831545
mlp,mlp_96w,0,after,DDoS-SlowLoris,0.23306772908366535,0.9723961297666477
mlp,mlp_96w,0,after,DDoS-HTTP_Flood,0.10951609168789067,0.7841593330245484
mlp,mlp_96w,0,after,DoS-HTTP_Flood,0.234262799589667,0.9296838571295346
mlp,mlp_96w,0,after,Recon-PortScan,0.09445875218077593,0.2528248587570621
mlp,mlp_96w,0,after,Recon-OSScan,0.1305008635578584,0.14936096718480138
mlp,mlp_96w,0,after,DDoS-ICMP_Flood,0.0009861932938856066,0.9988905325443787
mlp,mlp_96w,0,after,DDoS-RSTFINFlood,0.3413401510196802,0.9944107503864906
mlp,mlp_96w,0,after,DDoS-TCP_Flood,0.3925326188257222,0.6836954622240344
mlp,mlp_96w,0,after,DDoS-SynonymousIP_Flood,-0.1655943893815568,0.3232089033155576
mlp,mlp_96w,0,after,DDoS-UDP_Flood,0.11402829980101703,0.4722790337736996
mlp,mlp_96w,0,after,DoS-TCP_Flood,0.10618134826620718,0.5830820590135688
mlp,mlp_96w,0,after,DDoS-PSHACK_Flood,0.31098571132739694,0.9727155060833549
mlp,mlp_96w,0,after,DDoS-SYN_Flood,0.03195115746629357,0.19339574641294394
mlp,mlp_96w,0,after,Recon-HostDiscovery,0.1375936095856216,0.7852720918622067
mlp,mlp_96w,0,after,DoS-SYN_Flood,-0.10953215834640584,0.3985604208000738
mlp,mlp_96w,0,after,DoS-UDP_Flood,0.14416352877891336,0.9578626501703424
mlp,mlp_96w,0,after,DNS_Spoofing,-0.0007653744594542378,0.6636179250698404
mlp,mlp_96w,0,after,MITM-ArpSpoofing,0.04464253229034018,0.5919956339821721
mlp,mlp_96w,0,after,Mirai-udpplain,0.08655578655578666,0.9933816140545411
mlp,mlp_96w,0,after,Mirai-greeth_flood,0.0628416228144627,0.9906634073470496
mlp,mlp_96w,0,after,Mirai-greip_flood,0.09197188809298551,0.9879713474793891
mlp,mlp_96w,0,after,DDoS-UDP_Fragmentation,0.41710460251046033,0.989087500836848
mlp,mlp_96w,0,after,DDoS-ACK_Fragmentation,0.6076995116730216,0.9902000133788214
mlp,mlp_96w,0,after,VulnerabilityScan,0.12935473085924443,0.6602808425275828
mlp,mlp_96w,0,after,DDoS-ICMP_Fragmentation,0.004243517775995742,0.9921812349639134
mlp,mlp_96w,0,after,BenignTraffic,0.08556828429244179,0.7954575818303273
mlp,mlp_96w,1,before,Uploading_Attack,0.02127659574468085,0.047872340425531915
mlp,mlp_96w,1,before,Recon-PingSweep,0.011764705882352941,0.011799410029498525
mlp,mlp_96w,1,before,Backdoor_Malware,0.057971014492753624,0.04149377593360996
mlp,mlp_96w,1,before,XSS,-0.00173310225303293,0.01386481802426343
mlp,mlp_96w,1,before,SqlInjection,0.062261753494282084,0.07115628970775095
mlp,mlp_96w,1,before,CommandInjection,0.04326328800988875,0.017326732673267328
mlp,mlp_96w,1,before,BrowserHijacking,0.009205983889528195,0.22465437788018433
mlp,mlp_96w,1,before,DictionaryBruteForce,0.11428571428571427,0.3118938233792751
mlp,mlp_96w,1,before,DDoS-SlowLoris,0.16761525327262383,0.9695503699487763
mlp,mlp_96w,1,before,DDoS-HTTP_Flood,0.006482982171799101,0.7948124131542381
mlp,mlp_96w,1,before,DoS-HTTP_Flood,0.1996642730579129,0.9193322764151823
mlp,mlp_96w,1,before,Recon-PortScan,0.13524964692199054,0.29411764705882354
mlp,mlp_96w,1,before,Recon-OSScan,0.02134715025906736,0.11474956822107081
mlp,mlp_96w,1,before,DDoS-ICMP_Flood,0.0006163708086784903,0.9988905325443787
mlp,mlp_96w,1,before,DDoS-RSTFINFlood,0.1886556870206315,0.9921512665001784
mlp,mlp_96w,1,before,DDoS-TCP_Flood,-0.1761416589002796,0.42022485000291254
mlp,mlp_96w,1,before,DDoS-SynonymousIP_Flood,-0.7511157479858576,0.09210526315789473
mlp,mlp_96w,1,before,DDoS-UDP_Flood,0.5097833296484634,0.5900171355922834
mlp,mlp_96w,1,before,DoS-TCP_Flood,0.8109519707085936,0.8593043290975663
mlp,mlp_96w,1,before,DDoS-PSHACK_Flood,-0.033961482708635304,0.5898006730520321
mlp,mlp_96w,1,before,DDoS-SYN_Flood,0.08455863647926737,0.21018622163427292
mlp,mlp_96w,1,before,Recon-HostDiscovery,0.05262106839740399,0.7644033949076385
mlp,mlp_96w,1,before,DoS-SYN_Flood,0.21800313739964935,0.8667005029299127
mlp,mlp_96w,1,before,DoS-UDP_Flood,-0.043571812802582044,0.9445938676707908
mlp,mlp_96w,1,before,DNS_Spoofing,0.042440013776740226,0.7754391335961119
mlp,mlp_96w,1,before,MITM-ArpSpoofing,0.05453883936692741,0.5812988903038021
mlp,mlp_96w,1,before,Mirai-udpplain,0.006548856548856508,0.9939706850549223
mlp,mlp_96w,1,before,Mirai-greeth_flood,0.07553895773213382,0.9884226251103415
mlp,mlp_96w,1,before,Mirai-greip_flood,0.8611636707663197,0.9872280037842952
mlp,mlp_96w,1,before,DDoS-UDP_Fragmentation,0.04010041841004186,0.9871460132556739
mlp,mlp_96w,1,before,DDoS-ACK_Fragmentation,0.2656699444778915,0.9898655428456753
mlp,mlp_96w,1,before,VulnerabilityScan,0.002774991641591451,0.6243062520896021
mlp,mlp_96w,1,before,DDoS-ICMP_Fragmentation,0.006348569901096002,0.9913793103448276
mlp,mlp_96w,1,before,BenignTraffic,0.05918306001803553,0.798062792251169
mlp,mlp_96w,1,after,Uploading_Attack,0.02127659574468085,0.047872340425531915
mlp,mlp_96w,1,after,Recon-PingSweep,0.011764705882352941,0.011799410029498525
mlp,mlp_96w,1,after,Backdoor_Malware,0.057971014492753624,0.04149377593360996
mlp,mlp_96w,1,after,XSS,0.006932409012131715,0.01386481802426343
mlp,mlp_96w,1,after,SqlInjection,0.05972045743329098,0.07115628970775095
mlp,mlp_96w,1,after,CommandInjection,0.03337453646477132,0.017326732673267328
mlp,mlp_96w,1,after,BrowserHijacking,-0.027617951668584582,0.22465437788018433
mlp,mlp_96w,1,after,DictionaryBruteForce,0.10714285714285715,0.3118938233792751
mlp,mlp_96w,1,after,DDoS-SlowLoris,0.07455890722823,0.9695503699487763
mlp,mlp_96w,1,after,DDoS-HTTP_Flood,0.04815929613336423,0.7948124131542381
mlp,mlp_96w,1,after,DoS-HTTP_Flood,0.15518045323137175,0.9193322764151823
mlp,mlp_96w,1,after,Recon-PortScan,0.1289357813408657,0.29411764705882354
mlp,mlp_96w,1,after,Recon-OSScan,0.033367875647668396,0.11474956822107081
mlp,mlp_96w,1,after,DDoS-ICMP_Flood,0.0005547337278105635,0.9988905325443787
mlp,mlp_96w,1,after,DDoS-RSTFINFlood,0.33028122956180517,0.9921512665001784
mlp,mlp_96w,1,after,DDoS-TCP_Flood,0.1732875116495806,0.42022485000291254
mlp,mlp_96w,1,after,DDoS-SynonymousIP_Flood,-0.5757259607024865,0.09210526315789473
mlp,mlp_96w,1,after,DDoS-UDP_Flood,0.052619942516029194,0.5900171355922834
mlp,mlp_96w,1,after,DoS-TCP_Flood,0.7046090889511092,0.8593043290975663
mlp,mlp_96w,1,after,DDoS-PSHACK_Flood,-0.06259059846759163,0.5898006730520321
mlp,mlp_96w,1,after,DDoS-SYN_Flood,-0.032816077334011706,0.21018622163427292
mlp,mlp_96w,1,after,Recon-HostDiscovery,0.06635047428856722,0.7644033949076385
mlp,mlp_96w,1,after,DoS-SYN_Flood,0.07017624803912526,0.8667005029299127
mlp,mlp_96w,1,after,DoS-UDP_Flood,0.049354491662183864,0.9445938676707908
mlp,mlp_96w,1,after,DNS_Spoofing,0.024989476101182517,0.7754391335961119
mlp,mlp_96w,1,after,MITM-ArpSpoofing,0.00378388211751865,0.5812988903038021
mlp,mlp_96w,1,after,Mirai-udpplain,0.05388080388080385,0.9939706850549223
mlp,mlp_96w,1,after,Mirai-greeth_flood,0.010049227635376079,0.9884226251103415
mlp,mlp_96w,1,after,Mirai-greip_flood,0.05858899851331256,0.9872280037842952
mlp,mlp_96w,1,after,DDoS-UDP_Fragmentation,0.004117154811715484,0.9871460132556739
mlp,mlp_96w,1,after,DDoS-ACK_Fragmentation,0.30570606729547134,0.9898655428456753
mlp,mlp_96w,1,after,VulnerabilityScan,0.06425944500167169,0.6243062520896021
mlp,mlp_96w,1,after,DDoS-ICMP_Fragmentation,0.003642074311681398,0.9913793103448276
mlp,mlp_96w,1,after,BenignTraffic,0.08025784041949169,0.798062792251169
mlp,mlp_96w,2,before,Uploading_Attack,0.058510638297872335,0.11170212765957446
mlp,mlp_96w,2,before,Recon-PingSweep,0.0029411764705882353,0.0029498525073746312
mlp,mlp_96w,2,before,Backdoor_Malware,0.004140786749482402,0.002074688796680498
mlp,mlp_96w,2,before,XSS,0.053726169844020795,0.058925476603119586
mlp,mlp_96w,2,before,SqlInjection,-0.011435832274459976,0.062261753494282084
mlp,mlp_96w,2,before,CommandInjection,0.048207663782447466,0.008663366336633664
mlp,mlp_96w,2,before,BrowserHijacking,0.01726121979286536,0.20046082949308755
mlp,mlp_96w,2,before,DictionaryBruteForce,0.10969387755102039,0.28637059724349156
mlp,mlp_96w,2,before,DDoS-SlowLoris,0.17416050085372792,0.9755264655663062
mlp,mlp_96w,2,before,DDoS-HTTP_Flood,0.13799490622829358,0.777674849467346
mlp,mlp_96w,2,before,DoS-HTTP_Flood,0.031054742143057035,0.9248344679660543
mlp,mlp_96w,2,before,Recon-PortScan,0.08781257788485503,0.3156364240611499
mlp,mlp_96w,2,before,Recon-OSScan,0.06873920552677029,0.08248704663212435
mlp,mlp_96w,2,before,DDoS-ICMP_Flood,0.0014792899408284654,0.9986439842209073
mlp,mlp_96w,2,before,DDoS-RSTFINFlood,0.15970033890243185,0.9934593887501486
mlp,mlp_96w,2,before,DDoS-TCP_Flood,0.5405987884436161,0.6846274829614959
mlp,mlp_96w,2,before,DDoS-SynonymousIP_Flood,-0.2791398597345389,0.32935311847901694
mlp,mlp_96w,2,before,DDoS-UDP_Flood,-0.18007959319036038,0.7421369741860594
mlp,mlp_96w,2,before,DoS-TCP_Flood,-0.04603704501399963,0.5687594227869912
mlp,mlp_96w,2,before,DDoS-PSHACK_Flood,0.03779250362393871,0.7754594874449909
mlp,mlp_96w,2,before,DDoS-SYN_Flood,0.05138641567031291,0.10766256232827923
mlp,mlp_96w,2,before,Recon-HostDiscovery,0.2257613579630554,0.7482775836245632
mlp,mlp_96w,2,before,DoS-SYN_Flood,0.10353418842853189,0.46970885433488674
mlp,mlp_96w,2,before,DoS-UDP_Flood,0.45073516227362376,0.9211493634570558
mlp,mlp_96w,2,before,DNS_Spoofing,-0.05499215491179055,0.6951130840763844
mlp,mlp_96w,2,before,MITM-ArpSpoofing,0.11977442241222486,0.5976350736765509
mlp,mlp_96w,2,before,Mirai-udpplain,0.6780665280665281,0.9921341695831456
mlp,mlp_96w,2,before,Mirai-greeth_flood,0.9886267187234765,0.9915461397433286
mlp,mlp_96w,2,before,Mirai-greip_flood,-0.009224219489120222,0.9799972969320179
mlp,mlp_96w,2,before,DDoS-UDP_Fragmentation,0.004753138075313745,0.9877150699605007
mlp,mlp_96w,2,before,DDoS-ACK_Fragmentation,-0.05879991972707199,0.9815372265703391
mlp,mlp_96w,2,before,VulnerabilityScan,0.3566700100300903,0.6568706118355065
mlp,mlp_96w,2,before,DDoS-ICMP_Fragmentation,0.008052659716653254,0.99101176156108
mlp,mlp_96w,2,before,BenignTraffic,-0.17096957349453923,0.7772879091516366
mlp,mlp_96w,2,after,Uploading_Attack,0.015957446808510634,0.11170212765957446
mlp,mlp_96w,2,after,Recon-PingSweep,0.0029411764705882353,0.0029498525073746312
mlp,mlp_96w,2,after,Backdoor_Malware,0.002070393374741202,0.002074688796680498
mlp,mlp_96w,2,after,XSS,0.05199306759098787,0.058925476603119586
mlp,mlp_96w,2,after,SqlInjection,0.007623888182973312,0.062261753494282084
mlp,mlp_96w,2,after,CommandInjection,0.04697156983930779,0.008663366336633664
mlp,mlp_96w,2,after,BrowserHijacking,0.01726121979286536,0.20046082949308755
mlp,mlp_96w,2,after,DictionaryBruteForce,0.28316326530612246,0.28637059724349156
mlp,mlp_96w,2,after,DDoS-SlowLoris,0.10984632896983493,0.9755264655663062
mlp,mlp_96w,2,after,DDoS-HTTP_Flood,0.09956008335262789,0.777674849467346
mlp,mlp_96w,2,after,DoS-HTTP_Flood,0.11181572321178779,0.9248344679660543
mlp,mlp_96w,2,after,Recon-PortScan,0.1721359142643516,0.3156364240611499
mlp,mlp_96w,2,after,Recon-OSScan,0.0022107081174438797,0.08248704663212435
mlp,mlp_96w,2,after,DDoS-ICMP_Flood,0.002218934911242698,0.9986439842209073
mlp,mlp_96w,2,after,DDoS-RSTFINFlood,0.04851655865390336,0.9934593887501486
mlp,mlp_96w,2,after,DDoS-TCP_Flood,0.005475302889096034,0.6846274829614959
mlp,mlp_96w,2,after,DDoS-SynonymousIP_Flood,0.005564249695705015,0.32935311847901694
mlp,mlp_96w,2,after,DDoS-UDP_Flood,0.10319478222418743,0.7421369741860594
mlp,mlp_96w,2,after,DoS-TCP_Flood,0.0017230239069566666,0.5687594227869912
mlp,mlp_96w,2,after,DDoS-PSHACK_Flood,0.01661834748395108,0.7754594874449909
mlp,mlp_96w,2,after,DDoS-SYN_Flood,-0.01836682777919102,0.10766256232827923
mlp,mlp_96w,2,after,Recon-HostDiscovery,0.006839740389415927,0.7482775836245632
mlp,mlp_96w,2,after,DoS-SYN_Flood,0.051951647134815926,0.46970885433488674
mlp,mlp_96w,2,after,DoS-UDP_Flood,-0.06598529675452758,0.9211493634570558
mlp,mlp_96w,2,after,DNS_Spoofing,-0.0049749339864528785,0.6951130840763844
mlp,mlp_96w,2,after,MITM-ArpSpoofing,0.012370383845734051,0.5976350736765509
mlp,mlp_96w,2,after,Mirai-udpplain,0.02706167706167706,0.9921341695831456
mlp,mlp_96w,2,after,Mirai-greeth_flood,0.02199966049906632,0.9915461397433286
mlp,mlp_96w,2,after,Mirai-greip_flood,0.03693066630625763,0.9799972969320179
mlp,mlp_96w,2,after,DDoS-UDP_Fragmentation,0.00887029288702923,0.9877150699605007
mlp,mlp_96w,2,after,DDoS-ACK_Fragmentation,-0.07973777510201352,0.9815372265703391
mlp,mlp_96w,2,after,VulnerabilityScan,0.023938482113005755,0.6568706118355065
mlp,mlp_96w,2,after,DDoS-ICMP_Fragmentation,0.004310344827586188,0.99101176156108
mlp,mlp_96w,2,after,BenignTraffic,0.014795765004508965,0.7772879091516366
mlp,mlp_96w,3,before,Uploading_Attack,0.03723404255319149,0.11170212765957446
mlp,mlp_96w,3,before,Recon-PingSweep,0.011764705882352941,0.02064896755162242
mlp,mlp_96w,3,before,Backdoor_Malware,0.041407867494824016,0.05186721991701245
mlp,mlp_96w,3,before,XSS,0.07279029462738301,0.0658578856152513
mlp,mlp_96w,3,before,SqlInjection,0.07496823379923762,0.07369758576874205
mlp,mlp_96w,3,before,CommandInjection,0.02719406674907293,0.017326732673267328
mlp,mlp_96w,3,before,BrowserHijacking,0.02991944764096663,0.2626728110599078
mlp,mlp_96w,3,before,DictionaryBruteForce,0.37448979591836734,0.28586013272077593
mlp,mlp_96w,3,before,DDoS-SlowLoris,0.06943653955606155,0.9769493454752419
mlp,mlp_96w,3,before,DDoS-HTTP_Flood,0.291502662653392,0.785780453913849
mlp,mlp_96w,3,before,DoS-HTTP_Flood,0.11806397463396434,0.9247412104821412
mlp,mlp_96w,3,before,Recon-PortScan,0.1343357979563014,0.3014290461947491
mlp,mlp_96w,3,before,Recon-OSScan,-0.04393782383419689,0.14922279792746113
mlp,mlp_96w,3,before,DDoS-ICMP_Flood,0.0009245562130176799,0.9989521696252466
mlp,mlp_96w,3,before,DDoS-RSTFINFlood,0.00011891313395573366,0.9917945058865502
mlp,mlp_96w,3,before,DDoS-TCP_Flood,0.5889445479962722,0.7215005533873129
mlp,mlp_96w,3,before,DDoS-SynonymousIP_Flood,0.3219150292702718,0.1277533039647577
mlp,mlp_96w,3,before,DDoS-UDP_Flood,-0.02161176210479765,0.715328063678072
mlp,mlp_96w,3,before,DoS-TCP_Flood,-0.3840189532629765,0.5305836743484816
mlp,mlp_96w,3,before,DDoS-PSHACK_Flood,0.30161524125077654,0.9418068858400207
mlp,mlp_96w,3,before,DDoS-SYN_Flood,-0.5598066649707454,0.3879108578406431
mlp,mlp_96w,3,before,Recon-HostDiscovery,0.23539690464303553,0.7693959061407888
mlp,mlp_96w,3,before,DoS-SYN_Flood,0.23908830857248314,0.6501637982743506
mlp,mlp_96w,3,before,DoS-UDP_Flood,0.10166756320602466,0.9251837905684059
mlp,mlp_96w,3,before,DNS_Spoofing,0.1409819754314799,0.6678657533198117
mlp,mlp_96w,3,before,MITM-ArpSpoofing,0.026741859195925033,0.6116790976896489
mlp,mlp_96w,3,before,Mirai-udpplain,0.010984060984061017,0.994282546172771
mlp,mlp_96w,3,before,Mirai-greeth_flood,0.3696486165336955,0.9906634073470496
mlp,mlp_96w,3,before,Mirai-greip_flood,0.40400729828355186,0.989525611569131
mlp,mlp_96w,3,before,DDoS-UDP_Fragmentation,0.006359832635983276,0.9863761130079668
mlp,mlp_96w,3,before,DDoS-ACK_Fragmentation,0.24750819452806205,0.9903338015920797
mlp,mlp_96w,3,before,VulnerabilityScan,0.02851889000334329,0.6411902373788031
mlp,mlp_96w,3,before,DDoS-ICMP_Fragmentation,0.004176690724405185,0.9916132050253943
mlp,mlp_96w,3,before,BenignTraffic,0.06589626264987813,0.7854041416165665
mlp,mlp_96w,3,after,Uploading_Attack,0.03723404255319149,0.11170212765957446
mlp,mlp_96w,3,after,Recon-PingSweep,0.011764705882352941,0.02064896755162242
mlp,mlp_96w,3,after,Backdoor_Malware,0.039337474120082816,0.05186721991701245
mlp,mlp_96w,3,after,XSS,0.06759098786828423,0.0658578856152513
mlp,mlp_96w,3,after,SqlInjection,0.07496823379923762,0.07369758576874205
mlp,mlp_96w,3,after,CommandInjection,0.017305315203955507,0.017326732673267328
mlp,mlp_96w,3,after,BrowserHijacking,0.027617951668584582,0.2626728110599078
mlp,mlp_96w,3,after,DictionaryBruteForce,0.40816326530612246,0.28586013272077593
mlp,mlp_96w,3,after,DDoS-SlowLoris,0.06858281161070012,0.9769493454752419
mlp,mlp_96w,3,after,DDoS-HTTP_Flood,0.08150034730261635,0.785780453913849
mlp,mlp_96w,3,after,DoS-HTTP_Flood,0.13858062109484282,0.9247412104821412
mlp,mlp_96w,3,after,Recon-PortScan,0.14854199551383235,0.3014290461947491
mlp,mlp_96w,3,after,Recon-OSScan,0.056096718480138155,0.14922279792746113
mlp,mlp_96w,3,after,DDoS-ICMP_Flood,0.0006163708086784903,0.9989521696252466
mlp,mlp_96w,3,after,DDoS-RSTFINFlood,5.945656697792234e-05,0.9917945058865502
mlp,mlp_96w,3,after,DDoS-TCP_Flood,-0.3003261882572228,0.7215005533873129
mlp,mlp_96w,3,after,DDoS-SynonymousIP_Flood,-0.5710890859560656,0.1277533039647577
mlp,mlp_96w,3,after,DDoS-UDP_Flood,-0.021003758567322506,0.715328063678072
mlp,mlp_96w,3,after,DoS-TCP_Flood,0.42381003661425803,0.5305836743484816
mlp,mlp_96w,3,after,DDoS-PSHACK_Flood,0.034582729343549334,0.9418068858400207
mlp,mlp_96w,3,after,DDoS-SYN_Flood,0.23169676926990587,0.3879108578406431
mlp,mlp_96w,3,after,Recon-HostDiscovery,0.08047928107838243,0.7693959061407888
mlp,mlp_96w,3,after,DoS-SYN_Flood,-0.02380732675094588,0.6501637982743506
mlp,mlp_96w,3,after,DoS-UDP_Flood,0.0845436614667383,0.9251837905684059
mlp,mlp_96w,3,after,DNS_Spoofing,0.05284910642531859,0.6678657533198117
mlp,mlp_96w,3,after,MITM-ArpSpoofing,0.042241222484991806,0.6116790976896489
mlp,mlp_96w,3,after,Mirai-udpplain,0.014067914067914078,0.994282546172771
mlp,mlp_96w,3,after,Mirai-greeth_flood,0.02519096927516551,0.9906634073470496
mlp,mlp_96w,3,after,Mirai-greip_flood,0.33311934045141234,0.989525611569131
mlp,mlp_96w,3,after,DDoS-UDP_Fragmentation,0.004384937238493647,0.9863761130079668
mlp,mlp_96w,3,after,DDoS-ACK_Fragmentation,0.2868753762793498,0.9903338015920797
mlp,mlp_96w,3,after,VulnerabilityScan,0.029555332664660594,0.6411902373788031
mlp,mlp_96w,3,after,DDoS-ICMP_Fragmentation,0.0057805399625767695,0.9916132050253943
mlp,mlp_96w,3,after,BenignTraffic,0.035503156207207454,0.7854041416165665
mlp,mlp_96w,4,before,Uploading_Attack,0.0,0.0
mlp,mlp_96w,4,before,Recon-PingSweep,0.0,0.0
mlp,mlp_96w,4,before,Backdoor_Malware,0.024844720496894408,0.01867219917012448
mlp,mlp_96w,4,before,XSS,-0.0017331022530329282,0.01386481802426343
mlp,mlp_96w,4,before,SqlInjection,0.07115628970775095,0.06353240152477764
mlp,mlp_96w,4,before,CommandInjection,0.022249690976514216,0.01485148514851485
mlp,mlp_96w,4,before,BrowserHijacking,0.00805523590333717,0.15207373271889402
mlp,mlp_96w,4,before,DictionaryBruteForce,-0.011224489795918391,0.2833078101071976
mlp,mlp_96w,4,before,DDoS-SlowLoris,0.43625498007968133,0.9780876494023905
mlp,mlp_96w,4,before,DDoS-HTTP_Flood,0.0034730261634637882,0.7582213987957388
mlp,mlp_96w,4,before,DoS-HTTP_Flood,0.4110789890888744,0.9384500606173646
mlp,mlp_96w,4,before,Recon-PortScan,0.20021600066461745,0.31414091060152877
mlp,mlp_96w,4,before,Recon-OSScan,0.09872193436960276,0.10224525043177893
mlp,mlp_96w,4,before,DDoS-ICMP_Flood,0.0003081854043391896,0.9986439842209073
mlp,mlp_96w,4,before,DDoS-RSTFINFlood,0.00041619596884479026,0.9932810084433346
mlp,mlp_96w,4,before,DDoS-TCP_Flood,0.4039492078285182,0.5022426748995165
mlp,mlp_96w,4,before,DDoS-SynonymousIP_Flood,0.8050194169130007,0.3928240204034315
mlp,mlp_96w,4,before,DDoS-UDP_Flood,0.7384479327879726,0.7108506992427174
mlp,mlp_96w,4,before,DoS-TCP_Flood,0.7583997415464139,0.7983523583889727
mlp,mlp_96w,4,before,DDoS-PSHACK_Flood,0.280441085110789,0.9649495210975926
mlp,mlp_96w,4,before,DDoS-SYN_Flood,-0.26858305774612057,0.10018316882059632
mlp,mlp_96w,4,before,Recon-HostDiscovery,-0.1127309036445332,0.7566150773839241
mlp,mlp_96w,4,before,DoS-SYN_Flood,-0.4807142198025284,0.34046970885433486
mlp,mlp_96w,4,before,DoS-UDP_Flood,-0.2890891160121929,0.9266182535413304
mlp,mlp_96w,4,before,DNS_Spoofing,0.516819103746508,0.7101909609276339
mlp,mlp_96w,4,before,MITM-ArpSpoofing,-0.03936692741495362,0.5957067491358923
mlp,mlp_96w,4,before,Mirai-udpplain,0.01299376299376298,0.9910253300530164
mlp,mlp_96w,4,before,Mirai-greeth_flood,0.9741979290443049,0.9887621375704488
mlp,mlp_96w,4,before,Mirai-greip_flood,0.7982159751317746,0.9836126503581565
mlp,mlp_96w,4,before,DDoS-UDP_Fragmentation,0.4940251046025105,0.9882841266653277
mlp,mlp_96w,4,before,DDoS-ACK_Fragmentation,0.3012241621513144,0.9893303899926417
mlp,mlp_96w,4,before,VulnerabilityScan,0.416984286191909,0.6341023069207623
mlp,mlp_96w,4,before,DDoS-ICMP_Fragmentation,0.3719259556268377,0.9894747393744988
mlp,mlp_96w,4,before,BenignTraffic,0.7447647039177048,0.7910153640614562
mlp,mlp_96w,4,after,Uploading_Attack,0.0,0.0
mlp,mlp_96w,4,after,Recon-PingSweep,0.0,0.0
mlp,mlp_96w,4,after,Backdoor_Malware,0.026915113871635612,0.01867219917012448
mlp,mlp_96w,4,after,XSS,0.003466204506065858,0.01386481802426343
mlp,mlp_96w,4,after,SqlInjection,0.05844980940279542,0.06353240152477764
mlp,mlp_96w,4,after,CommandInjection,0.016069221260815822,0.01485148514851485
mlp,mlp_96w,4,after,BrowserHijacking,-0.0034522439585730723,0.15207373271889402
mlp,mlp_96w,4,after,DictionaryBruteForce,-0.01785714285714285,0.2833078101071976
mlp,mlp_96w,4,after,DDoS-SlowLoris,0.07655093910073996,0.9780876494023905
mlp,mlp_96w,4,after,DDoS-HTTP_Flood,0.06714517249363283,0.7582213987957388
mlp,mlp_96w,4,after,DoS-HTTP_Flood,0.13886039354658208,0.9384500606173646
mlp,mlp_96w,4,after,Recon-PortScan,0.1657389715045277,0.31414091060152877
mlp,mlp_96w,4,after,Recon-OSScan,0.034542314335060456,0.10224525043177893
mlp,mlp_96w,4,after,DDoS-ICMP_Flood,0.000678007889546306,0.9986439842209073
mlp,mlp_96w,4,after,DDoS-RSTFINFlood,5.945656697781132e-05,0.9932810084433346
mlp,mlp_96w,4,after,DDoS-TCP_Flood,0.23602050326188256,0.5022426748995165
mlp,mlp_96w,4,after,DDoS-SynonymousIP_Flood,-0.051179505013620785,0.3928240204034315
mlp,mlp_96w,4,after,DDoS-UDP_Flood,0.19223966393986291,0.7108506992427174
mlp,mlp_96w,4,after,DoS-TCP_Flood,0.6117811759638165,0.7983523583889727
mlp,mlp_96w,4,after,DDoS-PSHACK_Flood,0.2814247256160697,0.9649495210975926
mlp,mlp_96w,4,after,DDoS-SYN_Flood,-0.06690409564996183,0.10018316882059632
mlp,mlp_96w,4,after,Recon-HostDiscovery,0.06105841238142784,0.7566150773839241
mlp,mlp_96w,4,after,DoS-SYN_Flood,-0.18081572390883086,0.34046970885433486
mlp,mlp_96w,4,after,DoS-UDP_Flood,-0.02895822126591352,0.9266182535413304
mlp,mlp_96w,4,after,DNS_Spoofing,0.008610462668860674,0.7101909609276339
mlp,mlp_96w,4,after,MITM-ArpSpoofing,0.039694378752046566,0.5957067491358923
mlp,mlp_96w,4,after,Mirai-udpplain,0.05419265419265418,0.9910253300530164
mlp,mlp_96w,4,after,Mirai-greeth_flood,0.017789848922084572,0.9887621375704488
mlp,mlp_96w,4,after,Mirai-greip_flood,0.058757940262197605,0.9836126503581565
mlp,mlp_96w,4,after,DDoS-UDP_Fragmentation,0.006895397489539712,0.9882841266653277
mlp,mlp_96w,4,after,DDoS-ACK_Fragmentation,0.2860726469997993,0.9893303899926417
mlp,mlp_96w,4,after,VulnerabilityScan,0.014409896355733864,0.6341023069207623
mlp,mlp_96w,4,after,DDoS-ICMP_Fragmentation,-0.0021718791766907053,0.9894747393744988
mlp,mlp_96w,4,after,BenignTraffic,0.05277044854881263,0.7910153640614562
mlp,mlp_192w,0,before,Uploading_Attack,0.010638297872340425,0.0425531914893617
mlp,mlp_192w,0,before,Recon-PingSweep,0.008823529411764706,0.011799410029498525
mlp,mlp_192w,0,before,Backdoor_Malware,0.041407867494824016,0.035269709543568464
mlp,mlp_192w,0,before,XSS,0.019064124783362217,0.02772963604852686
mlp,mlp_192w,0,before,SqlInjection,0.011435832274459976,0.05717916137229987
mlp,mlp_192w,0,before,CommandInjection,0.069221260815822,0.018564356435643563
mlp,mlp_192w,0,before,BrowserHijacking,0.018411967779056387,0.2534562211981567
mlp,mlp_192w,0,before,DictionaryBruteForce,0.017346938775510246,0.27411944869831545
mlp,mlp_192w,0,before,DDoS-SlowLoris,-0.004268639726807022,0.9723961297666477
mlp,mlp_192w,0,before,DDoS-HTTP_Flood,0.08196341745774482,0.7841593330245484
mlp,mlp_192w,0,before,DoS-HTTP_Flood,0.10407535204700169,0.9296838571295346
mlp,mlp_192w,0,before,Recon-PortScan,0.08739719199135998,0.2528248587570621
mlp,mlp_192w,0,before,Recon-OSScan,-0.06756476683937823,0.14936096718480138
mlp,mlp_192w,0,before,DDoS-ICMP_Flood,0.000678007889546306,0.9988905325443787
mlp,mlp_192w,0,before,DDoS-RSTFINFlood,0.22712408585528276,0.9944107503864906
mlp,mlp_192w,0,before,DDoS-TCP_Flood,0.5860904007455732,0.6836954622240344
mlp,mlp_192w,0,before,DDoS-SynonymousIP_Flood,-0.1076914159856257,0.3232089033155576
mlp,mlp_192w,0,before,DDoS-UDP_Flood,-0.029681627238558494,0.4722790337736996
mlp,mlp_192w,0,before,DoS-TCP_Flood,-0.3906418264053414,0.5830820590135688
mlp,mlp_192w,0,before,DDoS-PSHACK_Flood,0.0001553116587285075,0.9727155060833549
mlp,mlp_192w,0,before,DDoS-SYN_Flood,0.004578987534978374,0.19339574641294394
mlp,mlp_192w,0,before,Recon-HostDiscovery,0.09765351972041936,0.7852720918622067
mlp,mlp_192w,0,before,DoS-SYN_Flood,0.0406477807511304,0.3985604208000738
mlp,mlp_192w,0,before,DoS-UDP_Flood,0.03604088219472834,0.9578626501703424
mlp,mlp_192w,0,before,DNS_Spoofing,-0.02414756419578279,0.6636179250698404
mlp,mlp_192w,0,before,MITM-ArpSpoofing,0.033909405130070944,0.5919956339821721
mlp,mlp_192w,0,before,Mirai-udpplain,0.009078309078309088,0.9933816140545411
mlp,mlp_192w,0,before,Mirai-greeth_flood,0.40801222203361054,0.9906634073470496
mlp,mlp_192w,0,before,Mirai-greip_flood,0.25733207190160834,0.9879713474793891
mlp,mlp_192w,0,before,DDoS-UDP_Fragmentation,0.00040167364016741036,0.989087500836848
mlp,mlp_192w,0,before,DDoS-ACK_Fragmentation,0.08545722121881061,0.9902000133788214
mlp,mlp_192w,0,before,VulnerabilityScan,0.25573386827148115,0.6602808425275828
mlp,mlp_192w,0,before,DDoS-ICMP_Fragmentation,0.0017040898155573636,0.9921812349639134
mlp,mlp_192w,0,before,BenignTraffic,-0.00013359607227547698,0.7954575818303273
mlp,mlp_192w,0,after,Uploading_Attack,0.010638297872340425,0.0425531914893617
mlp,mlp_192w,0,after,Recon-PingSweep,0.008823529411764706,0.011799410029498525
mlp,mlp_192w,0,after,Backdoor_Malware,0.041407867494824016,0.035269709543568464
mlp,mlp_192w,0,after,XSS,0.019064124783362217,0.02772963604852686
mlp,mlp_192w,0,after,SqlInjection,0.013977128335451082,0.05717916137229987
mlp,mlp_192w,0,after,CommandInjection,0.07292954264524104,0.018564356435643563
mlp,mlp_192w,0,after,BrowserHijacking,0.01380897583429229,0.2534562211981567
mlp,mlp_192w,0,after,DictionaryBruteForce,0.03979591836734697,0.27411944869831545
mlp,mlp_192w,0,after,DDoS-SlowLoris,0.005976095617529875,0.9723961297666477
mlp,mlp_192w,0,after,DDoS-HTTP_Flood,0.02083815698078262,0.7841593330245484
mlp,mlp_192w,0,after,DoS-HTTP_Flood,0.08850135223351674,0.9296838571295346
mlp,mlp_192w,0,after,Recon-PortScan,0.04660629725014537,0.2528248587570621
mlp,mlp_192w,0,after,Recon-OSScan,0.027564766839378252,0.14936096718480138
mlp,mlp_192w,0,after,DDoS-ICMP_Flood,0.0008012820512820484,0.9988905325443787
mlp,mlp_192w,0,after,DDoS-RSTFINFlood,0.3405672156489684,0.9944107503864906
mlp,mlp_192w,0,after,DDoS-TCP_Flood,0.1867427772600186,0.6836954622240344
mlp,mlp_192w,0,after,DDoS-SynonymousIP_Flood,-0.08444908131919082,0.3232089033155576
mlp,mlp_192w,0,after,DDoS-UDP_Flood,-0.11187265089542342,0.4722790337736996
mlp,mlp_192w,0,after,DoS-TCP_Flood,-0.10381219039414169,0.5830820590135688
mlp,mlp_192w,0,after,DDoS-PSHACK_Flood,0.000310623317457015,0.9727155060833549
mlp,mlp_192w,0,after,DDoS-SYN_Flood,0.09951666242686338,0.19339574641294394
mlp,mlp_192w,0,after,Recon-HostDiscovery,0.08327508736894662,0.7852720918622067
mlp,mlp_192w,0,after,DoS-SYN_Flood,-0.0018455292054996575,0.3985604208000738
mlp,mlp_192w,0,after,DoS-UDP_Flood,0.0641025641025641,0.9578626501703424
mlp,mlp_192w,0,after,DNS_Spoofing,-0.015919788756649123,0.6636179250698404
mlp,mlp_192w,0,after,MITM-ArpSpoofing,0.030161906494451524,0.5919956339821721
mlp,mlp_192w,0,after,Mirai-udpplain,0.017117117117117164,0.9933816140545411
mlp,mlp_192w,0,after,Mirai-greeth_flood,0.031777287387540265,0.9906634073470496
mlp,mlp_192w,0,after,Mirai-greip_flood,0.30166238680902824,0.9879713474793891
mlp,mlp_192w,0,after,DDoS-UDP_Fragmentation,0.0023096234309624153,0.989087500836848
mlp,mlp_192w,0,after,DDoS-ACK_Fragmentation,0.11693089838785209,0.9902000133788214
mlp,mlp_192w,0,after,VulnerabilityScan,0.03968572383818125,0.6602808425275828
mlp,mlp_192w,0,after,DDoS-ICMP_Fragmentation,0.0,0.9921812349639134
mlp,mlp_192w,0,after,BenignTraffic,0.030292909388463962,0.7954575818303273
mlp,mlp_192w,1,before,Uploading_Attack,0.02127659574468085,0.047872340425531915
mlp,mlp_192w,1,before,Recon-PingSweep,0.011764705882352941,0.011799410029498525
mlp,mlp_192w,1,before,Backdoor_Malware,0.057971014492753624,0.04149377593360996
mlp,mlp_192w,1,before,XSS,0.008665511265164644,0.01386481802426343
mlp,mlp_192w,1,before,SqlInjection,0.054637865311308764,0.07115628970775095
mlp,mlp_192w,1,before,CommandInjection,0.0407911001236094,0.017326732673267328
mlp,mlp_192w,1,before,BrowserHijacking,-0.013808975834292286,0.22465437788018433
mlp,mlp_192w,1,before,DictionaryBruteForce,0.07551020408163261,0.3118938233792751
mlp,mlp_192w,1,before,DDoS-SlowLoris,0.054638588503130414,0.9695503699487763
mlp,mlp_192w,1,before,DDoS-HTTP_Flood,-0.027784209307710084,0.7948124131542381
mlp,mlp_192w,1,before,DoS-HTTP_Flood,0.1683297584631166,0.9193322764151823
mlp,mlp_192w,1,before,Recon-PortScan,-0.034061643266594666,0.29411764705882354
mlp,mlp_192w,1,before,Recon-OSScan,0.08849740932642487,0.11474956822107081
mlp,mlp_192w,1,before,DDoS-ICMP_Flood,0.0005547337278105635,0.9988905325443787
mlp,mlp_192w,1,before,DDoS-RSTFINFlood,0.33967536714430113,0.9921512665001784
mlp,mlp_192w,1,before,DDoS-TCP_Flood,-0.31296598322460395,0.42022485000291254
mlp,mlp_192w,1,before,DDoS-SynonymousIP_Flood,0.22552599547904714,0.09210526315789473
mlp,mlp_192w,1,before,DDoS-UDP_Flood,0.2456334291399514,0.5900171355922834
mlp,mlp_192w,1,before,DoS-TCP_Flood,0.4318867111781176,0.8593043290975663
mlp,mlp_192w,1,before,DDoS-PSHACK_Flood,-0.30751708428246016,0.5898006730520321
mlp,mlp_192w,1,before,DDoS-SYN_Flood,-0.6709234291528874,0.21018622163427292
mlp,mlp_192w,1,before,Recon-HostDiscovery,0.02496255616575138,0.7644033949076385
mlp,mlp_192w,1,before,DoS-SYN_Flood,0.2933468672141737,0.8667005029299127
mlp,mlp_192w,1,before,DoS-UDP_Flood,-0.1377532723686571,0.9445938676707908
mlp,mlp_192w,1,before,DNS_Spoofing,0.12437334966132174,0.7754391335961119
mlp,mlp_192w,1,before,MITM-ArpSpoofing,-0.023212661451700922,0.5812988903038021
mlp,mlp_192w,1,before,Mirai-udpplain,0.004123354123354073,0.9939706850549223
mlp,mlp_192w,1,before,Mirai-greeth_flood,0.01833305041588873,0.9884226251103415
mlp,mlp_192w,1,before,Mirai-greip_flood,0.0426746857683471,0.9872280037842952
mlp,mlp_192w,1,before,DDoS-UDP_Fragmentation,0.0014393305439330817,0.9871460132556739
mlp,mlp_192w,1,before,DDoS-ACK_Fragmentation,0.06605793029634088,0.9898655428456753
mlp,mlp_192w,1,before,VulnerabilityScan,-0.01882313607489139,0.6243062520896021
mlp,mlp_192w,1,before,DDoS-ICMP_Fragmentation,0.004811547714514863,0.9913793103448276
mlp,mlp_192w,1,before,BenignTraffic,0.1151598143014596,0.798062792251169
mlp,mlp_192w,1,after,Uploading_Attack,0.02127659574468085,0.047872340425531915
mlp,mlp_192w,1,after,Recon-PingSweep,0.011764705882352941,0.011799410029498525
mlp,mlp_192w,1,after,Backdoor_Malware,0.057971014492753624,0.04149377593360996
mlp,mlp_192w,1,after,XSS,0.008665511265164644,0.01386481802426343
mlp,mlp_192w,1,after,SqlInjection,0.01651842439644218,0.07115628970775095
mlp,mlp_192w,1,after,CommandInjection,0.02843016069221261,0.017326732673267328
mlp,mlp_192w,1,after,BrowserHijacking,-0.008055235903337166,0.22465437788018433
mlp,mlp_192w,1,after,DictionaryBruteForce,0.07040816326530608,0.3118938233792751
mlp,mlp_192w,1,after,DDoS-SlowLoris,0.022481502561183864,0.9695503699487763
mlp,mlp_192w,1,after,DDoS-HTTP_Flood,0.00972447325769854,0.7948124131542381
mlp,mlp_192w,1,after,DoS-HTTP_Flood,0.0803879511330784,0.9193322764151823
mlp,mlp_192w,1,after,Recon-PortScan,0.05358478026086236,0.29411764705882354
mlp,mlp_192w,1,after,Recon-OSScan,0.007461139896373065,0.11474956822107081
mlp,mlp_192w,1,after,DDoS-ICMP_Flood,0.0004930966469427478,0.9988905325443787
mlp,mlp_192w,1,after,DDoS-RSTFINFlood,0.33925917117545634,0.9921512665001784
mlp,mlp_192w,1,after,DDoS-TCP_Flood,-0.31587837837837845,0.42022485000291254
mlp,mlp_192w,1,after,DDoS-SynonymousIP_Flood,-0.6176896771575958,0.09210526315789473
mlp,mlp_192w,1,after,DDoS-UDP_Flood,0.08224629670572636,0.5900171355922834
mlp,mlp_192w,1,after,DoS-TCP_Flood,0.4060951970708594,0.8593043290975663
mlp,mlp_192w,1,after,DDoS-PSHACK_Flood,-0.2897597846344999,0.5898006730520321
mlp,mlp_192w,1,after,DDoS-SYN_Flood,0.012617654540829304,0.21018622163427292
mlp,mlp_192w,1,after,Recon-HostDiscovery,0.009435846230654077,0.7644033949076385
mlp,mlp_192w,1,after,DoS-SYN_Flood,0.19788686905970287,0.8667005029299127
mlp,mlp_192w,1,after,DoS-UDP_Flood,-0.04433387125694821,0.9445938676707908
mlp,mlp_192w,1,after,DNS_Spoofing,0.05300218131720946,0.7754391335961119
mlp,mlp_192w,1,after,MITM-ArpSpoofing,0.00680371111515371,0.5812988903038021
mlp,mlp_192w,1,after,Mirai-udpplain,0.006202356202356207,0.9939706850549223
mlp,mlp_192w,1,after,Mirai-greeth_flood,0.01473434051943645,0.9884226251103415
mlp,mlp_192w,1,after,Mirai-greip_flood,0.04547911879983779,0.9872280037842952
mlp,mlp_192w,1,after,DDoS-UDP_Fragmentation,0.004853556485355681,0.9871460132556739
mlp,mlp_192w,1,after,DDoS-ACK_Fragmentation,0.015118068098200599,0.9898655428456753
mlp,mlp_192w,1,after,VulnerabilityScan,0.02668004012036107,0.6243062520896021
mlp,mlp_192w,1,after,DDoS-ICMP_Fragmentation,0.0003675487837476732,0.9913793103448276
mlp,mlp_192w,1,after,BenignTraffic,0.050465916302060765,0.798062792251169
mlp,mlp_192w,2,before,Uploading_Attack,0.042553191489361694,0.11170212765957446
mlp,mlp_192w,2,before,Recon-PingSweep,0.0029411764705882353,0.0029498525073746312
mlp,mlp_192w,2,before,Backdoor_Malware,-0.018633540372670808,0.002074688796680498
mlp,mlp_192w,2,before,XSS,0.03986135181975736,0.058925476603119586
mlp,mlp_192w,2,before,SqlInjection,0.047013977128335445,0.062261753494282084
mlp,mlp_192w,2,before,CommandInjection,0.013597033374536466,0.008663366336633664
mlp,mlp_192w,2,before,BrowserHijacking,-0.00805523590333717,0.20046082949308755
mlp,mlp_192w,2,before,DictionaryBruteForce,0.041326530612244894,0.28637059724349156
mlp,mlp_192w,2,before,DDoS-SlowLoris,0.02902675014228795,0.9755264655663062
mlp,mlp_192w,2,before,DDoS-HTTP_Flood,0.005788376939106277,0.777674849467346
mlp,mlp_192w,2,before,DoS-HTTP_Flood,0.12170101650657472,0.9248344679660543
mlp,mlp_192w,2,before,Recon-PortScan,0.20412062806347098,0.3156364240611499
mlp,mlp_192w,2,before,Recon-OSScan,-0.1408635578583765,0.08248704663212435
mlp,mlp_192w,2,before,DDoS-ICMP_Flood,0.000678007889546417,0.9986439842209073
mlp,mlp_192w,2,before,DDoS-RSTFINFlood,0.0,0.9934593887501486
mlp,mlp_192w,2,before,DDoS-TCP_Flood,-0.2819198508853681,0.6846274829614959
mlp,mlp_192w,2,before,DDoS-SynonymousIP_Flood,0.6692749087115284,0.32935311847901694
mlp,mlp_192w,2,before,DDoS-UDP_Flood,0.5968936546539907,0.7421369741860594
mlp,mlp_192w,2,before,DoS-TCP_Flood,0.36215808744346323,0.5687594227869912
mlp,mlp_192w,2,before,DDoS-PSHACK_Flood,-0.27930213294677986,0.7754594874449909
mlp,mlp_192w,2,before,DDoS-SYN_Flood,-0.7912999236835411,0.10766256232827923
mlp,mlp_192w,2,before,Recon-HostDiscovery,0.109935097353969,0.7482775836245632
mlp,mlp_192w,2,before,DoS-SYN_Flood,0.17158807788133248,0.46970885433488674
mlp,mlp_192w,2,before,DoS-UDP_Flood,-0.3369643177335485,0.9211493634570558
mlp,mlp_192w,2,before,DNS_Spoofing,0.03195438368221648,0.6951130840763844
mlp,mlp_192w,2,before,MITM-ArpSpoofing,0.036674549754411506,0.5976350736765509
mlp,mlp_192w,2,before,Mirai-udpplain,0.0006930006930007115,0.9921341695831456
mlp,mlp_192w,2,before,Mirai-greeth_flood,0.8724834493294856,0.9915461397433286
mlp,mlp_192w,2,before,Mirai-greip_flood,0.0004392485471009788,0.9799972969320179
mlp,mlp_192w,2,before,DDoS-UDP_Fragmentation,0.0013389121338911458,0.9877150699605007
mlp,mlp_192w,2,before,DDoS-ACK_Fragmentation,-0.323165429125694,0.9815372265703391
mlp,mlp_192w,2,before,VulnerabilityScan,-0.04145770645269142,0.6568706118355065
mlp,mlp_192w,2,before,DDoS-ICMP_Fragmentation,0.004076450147019517,0.99101176156108
mlp,mlp_192w,2,before,BenignTraffic,-0.03243044654487148,0.7772879091516366
mlp,mlp_192w,2,after,Uploading_Attack,0.05319148936170212,0.11170212765957446
mlp,mlp_192w,2,after,Recon-PingSweep,0.0029411764705882353,0.0029498525073746312
mlp,mlp_192w,2,after,Backdoor_Malware,-0.008281573498964804,0.002074688796680498
mlp,mlp_192w,2,after,XSS,0.04852686308492201,0.058925476603119586
mlp,mlp_192w,2,after,SqlInjection,0.03303684879288436,0.062261753494282084
mlp,mlp_192w,2,after,CommandInjection,0.023485784919653894,0.008663366336633664
mlp,mlp_192w,2,after,BrowserHijacking,0.014959723820483313,0.20046082949308755
mlp,mlp_192w,2,after,DictionaryBruteForce,0.038265306122448994,0.28637059724349156
mlp,mlp_192w,2,after,DDoS-SlowLoris,0.03414911781445651,0.9755264655663062
mlp,mlp_192w,2,after,DDoS-HTTP_Flood,0.03218337578143082,0.777674849467346
mlp,mlp_192w,2,after,DoS-HTTP_Flood,0.03916814324349527,0.9248344679660543
mlp,mlp_192w,2,after,Recon-PortScan,0.12428345933372101,0.3156364240611499
mlp,mlp_192w,2,after,Recon-OSScan,-0.014024179620034535,0.08248704663212435
mlp,mlp_192w,2,after,DDoS-ICMP_Flood,0.0004314595660750431,0.9986439842209073
mlp,mlp_192w,2,after,DDoS-RSTFINFlood,5.945656697781132e-05,0.9934593887501486
mlp,mlp_192w,2,after,DDoS-TCP_Flood,-0.21540074557315936,0.6846274829614959
mlp,mlp_192w,2,after,DDoS-SynonymousIP_Flood,-0.09609922911957347,0.32935311847901694
mlp,mlp_192w,2,after,DDoS-UDP_Flood,0.08771832854300243,0.7421369741860594
mlp,mlp_192w,2,after,DoS-TCP_Flood,0.1966401033814344,0.5687594227869912
mlp,mlp_192w,2,after,DDoS-PSHACK_Flood,-0.28660178090702015,0.7754594874449909
mlp,mlp_192w,2,after,DDoS-SYN_Flood,0.008445688120071237,0.10766256232827923
mlp,mlp_192w,2,after,Recon-HostDiscovery,0.019420868696954585,0.7482775836245632
mlp,mlp_192w,2,after,DoS-SYN_Flood,0.039309772077143146,0.46970885433488674
mlp,mlp_192w,2,after,DoS-UDP_Flood,-0.07400932400932403,0.9211493634570558
mlp,mlp_192w,2,after,DNS_Spoofing,-0.027783092878190696,0.6951130840763844
mlp,mlp_192w,2,after,MITM-ArpSpoofing,0.04988175368382755,0.5976350736765509
mlp,mlp_192w,2,after,Mirai-udpplain,0.0064102564102563875,0.9921341695831456
mlp,mlp_192w,2,after,Mirai-greeth_flood,0.016397895094211523,0.9915461397433286
mlp,mlp_192w,2,after,Mirai-greip_flood,0.035545343965400655,0.9799972969320179
mlp,mlp_192w,2,after,DDoS-UDP_Fragmentation,0.00016736401673633772,0.9877150699605007
mlp,mlp_192w,2,after,DDoS-ACK_Fragmentation,-0.3204227707538966,0.9815372265703391
mlp,mlp_192w,2,after,VulnerabilityScan,0.016583082581076547,0.6568706118355065
mlp,mlp_192w,2,after,DDoS-ICMP_Fragmentation,0.001637262763966807,0.99101176156108
mlp,mlp_192w,2,after,BenignTraffic,-0.06112020306602983,0.7772879091516366
mlp,mlp_192w,3,before,Uploading_Attack,0.03723404255319149,0.11170212765957446
mlp,mlp_192w,3,before,Recon-PingSweep,0.011764705882352941,0.02064896755162242
mlp,mlp_192w,3,before,Backdoor_Malware,0.041407867494824016,0.05186721991701245
mlp,mlp_192w,3,before,XSS,0.07452339688041594,0.0658578856152513
mlp,mlp_192w,3,before,SqlInjection,0.07115628970775095,0.07369758576874205
mlp,mlp_192w,3,before,CommandInjection,0.019777503090234863,0.017326732673267328
mlp,mlp_192w,3,before,BrowserHijacking,0.012658227848101267,0.2626728110599078
mlp,mlp_192w,3,before,DictionaryBruteForce,0.04540816326530611,0.28586013272077593
mlp,mlp_192w,3,before,DDoS-SlowLoris,0.07598178713716564,0.9769493454752419
mlp,mlp_192w,3,before,DDoS-HTTP_Flood,0.026394998842324546,0.785780453913849
mlp,mlp_192w,3,before,DoS-HTTP_Flood,0.09092604681525696,0.9247412104821412
mlp,mlp_192w,3,before,Recon-PortScan,0.13250810002492314,0.3014290461947491
mlp,mlp_192w,3,before,Recon-OSScan,0.07150259067357512,0.14922279792746113
mlp,mlp_192w,3,before,DDoS-ICMP_Flood,0.0007396449704141217,0.9989521696252466
mlp,mlp_192w,3,before,DDoS-RSTFINFlood,-5.945656697781132e-05,0.9917945058865502
mlp,mlp_192w,3,before,DDoS-TCP_Flood,0.40220177073625346,0.7215005533873129
mlp,mlp_192w,3,before,DDoS-SynonymousIP_Flood,-0.33234799744971893,0.1277533039647577
mlp,mlp_192w,3,before,DDoS-UDP_Flood,0.4179195224408579,0.715328063678072
mlp,mlp_192w,3,before,DoS-TCP_Flood,-0.35235838897264704,0.5305836743484816
mlp,mlp_192w,3,before,DDoS-PSHACK_Flood,0.0002588527645475125,0.9418068858400207
mlp,mlp_192w,3,before,DDoS-SYN_Flood,0.13162045281098955,0.3879108578406431
mlp,mlp_192w,3,before,Recon-HostDiscovery,-0.03869196205691461,0.7693959061407888
mlp,mlp_192w,3,before,DoS-SYN_Flood,0.1666974254867583,0.6501637982743506
mlp,mlp_192w,3,before,DoS-UDP_Flood,-0.23812085350546897,0.9251837905684059
mlp,mlp_192w,3,before,DNS_Spoofing,-0.007500669702651952,0.6678657533198117
mlp,mlp_192w,3,before,MITM-ArpSpoofing,0.10631253410951427,0.6116790976896489
mlp,mlp_192w,3,before,Mirai-udpplain,0.012092862092862089,0.994282546172771
mlp,mlp_192w,3,before,Mirai-greeth_flood,0.01208623323714142,0.9906634073470496
mlp,mlp_192w,3,before,Mirai-greip_flood,0.07166508987701037,0.989525611569131
mlp,mlp_192w,3,before,DDoS-UDP_Fragmentation,-0.0014393305439330817,0.9863761130079668
mlp,mlp_192w,3,before,DDoS-ACK_Fragmentation,0.01481704461836908,0.9903338015920797
mlp,mlp_192w,3,before,VulnerabilityScan,0.08030758943497152,0.6411902373788031
mlp,mlp_192w,3,before,DDoS-ICMP_Fragmentation,0.005613472333600544,0.9916132050253943
mlp,mlp_192w,3,before,BenignTraffic,0.02822217026819407,0.7854041416165665
mlp,mlp_192w,3,after,Uploading_Attack,0.03723404255319149,0.11170212765957446
mlp,mlp_192w,3,after,Recon-PingSweep,0.011764705882352941,0.02064896755162242
mlp,mlp_192w,3,after,Backdoor_Malware,0.041407867494824016,0.05186721991701245
mlp,mlp_192w,3,after,XSS,0.07105719237435008,0.0658578856152513
mlp,mlp_192w,3,after,SqlInjection,0.07369758576874207,0.07369758576874205
mlp,mlp_192w,3,after,CommandInjection,0.014833127317676144,0.017326732673267328
mlp,mlp_192w,3,after,BrowserHijacking,0.014959723820483314,0.2626728110599078
mlp,mlp_192w,3,after,DictionaryBruteForce,0.022448979591836726,0.28586013272077593
mlp,mlp_192w,3,after,DDoS-SlowLoris,0.02532726237905525,0.9769493454752419
mlp,mlp_192w,3,after,DDoS-HTTP_Flood,0.04098170872887241,0.785780453913849
mlp,mlp_192w,3,after,DoS-HTTP_Flood,0.07628462184090279,0.9247412104821412
mlp,mlp_192w,3,after,Recon-PortScan,0.13549887845808756,0.3014290461947491
mlp,mlp_192w,3,after,Recon-OSScan,0.03744386873920552,0.14922279792746113
mlp,mlp_192w,3,after,DDoS-ICMP_Flood,0.0007396449704141217,0.9989521696252466
mlp,mlp_192w,3,after,DDoS-RSTFINFlood,-5.945656697781132e-05,0.9917945058865502
mlp,mlp_192w,3,after,DDoS-TCP_Flood,-0.15849254426840642,0.7215005533873129
mlp,mlp_192w,3,after,DDoS-SynonymousIP_Flood,-0.30342549121891843,0.1277533039647577
mlp,mlp_192w,3,after,DDoS-UDP_Flood,0.054609772275038715,0.715328063678072
mlp,mlp_192w,3,after,DoS-TCP_Flood,0.06515184148180053,0.5305836743484816
mlp,mlp_192w,3,after,DDoS-PSHACK_Flood,0.000724787740733035,0.9418068858400207
mlp,mlp_192w,3,after,DDoS-SYN_Flood,0.20981938438056474,0.3879108578406431
mlp,mlp_192w,3,after,Recon-HostDiscovery,0.07518721917124316,0.7693959061407888
mlp,mlp_192w,3,after,DoS-SYN_Flood,0.1043646765710067,0.6501637982743506
mlp,mlp_192w,3,after,DoS-UDP_Flood,-0.031378877532723726,0.9251837905684059
mlp,mlp_192w,3,after,DNS_Spoofing,0.00459224675672576,0.6678657533198117
mlp,mlp_192w,3,after,MITM-ArpSpoofing,0.03263598326359832,0.6116790976896489
mlp,mlp_192w,3,after,Mirai-udpplain,0.007484407484407485,0.994282546172771
mlp,mlp_192w,3,after,Mirai-greeth_flood,0.05591580376846039,0.9906634073470496
mlp,mlp_192w,3,after,Mirai-greip_flood,0.02665900797405052,0.989525611569131
mlp,mlp_192w,3,after,DDoS-UDP_Fragmentation,0.0013723849372384578,0.9863761130079668
mlp,mlp_192w,3,after,DDoS-ACK_Fragmentation,0.019700314402301133,0.9903338015920797
mlp,mlp_192w,3,after,VulnerabilityScan,0.019725844199264375,0.6411902373788031
mlp,mlp_192w,3,after,DDoS-ICMP_Fragmentation,0.003809141940657512,0.9916132050253943
mlp,mlp_192w,3,after,BenignTraffic,0.05093350255502482,0.7854041416165665
mlp,mlp_192w,4,before,Uploading_Attack,-0.0797872340425532,0.0
mlp,mlp_192w,4,before,Recon-PingSweep,-0.0029411764705882353,0.0
mlp,mlp_192w,4,before,Backdoor_Malware,0.028985507246376812,0.01867219917012448
mlp,mlp_192w,4,before,XSS,0.010398613518197573,0.01386481802426343
mlp,mlp_192w,4,before,SqlInjection,0.008894536213468862,0.06353240152477764
mlp,mlp_192w,4,before,CommandInjection,0.027194066749072928,0.01485148514851485
mlp,mlp_192w,4,before,BrowserHijacking,0.0011507479861910253,0.15207373271889402
mlp,mlp_192w,4,before,DictionaryBruteForce,-0.0357142857142857,0.2833078101071976
mlp,mlp_192w,4,before,DDoS-SlowLoris,0.05492316448491752,0.9780876494023905
mlp,mlp_192w,4,before,DDoS-HTTP_Flood,-0.02153276221347533,0.7582213987957388
mlp,mlp_192w,4,before,DoS-HTTP_Flood,0.10976405856569993,0.9384500606173646
mlp,mlp_192w,4,before,Recon-PortScan,0.12528038547810919,0.31414091060152877
mlp,mlp_192w,4,before,Recon-OSScan,-0.028739205526770284,0.10224525043177893
mlp,mlp_192w,4,before,DDoS-ICMP_Flood,0.00714990138067062,0.9986439842209073
mlp,mlp_192w,4,before,DDoS-RSTFINFlood,5.945656697781132e-05,0.9932810084433346
mlp,mlp_192w,4,before,DDoS-TCP_Flood,-0.573334109972041,0.5022426748995165
mlp,mlp_192w,4,before,DDoS-SynonymousIP_Flood,0.173824842056454,0.3928240204034315
mlp,mlp_192w,4,before,DDoS-UDP_Flood,-0.2249060358169357,0.7108506992427174
mlp,mlp_192w,4,before,DoS-TCP_Flood,0.7370234762007323,0.7983523583889727
mlp,mlp_192w,4,before,DDoS-PSHACK_Flood,0.09065023814454343,0.9649495210975926
mlp,mlp_192w,4,before,DDoS-SYN_Flood,-0.07590943780208598,0.10018316882059632
mlp,mlp_192w,4,before,Recon-HostDiscovery,-0.02336495257114335,0.7566150773839241
mlp,mlp_192w,4,before,DoS-SYN_Flood,0.003275814339761929,0.34046970885433486
mlp,mlp_192w,4,before,DoS-UDP_Flood,0.43665949435180207,0.9266182535413304
mlp,mlp_192w,4,before,DNS_Spoofing,0.09567180743178594,0.7101909609276339
mlp,mlp_192w,4,before,MITM-ArpSpoofing,0.15259232308531925,0.5957067491358923
mlp,mlp_192w,4,before,Mirai-udpplain,0.03295218295218294,0.9910253300530164
mlp,mlp_192w,4,before,Mirai-greeth_flood,-0.004685112884060372,0.9887621375704488
mlp,mlp_192w,4,before,Mirai-greip_flood,0.9287403703203136,0.9836126503581565
mlp,mlp_192w,4,before,DDoS-UDP_Fragmentation,0.006426778242677789,0.9882841266653277
mlp,mlp_192w,4,before,DDoS-ACK_Fragmentation,-0.02802863067763728,0.9893303899926417
mlp,mlp_192w,4,before,VulnerabilityScan,-0.025108659311267156,0.6341023069207623
mlp,mlp_192w,4,before,DDoS-ICMP_Fragmentation,-0.02011494252873558,0.9894747393744988
mlp,mlp_192w,4,before,BenignTraffic,-0.01990581476904585,0.7910153640614562
mlp,mlp_192w,4,after,Uploading_Attack,-0.09574468085106383,0.0
mlp,mlp_192w,4,after,Recon-PingSweep,0.0,0.0
mlp,mlp_192w,4,after,Backdoor_Malware,0.022774327122153208,0.01867219917012448
mlp,mlp_192w,4,after,XSS,0.01559792027729636,0.01386481802426343
mlp,mlp_192w,4,after,SqlInjection,0.011435832274459969,0.06353240152477764
mlp,mlp_192w,4,after,CommandInjection,0.014833127317676144,0.01485148514851485
mlp,mlp_192w,4,after,BrowserHijacking,0.0011507479861910253,0.15207373271889402
mlp,mlp_192w,4,after,DictionaryBruteForce,-0.004081632653061218,0.2833078101071976
mlp,mlp_192w,4,after,DDoS-SlowLoris,0.0202048947068868,0.9780876494023905
mlp,mlp_192w,4,after,DDoS-HTTP_Flood,0.011808288955776791,0.7582213987957388
mlp,mlp_192w,4,after,DoS-HTTP_Flood,0.04411078989088879,0.9384500606173646
mlp,mlp_192w,4,after,Recon-PortScan,0.08673257456176789,0.31414091060152877
mlp,mlp_192w,4,after,Recon-OSScan,-0.02189982728842832,0.10224525043177893
mlp,mlp_192w,4,after,DDoS-ICMP_Flood,0.0004314595660749321,0.9986439842209073
mlp,mlp_192w,4,after,DDoS-RSTFINFlood,5.945656697781132e-05,0.9932810084433346
mlp,mlp_192w,4,after,DDoS-TCP_Flood,0.04438490214352281,0.5022426748995165
mlp,mlp_192w,4,after,DDoS-SynonymousIP_Flood,0.22610560482234976,0.3928240204034315
mlp,mlp_192w,4,after,DDoS-UDP_Flood,0.025646694671678127,0.7108506992427174
mlp,mlp_192w,4,after,DoS-TCP_Flood,-0.0341912556536722,0.7983523583889727
mlp,mlp_192w,4,after,DDoS-PSHACK_Flood,0.12145371712569897,0.9649495210975926
mlp,mlp_192w,4,after,DDoS-SYN_Flood,-0.013380819129992366,0.10018316882059632
mlp,mlp_192w,4,after,Recon-HostDiscovery,0.03025461807289065,0.7566150773839241
mlp,mlp_192w,4,after,DoS-SYN_Flood,-0.04461566854295468,0.34046970885433486
mlp,mlp_192w,4,after,DoS-UDP_Flood,-0.01358257127487894,0.9266182535413304
mlp,mlp_192w,4,after,DNS_Spoofing,-0.04994068347939229,0.7101909609276339
mlp,mlp_192w,4,after,MITM-ArpSpoofing,0.07898853920320174,0.5957067491358923
mlp,mlp_192w,4,after,Mirai-udpplain,0.003603603603603567,0.9910253300530164
mlp,mlp_192w,4,after,Mirai-greeth_flood,0.011644882023425618,0.9887621375704488
mlp,mlp_192w,4,after,Mirai-greip_flood,0.03159210704149218,0.9836126503581565
mlp,mlp_192w,4,after,DDoS-UDP_Fragmentation,0.0014058577405857697,0.9882841266653277
mlp,mlp_192w,4,after,DDoS-ACK_Fragmentation,-0.023546725533480584,0.9893303899926417
mlp,mlp_192w,4,after,VulnerabilityScan,-0.03550651955867601,0.6341023069207623
mlp,mlp_192w,4,after,DDoS-ICMP_Fragmentation,-0.004945201817695755,0.9894747393744988
mlp,mlp_192w,4,after,BenignTraffic,-0.011823252396379602,0.7910153640614562
